<profile>

<section name = "Vivado HLS Report for 'diagonal_load'" level="0">
<item name = "Date">Thu Jan 26 22:16:40 2023
</item>
<item name = "Version">2019.2 (Build 2704478 on Wed Nov 06 22:10:23 MST 2019)</item>
<item name = "Project">lud</item>
<item name = "Solution">asdse</item>
<item name = "Product family">zynq</item>
<item name = "Target device">xc7z045-ffg900-2</item>
</section>

<section name = "Performance Estimates" level="0">
<item name = "Timing">
<section name = "" level="1">
<item name = "Summary"><table name="" hasTotal="0">
<keys size="4">Clock, Target, Estimated, Uncertainty</keys>
<column name="ap_clk">10.00 ns, 7.057 ns, 1.25 ns</column>
</table>
</item>
</section>
</item>
<item name = "Latency">
<section name = "" level="1">
<item name = "Summary"><table name="" hasTotal="0">
<keys size="8">, min, max, min, max, min, max, Type</keys>
<column name="">130, 130, 1.300 us, 1.300 us, 130, 130, none</column>
</table>
</item>
<item name = "Detail">
<section name = "" level="1">
<item name = "Instance"><table name="" hasTotal="0">
<keys size="9">Instance, Module, min, max, min, max, min, max, Type</keys>
</table>
</item>
<item name = "Loop"><table name="" hasTotal="0">
<keys size="8">Loop Name, min, max, Latency, achieved, target, Count, Pipelined</keys>
<column name="- Loop 1">128, 128, 17, 16, 1, 8, yes</column>
</table>
</item>
</section>
</item>
</section>
</item>
</section>

<section name = "Utilization Estimates" level="0">
<item name = "Summary"><table name="" hasTotal="1">
<keys size="6">Name, BRAM_18K, DSP48E, FF, LUT, URAM</keys>
<column name="DSP">-, -, -, -, -</column>
<column name="Expression">-, -, 0, 526, -</column>
<column name="FIFO">-, -, -, -, -</column>
<column name="Instance">-, -, 0, 1040, -</column>
<column name="Memory">-, -, -, -, -</column>
<column name="Multiplexer">-, -, -, 1089, -</column>
<column name="Register">-, -, 68, -, -</column>
<specialColumn name="Available">1090, 900, 437200, 218600, 0</specialColumn>
<specialColumn name="Utilization (%)">0, 0, ~0, 1, 0</specialColumn>
</table>
</item>
<item name = "Detail">
<section name = "" level="1">
<item name = "Instance"><table name="" hasTotal="1">
<keys size="7">Instance, Module, BRAM_18K, DSP48E, FF, LUT, URAM</keys>
<column name="workload_asdse_mubkb_U1">workload_asdse_mubkb, 0, 0, 0, 65, 0</column>
<column name="workload_asdse_mubkb_U2">workload_asdse_mubkb, 0, 0, 0, 65, 0</column>
<column name="workload_asdse_mubkb_U3">workload_asdse_mubkb, 0, 0, 0, 65, 0</column>
<column name="workload_asdse_mubkb_U4">workload_asdse_mubkb, 0, 0, 0, 65, 0</column>
<column name="workload_asdse_mubkb_U5">workload_asdse_mubkb, 0, 0, 0, 65, 0</column>
<column name="workload_asdse_mubkb_U6">workload_asdse_mubkb, 0, 0, 0, 65, 0</column>
<column name="workload_asdse_mubkb_U7">workload_asdse_mubkb, 0, 0, 0, 65, 0</column>
<column name="workload_asdse_mubkb_U8">workload_asdse_mubkb, 0, 0, 0, 65, 0</column>
<column name="workload_asdse_mubkb_U9">workload_asdse_mubkb, 0, 0, 0, 65, 0</column>
<column name="workload_asdse_mubkb_U10">workload_asdse_mubkb, 0, 0, 0, 65, 0</column>
<column name="workload_asdse_mubkb_U11">workload_asdse_mubkb, 0, 0, 0, 65, 0</column>
<column name="workload_asdse_mubkb_U12">workload_asdse_mubkb, 0, 0, 0, 65, 0</column>
<column name="workload_asdse_mubkb_U13">workload_asdse_mubkb, 0, 0, 0, 65, 0</column>
<column name="workload_asdse_mubkb_U14">workload_asdse_mubkb, 0, 0, 0, 65, 0</column>
<column name="workload_asdse_mubkb_U15">workload_asdse_mubkb, 0, 0, 0, 65, 0</column>
<column name="workload_asdse_mubkb_U16">workload_asdse_mubkb, 0, 0, 0, 65, 0</column>
</table>
</item>
<item name = "DSP48E"><table name="" hasTotal="0">
<keys size="3">Instance, Module, Expression</keys>
</table>
</item>
<item name = "Memory"><table name="" hasTotal="1">
<keys size="10">Memory, Module, BRAM_18K, FF, LUT, URAM, Words, Bits, Banks, W*Bits*Banks</keys>
</table>
</item>
<item name = "FIFO"><table name="" hasTotal="1">
<keys size="8">Name, BRAM_18K, FF, LUT, URAM, Depth, Bits, Size:D*B</keys>
</table>
</item>
<item name = "Expression"><table name="" hasTotal="1">
<keys size="7">Variable Name, Operation, DSP48E, FF, LUT, Bitwidth P0, Bitwidth P1</keys>
<column name="add_ln21_10_fu_20625_p2">+, 0, 0, 16, 9, 16</column>
<column name="add_ln21_11_fu_20708_p2">+, 0, 0, 16, 9, 16</column>
<column name="add_ln21_12_fu_20791_p2">+, 0, 0, 16, 9, 16</column>
<column name="add_ln21_13_fu_20874_p2">+, 0, 0, 16, 9, 16</column>
<column name="add_ln21_14_fu_20957_p2">+, 0, 0, 16, 9, 16</column>
<column name="add_ln21_15_fu_21040_p2">+, 0, 0, 16, 9, 16</column>
<column name="add_ln21_16_fu_21123_p2">+, 0, 0, 16, 4, 16</column>
<column name="add_ln21_17_fu_21206_p2">+, 0, 0, 16, 4, 16</column>
<column name="add_ln21_18_fu_21289_p2">+, 0, 0, 16, 4, 16</column>
<column name="add_ln21_19_fu_21372_p2">+, 0, 0, 16, 4, 16</column>
<column name="add_ln21_1_fu_19861_p2">+, 0, 0, 16, 1, 16</column>
<column name="add_ln21_20_fu_21455_p2">+, 0, 0, 16, 4, 16</column>
<column name="add_ln21_21_fu_21538_p2">+, 0, 0, 16, 4, 16</column>
<column name="add_ln21_22_fu_21621_p2">+, 0, 0, 16, 4, 16</column>
<column name="add_ln21_23_fu_21704_p2">+, 0, 0, 16, 4, 16</column>
<column name="add_ln21_24_fu_21787_p2">+, 0, 0, 16, 9, 16</column>
<column name="add_ln21_25_fu_21870_p2">+, 0, 0, 16, 9, 16</column>
<column name="add_ln21_26_fu_21953_p2">+, 0, 0, 16, 9, 16</column>
<column name="add_ln21_27_fu_22036_p2">+, 0, 0, 16, 9, 16</column>
<column name="add_ln21_28_fu_22119_p2">+, 0, 0, 16, 9, 16</column>
<column name="add_ln21_29_fu_22202_p2">+, 0, 0, 16, 9, 16</column>
<column name="add_ln21_2_fu_19950_p2">+, 0, 0, 16, 2, 16</column>
<column name="add_ln21_30_fu_22285_p2">+, 0, 0, 16, 9, 16</column>
<column name="add_ln21_31_fu_22368_p2">+, 0, 0, 16, 9, 16</column>
<column name="add_ln21_3_fu_20033_p2">+, 0, 0, 16, 2, 16</column>
<column name="add_ln21_4_fu_20116_p2">+, 0, 0, 16, 3, 16</column>
<column name="add_ln21_5_fu_20199_p2">+, 0, 0, 16, 3, 16</column>
<column name="add_ln21_6_fu_20282_p2">+, 0, 0, 16, 3, 16</column>
<column name="add_ln21_7_fu_20365_p2">+, 0, 0, 16, 3, 16</column>
<column name="add_ln21_8_fu_20448_p2">+, 0, 0, 16, 9, 16</column>
<column name="add_ln21_9_fu_20531_p2">+, 0, 0, 16, 9, 16</column>
<column name="add_ln21_fu_19772_p2">+, 0, 0, 16, 16, 16</column>
<column name="v4_fu_19749_p2">+, 0, 0, 6, 4, 1</column>
<column name="icmp_ln16_fu_19743_p2">icmp, 0, 0, 2, 4, 5</column>
<column name="or_ln22_fu_20614_p2">or, 0, 0, 4, 4, 1</column>
<column name="ap_enable_pp0">xor, 0, 0, 2, 1, 2</column>
</table>
</item>
<item name = "Multiplexer"><table name="" hasTotal="1">
<keys size="5">Name, LUT, Input Size, Bits, Total Bits</keys>
<column name="ap_NS_fsm">8, 19, 1, 19</column>
<column name="ap_enable_reg_pp0_iter1">3, 2, 1, 2</column>
<column name="ap_phi_mux_v4_0_phi_fu_17576_p4">3, 2, 4, 8</column>
<column name="v0_0_address0">8, 17, 10, 170</column>
<column name="v0_0_address1">8, 17, 10, 170</column>
<column name="v0_10_address0">8, 17, 10, 170</column>
<column name="v0_10_address1">8, 17, 10, 170</column>
<column name="v0_11_address0">8, 17, 10, 170</column>
<column name="v0_11_address1">8, 17, 10, 170</column>
<column name="v0_12_address0">8, 17, 10, 170</column>
<column name="v0_12_address1">8, 17, 10, 170</column>
<column name="v0_13_address0">8, 17, 10, 170</column>
<column name="v0_13_address1">8, 17, 10, 170</column>
<column name="v0_14_address0">8, 17, 10, 170</column>
<column name="v0_14_address1">8, 17, 10, 170</column>
<column name="v0_15_address0">8, 17, 10, 170</column>
<column name="v0_15_address1">8, 17, 10, 170</column>
<column name="v0_16_address0">8, 17, 10, 170</column>
<column name="v0_16_address1">8, 17, 10, 170</column>
<column name="v0_17_address0">8, 17, 10, 170</column>
<column name="v0_17_address1">8, 17, 10, 170</column>
<column name="v0_18_address0">8, 17, 10, 170</column>
<column name="v0_18_address1">8, 17, 10, 170</column>
<column name="v0_19_address0">8, 17, 10, 170</column>
<column name="v0_19_address1">8, 17, 10, 170</column>
<column name="v0_1_address0">8, 17, 10, 170</column>
<column name="v0_1_address1">8, 17, 10, 170</column>
<column name="v0_20_address0">8, 17, 10, 170</column>
<column name="v0_20_address1">8, 17, 10, 170</column>
<column name="v0_21_address0">8, 17, 10, 170</column>
<column name="v0_21_address1">8, 17, 10, 170</column>
<column name="v0_22_address0">8, 17, 10, 170</column>
<column name="v0_22_address1">8, 17, 10, 170</column>
<column name="v0_23_address0">8, 17, 10, 170</column>
<column name="v0_23_address1">8, 17, 10, 170</column>
<column name="v0_24_address0">8, 17, 10, 170</column>
<column name="v0_24_address1">8, 17, 10, 170</column>
<column name="v0_25_address0">8, 17, 10, 170</column>
<column name="v0_25_address1">8, 17, 10, 170</column>
<column name="v0_26_address0">8, 17, 10, 170</column>
<column name="v0_26_address1">8, 17, 10, 170</column>
<column name="v0_27_address0">8, 17, 10, 170</column>
<column name="v0_27_address1">8, 17, 10, 170</column>
<column name="v0_28_address0">8, 17, 10, 170</column>
<column name="v0_28_address1">8, 17, 10, 170</column>
<column name="v0_29_address0">8, 17, 10, 170</column>
<column name="v0_29_address1">8, 17, 10, 170</column>
<column name="v0_2_address0">8, 17, 10, 170</column>
<column name="v0_2_address1">8, 17, 10, 170</column>
<column name="v0_30_address0">8, 17, 10, 170</column>
<column name="v0_30_address1">8, 17, 10, 170</column>
<column name="v0_31_address0">8, 17, 10, 170</column>
<column name="v0_31_address1">8, 17, 10, 170</column>
<column name="v0_32_address0">8, 17, 10, 170</column>
<column name="v0_32_address1">8, 17, 10, 170</column>
<column name="v0_33_address0">8, 17, 10, 170</column>
<column name="v0_33_address1">8, 17, 10, 170</column>
<column name="v0_34_address0">8, 17, 10, 170</column>
<column name="v0_34_address1">8, 17, 10, 170</column>
<column name="v0_35_address0">8, 17, 10, 170</column>
<column name="v0_35_address1">8, 17, 10, 170</column>
<column name="v0_36_address0">8, 17, 10, 170</column>
<column name="v0_36_address1">8, 17, 10, 170</column>
<column name="v0_37_address0">8, 17, 10, 170</column>
<column name="v0_37_address1">8, 17, 10, 170</column>
<column name="v0_38_address0">8, 17, 10, 170</column>
<column name="v0_38_address1">8, 17, 10, 170</column>
<column name="v0_39_address0">8, 17, 10, 170</column>
<column name="v0_39_address1">8, 17, 10, 170</column>
<column name="v0_3_address0">8, 17, 10, 170</column>
<column name="v0_3_address1">8, 17, 10, 170</column>
<column name="v0_40_address0">8, 17, 10, 170</column>
<column name="v0_40_address1">8, 17, 10, 170</column>
<column name="v0_41_address0">8, 17, 10, 170</column>
<column name="v0_41_address1">8, 17, 10, 170</column>
<column name="v0_42_address0">8, 17, 10, 170</column>
<column name="v0_42_address1">8, 17, 10, 170</column>
<column name="v0_43_address0">8, 17, 10, 170</column>
<column name="v0_43_address1">8, 17, 10, 170</column>
<column name="v0_44_address0">8, 17, 10, 170</column>
<column name="v0_44_address1">8, 17, 10, 170</column>
<column name="v0_45_address0">8, 17, 10, 170</column>
<column name="v0_45_address1">8, 17, 10, 170</column>
<column name="v0_46_address0">8, 17, 10, 170</column>
<column name="v0_46_address1">8, 17, 10, 170</column>
<column name="v0_47_address0">8, 17, 10, 170</column>
<column name="v0_47_address1">8, 17, 10, 170</column>
<column name="v0_48_address0">8, 17, 10, 170</column>
<column name="v0_48_address1">8, 17, 10, 170</column>
<column name="v0_49_address0">8, 17, 10, 170</column>
<column name="v0_49_address1">8, 17, 10, 170</column>
<column name="v0_4_address0">8, 17, 10, 170</column>
<column name="v0_4_address1">8, 17, 10, 170</column>
<column name="v0_50_address0">8, 17, 10, 170</column>
<column name="v0_50_address1">8, 17, 10, 170</column>
<column name="v0_51_address0">8, 17, 10, 170</column>
<column name="v0_51_address1">8, 17, 10, 170</column>
<column name="v0_52_address0">8, 17, 10, 170</column>
<column name="v0_52_address1">8, 17, 10, 170</column>
<column name="v0_53_address0">8, 17, 10, 170</column>
<column name="v0_53_address1">8, 17, 10, 170</column>
<column name="v0_54_address0">8, 17, 10, 170</column>
<column name="v0_54_address1">8, 17, 10, 170</column>
<column name="v0_55_address0">8, 17, 10, 170</column>
<column name="v0_55_address1">8, 17, 10, 170</column>
<column name="v0_56_address0">8, 17, 10, 170</column>
<column name="v0_56_address1">8, 17, 10, 170</column>
<column name="v0_57_address0">8, 17, 10, 170</column>
<column name="v0_57_address1">8, 17, 10, 170</column>
<column name="v0_58_address0">8, 17, 10, 170</column>
<column name="v0_58_address1">8, 17, 10, 170</column>
<column name="v0_59_address0">8, 17, 10, 170</column>
<column name="v0_59_address1">8, 17, 10, 170</column>
<column name="v0_5_address0">8, 17, 10, 170</column>
<column name="v0_5_address1">8, 17, 10, 170</column>
<column name="v0_60_address0">8, 17, 10, 170</column>
<column name="v0_60_address1">8, 17, 10, 170</column>
<column name="v0_61_address0">8, 17, 10, 170</column>
<column name="v0_61_address1">8, 17, 10, 170</column>
<column name="v0_62_address0">8, 17, 10, 170</column>
<column name="v0_62_address1">8, 17, 10, 170</column>
<column name="v0_63_address0">8, 17, 10, 170</column>
<column name="v0_63_address1">8, 17, 10, 170</column>
<column name="v0_6_address0">8, 17, 10, 170</column>
<column name="v0_6_address1">8, 17, 10, 170</column>
<column name="v0_7_address0">8, 17, 10, 170</column>
<column name="v0_7_address1">8, 17, 10, 170</column>
<column name="v0_8_address0">8, 17, 10, 170</column>
<column name="v0_8_address1">8, 17, 10, 170</column>
<column name="v0_9_address0">8, 17, 10, 170</column>
<column name="v0_9_address1">8, 17, 10, 170</column>
<column name="v1_0_address0">3, 3, 4, 12</column>
<column name="v1_10_address0">3, 3, 4, 12</column>
<column name="v1_11_address0">3, 3, 4, 12</column>
<column name="v1_12_address0">3, 3, 4, 12</column>
<column name="v1_13_address0">3, 3, 4, 12</column>
<column name="v1_14_address0">3, 3, 4, 12</column>
<column name="v1_15_address0">3, 3, 4, 12</column>
<column name="v1_1_address0">3, 3, 4, 12</column>
<column name="v1_2_address0">3, 3, 4, 12</column>
<column name="v1_3_address0">3, 3, 4, 12</column>
<column name="v1_4_address0">3, 3, 4, 12</column>
<column name="v1_5_address0">3, 3, 4, 12</column>
<column name="v1_6_address0">3, 3, 4, 12</column>
<column name="v1_7_address0">3, 3, 4, 12</column>
<column name="v1_8_address0">3, 3, 4, 12</column>
<column name="v1_9_address0">3, 3, 4, 12</column>
<column name="v4_0_reg_17572">3, 2, 4, 8</column>
</table>
</item>
<item name = "Register"><table name="" hasTotal="1">
<keys size="5">Name, FF, LUT, Bits, Const Bits</keys>
<column name="add_ln21_reg_22490">16, 0, 16, 0</column>
<column name="ap_CS_fsm">18, 0, 18, 0</column>
<column name="ap_enable_reg_pp0_iter0">1, 0, 1, 0</column>
<column name="ap_enable_reg_pp0_iter1">1, 0, 1, 0</column>
<column name="icmp_ln16_reg_22481">1, 0, 1, 0</column>
<column name="shl_ln22_reg_22844">3, 0, 4, 1</column>
<column name="shl_ln_reg_22456">8, 0, 16, 8</column>
<column name="v4_0_reg_17572">4, 0, 4, 0</column>
<column name="v4_reg_22485">4, 0, 4, 0</column>
<column name="zext_ln21_reg_22461">6, 0, 32, 26</column>
<column name="zext_ln22_1_reg_25748">3, 0, 64, 61</column>
<column name="zext_ln22_reg_23170">3, 0, 64, 61</column>
</table>
</item>
</section>
</item>
</section>

<section name = "Interface" level="0">
<item name = "Summary"><table name="" hasTotal="0">
<keys size="6">RTL Ports, Dir, Bits, Protocol, Source Object, C Type</keys>
<column name="ap_clk">in, 1, ap_ctrl_hs, diagonal_load, return value</column>
<column name="ap_rst">in, 1, ap_ctrl_hs, diagonal_load, return value</column>
<column name="ap_start">in, 1, ap_ctrl_hs, diagonal_load, return value</column>
<column name="ap_done">out, 1, ap_ctrl_hs, diagonal_load, return value</column>
<column name="ap_idle">out, 1, ap_ctrl_hs, diagonal_load, return value</column>
<column name="ap_ready">out, 1, ap_ctrl_hs, diagonal_load, return value</column>
<column name="v0_0_address0">out, 10, ap_memory, v0_0, array</column>
<column name="v0_0_ce0">out, 1, ap_memory, v0_0, array</column>
<column name="v0_0_q0">in, 32, ap_memory, v0_0, array</column>
<column name="v0_0_address1">out, 10, ap_memory, v0_0, array</column>
<column name="v0_0_ce1">out, 1, ap_memory, v0_0, array</column>
<column name="v0_0_q1">in, 32, ap_memory, v0_0, array</column>
<column name="v0_1_address0">out, 10, ap_memory, v0_1, array</column>
<column name="v0_1_ce0">out, 1, ap_memory, v0_1, array</column>
<column name="v0_1_q0">in, 32, ap_memory, v0_1, array</column>
<column name="v0_1_address1">out, 10, ap_memory, v0_1, array</column>
<column name="v0_1_ce1">out, 1, ap_memory, v0_1, array</column>
<column name="v0_1_q1">in, 32, ap_memory, v0_1, array</column>
<column name="v0_2_address0">out, 10, ap_memory, v0_2, array</column>
<column name="v0_2_ce0">out, 1, ap_memory, v0_2, array</column>
<column name="v0_2_q0">in, 32, ap_memory, v0_2, array</column>
<column name="v0_2_address1">out, 10, ap_memory, v0_2, array</column>
<column name="v0_2_ce1">out, 1, ap_memory, v0_2, array</column>
<column name="v0_2_q1">in, 32, ap_memory, v0_2, array</column>
<column name="v0_3_address0">out, 10, ap_memory, v0_3, array</column>
<column name="v0_3_ce0">out, 1, ap_memory, v0_3, array</column>
<column name="v0_3_q0">in, 32, ap_memory, v0_3, array</column>
<column name="v0_3_address1">out, 10, ap_memory, v0_3, array</column>
<column name="v0_3_ce1">out, 1, ap_memory, v0_3, array</column>
<column name="v0_3_q1">in, 32, ap_memory, v0_3, array</column>
<column name="v0_4_address0">out, 10, ap_memory, v0_4, array</column>
<column name="v0_4_ce0">out, 1, ap_memory, v0_4, array</column>
<column name="v0_4_q0">in, 32, ap_memory, v0_4, array</column>
<column name="v0_4_address1">out, 10, ap_memory, v0_4, array</column>
<column name="v0_4_ce1">out, 1, ap_memory, v0_4, array</column>
<column name="v0_4_q1">in, 32, ap_memory, v0_4, array</column>
<column name="v0_5_address0">out, 10, ap_memory, v0_5, array</column>
<column name="v0_5_ce0">out, 1, ap_memory, v0_5, array</column>
<column name="v0_5_q0">in, 32, ap_memory, v0_5, array</column>
<column name="v0_5_address1">out, 10, ap_memory, v0_5, array</column>
<column name="v0_5_ce1">out, 1, ap_memory, v0_5, array</column>
<column name="v0_5_q1">in, 32, ap_memory, v0_5, array</column>
<column name="v0_6_address0">out, 10, ap_memory, v0_6, array</column>
<column name="v0_6_ce0">out, 1, ap_memory, v0_6, array</column>
<column name="v0_6_q0">in, 32, ap_memory, v0_6, array</column>
<column name="v0_6_address1">out, 10, ap_memory, v0_6, array</column>
<column name="v0_6_ce1">out, 1, ap_memory, v0_6, array</column>
<column name="v0_6_q1">in, 32, ap_memory, v0_6, array</column>
<column name="v0_7_address0">out, 10, ap_memory, v0_7, array</column>
<column name="v0_7_ce0">out, 1, ap_memory, v0_7, array</column>
<column name="v0_7_q0">in, 32, ap_memory, v0_7, array</column>
<column name="v0_7_address1">out, 10, ap_memory, v0_7, array</column>
<column name="v0_7_ce1">out, 1, ap_memory, v0_7, array</column>
<column name="v0_7_q1">in, 32, ap_memory, v0_7, array</column>
<column name="v0_8_address0">out, 10, ap_memory, v0_8, array</column>
<column name="v0_8_ce0">out, 1, ap_memory, v0_8, array</column>
<column name="v0_8_q0">in, 32, ap_memory, v0_8, array</column>
<column name="v0_8_address1">out, 10, ap_memory, v0_8, array</column>
<column name="v0_8_ce1">out, 1, ap_memory, v0_8, array</column>
<column name="v0_8_q1">in, 32, ap_memory, v0_8, array</column>
<column name="v0_9_address0">out, 10, ap_memory, v0_9, array</column>
<column name="v0_9_ce0">out, 1, ap_memory, v0_9, array</column>
<column name="v0_9_q0">in, 32, ap_memory, v0_9, array</column>
<column name="v0_9_address1">out, 10, ap_memory, v0_9, array</column>
<column name="v0_9_ce1">out, 1, ap_memory, v0_9, array</column>
<column name="v0_9_q1">in, 32, ap_memory, v0_9, array</column>
<column name="v0_10_address0">out, 10, ap_memory, v0_10, array</column>
<column name="v0_10_ce0">out, 1, ap_memory, v0_10, array</column>
<column name="v0_10_q0">in, 32, ap_memory, v0_10, array</column>
<column name="v0_10_address1">out, 10, ap_memory, v0_10, array</column>
<column name="v0_10_ce1">out, 1, ap_memory, v0_10, array</column>
<column name="v0_10_q1">in, 32, ap_memory, v0_10, array</column>
<column name="v0_11_address0">out, 10, ap_memory, v0_11, array</column>
<column name="v0_11_ce0">out, 1, ap_memory, v0_11, array</column>
<column name="v0_11_q0">in, 32, ap_memory, v0_11, array</column>
<column name="v0_11_address1">out, 10, ap_memory, v0_11, array</column>
<column name="v0_11_ce1">out, 1, ap_memory, v0_11, array</column>
<column name="v0_11_q1">in, 32, ap_memory, v0_11, array</column>
<column name="v0_12_address0">out, 10, ap_memory, v0_12, array</column>
<column name="v0_12_ce0">out, 1, ap_memory, v0_12, array</column>
<column name="v0_12_q0">in, 32, ap_memory, v0_12, array</column>
<column name="v0_12_address1">out, 10, ap_memory, v0_12, array</column>
<column name="v0_12_ce1">out, 1, ap_memory, v0_12, array</column>
<column name="v0_12_q1">in, 32, ap_memory, v0_12, array</column>
<column name="v0_13_address0">out, 10, ap_memory, v0_13, array</column>
<column name="v0_13_ce0">out, 1, ap_memory, v0_13, array</column>
<column name="v0_13_q0">in, 32, ap_memory, v0_13, array</column>
<column name="v0_13_address1">out, 10, ap_memory, v0_13, array</column>
<column name="v0_13_ce1">out, 1, ap_memory, v0_13, array</column>
<column name="v0_13_q1">in, 32, ap_memory, v0_13, array</column>
<column name="v0_14_address0">out, 10, ap_memory, v0_14, array</column>
<column name="v0_14_ce0">out, 1, ap_memory, v0_14, array</column>
<column name="v0_14_q0">in, 32, ap_memory, v0_14, array</column>
<column name="v0_14_address1">out, 10, ap_memory, v0_14, array</column>
<column name="v0_14_ce1">out, 1, ap_memory, v0_14, array</column>
<column name="v0_14_q1">in, 32, ap_memory, v0_14, array</column>
<column name="v0_15_address0">out, 10, ap_memory, v0_15, array</column>
<column name="v0_15_ce0">out, 1, ap_memory, v0_15, array</column>
<column name="v0_15_q0">in, 32, ap_memory, v0_15, array</column>
<column name="v0_15_address1">out, 10, ap_memory, v0_15, array</column>
<column name="v0_15_ce1">out, 1, ap_memory, v0_15, array</column>
<column name="v0_15_q1">in, 32, ap_memory, v0_15, array</column>
<column name="v0_16_address0">out, 10, ap_memory, v0_16, array</column>
<column name="v0_16_ce0">out, 1, ap_memory, v0_16, array</column>
<column name="v0_16_q0">in, 32, ap_memory, v0_16, array</column>
<column name="v0_16_address1">out, 10, ap_memory, v0_16, array</column>
<column name="v0_16_ce1">out, 1, ap_memory, v0_16, array</column>
<column name="v0_16_q1">in, 32, ap_memory, v0_16, array</column>
<column name="v0_17_address0">out, 10, ap_memory, v0_17, array</column>
<column name="v0_17_ce0">out, 1, ap_memory, v0_17, array</column>
<column name="v0_17_q0">in, 32, ap_memory, v0_17, array</column>
<column name="v0_17_address1">out, 10, ap_memory, v0_17, array</column>
<column name="v0_17_ce1">out, 1, ap_memory, v0_17, array</column>
<column name="v0_17_q1">in, 32, ap_memory, v0_17, array</column>
<column name="v0_18_address0">out, 10, ap_memory, v0_18, array</column>
<column name="v0_18_ce0">out, 1, ap_memory, v0_18, array</column>
<column name="v0_18_q0">in, 32, ap_memory, v0_18, array</column>
<column name="v0_18_address1">out, 10, ap_memory, v0_18, array</column>
<column name="v0_18_ce1">out, 1, ap_memory, v0_18, array</column>
<column name="v0_18_q1">in, 32, ap_memory, v0_18, array</column>
<column name="v0_19_address0">out, 10, ap_memory, v0_19, array</column>
<column name="v0_19_ce0">out, 1, ap_memory, v0_19, array</column>
<column name="v0_19_q0">in, 32, ap_memory, v0_19, array</column>
<column name="v0_19_address1">out, 10, ap_memory, v0_19, array</column>
<column name="v0_19_ce1">out, 1, ap_memory, v0_19, array</column>
<column name="v0_19_q1">in, 32, ap_memory, v0_19, array</column>
<column name="v0_20_address0">out, 10, ap_memory, v0_20, array</column>
<column name="v0_20_ce0">out, 1, ap_memory, v0_20, array</column>
<column name="v0_20_q0">in, 32, ap_memory, v0_20, array</column>
<column name="v0_20_address1">out, 10, ap_memory, v0_20, array</column>
<column name="v0_20_ce1">out, 1, ap_memory, v0_20, array</column>
<column name="v0_20_q1">in, 32, ap_memory, v0_20, array</column>
<column name="v0_21_address0">out, 10, ap_memory, v0_21, array</column>
<column name="v0_21_ce0">out, 1, ap_memory, v0_21, array</column>
<column name="v0_21_q0">in, 32, ap_memory, v0_21, array</column>
<column name="v0_21_address1">out, 10, ap_memory, v0_21, array</column>
<column name="v0_21_ce1">out, 1, ap_memory, v0_21, array</column>
<column name="v0_21_q1">in, 32, ap_memory, v0_21, array</column>
<column name="v0_22_address0">out, 10, ap_memory, v0_22, array</column>
<column name="v0_22_ce0">out, 1, ap_memory, v0_22, array</column>
<column name="v0_22_q0">in, 32, ap_memory, v0_22, array</column>
<column name="v0_22_address1">out, 10, ap_memory, v0_22, array</column>
<column name="v0_22_ce1">out, 1, ap_memory, v0_22, array</column>
<column name="v0_22_q1">in, 32, ap_memory, v0_22, array</column>
<column name="v0_23_address0">out, 10, ap_memory, v0_23, array</column>
<column name="v0_23_ce0">out, 1, ap_memory, v0_23, array</column>
<column name="v0_23_q0">in, 32, ap_memory, v0_23, array</column>
<column name="v0_23_address1">out, 10, ap_memory, v0_23, array</column>
<column name="v0_23_ce1">out, 1, ap_memory, v0_23, array</column>
<column name="v0_23_q1">in, 32, ap_memory, v0_23, array</column>
<column name="v0_24_address0">out, 10, ap_memory, v0_24, array</column>
<column name="v0_24_ce0">out, 1, ap_memory, v0_24, array</column>
<column name="v0_24_q0">in, 32, ap_memory, v0_24, array</column>
<column name="v0_24_address1">out, 10, ap_memory, v0_24, array</column>
<column name="v0_24_ce1">out, 1, ap_memory, v0_24, array</column>
<column name="v0_24_q1">in, 32, ap_memory, v0_24, array</column>
<column name="v0_25_address0">out, 10, ap_memory, v0_25, array</column>
<column name="v0_25_ce0">out, 1, ap_memory, v0_25, array</column>
<column name="v0_25_q0">in, 32, ap_memory, v0_25, array</column>
<column name="v0_25_address1">out, 10, ap_memory, v0_25, array</column>
<column name="v0_25_ce1">out, 1, ap_memory, v0_25, array</column>
<column name="v0_25_q1">in, 32, ap_memory, v0_25, array</column>
<column name="v0_26_address0">out, 10, ap_memory, v0_26, array</column>
<column name="v0_26_ce0">out, 1, ap_memory, v0_26, array</column>
<column name="v0_26_q0">in, 32, ap_memory, v0_26, array</column>
<column name="v0_26_address1">out, 10, ap_memory, v0_26, array</column>
<column name="v0_26_ce1">out, 1, ap_memory, v0_26, array</column>
<column name="v0_26_q1">in, 32, ap_memory, v0_26, array</column>
<column name="v0_27_address0">out, 10, ap_memory, v0_27, array</column>
<column name="v0_27_ce0">out, 1, ap_memory, v0_27, array</column>
<column name="v0_27_q0">in, 32, ap_memory, v0_27, array</column>
<column name="v0_27_address1">out, 10, ap_memory, v0_27, array</column>
<column name="v0_27_ce1">out, 1, ap_memory, v0_27, array</column>
<column name="v0_27_q1">in, 32, ap_memory, v0_27, array</column>
<column name="v0_28_address0">out, 10, ap_memory, v0_28, array</column>
<column name="v0_28_ce0">out, 1, ap_memory, v0_28, array</column>
<column name="v0_28_q0">in, 32, ap_memory, v0_28, array</column>
<column name="v0_28_address1">out, 10, ap_memory, v0_28, array</column>
<column name="v0_28_ce1">out, 1, ap_memory, v0_28, array</column>
<column name="v0_28_q1">in, 32, ap_memory, v0_28, array</column>
<column name="v0_29_address0">out, 10, ap_memory, v0_29, array</column>
<column name="v0_29_ce0">out, 1, ap_memory, v0_29, array</column>
<column name="v0_29_q0">in, 32, ap_memory, v0_29, array</column>
<column name="v0_29_address1">out, 10, ap_memory, v0_29, array</column>
<column name="v0_29_ce1">out, 1, ap_memory, v0_29, array</column>
<column name="v0_29_q1">in, 32, ap_memory, v0_29, array</column>
<column name="v0_30_address0">out, 10, ap_memory, v0_30, array</column>
<column name="v0_30_ce0">out, 1, ap_memory, v0_30, array</column>
<column name="v0_30_q0">in, 32, ap_memory, v0_30, array</column>
<column name="v0_30_address1">out, 10, ap_memory, v0_30, array</column>
<column name="v0_30_ce1">out, 1, ap_memory, v0_30, array</column>
<column name="v0_30_q1">in, 32, ap_memory, v0_30, array</column>
<column name="v0_31_address0">out, 10, ap_memory, v0_31, array</column>
<column name="v0_31_ce0">out, 1, ap_memory, v0_31, array</column>
<column name="v0_31_q0">in, 32, ap_memory, v0_31, array</column>
<column name="v0_31_address1">out, 10, ap_memory, v0_31, array</column>
<column name="v0_31_ce1">out, 1, ap_memory, v0_31, array</column>
<column name="v0_31_q1">in, 32, ap_memory, v0_31, array</column>
<column name="v0_32_address0">out, 10, ap_memory, v0_32, array</column>
<column name="v0_32_ce0">out, 1, ap_memory, v0_32, array</column>
<column name="v0_32_q0">in, 32, ap_memory, v0_32, array</column>
<column name="v0_32_address1">out, 10, ap_memory, v0_32, array</column>
<column name="v0_32_ce1">out, 1, ap_memory, v0_32, array</column>
<column name="v0_32_q1">in, 32, ap_memory, v0_32, array</column>
<column name="v0_33_address0">out, 10, ap_memory, v0_33, array</column>
<column name="v0_33_ce0">out, 1, ap_memory, v0_33, array</column>
<column name="v0_33_q0">in, 32, ap_memory, v0_33, array</column>
<column name="v0_33_address1">out, 10, ap_memory, v0_33, array</column>
<column name="v0_33_ce1">out, 1, ap_memory, v0_33, array</column>
<column name="v0_33_q1">in, 32, ap_memory, v0_33, array</column>
<column name="v0_34_address0">out, 10, ap_memory, v0_34, array</column>
<column name="v0_34_ce0">out, 1, ap_memory, v0_34, array</column>
<column name="v0_34_q0">in, 32, ap_memory, v0_34, array</column>
<column name="v0_34_address1">out, 10, ap_memory, v0_34, array</column>
<column name="v0_34_ce1">out, 1, ap_memory, v0_34, array</column>
<column name="v0_34_q1">in, 32, ap_memory, v0_34, array</column>
<column name="v0_35_address0">out, 10, ap_memory, v0_35, array</column>
<column name="v0_35_ce0">out, 1, ap_memory, v0_35, array</column>
<column name="v0_35_q0">in, 32, ap_memory, v0_35, array</column>
<column name="v0_35_address1">out, 10, ap_memory, v0_35, array</column>
<column name="v0_35_ce1">out, 1, ap_memory, v0_35, array</column>
<column name="v0_35_q1">in, 32, ap_memory, v0_35, array</column>
<column name="v0_36_address0">out, 10, ap_memory, v0_36, array</column>
<column name="v0_36_ce0">out, 1, ap_memory, v0_36, array</column>
<column name="v0_36_q0">in, 32, ap_memory, v0_36, array</column>
<column name="v0_36_address1">out, 10, ap_memory, v0_36, array</column>
<column name="v0_36_ce1">out, 1, ap_memory, v0_36, array</column>
<column name="v0_36_q1">in, 32, ap_memory, v0_36, array</column>
<column name="v0_37_address0">out, 10, ap_memory, v0_37, array</column>
<column name="v0_37_ce0">out, 1, ap_memory, v0_37, array</column>
<column name="v0_37_q0">in, 32, ap_memory, v0_37, array</column>
<column name="v0_37_address1">out, 10, ap_memory, v0_37, array</column>
<column name="v0_37_ce1">out, 1, ap_memory, v0_37, array</column>
<column name="v0_37_q1">in, 32, ap_memory, v0_37, array</column>
<column name="v0_38_address0">out, 10, ap_memory, v0_38, array</column>
<column name="v0_38_ce0">out, 1, ap_memory, v0_38, array</column>
<column name="v0_38_q0">in, 32, ap_memory, v0_38, array</column>
<column name="v0_38_address1">out, 10, ap_memory, v0_38, array</column>
<column name="v0_38_ce1">out, 1, ap_memory, v0_38, array</column>
<column name="v0_38_q1">in, 32, ap_memory, v0_38, array</column>
<column name="v0_39_address0">out, 10, ap_memory, v0_39, array</column>
<column name="v0_39_ce0">out, 1, ap_memory, v0_39, array</column>
<column name="v0_39_q0">in, 32, ap_memory, v0_39, array</column>
<column name="v0_39_address1">out, 10, ap_memory, v0_39, array</column>
<column name="v0_39_ce1">out, 1, ap_memory, v0_39, array</column>
<column name="v0_39_q1">in, 32, ap_memory, v0_39, array</column>
<column name="v0_40_address0">out, 10, ap_memory, v0_40, array</column>
<column name="v0_40_ce0">out, 1, ap_memory, v0_40, array</column>
<column name="v0_40_q0">in, 32, ap_memory, v0_40, array</column>
<column name="v0_40_address1">out, 10, ap_memory, v0_40, array</column>
<column name="v0_40_ce1">out, 1, ap_memory, v0_40, array</column>
<column name="v0_40_q1">in, 32, ap_memory, v0_40, array</column>
<column name="v0_41_address0">out, 10, ap_memory, v0_41, array</column>
<column name="v0_41_ce0">out, 1, ap_memory, v0_41, array</column>
<column name="v0_41_q0">in, 32, ap_memory, v0_41, array</column>
<column name="v0_41_address1">out, 10, ap_memory, v0_41, array</column>
<column name="v0_41_ce1">out, 1, ap_memory, v0_41, array</column>
<column name="v0_41_q1">in, 32, ap_memory, v0_41, array</column>
<column name="v0_42_address0">out, 10, ap_memory, v0_42, array</column>
<column name="v0_42_ce0">out, 1, ap_memory, v0_42, array</column>
<column name="v0_42_q0">in, 32, ap_memory, v0_42, array</column>
<column name="v0_42_address1">out, 10, ap_memory, v0_42, array</column>
<column name="v0_42_ce1">out, 1, ap_memory, v0_42, array</column>
<column name="v0_42_q1">in, 32, ap_memory, v0_42, array</column>
<column name="v0_43_address0">out, 10, ap_memory, v0_43, array</column>
<column name="v0_43_ce0">out, 1, ap_memory, v0_43, array</column>
<column name="v0_43_q0">in, 32, ap_memory, v0_43, array</column>
<column name="v0_43_address1">out, 10, ap_memory, v0_43, array</column>
<column name="v0_43_ce1">out, 1, ap_memory, v0_43, array</column>
<column name="v0_43_q1">in, 32, ap_memory, v0_43, array</column>
<column name="v0_44_address0">out, 10, ap_memory, v0_44, array</column>
<column name="v0_44_ce0">out, 1, ap_memory, v0_44, array</column>
<column name="v0_44_q0">in, 32, ap_memory, v0_44, array</column>
<column name="v0_44_address1">out, 10, ap_memory, v0_44, array</column>
<column name="v0_44_ce1">out, 1, ap_memory, v0_44, array</column>
<column name="v0_44_q1">in, 32, ap_memory, v0_44, array</column>
<column name="v0_45_address0">out, 10, ap_memory, v0_45, array</column>
<column name="v0_45_ce0">out, 1, ap_memory, v0_45, array</column>
<column name="v0_45_q0">in, 32, ap_memory, v0_45, array</column>
<column name="v0_45_address1">out, 10, ap_memory, v0_45, array</column>
<column name="v0_45_ce1">out, 1, ap_memory, v0_45, array</column>
<column name="v0_45_q1">in, 32, ap_memory, v0_45, array</column>
<column name="v0_46_address0">out, 10, ap_memory, v0_46, array</column>
<column name="v0_46_ce0">out, 1, ap_memory, v0_46, array</column>
<column name="v0_46_q0">in, 32, ap_memory, v0_46, array</column>
<column name="v0_46_address1">out, 10, ap_memory, v0_46, array</column>
<column name="v0_46_ce1">out, 1, ap_memory, v0_46, array</column>
<column name="v0_46_q1">in, 32, ap_memory, v0_46, array</column>
<column name="v0_47_address0">out, 10, ap_memory, v0_47, array</column>
<column name="v0_47_ce0">out, 1, ap_memory, v0_47, array</column>
<column name="v0_47_q0">in, 32, ap_memory, v0_47, array</column>
<column name="v0_47_address1">out, 10, ap_memory, v0_47, array</column>
<column name="v0_47_ce1">out, 1, ap_memory, v0_47, array</column>
<column name="v0_47_q1">in, 32, ap_memory, v0_47, array</column>
<column name="v0_48_address0">out, 10, ap_memory, v0_48, array</column>
<column name="v0_48_ce0">out, 1, ap_memory, v0_48, array</column>
<column name="v0_48_q0">in, 32, ap_memory, v0_48, array</column>
<column name="v0_48_address1">out, 10, ap_memory, v0_48, array</column>
<column name="v0_48_ce1">out, 1, ap_memory, v0_48, array</column>
<column name="v0_48_q1">in, 32, ap_memory, v0_48, array</column>
<column name="v0_49_address0">out, 10, ap_memory, v0_49, array</column>
<column name="v0_49_ce0">out, 1, ap_memory, v0_49, array</column>
<column name="v0_49_q0">in, 32, ap_memory, v0_49, array</column>
<column name="v0_49_address1">out, 10, ap_memory, v0_49, array</column>
<column name="v0_49_ce1">out, 1, ap_memory, v0_49, array</column>
<column name="v0_49_q1">in, 32, ap_memory, v0_49, array</column>
<column name="v0_50_address0">out, 10, ap_memory, v0_50, array</column>
<column name="v0_50_ce0">out, 1, ap_memory, v0_50, array</column>
<column name="v0_50_q0">in, 32, ap_memory, v0_50, array</column>
<column name="v0_50_address1">out, 10, ap_memory, v0_50, array</column>
<column name="v0_50_ce1">out, 1, ap_memory, v0_50, array</column>
<column name="v0_50_q1">in, 32, ap_memory, v0_50, array</column>
<column name="v0_51_address0">out, 10, ap_memory, v0_51, array</column>
<column name="v0_51_ce0">out, 1, ap_memory, v0_51, array</column>
<column name="v0_51_q0">in, 32, ap_memory, v0_51, array</column>
<column name="v0_51_address1">out, 10, ap_memory, v0_51, array</column>
<column name="v0_51_ce1">out, 1, ap_memory, v0_51, array</column>
<column name="v0_51_q1">in, 32, ap_memory, v0_51, array</column>
<column name="v0_52_address0">out, 10, ap_memory, v0_52, array</column>
<column name="v0_52_ce0">out, 1, ap_memory, v0_52, array</column>
<column name="v0_52_q0">in, 32, ap_memory, v0_52, array</column>
<column name="v0_52_address1">out, 10, ap_memory, v0_52, array</column>
<column name="v0_52_ce1">out, 1, ap_memory, v0_52, array</column>
<column name="v0_52_q1">in, 32, ap_memory, v0_52, array</column>
<column name="v0_53_address0">out, 10, ap_memory, v0_53, array</column>
<column name="v0_53_ce0">out, 1, ap_memory, v0_53, array</column>
<column name="v0_53_q0">in, 32, ap_memory, v0_53, array</column>
<column name="v0_53_address1">out, 10, ap_memory, v0_53, array</column>
<column name="v0_53_ce1">out, 1, ap_memory, v0_53, array</column>
<column name="v0_53_q1">in, 32, ap_memory, v0_53, array</column>
<column name="v0_54_address0">out, 10, ap_memory, v0_54, array</column>
<column name="v0_54_ce0">out, 1, ap_memory, v0_54, array</column>
<column name="v0_54_q0">in, 32, ap_memory, v0_54, array</column>
<column name="v0_54_address1">out, 10, ap_memory, v0_54, array</column>
<column name="v0_54_ce1">out, 1, ap_memory, v0_54, array</column>
<column name="v0_54_q1">in, 32, ap_memory, v0_54, array</column>
<column name="v0_55_address0">out, 10, ap_memory, v0_55, array</column>
<column name="v0_55_ce0">out, 1, ap_memory, v0_55, array</column>
<column name="v0_55_q0">in, 32, ap_memory, v0_55, array</column>
<column name="v0_55_address1">out, 10, ap_memory, v0_55, array</column>
<column name="v0_55_ce1">out, 1, ap_memory, v0_55, array</column>
<column name="v0_55_q1">in, 32, ap_memory, v0_55, array</column>
<column name="v0_56_address0">out, 10, ap_memory, v0_56, array</column>
<column name="v0_56_ce0">out, 1, ap_memory, v0_56, array</column>
<column name="v0_56_q0">in, 32, ap_memory, v0_56, array</column>
<column name="v0_56_address1">out, 10, ap_memory, v0_56, array</column>
<column name="v0_56_ce1">out, 1, ap_memory, v0_56, array</column>
<column name="v0_56_q1">in, 32, ap_memory, v0_56, array</column>
<column name="v0_57_address0">out, 10, ap_memory, v0_57, array</column>
<column name="v0_57_ce0">out, 1, ap_memory, v0_57, array</column>
<column name="v0_57_q0">in, 32, ap_memory, v0_57, array</column>
<column name="v0_57_address1">out, 10, ap_memory, v0_57, array</column>
<column name="v0_57_ce1">out, 1, ap_memory, v0_57, array</column>
<column name="v0_57_q1">in, 32, ap_memory, v0_57, array</column>
<column name="v0_58_address0">out, 10, ap_memory, v0_58, array</column>
<column name="v0_58_ce0">out, 1, ap_memory, v0_58, array</column>
<column name="v0_58_q0">in, 32, ap_memory, v0_58, array</column>
<column name="v0_58_address1">out, 10, ap_memory, v0_58, array</column>
<column name="v0_58_ce1">out, 1, ap_memory, v0_58, array</column>
<column name="v0_58_q1">in, 32, ap_memory, v0_58, array</column>
<column name="v0_59_address0">out, 10, ap_memory, v0_59, array</column>
<column name="v0_59_ce0">out, 1, ap_memory, v0_59, array</column>
<column name="v0_59_q0">in, 32, ap_memory, v0_59, array</column>
<column name="v0_59_address1">out, 10, ap_memory, v0_59, array</column>
<column name="v0_59_ce1">out, 1, ap_memory, v0_59, array</column>
<column name="v0_59_q1">in, 32, ap_memory, v0_59, array</column>
<column name="v0_60_address0">out, 10, ap_memory, v0_60, array</column>
<column name="v0_60_ce0">out, 1, ap_memory, v0_60, array</column>
<column name="v0_60_q0">in, 32, ap_memory, v0_60, array</column>
<column name="v0_60_address1">out, 10, ap_memory, v0_60, array</column>
<column name="v0_60_ce1">out, 1, ap_memory, v0_60, array</column>
<column name="v0_60_q1">in, 32, ap_memory, v0_60, array</column>
<column name="v0_61_address0">out, 10, ap_memory, v0_61, array</column>
<column name="v0_61_ce0">out, 1, ap_memory, v0_61, array</column>
<column name="v0_61_q0">in, 32, ap_memory, v0_61, array</column>
<column name="v0_61_address1">out, 10, ap_memory, v0_61, array</column>
<column name="v0_61_ce1">out, 1, ap_memory, v0_61, array</column>
<column name="v0_61_q1">in, 32, ap_memory, v0_61, array</column>
<column name="v0_62_address0">out, 10, ap_memory, v0_62, array</column>
<column name="v0_62_ce0">out, 1, ap_memory, v0_62, array</column>
<column name="v0_62_q0">in, 32, ap_memory, v0_62, array</column>
<column name="v0_62_address1">out, 10, ap_memory, v0_62, array</column>
<column name="v0_62_ce1">out, 1, ap_memory, v0_62, array</column>
<column name="v0_62_q1">in, 32, ap_memory, v0_62, array</column>
<column name="v0_63_address0">out, 10, ap_memory, v0_63, array</column>
<column name="v0_63_ce0">out, 1, ap_memory, v0_63, array</column>
<column name="v0_63_q0">in, 32, ap_memory, v0_63, array</column>
<column name="v0_63_address1">out, 10, ap_memory, v0_63, array</column>
<column name="v0_63_ce1">out, 1, ap_memory, v0_63, array</column>
<column name="v0_63_q1">in, 32, ap_memory, v0_63, array</column>
<column name="v1_0_address0">out, 4, ap_memory, v1_0, array</column>
<column name="v1_0_ce0">out, 1, ap_memory, v1_0, array</column>
<column name="v1_0_we0">out, 1, ap_memory, v1_0, array</column>
<column name="v1_0_d0">out, 32, ap_memory, v1_0, array</column>
<column name="v1_1_address0">out, 4, ap_memory, v1_1, array</column>
<column name="v1_1_ce0">out, 1, ap_memory, v1_1, array</column>
<column name="v1_1_we0">out, 1, ap_memory, v1_1, array</column>
<column name="v1_1_d0">out, 32, ap_memory, v1_1, array</column>
<column name="v1_2_address0">out, 4, ap_memory, v1_2, array</column>
<column name="v1_2_ce0">out, 1, ap_memory, v1_2, array</column>
<column name="v1_2_we0">out, 1, ap_memory, v1_2, array</column>
<column name="v1_2_d0">out, 32, ap_memory, v1_2, array</column>
<column name="v1_3_address0">out, 4, ap_memory, v1_3, array</column>
<column name="v1_3_ce0">out, 1, ap_memory, v1_3, array</column>
<column name="v1_3_we0">out, 1, ap_memory, v1_3, array</column>
<column name="v1_3_d0">out, 32, ap_memory, v1_3, array</column>
<column name="v1_4_address0">out, 4, ap_memory, v1_4, array</column>
<column name="v1_4_ce0">out, 1, ap_memory, v1_4, array</column>
<column name="v1_4_we0">out, 1, ap_memory, v1_4, array</column>
<column name="v1_4_d0">out, 32, ap_memory, v1_4, array</column>
<column name="v1_5_address0">out, 4, ap_memory, v1_5, array</column>
<column name="v1_5_ce0">out, 1, ap_memory, v1_5, array</column>
<column name="v1_5_we0">out, 1, ap_memory, v1_5, array</column>
<column name="v1_5_d0">out, 32, ap_memory, v1_5, array</column>
<column name="v1_6_address0">out, 4, ap_memory, v1_6, array</column>
<column name="v1_6_ce0">out, 1, ap_memory, v1_6, array</column>
<column name="v1_6_we0">out, 1, ap_memory, v1_6, array</column>
<column name="v1_6_d0">out, 32, ap_memory, v1_6, array</column>
<column name="v1_7_address0">out, 4, ap_memory, v1_7, array</column>
<column name="v1_7_ce0">out, 1, ap_memory, v1_7, array</column>
<column name="v1_7_we0">out, 1, ap_memory, v1_7, array</column>
<column name="v1_7_d0">out, 32, ap_memory, v1_7, array</column>
<column name="v1_8_address0">out, 4, ap_memory, v1_8, array</column>
<column name="v1_8_ce0">out, 1, ap_memory, v1_8, array</column>
<column name="v1_8_we0">out, 1, ap_memory, v1_8, array</column>
<column name="v1_8_d0">out, 32, ap_memory, v1_8, array</column>
<column name="v1_9_address0">out, 4, ap_memory, v1_9, array</column>
<column name="v1_9_ce0">out, 1, ap_memory, v1_9, array</column>
<column name="v1_9_we0">out, 1, ap_memory, v1_9, array</column>
<column name="v1_9_d0">out, 32, ap_memory, v1_9, array</column>
<column name="v1_10_address0">out, 4, ap_memory, v1_10, array</column>
<column name="v1_10_ce0">out, 1, ap_memory, v1_10, array</column>
<column name="v1_10_we0">out, 1, ap_memory, v1_10, array</column>
<column name="v1_10_d0">out, 32, ap_memory, v1_10, array</column>
<column name="v1_11_address0">out, 4, ap_memory, v1_11, array</column>
<column name="v1_11_ce0">out, 1, ap_memory, v1_11, array</column>
<column name="v1_11_we0">out, 1, ap_memory, v1_11, array</column>
<column name="v1_11_d0">out, 32, ap_memory, v1_11, array</column>
<column name="v1_12_address0">out, 4, ap_memory, v1_12, array</column>
<column name="v1_12_ce0">out, 1, ap_memory, v1_12, array</column>
<column name="v1_12_we0">out, 1, ap_memory, v1_12, array</column>
<column name="v1_12_d0">out, 32, ap_memory, v1_12, array</column>
<column name="v1_13_address0">out, 4, ap_memory, v1_13, array</column>
<column name="v1_13_ce0">out, 1, ap_memory, v1_13, array</column>
<column name="v1_13_we0">out, 1, ap_memory, v1_13, array</column>
<column name="v1_13_d0">out, 32, ap_memory, v1_13, array</column>
<column name="v1_14_address0">out, 4, ap_memory, v1_14, array</column>
<column name="v1_14_ce0">out, 1, ap_memory, v1_14, array</column>
<column name="v1_14_we0">out, 1, ap_memory, v1_14, array</column>
<column name="v1_14_d0">out, 32, ap_memory, v1_14, array</column>
<column name="v1_15_address0">out, 4, ap_memory, v1_15, array</column>
<column name="v1_15_ce0">out, 1, ap_memory, v1_15, array</column>
<column name="v1_15_we0">out, 1, ap_memory, v1_15, array</column>
<column name="v1_15_d0">out, 32, ap_memory, v1_15, array</column>
<column name="v2">in, 8, ap_none, v2, scalar</column>
</table>
</item>
</section>
</profile>
