<profile>

<section name = "Vivado HLS Report for 'internal_load'" level="0">
<item name = "Date">Thu Jan 26 22:20:40 2023
</item>
<item name = "Version">2019.2 (Build 2704478 on Wed Nov 06 22:10:23 MST 2019)</item>
<item name = "Project">lud</item>
<item name = "Solution">asdse</item>
<item name = "Product family">zynq</item>
<item name = "Target device">xc7z045-ffg900-2</item>
</section>

<section name = "Performance Estimates" level="0">
<item name = "Timing">
<section name = "" level="1">
<item name = "Summary"><table name="" hasTotal="0">
<keys size="4">Clock, Target, Estimated, Uncertainty</keys>
<column name="ap_clk">10.00 ns, 7.561 ns, 1.25 ns</column>
</table>
</item>
</section>
</item>
<item name = "Latency">
<section name = "" level="1">
<item name = "Summary"><table name="" hasTotal="0">
<keys size="8">, min, max, min, max, min, max, Type</keys>
<column name="">401, 401, 4.010 us, 4.010 us, 401, 401, none</column>
</table>
</item>
<item name = "Detail">
<section name = "" level="1">
<item name = "Instance"><table name="" hasTotal="0">
<keys size="9">Instance, Module, min, max, min, max, min, max, Type</keys>
</table>
</item>
<item name = "Loop"><table name="" hasTotal="0">
<keys size="8">Loop Name, min, max, Latency, achieved, target, Count, Pipelined</keys>
<column name="- Loop 1">128, 128, 17, 16, 1, 8, yes</column>
<column name="- Loop 2">128, 128, 33, 32, 1, 4, yes</column>
<column name="- Loop 3">128, 128, 33, 32, 1, 4, yes</column>
</table>
</item>
</section>
</item>
</section>
</item>
</section>

<section name = "Utilization Estimates" level="0">
<item name = "Summary"><table name="" hasTotal="1">
<keys size="6">Name, BRAM_18K, DSP48E, FF, LUT, URAM</keys>
<column name="DSP">-, -, -, -, -</column>
<column name="Expression">-, -, 0, 3698, -</column>
<column name="FIFO">-, -, -, -, -</column>
<column name="Instance">-, -, 212, 2688, -</column>
<column name="Memory">-, -, -, -, -</column>
<column name="Multiplexer">-, -, -, 1622, -</column>
<column name="Register">-, -, 919, -, -</column>
<specialColumn name="Available">1090, 900, 437200, 218600, 0</specialColumn>
<specialColumn name="Utilization (%)">0, 0, ~0, 3, 0</specialColumn>
</table>
</item>
<item name = "Detail">
<section name = "" level="1">
<item name = "Instance"><table name="" hasTotal="1">
<keys size="7">Instance, Module, BRAM_18K, DSP48E, FF, LUT, URAM</keys>
<column name="workload_asdse_mubkb_U626">workload_asdse_mubkb, 0, 0, 0, 65, 0</column>
<column name="workload_asdse_mubkb_U627">workload_asdse_mubkb, 0, 0, 0, 65, 0</column>
<column name="workload_asdse_mubkb_U628">workload_asdse_mubkb, 0, 0, 0, 65, 0</column>
<column name="workload_asdse_mubkb_U629">workload_asdse_mubkb, 0, 0, 0, 65, 0</column>
<column name="workload_asdse_mubkb_U630">workload_asdse_mubkb, 0, 0, 0, 65, 0</column>
<column name="workload_asdse_mubkb_U631">workload_asdse_mubkb, 0, 0, 0, 65, 0</column>
<column name="workload_asdse_mubkb_U632">workload_asdse_mubkb, 0, 0, 0, 65, 0</column>
<column name="workload_asdse_mubkb_U633">workload_asdse_mubkb, 0, 0, 0, 65, 0</column>
<column name="workload_asdse_mubkb_U634">workload_asdse_mubkb, 0, 0, 0, 65, 0</column>
<column name="workload_asdse_mubkb_U635">workload_asdse_mubkb, 0, 0, 0, 65, 0</column>
<column name="workload_asdse_mubkb_U636">workload_asdse_mubkb, 0, 0, 0, 65, 0</column>
<column name="workload_asdse_mubkb_U637">workload_asdse_mubkb, 0, 0, 0, 65, 0</column>
<column name="workload_asdse_mubkb_U638">workload_asdse_mubkb, 0, 0, 0, 65, 0</column>
<column name="workload_asdse_mubkb_U639">workload_asdse_mubkb, 0, 0, 0, 65, 0</column>
<column name="workload_asdse_mubkb_U640">workload_asdse_mubkb, 0, 0, 0, 65, 0</column>
<column name="workload_asdse_mubkb_U641">workload_asdse_mubkb, 0, 0, 0, 65, 0</column>
<column name="workload_asdse_mubkb_U642">workload_asdse_mubkb, 0, 0, 0, 65, 0</column>
<column name="workload_asdse_mubkb_U643">workload_asdse_mubkb, 0, 0, 0, 65, 0</column>
<column name="workload_asdse_mubkb_U644">workload_asdse_mubkb, 0, 0, 0, 65, 0</column>
<column name="workload_asdse_mubkb_U645">workload_asdse_mubkb, 0, 0, 0, 65, 0</column>
<column name="workload_asdse_mubkb_U646">workload_asdse_mubkb, 0, 0, 0, 65, 0</column>
<column name="workload_asdse_mubkb_U647">workload_asdse_mubkb, 0, 0, 0, 65, 0</column>
<column name="workload_asdse_mubkb_U648">workload_asdse_mubkb, 0, 0, 0, 65, 0</column>
<column name="workload_asdse_mubkb_U649">workload_asdse_mubkb, 0, 0, 0, 65, 0</column>
<column name="workload_asdse_mubkb_U650">workload_asdse_mubkb, 0, 0, 0, 65, 0</column>
<column name="workload_asdse_mubkb_U651">workload_asdse_mubkb, 0, 0, 0, 65, 0</column>
<column name="workload_asdse_mubkb_U652">workload_asdse_mubkb, 0, 0, 0, 65, 0</column>
<column name="workload_asdse_mubkb_U653">workload_asdse_mubkb, 0, 0, 0, 65, 0</column>
<column name="workload_asdse_mubkb_U654">workload_asdse_mubkb, 0, 0, 0, 65, 0</column>
<column name="workload_asdse_mubkb_U655">workload_asdse_mubkb, 0, 0, 0, 65, 0</column>
<column name="workload_asdse_mubkb_U656">workload_asdse_mubkb, 0, 0, 0, 65, 0</column>
<column name="workload_asdse_mubkb_U657">workload_asdse_mubkb, 0, 0, 0, 65, 0</column>
<column name="workload_asdse_mubkb_U658">workload_asdse_mubkb, 0, 0, 0, 65, 0</column>
<column name="workload_asdse_mubkb_U659">workload_asdse_mubkb, 0, 0, 0, 65, 0</column>
<column name="workload_asdse_mubkb_U660">workload_asdse_mubkb, 0, 0, 0, 65, 0</column>
<column name="workload_asdse_mubkb_U661">workload_asdse_mubkb, 0, 0, 0, 65, 0</column>
<column name="workload_asdse_mubkb_U662">workload_asdse_mubkb, 0, 0, 0, 65, 0</column>
<column name="workload_asdse_mubkb_U663">workload_asdse_mubkb, 0, 0, 0, 65, 0</column>
<column name="workload_asdse_mubkb_U664">workload_asdse_mubkb, 0, 0, 0, 65, 0</column>
<column name="workload_asdse_mubkb_U665">workload_asdse_mubkb, 0, 0, 0, 65, 0</column>
<column name="workload_asdse_udhbi_U666">workload_asdse_udhbi, 0, 0, 106, 44, 0</column>
<column name="workload_asdse_uribs_U667">workload_asdse_uribs, 0, 0, 106, 44, 0</column>
</table>
</item>
<item name = "DSP48E"><table name="" hasTotal="0">
<keys size="3">Instance, Module, Expression</keys>
</table>
</item>
<item name = "Memory"><table name="" hasTotal="1">
<keys size="10">Memory, Module, BRAM_18K, FF, LUT, URAM, Words, Bits, Banks, W*Bits*Banks</keys>
</table>
</item>
<item name = "FIFO"><table name="" hasTotal="1">
<keys size="8">Name, BRAM_18K, FF, LUT, URAM, Depth, Bits, Size:D*B</keys>
</table>
</item>
<item name = "Expression"><table name="" hasTotal="1">
<keys size="7">Variable Name, Operation, DSP48E, FF, LUT, Bitwidth P0, Bitwidth P1</keys>
<column name="add_ln218_fu_89873_p2">+, 0, 0, 8, 5, 8</column>
<column name="add_ln224_10_fu_90726_p2">+, 0, 0, 16, 1, 16</column>
<column name="add_ln224_11_fu_90821_p2">+, 0, 0, 16, 2, 16</column>
<column name="add_ln224_12_fu_90904_p2">+, 0, 0, 16, 2, 16</column>
<column name="add_ln224_13_fu_90987_p2">+, 0, 0, 16, 3, 16</column>
<column name="add_ln224_14_fu_91070_p2">+, 0, 0, 16, 3, 16</column>
<column name="add_ln224_15_fu_91153_p2">+, 0, 0, 16, 3, 16</column>
<column name="add_ln224_16_fu_91236_p2">+, 0, 0, 16, 3, 16</column>
<column name="add_ln224_17_fu_91319_p2">+, 0, 0, 12, 4, 12</column>
<column name="add_ln224_18_fu_91328_p2">+, 0, 0, 16, 16, 16</column>
<column name="add_ln224_19_fu_91411_p2">+, 0, 0, 16, 1, 16</column>
<column name="add_ln224_1_fu_89968_p2">+, 0, 0, 16, 16, 16</column>
<column name="add_ln224_20_fu_91495_p2">+, 0, 0, 16, 2, 16</column>
<column name="add_ln224_21_fu_91578_p2">+, 0, 0, 16, 2, 16</column>
<column name="add_ln224_22_fu_91661_p2">+, 0, 0, 16, 3, 16</column>
<column name="add_ln224_23_fu_91744_p2">+, 0, 0, 16, 3, 16</column>
<column name="add_ln224_24_fu_91827_p2">+, 0, 0, 16, 3, 16</column>
<column name="add_ln224_25_fu_91910_p2">+, 0, 0, 16, 3, 16</column>
<column name="add_ln224_26_fu_91993_p2">+, 0, 0, 16, 16, 16</column>
<column name="add_ln224_27_fu_92075_p2">+, 0, 0, 16, 1, 16</column>
<column name="add_ln224_28_fu_92159_p2">+, 0, 0, 16, 2, 16</column>
<column name="add_ln224_29_fu_92242_p2">+, 0, 0, 16, 2, 16</column>
<column name="add_ln224_2_fu_90057_p2">+, 0, 0, 16, 1, 16</column>
<column name="add_ln224_30_fu_92325_p2">+, 0, 0, 16, 3, 16</column>
<column name="add_ln224_31_fu_92408_p2">+, 0, 0, 16, 3, 16</column>
<column name="add_ln224_32_fu_92491_p2">+, 0, 0, 16, 3, 16</column>
<column name="add_ln224_33_fu_92574_p2">+, 0, 0, 16, 3, 16</column>
<column name="add_ln224_34_fu_89907_p2">+, 0, 0, 13, 6, 6</column>
<column name="add_ln224_35_fu_89931_p2">+, 0, 0, 6, 4, 6</column>
<column name="add_ln224_3_fu_90146_p2">+, 0, 0, 16, 2, 16</column>
<column name="add_ln224_4_fu_90229_p2">+, 0, 0, 16, 2, 16</column>
<column name="add_ln224_5_fu_90312_p2">+, 0, 0, 16, 3, 16</column>
<column name="add_ln224_6_fu_90395_p2">+, 0, 0, 16, 3, 16</column>
<column name="add_ln224_7_fu_90478_p2">+, 0, 0, 16, 3, 16</column>
<column name="add_ln224_8_fu_90561_p2">+, 0, 0, 16, 3, 16</column>
<column name="add_ln224_9_fu_90644_p2">+, 0, 0, 16, 16, 16</column>
<column name="add_ln224_fu_89901_p2">+, 0, 0, 13, 5, 6</column>
<column name="add_ln235_10_fu_93599_p2">+, 0, 0, 23, 1, 23</column>
<column name="add_ln235_11_fu_93698_p2">+, 0, 0, 23, 2, 23</column>
<column name="add_ln235_12_fu_93785_p2">+, 0, 0, 23, 2, 23</column>
<column name="add_ln235_13_fu_93872_p2">+, 0, 0, 23, 23, 23</column>
<column name="add_ln235_14_fu_93958_p2">+, 0, 0, 23, 1, 23</column>
<column name="add_ln235_15_fu_94057_p2">+, 0, 0, 23, 2, 23</column>
<column name="add_ln235_16_fu_94144_p2">+, 0, 0, 23, 2, 23</column>
<column name="add_ln235_17_fu_94231_p2">+, 0, 0, 12, 3, 12</column>
<column name="add_ln235_18_fu_94240_p2">+, 0, 0, 23, 23, 23</column>
<column name="add_ln235_19_fu_94327_p2">+, 0, 0, 23, 1, 23</column>
<column name="add_ln235_1_fu_92792_p2">+, 0, 0, 23, 23, 23</column>
<column name="add_ln235_20_fu_94415_p2">+, 0, 0, 23, 2, 23</column>
<column name="add_ln235_21_fu_94502_p2">+, 0, 0, 23, 2, 23</column>
<column name="add_ln235_22_fu_94589_p2">+, 0, 0, 23, 23, 23</column>
<column name="add_ln235_23_fu_94675_p2">+, 0, 0, 23, 1, 23</column>
<column name="add_ln235_24_fu_94763_p2">+, 0, 0, 23, 2, 23</column>
<column name="add_ln235_25_fu_94850_p2">+, 0, 0, 23, 2, 23</column>
<column name="add_ln235_26_fu_94937_p2">+, 0, 0, 23, 23, 23</column>
<column name="add_ln235_27_fu_95023_p2">+, 0, 0, 23, 1, 23</column>
<column name="add_ln235_28_fu_95111_p2">+, 0, 0, 23, 2, 23</column>
<column name="add_ln235_29_fu_95198_p2">+, 0, 0, 23, 2, 23</column>
<column name="add_ln235_2_fu_92879_p2">+, 0, 0, 23, 1, 23</column>
<column name="add_ln235_30_fu_95285_p2">+, 0, 0, 23, 23, 23</column>
<column name="add_ln235_31_fu_95371_p2">+, 0, 0, 23, 1, 23</column>
<column name="add_ln235_32_fu_95459_p2">+, 0, 0, 23, 2, 23</column>
<column name="add_ln235_33_fu_95546_p2">+, 0, 0, 23, 2, 23</column>
<column name="add_ln235_34_fu_95633_p2">+, 0, 0, 12, 4, 12</column>
<column name="add_ln235_35_fu_95642_p2">+, 0, 0, 23, 23, 23</column>
<column name="add_ln235_36_fu_95729_p2">+, 0, 0, 23, 1, 23</column>
<column name="add_ln235_37_fu_95817_p2">+, 0, 0, 23, 2, 23</column>
<column name="add_ln235_38_fu_95904_p2">+, 0, 0, 23, 2, 23</column>
<column name="add_ln235_39_fu_95991_p2">+, 0, 0, 23, 23, 23</column>
<column name="add_ln235_3_fu_92980_p2">+, 0, 0, 23, 2, 23</column>
<column name="add_ln235_40_fu_96077_p2">+, 0, 0, 23, 1, 23</column>
<column name="add_ln235_41_fu_96165_p2">+, 0, 0, 23, 2, 23</column>
<column name="add_ln235_42_fu_96252_p2">+, 0, 0, 23, 2, 23</column>
<column name="add_ln235_43_fu_96339_p2">+, 0, 0, 23, 23, 23</column>
<column name="add_ln235_44_fu_96425_p2">+, 0, 0, 23, 1, 23</column>
<column name="add_ln235_45_fu_96513_p2">+, 0, 0, 23, 2, 23</column>
<column name="add_ln235_46_fu_96600_p2">+, 0, 0, 23, 2, 23</column>
<column name="add_ln235_47_fu_96687_p2">+, 0, 0, 23, 23, 23</column>
<column name="add_ln235_48_fu_96773_p2">+, 0, 0, 23, 1, 23</column>
<column name="add_ln235_49_fu_96861_p2">+, 0, 0, 23, 2, 23</column>
<column name="add_ln235_4_fu_93067_p2">+, 0, 0, 23, 2, 23</column>
<column name="add_ln235_50_fu_96948_p2">+, 0, 0, 23, 2, 23</column>
<column name="add_ln235_51_fu_97035_p2">+, 0, 0, 12, 4, 12</column>
<column name="add_ln235_52_fu_97044_p2">+, 0, 0, 23, 23, 23</column>
<column name="add_ln235_53_fu_97131_p2">+, 0, 0, 23, 1, 23</column>
<column name="add_ln235_54_fu_97219_p2">+, 0, 0, 23, 2, 23</column>
<column name="add_ln235_55_fu_97306_p2">+, 0, 0, 23, 2, 23</column>
<column name="add_ln235_56_fu_97393_p2">+, 0, 0, 23, 23, 23</column>
<column name="add_ln235_57_fu_97479_p2">+, 0, 0, 23, 1, 23</column>
<column name="add_ln235_58_fu_97567_p2">+, 0, 0, 23, 2, 23</column>
<column name="add_ln235_59_fu_97654_p2">+, 0, 0, 23, 2, 23</column>
<column name="add_ln235_5_fu_93154_p2">+, 0, 0, 23, 23, 23</column>
<column name="add_ln235_60_fu_97741_p2">+, 0, 0, 23, 23, 23</column>
<column name="add_ln235_61_fu_97827_p2">+, 0, 0, 23, 1, 23</column>
<column name="add_ln235_62_fu_97915_p2">+, 0, 0, 23, 2, 23</column>
<column name="add_ln235_63_fu_98002_p2">+, 0, 0, 23, 2, 23</column>
<column name="add_ln235_64_fu_98089_p2">+, 0, 0, 23, 23, 23</column>
<column name="add_ln235_65_fu_98175_p2">+, 0, 0, 23, 1, 23</column>
<column name="add_ln235_66_fu_98263_p2">+, 0, 0, 23, 2, 23</column>
<column name="add_ln235_67_fu_98350_p2">+, 0, 0, 23, 2, 23</column>
<column name="add_ln235_68_fu_92745_p2">+, 0, 0, 6, 6, 4</column>
<column name="add_ln235_69_fu_92754_p2">+, 0, 0, 6, 6, 4</column>
<column name="add_ln235_6_fu_93240_p2">+, 0, 0, 23, 1, 23</column>
<column name="add_ln235_7_fu_93339_p2">+, 0, 0, 23, 2, 23</column>
<column name="add_ln235_8_fu_93426_p2">+, 0, 0, 23, 2, 23</column>
<column name="add_ln235_9_fu_93513_p2">+, 0, 0, 23, 23, 23</column>
<column name="add_ln235_fu_92736_p2">+, 0, 0, 6, 6, 3</column>
<column name="add_ln245_10_fu_99350_p2">+, 0, 0, 23, 4, 23</column>
<column name="add_ln245_11_fu_99437_p2">+, 0, 0, 23, 4, 23</column>
<column name="add_ln245_12_fu_99524_p2">+, 0, 0, 23, 4, 23</column>
<column name="add_ln245_13_fu_99611_p2">+, 0, 0, 23, 4, 23</column>
<column name="add_ln245_14_fu_99698_p2">+, 0, 0, 23, 4, 23</column>
<column name="add_ln245_15_fu_99785_p2">+, 0, 0, 23, 4, 23</column>
<column name="add_ln245_16_fu_99872_p2">+, 0, 0, 23, 23, 23</column>
<column name="add_ln245_17_fu_99958_p2">+, 0, 0, 23, 1, 23</column>
<column name="add_ln245_18_fu_100057_p2">+, 0, 0, 23, 2, 23</column>
<column name="add_ln245_19_fu_100144_p2">+, 0, 0, 23, 2, 23</column>
<column name="add_ln245_1_fu_98553_p2">+, 0, 0, 23, 1, 23</column>
<column name="add_ln245_20_fu_100231_p2">+, 0, 0, 23, 3, 23</column>
<column name="add_ln245_21_fu_100318_p2">+, 0, 0, 23, 3, 23</column>
<column name="add_ln245_22_fu_100405_p2">+, 0, 0, 23, 3, 23</column>
<column name="add_ln245_23_fu_100492_p2">+, 0, 0, 23, 3, 23</column>
<column name="add_ln245_24_fu_100579_p2">+, 0, 0, 23, 4, 23</column>
<column name="add_ln245_25_fu_100666_p2">+, 0, 0, 23, 4, 23</column>
<column name="add_ln245_26_fu_100753_p2">+, 0, 0, 23, 4, 23</column>
<column name="add_ln245_27_fu_100840_p2">+, 0, 0, 23, 4, 23</column>
<column name="add_ln245_28_fu_100927_p2">+, 0, 0, 23, 4, 23</column>
<column name="add_ln245_29_fu_101014_p2">+, 0, 0, 23, 4, 23</column>
<column name="add_ln245_2_fu_98654_p2">+, 0, 0, 23, 2, 23</column>
<column name="add_ln245_30_fu_101101_p2">+, 0, 0, 23, 4, 23</column>
<column name="add_ln245_31_fu_101188_p2">+, 0, 0, 23, 4, 23</column>
<column name="add_ln245_32_fu_101275_p2">+, 0, 0, 23, 23, 23</column>
<column name="add_ln245_33_fu_101361_p2">+, 0, 0, 23, 1, 23</column>
<column name="add_ln245_34_fu_101460_p2">+, 0, 0, 23, 2, 23</column>
<column name="add_ln245_35_fu_101547_p2">+, 0, 0, 23, 2, 23</column>
<column name="add_ln245_36_fu_101634_p2">+, 0, 0, 23, 3, 23</column>
<column name="add_ln245_37_fu_101721_p2">+, 0, 0, 23, 3, 23</column>
<column name="add_ln245_38_fu_101808_p2">+, 0, 0, 23, 3, 23</column>
<column name="add_ln245_39_fu_101895_p2">+, 0, 0, 23, 3, 23</column>
<column name="add_ln245_3_fu_98741_p2">+, 0, 0, 23, 2, 23</column>
<column name="add_ln245_40_fu_101982_p2">+, 0, 0, 23, 4, 23</column>
<column name="add_ln245_41_fu_102069_p2">+, 0, 0, 23, 4, 23</column>
<column name="add_ln245_42_fu_102156_p2">+, 0, 0, 23, 4, 23</column>
<column name="add_ln245_43_fu_102243_p2">+, 0, 0, 23, 4, 23</column>
<column name="add_ln245_44_fu_102330_p2">+, 0, 0, 23, 4, 23</column>
<column name="add_ln245_45_fu_102417_p2">+, 0, 0, 23, 4, 23</column>
<column name="add_ln245_46_fu_102504_p2">+, 0, 0, 23, 4, 23</column>
<column name="add_ln245_47_fu_102591_p2">+, 0, 0, 23, 4, 23</column>
<column name="add_ln245_48_fu_102678_p2">+, 0, 0, 23, 23, 23</column>
<column name="add_ln245_49_fu_102764_p2">+, 0, 0, 23, 1, 23</column>
<column name="add_ln245_4_fu_98828_p2">+, 0, 0, 23, 3, 23</column>
<column name="add_ln245_50_fu_102863_p2">+, 0, 0, 23, 2, 23</column>
<column name="add_ln245_51_fu_102950_p2">+, 0, 0, 23, 2, 23</column>
<column name="add_ln245_52_fu_103037_p2">+, 0, 0, 23, 3, 23</column>
<column name="add_ln245_53_fu_103124_p2">+, 0, 0, 23, 3, 23</column>
<column name="add_ln245_54_fu_103211_p2">+, 0, 0, 23, 3, 23</column>
<column name="add_ln245_55_fu_103298_p2">+, 0, 0, 23, 3, 23</column>
<column name="add_ln245_56_fu_103385_p2">+, 0, 0, 23, 4, 23</column>
<column name="add_ln245_57_fu_103472_p2">+, 0, 0, 23, 4, 23</column>
<column name="add_ln245_58_fu_103559_p2">+, 0, 0, 23, 4, 23</column>
<column name="add_ln245_59_fu_103646_p2">+, 0, 0, 23, 4, 23</column>
<column name="add_ln245_5_fu_98915_p2">+, 0, 0, 23, 3, 23</column>
<column name="add_ln245_60_fu_103733_p2">+, 0, 0, 23, 4, 23</column>
<column name="add_ln245_61_fu_103820_p2">+, 0, 0, 23, 4, 23</column>
<column name="add_ln245_62_fu_103907_p2">+, 0, 0, 23, 4, 23</column>
<column name="add_ln245_63_fu_103994_p2">+, 0, 0, 23, 4, 23</column>
<column name="add_ln245_6_fu_99002_p2">+, 0, 0, 23, 3, 23</column>
<column name="add_ln245_7_fu_99089_p2">+, 0, 0, 23, 3, 23</column>
<column name="add_ln245_8_fu_99176_p2">+, 0, 0, 23, 4, 23</column>
<column name="add_ln245_9_fu_99263_p2">+, 0, 0, 23, 4, 23</column>
<column name="add_ln245_fu_98466_p2">+, 0, 0, 23, 23, 23</column>
<column name="tmp19_0_1_fu_89917_p2">+, 0, 0, 8, 1, 8</column>
<column name="tmp3_fu_92657_p2">+, 0, 0, 13, 13, 5</column>
<column name="tmp821_0_0_fu_92662_p2">+, 0, 0, 13, 13, 13</column>
<column name="tmp821_0_1_fu_92682_p2">+, 0, 0, 13, 13, 1</column>
<column name="tmp821_0_2_fu_92700_p2">+, 0, 0, 13, 13, 2</column>
<column name="tmp821_0_3_fu_92718_p2">+, 0, 0, 13, 13, 2</column>
<column name="v17_fu_89887_p2">+, 0, 0, 9, 9, 9</column>
<column name="v18_fu_89947_p2">+, 0, 0, 6, 4, 1</column>
<column name="v23_fu_92769_p2">+, 0, 0, 4, 3, 1</column>
<column name="v28_fu_98443_p2">+, 0, 0, 4, 3, 1</column>
<column name="icmp_ln219_fu_89941_p2">icmp, 0, 0, 2, 4, 5</column>
<column name="icmp_ln230_fu_92763_p2">icmp, 0, 0, 2, 3, 4</column>
<column name="icmp_ln241_fu_98437_p2">icmp, 0, 0, 2, 3, 4</column>
<column name="or_ln225_fu_90810_p2">or, 0, 0, 4, 4, 1</column>
<column name="or_ln236_1_fu_93687_p2">or, 0, 0, 4, 4, 2</column>
<column name="or_ln236_2_fu_94046_p2">or, 0, 0, 4, 4, 2</column>
<column name="or_ln236_fu_93328_p2">or, 0, 0, 4, 4, 1</column>
<column name="or_ln246_1_fu_101449_p2">or, 0, 0, 4, 4, 2</column>
<column name="or_ln246_2_fu_102852_p2">or, 0, 0, 4, 4, 2</column>
<column name="or_ln246_fu_100046_p2">or, 0, 0, 4, 4, 1</column>
<column name="ap_enable_pp0">xor, 0, 0, 2, 1, 2</column>
<column name="ap_enable_pp1">xor, 0, 0, 2, 1, 2</column>
<column name="ap_enable_pp2">xor, 0, 0, 2, 1, 2</column>
</table>
</item>
<item name = "Multiplexer"><table name="" hasTotal="1">
<keys size="5">Name, LUT, Input Size, Bits, Total Bits</keys>
<column name="ap_NS_fsm">11, 96, 1, 96</column>
<column name="ap_enable_reg_pp0_iter1">3, 2, 1, 2</column>
<column name="ap_enable_reg_pp1_iter1">3, 2, 1, 2</column>
<column name="ap_enable_reg_pp2_iter1">3, 2, 1, 2</column>
<column name="ap_phi_mux_v18_0_phi_fu_84422_p4">3, 2, 4, 8</column>
<column name="ap_phi_mux_v23_0_phi_fu_84433_p4">3, 2, 3, 6</column>
<column name="ap_phi_mux_v28_0_phi_fu_84444_p4">3, 2, 3, 6</column>
<column name="v0_0_address0">11, 81, 10, 810</column>
<column name="v0_0_address1">11, 81, 10, 810</column>
<column name="v0_10_address0">11, 81, 10, 810</column>
<column name="v0_10_address1">11, 81, 10, 810</column>
<column name="v0_11_address0">11, 81, 10, 810</column>
<column name="v0_11_address1">11, 81, 10, 810</column>
<column name="v0_12_address0">11, 81, 10, 810</column>
<column name="v0_12_address1">11, 81, 10, 810</column>
<column name="v0_13_address0">11, 81, 10, 810</column>
<column name="v0_13_address1">11, 81, 10, 810</column>
<column name="v0_14_address0">11, 81, 10, 810</column>
<column name="v0_14_address1">11, 81, 10, 810</column>
<column name="v0_15_address0">11, 81, 10, 810</column>
<column name="v0_15_address1">11, 81, 10, 810</column>
<column name="v0_16_address0">11, 81, 10, 810</column>
<column name="v0_16_address1">11, 81, 10, 810</column>
<column name="v0_17_address0">11, 81, 10, 810</column>
<column name="v0_17_address1">11, 81, 10, 810</column>
<column name="v0_18_address0">11, 81, 10, 810</column>
<column name="v0_18_address1">11, 81, 10, 810</column>
<column name="v0_19_address0">11, 81, 10, 810</column>
<column name="v0_19_address1">11, 81, 10, 810</column>
<column name="v0_1_address0">11, 81, 10, 810</column>
<column name="v0_1_address1">11, 81, 10, 810</column>
<column name="v0_20_address0">11, 81, 10, 810</column>
<column name="v0_20_address1">11, 81, 10, 810</column>
<column name="v0_21_address0">11, 81, 10, 810</column>
<column name="v0_21_address1">11, 81, 10, 810</column>
<column name="v0_22_address0">11, 81, 10, 810</column>
<column name="v0_22_address1">11, 81, 10, 810</column>
<column name="v0_23_address0">11, 81, 10, 810</column>
<column name="v0_23_address1">11, 81, 10, 810</column>
<column name="v0_24_address0">11, 81, 10, 810</column>
<column name="v0_24_address1">11, 81, 10, 810</column>
<column name="v0_25_address0">11, 81, 10, 810</column>
<column name="v0_25_address1">11, 81, 10, 810</column>
<column name="v0_26_address0">11, 81, 10, 810</column>
<column name="v0_26_address1">11, 81, 10, 810</column>
<column name="v0_27_address0">11, 81, 10, 810</column>
<column name="v0_27_address1">11, 81, 10, 810</column>
<column name="v0_28_address0">11, 81, 10, 810</column>
<column name="v0_28_address1">11, 81, 10, 810</column>
<column name="v0_29_address0">11, 81, 10, 810</column>
<column name="v0_29_address1">11, 81, 10, 810</column>
<column name="v0_2_address0">11, 81, 10, 810</column>
<column name="v0_2_address1">11, 81, 10, 810</column>
<column name="v0_30_address0">11, 81, 10, 810</column>
<column name="v0_30_address1">11, 81, 10, 810</column>
<column name="v0_31_address0">11, 81, 10, 810</column>
<column name="v0_31_address1">11, 81, 10, 810</column>
<column name="v0_32_address0">11, 81, 10, 810</column>
<column name="v0_32_address1">11, 81, 10, 810</column>
<column name="v0_33_address0">11, 81, 10, 810</column>
<column name="v0_33_address1">11, 81, 10, 810</column>
<column name="v0_34_address0">11, 81, 10, 810</column>
<column name="v0_34_address1">11, 81, 10, 810</column>
<column name="v0_35_address0">11, 81, 10, 810</column>
<column name="v0_35_address1">11, 81, 10, 810</column>
<column name="v0_36_address0">11, 81, 10, 810</column>
<column name="v0_36_address1">11, 81, 10, 810</column>
<column name="v0_37_address0">11, 81, 10, 810</column>
<column name="v0_37_address1">11, 81, 10, 810</column>
<column name="v0_38_address0">11, 81, 10, 810</column>
<column name="v0_38_address1">11, 81, 10, 810</column>
<column name="v0_39_address0">11, 81, 10, 810</column>
<column name="v0_39_address1">11, 81, 10, 810</column>
<column name="v0_3_address0">11, 81, 10, 810</column>
<column name="v0_3_address1">11, 81, 10, 810</column>
<column name="v0_40_address0">11, 81, 10, 810</column>
<column name="v0_40_address1">11, 81, 10, 810</column>
<column name="v0_41_address0">11, 81, 10, 810</column>
<column name="v0_41_address1">11, 81, 10, 810</column>
<column name="v0_42_address0">11, 81, 10, 810</column>
<column name="v0_42_address1">11, 81, 10, 810</column>
<column name="v0_43_address0">11, 81, 10, 810</column>
<column name="v0_43_address1">11, 81, 10, 810</column>
<column name="v0_44_address0">11, 81, 10, 810</column>
<column name="v0_44_address1">11, 81, 10, 810</column>
<column name="v0_45_address0">11, 81, 10, 810</column>
<column name="v0_45_address1">11, 81, 10, 810</column>
<column name="v0_46_address0">11, 81, 10, 810</column>
<column name="v0_46_address1">11, 81, 10, 810</column>
<column name="v0_47_address0">11, 81, 10, 810</column>
<column name="v0_47_address1">11, 81, 10, 810</column>
<column name="v0_48_address0">11, 81, 10, 810</column>
<column name="v0_48_address1">11, 81, 10, 810</column>
<column name="v0_49_address0">11, 81, 10, 810</column>
<column name="v0_49_address1">11, 81, 10, 810</column>
<column name="v0_4_address0">11, 81, 10, 810</column>
<column name="v0_4_address1">11, 81, 10, 810</column>
<column name="v0_50_address0">11, 81, 10, 810</column>
<column name="v0_50_address1">11, 81, 10, 810</column>
<column name="v0_51_address0">11, 81, 10, 810</column>
<column name="v0_51_address1">11, 81, 10, 810</column>
<column name="v0_52_address0">11, 81, 10, 810</column>
<column name="v0_52_address1">11, 81, 10, 810</column>
<column name="v0_53_address0">11, 81, 10, 810</column>
<column name="v0_53_address1">11, 81, 10, 810</column>
<column name="v0_54_address0">11, 81, 10, 810</column>
<column name="v0_54_address1">11, 81, 10, 810</column>
<column name="v0_55_address0">11, 81, 10, 810</column>
<column name="v0_55_address1">11, 81, 10, 810</column>
<column name="v0_56_address0">11, 81, 10, 810</column>
<column name="v0_56_address1">11, 81, 10, 810</column>
<column name="v0_57_address0">11, 81, 10, 810</column>
<column name="v0_57_address1">11, 81, 10, 810</column>
<column name="v0_58_address0">11, 81, 10, 810</column>
<column name="v0_58_address1">11, 81, 10, 810</column>
<column name="v0_59_address0">11, 81, 10, 810</column>
<column name="v0_59_address1">11, 81, 10, 810</column>
<column name="v0_5_address0">11, 81, 10, 810</column>
<column name="v0_5_address1">11, 81, 10, 810</column>
<column name="v0_60_address0">11, 81, 10, 810</column>
<column name="v0_60_address1">11, 81, 10, 810</column>
<column name="v0_61_address0">11, 81, 10, 810</column>
<column name="v0_61_address1">11, 81, 10, 810</column>
<column name="v0_62_address0">11, 81, 10, 810</column>
<column name="v0_62_address1">11, 81, 10, 810</column>
<column name="v0_63_address0">11, 81, 10, 810</column>
<column name="v0_63_address1">11, 81, 10, 810</column>
<column name="v0_6_address0">11, 81, 10, 810</column>
<column name="v0_6_address1">11, 81, 10, 810</column>
<column name="v0_7_address0">11, 81, 10, 810</column>
<column name="v0_7_address1">11, 81, 10, 810</column>
<column name="v0_8_address0">11, 81, 10, 810</column>
<column name="v0_8_address1">11, 81, 10, 810</column>
<column name="v0_9_address0">11, 81, 10, 810</column>
<column name="v0_9_address1">11, 81, 10, 810</column>
<column name="v18_0_reg_84418">3, 2, 4, 8</column>
<column name="v1_0_address0">3, 3, 4, 12</column>
<column name="v1_10_address0">3, 3, 4, 12</column>
<column name="v1_11_address0">3, 3, 4, 12</column>
<column name="v1_12_address0">3, 3, 4, 12</column>
<column name="v1_13_address0">3, 3, 4, 12</column>
<column name="v1_14_address0">3, 3, 4, 12</column>
<column name="v1_15_address0">3, 3, 4, 12</column>
<column name="v1_1_address0">3, 3, 4, 12</column>
<column name="v1_2_address0">3, 3, 4, 12</column>
<column name="v1_3_address0">3, 3, 4, 12</column>
<column name="v1_4_address0">3, 3, 4, 12</column>
<column name="v1_5_address0">3, 3, 4, 12</column>
<column name="v1_6_address0">3, 3, 4, 12</column>
<column name="v1_7_address0">3, 3, 4, 12</column>
<column name="v1_8_address0">3, 3, 4, 12</column>
<column name="v1_9_address0">3, 3, 4, 12</column>
<column name="v23_0_reg_84429">3, 2, 3, 6</column>
<column name="v28_0_reg_84440">3, 2, 3, 6</column>
<column name="v2_0_address0">4, 5, 4, 20</column>
<column name="v2_10_address0">4, 5, 4, 20</column>
<column name="v2_11_address0">4, 5, 4, 20</column>
<column name="v2_12_address0">4, 5, 4, 20</column>
<column name="v2_13_address0">4, 5, 4, 20</column>
<column name="v2_14_address0">4, 5, 4, 20</column>
<column name="v2_15_address0">4, 5, 4, 20</column>
<column name="v2_1_address0">4, 5, 4, 20</column>
<column name="v2_2_address0">4, 5, 4, 20</column>
<column name="v2_3_address0">4, 5, 4, 20</column>
<column name="v2_4_address0">4, 5, 4, 20</column>
<column name="v2_5_address0">4, 5, 4, 20</column>
<column name="v2_6_address0">4, 5, 4, 20</column>
<column name="v2_7_address0">4, 5, 4, 20</column>
<column name="v2_8_address0">4, 5, 4, 20</column>
<column name="v2_9_address0">4, 5, 4, 20</column>
<column name="v3_0_address0">4, 5, 4, 20</column>
<column name="v3_10_address0">4, 5, 4, 20</column>
<column name="v3_11_address0">4, 5, 4, 20</column>
<column name="v3_12_address0">4, 5, 4, 20</column>
<column name="v3_13_address0">4, 5, 4, 20</column>
<column name="v3_14_address0">4, 5, 4, 20</column>
<column name="v3_15_address0">4, 5, 4, 20</column>
<column name="v3_1_address0">4, 5, 4, 20</column>
<column name="v3_2_address0">4, 5, 4, 20</column>
<column name="v3_3_address0">4, 5, 4, 20</column>
<column name="v3_4_address0">4, 5, 4, 20</column>
<column name="v3_5_address0">4, 5, 4, 20</column>
<column name="v3_6_address0">4, 5, 4, 20</column>
<column name="v3_7_address0">4, 5, 4, 20</column>
<column name="v3_8_address0">4, 5, 4, 20</column>
<column name="v3_9_address0">4, 5, 4, 20</column>
</table>
</item>
<item name = "Register"><table name="" hasTotal="1">
<keys size="5">Name, FF, LUT, Bits, Const Bits</keys>
<column name="add_ln224_18_reg_109372">16, 0, 16, 0</column>
<column name="add_ln224_1_reg_104185">16, 0, 16, 0</column>
<column name="add_ln224_26_reg_111942">16, 0, 16, 0</column>
<column name="add_ln224_9_reg_106779">16, 0, 16, 0</column>
<column name="add_ln235_13_reg_118527">23, 0, 23, 0</column>
<column name="add_ln235_18_reg_119838">23, 0, 23, 0</column>
<column name="add_ln235_1_reg_114608">23, 0, 23, 0</column>
<column name="add_ln235_22_reg_121124">23, 0, 23, 0</column>
<column name="add_ln235_26_reg_122410">23, 0, 23, 0</column>
<column name="add_ln235_30_reg_123696">23, 0, 23, 0</column>
<column name="add_ln235_35_reg_124989">23, 0, 23, 0</column>
<column name="add_ln235_39_reg_126275">23, 0, 23, 0</column>
<column name="add_ln235_43_reg_127561">23, 0, 23, 0</column>
<column name="add_ln235_47_reg_128847">23, 0, 23, 0</column>
<column name="add_ln235_52_reg_130140">23, 0, 23, 0</column>
<column name="add_ln235_56_reg_131426">23, 0, 23, 0</column>
<column name="add_ln235_5_reg_115919">23, 0, 23, 0</column>
<column name="add_ln235_60_reg_132712">23, 0, 23, 0</column>
<column name="add_ln235_64_reg_133998">23, 0, 23, 0</column>
<column name="add_ln235_9_reg_117223">23, 0, 23, 0</column>
<column name="add_ln245_16_reg_140468">23, 0, 23, 0</column>
<column name="add_ln245_32_reg_145624">23, 0, 23, 0</column>
<column name="add_ln245_48_reg_150780">23, 0, 23, 0</column>
<column name="add_ln245_reg_135305">23, 0, 23, 0</column>
<column name="add_ln2_reg_114594">10, 0, 12, 2</column>
<column name="add_ln_reg_104175">12, 0, 12, 0</column>
<column name="ap_CS_fsm">95, 0, 95, 0</column>
<column name="ap_enable_reg_pp0_iter0">1, 0, 1, 0</column>
<column name="ap_enable_reg_pp0_iter1">1, 0, 1, 0</column>
<column name="ap_enable_reg_pp1_iter0">1, 0, 1, 0</column>
<column name="ap_enable_reg_pp1_iter1">1, 0, 1, 0</column>
<column name="ap_enable_reg_pp2_iter0">1, 0, 1, 0</column>
<column name="ap_enable_reg_pp2_iter1">1, 0, 1, 0</column>
<column name="icmp_ln219_reg_104166">1, 0, 1, 0</column>
<column name="icmp_ln230_reg_114580">1, 0, 1, 0</column>
<column name="icmp_ln241_reg_135284">1, 0, 1, 0</column>
<column name="shl_ln225_reg_104515">3, 0, 4, 1</column>
<column name="shl_ln8_reg_115254">2, 0, 4, 2</column>
<column name="shl_ln9_reg_135963">2, 0, 4, 2</column>
<column name="tmp7_0_1_reg_104148">8, 0, 16, 8</column>
<column name="tmp7_reg_104122">8, 0, 16, 8</column>
<column name="tmp9_0_1_cast_reg_114529">13, 0, 23, 10</column>
<column name="tmp9_0_2_cast_reg_114538">13, 0, 23, 10</column>
<column name="trunc_ln213_reg_104108">6, 0, 6, 0</column>
<column name="trunc_ln235_reg_114589">2, 0, 2, 0</column>
<column name="trunc_ln245_reg_135293">2, 0, 2, 0</column>
<column name="v17_reg_104116">9, 0, 9, 0</column>
<column name="v18_0_reg_84418">4, 0, 4, 0</column>
<column name="v18_reg_104170">4, 0, 4, 0</column>
<column name="v23_0_reg_84429">3, 0, 3, 0</column>
<column name="v23_reg_114584">3, 0, 3, 0</column>
<column name="v28_0_reg_84440">3, 0, 3, 0</column>
<column name="v28_reg_135288">3, 0, 3, 0</column>
<column name="zext_ln213_1_reg_104103">8, 0, 13, 5</column>
<column name="zext_ln213_reg_104098">8, 0, 13, 5</column>
<column name="zext_ln224_34_reg_104180">12, 0, 16, 4</column>
<column name="zext_ln224_35_reg_109367">12, 0, 16, 4</column>
<column name="zext_ln224_9_reg_104154">6, 0, 32, 26</column>
<column name="zext_ln224_reg_104128">6, 0, 32, 26</column>
<column name="zext_ln225_1_reg_107429">3, 0, 64, 61</column>
<column name="zext_ln225_reg_104841">3, 0, 64, 61</column>
<column name="zext_ln235_10_reg_114564">6, 0, 32, 26</column>
<column name="zext_ln235_15_reg_114572">6, 0, 32, 26</column>
<column name="zext_ln235_5_reg_114556">6, 0, 32, 26</column>
<column name="zext_ln235_68_reg_114512">13, 0, 23, 10</column>
<column name="zext_ln235_69_reg_114547">13, 0, 23, 10</column>
<column name="zext_ln235_70_reg_114601">10, 0, 23, 13</column>
<column name="zext_ln235_71_reg_119831">12, 0, 23, 11</column>
<column name="zext_ln235_72_reg_124982">12, 0, 23, 11</column>
<column name="zext_ln235_73_reg_130133">12, 0, 23, 11</column>
<column name="zext_ln235_reg_114521">6, 0, 32, 26</column>
<column name="zext_ln236_1_reg_116565">2, 0, 64, 62</column>
<column name="zext_ln236_2_reg_117869">2, 0, 64, 62</column>
<column name="zext_ln236_3_reg_119173">2, 0, 64, 62</column>
<column name="zext_ln236_reg_115261">2, 0, 64, 62</column>
<column name="zext_ln245_reg_135298">11, 0, 23, 12</column>
<column name="zext_ln246_1_reg_141126">2, 0, 64, 62</column>
<column name="zext_ln246_2_reg_146282">2, 0, 64, 62</column>
<column name="zext_ln246_3_reg_151438">2, 0, 64, 62</column>
<column name="zext_ln246_reg_135970">2, 0, 64, 62</column>
</table>
</item>
</section>
</item>
</section>

<section name = "Interface" level="0">
<item name = "Summary"><table name="" hasTotal="0">
<keys size="6">RTL Ports, Dir, Bits, Protocol, Source Object, C Type</keys>
<column name="ap_clk">in, 1, ap_ctrl_hs, internal_load, return value</column>
<column name="ap_rst">in, 1, ap_ctrl_hs, internal_load, return value</column>
<column name="ap_start">in, 1, ap_ctrl_hs, internal_load, return value</column>
<column name="ap_done">out, 1, ap_ctrl_hs, internal_load, return value</column>
<column name="ap_idle">out, 1, ap_ctrl_hs, internal_load, return value</column>
<column name="ap_ready">out, 1, ap_ctrl_hs, internal_load, return value</column>
<column name="v0_0_address0">out, 10, ap_memory, v0_0, array</column>
<column name="v0_0_ce0">out, 1, ap_memory, v0_0, array</column>
<column name="v0_0_q0">in, 32, ap_memory, v0_0, array</column>
<column name="v0_0_address1">out, 10, ap_memory, v0_0, array</column>
<column name="v0_0_ce1">out, 1, ap_memory, v0_0, array</column>
<column name="v0_0_q1">in, 32, ap_memory, v0_0, array</column>
<column name="v0_1_address0">out, 10, ap_memory, v0_1, array</column>
<column name="v0_1_ce0">out, 1, ap_memory, v0_1, array</column>
<column name="v0_1_q0">in, 32, ap_memory, v0_1, array</column>
<column name="v0_1_address1">out, 10, ap_memory, v0_1, array</column>
<column name="v0_1_ce1">out, 1, ap_memory, v0_1, array</column>
<column name="v0_1_q1">in, 32, ap_memory, v0_1, array</column>
<column name="v0_2_address0">out, 10, ap_memory, v0_2, array</column>
<column name="v0_2_ce0">out, 1, ap_memory, v0_2, array</column>
<column name="v0_2_q0">in, 32, ap_memory, v0_2, array</column>
<column name="v0_2_address1">out, 10, ap_memory, v0_2, array</column>
<column name="v0_2_ce1">out, 1, ap_memory, v0_2, array</column>
<column name="v0_2_q1">in, 32, ap_memory, v0_2, array</column>
<column name="v0_3_address0">out, 10, ap_memory, v0_3, array</column>
<column name="v0_3_ce0">out, 1, ap_memory, v0_3, array</column>
<column name="v0_3_q0">in, 32, ap_memory, v0_3, array</column>
<column name="v0_3_address1">out, 10, ap_memory, v0_3, array</column>
<column name="v0_3_ce1">out, 1, ap_memory, v0_3, array</column>
<column name="v0_3_q1">in, 32, ap_memory, v0_3, array</column>
<column name="v0_4_address0">out, 10, ap_memory, v0_4, array</column>
<column name="v0_4_ce0">out, 1, ap_memory, v0_4, array</column>
<column name="v0_4_q0">in, 32, ap_memory, v0_4, array</column>
<column name="v0_4_address1">out, 10, ap_memory, v0_4, array</column>
<column name="v0_4_ce1">out, 1, ap_memory, v0_4, array</column>
<column name="v0_4_q1">in, 32, ap_memory, v0_4, array</column>
<column name="v0_5_address0">out, 10, ap_memory, v0_5, array</column>
<column name="v0_5_ce0">out, 1, ap_memory, v0_5, array</column>
<column name="v0_5_q0">in, 32, ap_memory, v0_5, array</column>
<column name="v0_5_address1">out, 10, ap_memory, v0_5, array</column>
<column name="v0_5_ce1">out, 1, ap_memory, v0_5, array</column>
<column name="v0_5_q1">in, 32, ap_memory, v0_5, array</column>
<column name="v0_6_address0">out, 10, ap_memory, v0_6, array</column>
<column name="v0_6_ce0">out, 1, ap_memory, v0_6, array</column>
<column name="v0_6_q0">in, 32, ap_memory, v0_6, array</column>
<column name="v0_6_address1">out, 10, ap_memory, v0_6, array</column>
<column name="v0_6_ce1">out, 1, ap_memory, v0_6, array</column>
<column name="v0_6_q1">in, 32, ap_memory, v0_6, array</column>
<column name="v0_7_address0">out, 10, ap_memory, v0_7, array</column>
<column name="v0_7_ce0">out, 1, ap_memory, v0_7, array</column>
<column name="v0_7_q0">in, 32, ap_memory, v0_7, array</column>
<column name="v0_7_address1">out, 10, ap_memory, v0_7, array</column>
<column name="v0_7_ce1">out, 1, ap_memory, v0_7, array</column>
<column name="v0_7_q1">in, 32, ap_memory, v0_7, array</column>
<column name="v0_8_address0">out, 10, ap_memory, v0_8, array</column>
<column name="v0_8_ce0">out, 1, ap_memory, v0_8, array</column>
<column name="v0_8_q0">in, 32, ap_memory, v0_8, array</column>
<column name="v0_8_address1">out, 10, ap_memory, v0_8, array</column>
<column name="v0_8_ce1">out, 1, ap_memory, v0_8, array</column>
<column name="v0_8_q1">in, 32, ap_memory, v0_8, array</column>
<column name="v0_9_address0">out, 10, ap_memory, v0_9, array</column>
<column name="v0_9_ce0">out, 1, ap_memory, v0_9, array</column>
<column name="v0_9_q0">in, 32, ap_memory, v0_9, array</column>
<column name="v0_9_address1">out, 10, ap_memory, v0_9, array</column>
<column name="v0_9_ce1">out, 1, ap_memory, v0_9, array</column>
<column name="v0_9_q1">in, 32, ap_memory, v0_9, array</column>
<column name="v0_10_address0">out, 10, ap_memory, v0_10, array</column>
<column name="v0_10_ce0">out, 1, ap_memory, v0_10, array</column>
<column name="v0_10_q0">in, 32, ap_memory, v0_10, array</column>
<column name="v0_10_address1">out, 10, ap_memory, v0_10, array</column>
<column name="v0_10_ce1">out, 1, ap_memory, v0_10, array</column>
<column name="v0_10_q1">in, 32, ap_memory, v0_10, array</column>
<column name="v0_11_address0">out, 10, ap_memory, v0_11, array</column>
<column name="v0_11_ce0">out, 1, ap_memory, v0_11, array</column>
<column name="v0_11_q0">in, 32, ap_memory, v0_11, array</column>
<column name="v0_11_address1">out, 10, ap_memory, v0_11, array</column>
<column name="v0_11_ce1">out, 1, ap_memory, v0_11, array</column>
<column name="v0_11_q1">in, 32, ap_memory, v0_11, array</column>
<column name="v0_12_address0">out, 10, ap_memory, v0_12, array</column>
<column name="v0_12_ce0">out, 1, ap_memory, v0_12, array</column>
<column name="v0_12_q0">in, 32, ap_memory, v0_12, array</column>
<column name="v0_12_address1">out, 10, ap_memory, v0_12, array</column>
<column name="v0_12_ce1">out, 1, ap_memory, v0_12, array</column>
<column name="v0_12_q1">in, 32, ap_memory, v0_12, array</column>
<column name="v0_13_address0">out, 10, ap_memory, v0_13, array</column>
<column name="v0_13_ce0">out, 1, ap_memory, v0_13, array</column>
<column name="v0_13_q0">in, 32, ap_memory, v0_13, array</column>
<column name="v0_13_address1">out, 10, ap_memory, v0_13, array</column>
<column name="v0_13_ce1">out, 1, ap_memory, v0_13, array</column>
<column name="v0_13_q1">in, 32, ap_memory, v0_13, array</column>
<column name="v0_14_address0">out, 10, ap_memory, v0_14, array</column>
<column name="v0_14_ce0">out, 1, ap_memory, v0_14, array</column>
<column name="v0_14_q0">in, 32, ap_memory, v0_14, array</column>
<column name="v0_14_address1">out, 10, ap_memory, v0_14, array</column>
<column name="v0_14_ce1">out, 1, ap_memory, v0_14, array</column>
<column name="v0_14_q1">in, 32, ap_memory, v0_14, array</column>
<column name="v0_15_address0">out, 10, ap_memory, v0_15, array</column>
<column name="v0_15_ce0">out, 1, ap_memory, v0_15, array</column>
<column name="v0_15_q0">in, 32, ap_memory, v0_15, array</column>
<column name="v0_15_address1">out, 10, ap_memory, v0_15, array</column>
<column name="v0_15_ce1">out, 1, ap_memory, v0_15, array</column>
<column name="v0_15_q1">in, 32, ap_memory, v0_15, array</column>
<column name="v0_16_address0">out, 10, ap_memory, v0_16, array</column>
<column name="v0_16_ce0">out, 1, ap_memory, v0_16, array</column>
<column name="v0_16_q0">in, 32, ap_memory, v0_16, array</column>
<column name="v0_16_address1">out, 10, ap_memory, v0_16, array</column>
<column name="v0_16_ce1">out, 1, ap_memory, v0_16, array</column>
<column name="v0_16_q1">in, 32, ap_memory, v0_16, array</column>
<column name="v0_17_address0">out, 10, ap_memory, v0_17, array</column>
<column name="v0_17_ce0">out, 1, ap_memory, v0_17, array</column>
<column name="v0_17_q0">in, 32, ap_memory, v0_17, array</column>
<column name="v0_17_address1">out, 10, ap_memory, v0_17, array</column>
<column name="v0_17_ce1">out, 1, ap_memory, v0_17, array</column>
<column name="v0_17_q1">in, 32, ap_memory, v0_17, array</column>
<column name="v0_18_address0">out, 10, ap_memory, v0_18, array</column>
<column name="v0_18_ce0">out, 1, ap_memory, v0_18, array</column>
<column name="v0_18_q0">in, 32, ap_memory, v0_18, array</column>
<column name="v0_18_address1">out, 10, ap_memory, v0_18, array</column>
<column name="v0_18_ce1">out, 1, ap_memory, v0_18, array</column>
<column name="v0_18_q1">in, 32, ap_memory, v0_18, array</column>
<column name="v0_19_address0">out, 10, ap_memory, v0_19, array</column>
<column name="v0_19_ce0">out, 1, ap_memory, v0_19, array</column>
<column name="v0_19_q0">in, 32, ap_memory, v0_19, array</column>
<column name="v0_19_address1">out, 10, ap_memory, v0_19, array</column>
<column name="v0_19_ce1">out, 1, ap_memory, v0_19, array</column>
<column name="v0_19_q1">in, 32, ap_memory, v0_19, array</column>
<column name="v0_20_address0">out, 10, ap_memory, v0_20, array</column>
<column name="v0_20_ce0">out, 1, ap_memory, v0_20, array</column>
<column name="v0_20_q0">in, 32, ap_memory, v0_20, array</column>
<column name="v0_20_address1">out, 10, ap_memory, v0_20, array</column>
<column name="v0_20_ce1">out, 1, ap_memory, v0_20, array</column>
<column name="v0_20_q1">in, 32, ap_memory, v0_20, array</column>
<column name="v0_21_address0">out, 10, ap_memory, v0_21, array</column>
<column name="v0_21_ce0">out, 1, ap_memory, v0_21, array</column>
<column name="v0_21_q0">in, 32, ap_memory, v0_21, array</column>
<column name="v0_21_address1">out, 10, ap_memory, v0_21, array</column>
<column name="v0_21_ce1">out, 1, ap_memory, v0_21, array</column>
<column name="v0_21_q1">in, 32, ap_memory, v0_21, array</column>
<column name="v0_22_address0">out, 10, ap_memory, v0_22, array</column>
<column name="v0_22_ce0">out, 1, ap_memory, v0_22, array</column>
<column name="v0_22_q0">in, 32, ap_memory, v0_22, array</column>
<column name="v0_22_address1">out, 10, ap_memory, v0_22, array</column>
<column name="v0_22_ce1">out, 1, ap_memory, v0_22, array</column>
<column name="v0_22_q1">in, 32, ap_memory, v0_22, array</column>
<column name="v0_23_address0">out, 10, ap_memory, v0_23, array</column>
<column name="v0_23_ce0">out, 1, ap_memory, v0_23, array</column>
<column name="v0_23_q0">in, 32, ap_memory, v0_23, array</column>
<column name="v0_23_address1">out, 10, ap_memory, v0_23, array</column>
<column name="v0_23_ce1">out, 1, ap_memory, v0_23, array</column>
<column name="v0_23_q1">in, 32, ap_memory, v0_23, array</column>
<column name="v0_24_address0">out, 10, ap_memory, v0_24, array</column>
<column name="v0_24_ce0">out, 1, ap_memory, v0_24, array</column>
<column name="v0_24_q0">in, 32, ap_memory, v0_24, array</column>
<column name="v0_24_address1">out, 10, ap_memory, v0_24, array</column>
<column name="v0_24_ce1">out, 1, ap_memory, v0_24, array</column>
<column name="v0_24_q1">in, 32, ap_memory, v0_24, array</column>
<column name="v0_25_address0">out, 10, ap_memory, v0_25, array</column>
<column name="v0_25_ce0">out, 1, ap_memory, v0_25, array</column>
<column name="v0_25_q0">in, 32, ap_memory, v0_25, array</column>
<column name="v0_25_address1">out, 10, ap_memory, v0_25, array</column>
<column name="v0_25_ce1">out, 1, ap_memory, v0_25, array</column>
<column name="v0_25_q1">in, 32, ap_memory, v0_25, array</column>
<column name="v0_26_address0">out, 10, ap_memory, v0_26, array</column>
<column name="v0_26_ce0">out, 1, ap_memory, v0_26, array</column>
<column name="v0_26_q0">in, 32, ap_memory, v0_26, array</column>
<column name="v0_26_address1">out, 10, ap_memory, v0_26, array</column>
<column name="v0_26_ce1">out, 1, ap_memory, v0_26, array</column>
<column name="v0_26_q1">in, 32, ap_memory, v0_26, array</column>
<column name="v0_27_address0">out, 10, ap_memory, v0_27, array</column>
<column name="v0_27_ce0">out, 1, ap_memory, v0_27, array</column>
<column name="v0_27_q0">in, 32, ap_memory, v0_27, array</column>
<column name="v0_27_address1">out, 10, ap_memory, v0_27, array</column>
<column name="v0_27_ce1">out, 1, ap_memory, v0_27, array</column>
<column name="v0_27_q1">in, 32, ap_memory, v0_27, array</column>
<column name="v0_28_address0">out, 10, ap_memory, v0_28, array</column>
<column name="v0_28_ce0">out, 1, ap_memory, v0_28, array</column>
<column name="v0_28_q0">in, 32, ap_memory, v0_28, array</column>
<column name="v0_28_address1">out, 10, ap_memory, v0_28, array</column>
<column name="v0_28_ce1">out, 1, ap_memory, v0_28, array</column>
<column name="v0_28_q1">in, 32, ap_memory, v0_28, array</column>
<column name="v0_29_address0">out, 10, ap_memory, v0_29, array</column>
<column name="v0_29_ce0">out, 1, ap_memory, v0_29, array</column>
<column name="v0_29_q0">in, 32, ap_memory, v0_29, array</column>
<column name="v0_29_address1">out, 10, ap_memory, v0_29, array</column>
<column name="v0_29_ce1">out, 1, ap_memory, v0_29, array</column>
<column name="v0_29_q1">in, 32, ap_memory, v0_29, array</column>
<column name="v0_30_address0">out, 10, ap_memory, v0_30, array</column>
<column name="v0_30_ce0">out, 1, ap_memory, v0_30, array</column>
<column name="v0_30_q0">in, 32, ap_memory, v0_30, array</column>
<column name="v0_30_address1">out, 10, ap_memory, v0_30, array</column>
<column name="v0_30_ce1">out, 1, ap_memory, v0_30, array</column>
<column name="v0_30_q1">in, 32, ap_memory, v0_30, array</column>
<column name="v0_31_address0">out, 10, ap_memory, v0_31, array</column>
<column name="v0_31_ce0">out, 1, ap_memory, v0_31, array</column>
<column name="v0_31_q0">in, 32, ap_memory, v0_31, array</column>
<column name="v0_31_address1">out, 10, ap_memory, v0_31, array</column>
<column name="v0_31_ce1">out, 1, ap_memory, v0_31, array</column>
<column name="v0_31_q1">in, 32, ap_memory, v0_31, array</column>
<column name="v0_32_address0">out, 10, ap_memory, v0_32, array</column>
<column name="v0_32_ce0">out, 1, ap_memory, v0_32, array</column>
<column name="v0_32_q0">in, 32, ap_memory, v0_32, array</column>
<column name="v0_32_address1">out, 10, ap_memory, v0_32, array</column>
<column name="v0_32_ce1">out, 1, ap_memory, v0_32, array</column>
<column name="v0_32_q1">in, 32, ap_memory, v0_32, array</column>
<column name="v0_33_address0">out, 10, ap_memory, v0_33, array</column>
<column name="v0_33_ce0">out, 1, ap_memory, v0_33, array</column>
<column name="v0_33_q0">in, 32, ap_memory, v0_33, array</column>
<column name="v0_33_address1">out, 10, ap_memory, v0_33, array</column>
<column name="v0_33_ce1">out, 1, ap_memory, v0_33, array</column>
<column name="v0_33_q1">in, 32, ap_memory, v0_33, array</column>
<column name="v0_34_address0">out, 10, ap_memory, v0_34, array</column>
<column name="v0_34_ce0">out, 1, ap_memory, v0_34, array</column>
<column name="v0_34_q0">in, 32, ap_memory, v0_34, array</column>
<column name="v0_34_address1">out, 10, ap_memory, v0_34, array</column>
<column name="v0_34_ce1">out, 1, ap_memory, v0_34, array</column>
<column name="v0_34_q1">in, 32, ap_memory, v0_34, array</column>
<column name="v0_35_address0">out, 10, ap_memory, v0_35, array</column>
<column name="v0_35_ce0">out, 1, ap_memory, v0_35, array</column>
<column name="v0_35_q0">in, 32, ap_memory, v0_35, array</column>
<column name="v0_35_address1">out, 10, ap_memory, v0_35, array</column>
<column name="v0_35_ce1">out, 1, ap_memory, v0_35, array</column>
<column name="v0_35_q1">in, 32, ap_memory, v0_35, array</column>
<column name="v0_36_address0">out, 10, ap_memory, v0_36, array</column>
<column name="v0_36_ce0">out, 1, ap_memory, v0_36, array</column>
<column name="v0_36_q0">in, 32, ap_memory, v0_36, array</column>
<column name="v0_36_address1">out, 10, ap_memory, v0_36, array</column>
<column name="v0_36_ce1">out, 1, ap_memory, v0_36, array</column>
<column name="v0_36_q1">in, 32, ap_memory, v0_36, array</column>
<column name="v0_37_address0">out, 10, ap_memory, v0_37, array</column>
<column name="v0_37_ce0">out, 1, ap_memory, v0_37, array</column>
<column name="v0_37_q0">in, 32, ap_memory, v0_37, array</column>
<column name="v0_37_address1">out, 10, ap_memory, v0_37, array</column>
<column name="v0_37_ce1">out, 1, ap_memory, v0_37, array</column>
<column name="v0_37_q1">in, 32, ap_memory, v0_37, array</column>
<column name="v0_38_address0">out, 10, ap_memory, v0_38, array</column>
<column name="v0_38_ce0">out, 1, ap_memory, v0_38, array</column>
<column name="v0_38_q0">in, 32, ap_memory, v0_38, array</column>
<column name="v0_38_address1">out, 10, ap_memory, v0_38, array</column>
<column name="v0_38_ce1">out, 1, ap_memory, v0_38, array</column>
<column name="v0_38_q1">in, 32, ap_memory, v0_38, array</column>
<column name="v0_39_address0">out, 10, ap_memory, v0_39, array</column>
<column name="v0_39_ce0">out, 1, ap_memory, v0_39, array</column>
<column name="v0_39_q0">in, 32, ap_memory, v0_39, array</column>
<column name="v0_39_address1">out, 10, ap_memory, v0_39, array</column>
<column name="v0_39_ce1">out, 1, ap_memory, v0_39, array</column>
<column name="v0_39_q1">in, 32, ap_memory, v0_39, array</column>
<column name="v0_40_address0">out, 10, ap_memory, v0_40, array</column>
<column name="v0_40_ce0">out, 1, ap_memory, v0_40, array</column>
<column name="v0_40_q0">in, 32, ap_memory, v0_40, array</column>
<column name="v0_40_address1">out, 10, ap_memory, v0_40, array</column>
<column name="v0_40_ce1">out, 1, ap_memory, v0_40, array</column>
<column name="v0_40_q1">in, 32, ap_memory, v0_40, array</column>
<column name="v0_41_address0">out, 10, ap_memory, v0_41, array</column>
<column name="v0_41_ce0">out, 1, ap_memory, v0_41, array</column>
<column name="v0_41_q0">in, 32, ap_memory, v0_41, array</column>
<column name="v0_41_address1">out, 10, ap_memory, v0_41, array</column>
<column name="v0_41_ce1">out, 1, ap_memory, v0_41, array</column>
<column name="v0_41_q1">in, 32, ap_memory, v0_41, array</column>
<column name="v0_42_address0">out, 10, ap_memory, v0_42, array</column>
<column name="v0_42_ce0">out, 1, ap_memory, v0_42, array</column>
<column name="v0_42_q0">in, 32, ap_memory, v0_42, array</column>
<column name="v0_42_address1">out, 10, ap_memory, v0_42, array</column>
<column name="v0_42_ce1">out, 1, ap_memory, v0_42, array</column>
<column name="v0_42_q1">in, 32, ap_memory, v0_42, array</column>
<column name="v0_43_address0">out, 10, ap_memory, v0_43, array</column>
<column name="v0_43_ce0">out, 1, ap_memory, v0_43, array</column>
<column name="v0_43_q0">in, 32, ap_memory, v0_43, array</column>
<column name="v0_43_address1">out, 10, ap_memory, v0_43, array</column>
<column name="v0_43_ce1">out, 1, ap_memory, v0_43, array</column>
<column name="v0_43_q1">in, 32, ap_memory, v0_43, array</column>
<column name="v0_44_address0">out, 10, ap_memory, v0_44, array</column>
<column name="v0_44_ce0">out, 1, ap_memory, v0_44, array</column>
<column name="v0_44_q0">in, 32, ap_memory, v0_44, array</column>
<column name="v0_44_address1">out, 10, ap_memory, v0_44, array</column>
<column name="v0_44_ce1">out, 1, ap_memory, v0_44, array</column>
<column name="v0_44_q1">in, 32, ap_memory, v0_44, array</column>
<column name="v0_45_address0">out, 10, ap_memory, v0_45, array</column>
<column name="v0_45_ce0">out, 1, ap_memory, v0_45, array</column>
<column name="v0_45_q0">in, 32, ap_memory, v0_45, array</column>
<column name="v0_45_address1">out, 10, ap_memory, v0_45, array</column>
<column name="v0_45_ce1">out, 1, ap_memory, v0_45, array</column>
<column name="v0_45_q1">in, 32, ap_memory, v0_45, array</column>
<column name="v0_46_address0">out, 10, ap_memory, v0_46, array</column>
<column name="v0_46_ce0">out, 1, ap_memory, v0_46, array</column>
<column name="v0_46_q0">in, 32, ap_memory, v0_46, array</column>
<column name="v0_46_address1">out, 10, ap_memory, v0_46, array</column>
<column name="v0_46_ce1">out, 1, ap_memory, v0_46, array</column>
<column name="v0_46_q1">in, 32, ap_memory, v0_46, array</column>
<column name="v0_47_address0">out, 10, ap_memory, v0_47, array</column>
<column name="v0_47_ce0">out, 1, ap_memory, v0_47, array</column>
<column name="v0_47_q0">in, 32, ap_memory, v0_47, array</column>
<column name="v0_47_address1">out, 10, ap_memory, v0_47, array</column>
<column name="v0_47_ce1">out, 1, ap_memory, v0_47, array</column>
<column name="v0_47_q1">in, 32, ap_memory, v0_47, array</column>
<column name="v0_48_address0">out, 10, ap_memory, v0_48, array</column>
<column name="v0_48_ce0">out, 1, ap_memory, v0_48, array</column>
<column name="v0_48_q0">in, 32, ap_memory, v0_48, array</column>
<column name="v0_48_address1">out, 10, ap_memory, v0_48, array</column>
<column name="v0_48_ce1">out, 1, ap_memory, v0_48, array</column>
<column name="v0_48_q1">in, 32, ap_memory, v0_48, array</column>
<column name="v0_49_address0">out, 10, ap_memory, v0_49, array</column>
<column name="v0_49_ce0">out, 1, ap_memory, v0_49, array</column>
<column name="v0_49_q0">in, 32, ap_memory, v0_49, array</column>
<column name="v0_49_address1">out, 10, ap_memory, v0_49, array</column>
<column name="v0_49_ce1">out, 1, ap_memory, v0_49, array</column>
<column name="v0_49_q1">in, 32, ap_memory, v0_49, array</column>
<column name="v0_50_address0">out, 10, ap_memory, v0_50, array</column>
<column name="v0_50_ce0">out, 1, ap_memory, v0_50, array</column>
<column name="v0_50_q0">in, 32, ap_memory, v0_50, array</column>
<column name="v0_50_address1">out, 10, ap_memory, v0_50, array</column>
<column name="v0_50_ce1">out, 1, ap_memory, v0_50, array</column>
<column name="v0_50_q1">in, 32, ap_memory, v0_50, array</column>
<column name="v0_51_address0">out, 10, ap_memory, v0_51, array</column>
<column name="v0_51_ce0">out, 1, ap_memory, v0_51, array</column>
<column name="v0_51_q0">in, 32, ap_memory, v0_51, array</column>
<column name="v0_51_address1">out, 10, ap_memory, v0_51, array</column>
<column name="v0_51_ce1">out, 1, ap_memory, v0_51, array</column>
<column name="v0_51_q1">in, 32, ap_memory, v0_51, array</column>
<column name="v0_52_address0">out, 10, ap_memory, v0_52, array</column>
<column name="v0_52_ce0">out, 1, ap_memory, v0_52, array</column>
<column name="v0_52_q0">in, 32, ap_memory, v0_52, array</column>
<column name="v0_52_address1">out, 10, ap_memory, v0_52, array</column>
<column name="v0_52_ce1">out, 1, ap_memory, v0_52, array</column>
<column name="v0_52_q1">in, 32, ap_memory, v0_52, array</column>
<column name="v0_53_address0">out, 10, ap_memory, v0_53, array</column>
<column name="v0_53_ce0">out, 1, ap_memory, v0_53, array</column>
<column name="v0_53_q0">in, 32, ap_memory, v0_53, array</column>
<column name="v0_53_address1">out, 10, ap_memory, v0_53, array</column>
<column name="v0_53_ce1">out, 1, ap_memory, v0_53, array</column>
<column name="v0_53_q1">in, 32, ap_memory, v0_53, array</column>
<column name="v0_54_address0">out, 10, ap_memory, v0_54, array</column>
<column name="v0_54_ce0">out, 1, ap_memory, v0_54, array</column>
<column name="v0_54_q0">in, 32, ap_memory, v0_54, array</column>
<column name="v0_54_address1">out, 10, ap_memory, v0_54, array</column>
<column name="v0_54_ce1">out, 1, ap_memory, v0_54, array</column>
<column name="v0_54_q1">in, 32, ap_memory, v0_54, array</column>
<column name="v0_55_address0">out, 10, ap_memory, v0_55, array</column>
<column name="v0_55_ce0">out, 1, ap_memory, v0_55, array</column>
<column name="v0_55_q0">in, 32, ap_memory, v0_55, array</column>
<column name="v0_55_address1">out, 10, ap_memory, v0_55, array</column>
<column name="v0_55_ce1">out, 1, ap_memory, v0_55, array</column>
<column name="v0_55_q1">in, 32, ap_memory, v0_55, array</column>
<column name="v0_56_address0">out, 10, ap_memory, v0_56, array</column>
<column name="v0_56_ce0">out, 1, ap_memory, v0_56, array</column>
<column name="v0_56_q0">in, 32, ap_memory, v0_56, array</column>
<column name="v0_56_address1">out, 10, ap_memory, v0_56, array</column>
<column name="v0_56_ce1">out, 1, ap_memory, v0_56, array</column>
<column name="v0_56_q1">in, 32, ap_memory, v0_56, array</column>
<column name="v0_57_address0">out, 10, ap_memory, v0_57, array</column>
<column name="v0_57_ce0">out, 1, ap_memory, v0_57, array</column>
<column name="v0_57_q0">in, 32, ap_memory, v0_57, array</column>
<column name="v0_57_address1">out, 10, ap_memory, v0_57, array</column>
<column name="v0_57_ce1">out, 1, ap_memory, v0_57, array</column>
<column name="v0_57_q1">in, 32, ap_memory, v0_57, array</column>
<column name="v0_58_address0">out, 10, ap_memory, v0_58, array</column>
<column name="v0_58_ce0">out, 1, ap_memory, v0_58, array</column>
<column name="v0_58_q0">in, 32, ap_memory, v0_58, array</column>
<column name="v0_58_address1">out, 10, ap_memory, v0_58, array</column>
<column name="v0_58_ce1">out, 1, ap_memory, v0_58, array</column>
<column name="v0_58_q1">in, 32, ap_memory, v0_58, array</column>
<column name="v0_59_address0">out, 10, ap_memory, v0_59, array</column>
<column name="v0_59_ce0">out, 1, ap_memory, v0_59, array</column>
<column name="v0_59_q0">in, 32, ap_memory, v0_59, array</column>
<column name="v0_59_address1">out, 10, ap_memory, v0_59, array</column>
<column name="v0_59_ce1">out, 1, ap_memory, v0_59, array</column>
<column name="v0_59_q1">in, 32, ap_memory, v0_59, array</column>
<column name="v0_60_address0">out, 10, ap_memory, v0_60, array</column>
<column name="v0_60_ce0">out, 1, ap_memory, v0_60, array</column>
<column name="v0_60_q0">in, 32, ap_memory, v0_60, array</column>
<column name="v0_60_address1">out, 10, ap_memory, v0_60, array</column>
<column name="v0_60_ce1">out, 1, ap_memory, v0_60, array</column>
<column name="v0_60_q1">in, 32, ap_memory, v0_60, array</column>
<column name="v0_61_address0">out, 10, ap_memory, v0_61, array</column>
<column name="v0_61_ce0">out, 1, ap_memory, v0_61, array</column>
<column name="v0_61_q0">in, 32, ap_memory, v0_61, array</column>
<column name="v0_61_address1">out, 10, ap_memory, v0_61, array</column>
<column name="v0_61_ce1">out, 1, ap_memory, v0_61, array</column>
<column name="v0_61_q1">in, 32, ap_memory, v0_61, array</column>
<column name="v0_62_address0">out, 10, ap_memory, v0_62, array</column>
<column name="v0_62_ce0">out, 1, ap_memory, v0_62, array</column>
<column name="v0_62_q0">in, 32, ap_memory, v0_62, array</column>
<column name="v0_62_address1">out, 10, ap_memory, v0_62, array</column>
<column name="v0_62_ce1">out, 1, ap_memory, v0_62, array</column>
<column name="v0_62_q1">in, 32, ap_memory, v0_62, array</column>
<column name="v0_63_address0">out, 10, ap_memory, v0_63, array</column>
<column name="v0_63_ce0">out, 1, ap_memory, v0_63, array</column>
<column name="v0_63_q0">in, 32, ap_memory, v0_63, array</column>
<column name="v0_63_address1">out, 10, ap_memory, v0_63, array</column>
<column name="v0_63_ce1">out, 1, ap_memory, v0_63, array</column>
<column name="v0_63_q1">in, 32, ap_memory, v0_63, array</column>
<column name="v1_0_address0">out, 4, ap_memory, v1_0, array</column>
<column name="v1_0_ce0">out, 1, ap_memory, v1_0, array</column>
<column name="v1_0_we0">out, 1, ap_memory, v1_0, array</column>
<column name="v1_0_d0">out, 32, ap_memory, v1_0, array</column>
<column name="v1_1_address0">out, 4, ap_memory, v1_1, array</column>
<column name="v1_1_ce0">out, 1, ap_memory, v1_1, array</column>
<column name="v1_1_we0">out, 1, ap_memory, v1_1, array</column>
<column name="v1_1_d0">out, 32, ap_memory, v1_1, array</column>
<column name="v1_2_address0">out, 4, ap_memory, v1_2, array</column>
<column name="v1_2_ce0">out, 1, ap_memory, v1_2, array</column>
<column name="v1_2_we0">out, 1, ap_memory, v1_2, array</column>
<column name="v1_2_d0">out, 32, ap_memory, v1_2, array</column>
<column name="v1_3_address0">out, 4, ap_memory, v1_3, array</column>
<column name="v1_3_ce0">out, 1, ap_memory, v1_3, array</column>
<column name="v1_3_we0">out, 1, ap_memory, v1_3, array</column>
<column name="v1_3_d0">out, 32, ap_memory, v1_3, array</column>
<column name="v1_4_address0">out, 4, ap_memory, v1_4, array</column>
<column name="v1_4_ce0">out, 1, ap_memory, v1_4, array</column>
<column name="v1_4_we0">out, 1, ap_memory, v1_4, array</column>
<column name="v1_4_d0">out, 32, ap_memory, v1_4, array</column>
<column name="v1_5_address0">out, 4, ap_memory, v1_5, array</column>
<column name="v1_5_ce0">out, 1, ap_memory, v1_5, array</column>
<column name="v1_5_we0">out, 1, ap_memory, v1_5, array</column>
<column name="v1_5_d0">out, 32, ap_memory, v1_5, array</column>
<column name="v1_6_address0">out, 4, ap_memory, v1_6, array</column>
<column name="v1_6_ce0">out, 1, ap_memory, v1_6, array</column>
<column name="v1_6_we0">out, 1, ap_memory, v1_6, array</column>
<column name="v1_6_d0">out, 32, ap_memory, v1_6, array</column>
<column name="v1_7_address0">out, 4, ap_memory, v1_7, array</column>
<column name="v1_7_ce0">out, 1, ap_memory, v1_7, array</column>
<column name="v1_7_we0">out, 1, ap_memory, v1_7, array</column>
<column name="v1_7_d0">out, 32, ap_memory, v1_7, array</column>
<column name="v1_8_address0">out, 4, ap_memory, v1_8, array</column>
<column name="v1_8_ce0">out, 1, ap_memory, v1_8, array</column>
<column name="v1_8_we0">out, 1, ap_memory, v1_8, array</column>
<column name="v1_8_d0">out, 32, ap_memory, v1_8, array</column>
<column name="v1_9_address0">out, 4, ap_memory, v1_9, array</column>
<column name="v1_9_ce0">out, 1, ap_memory, v1_9, array</column>
<column name="v1_9_we0">out, 1, ap_memory, v1_9, array</column>
<column name="v1_9_d0">out, 32, ap_memory, v1_9, array</column>
<column name="v1_10_address0">out, 4, ap_memory, v1_10, array</column>
<column name="v1_10_ce0">out, 1, ap_memory, v1_10, array</column>
<column name="v1_10_we0">out, 1, ap_memory, v1_10, array</column>
<column name="v1_10_d0">out, 32, ap_memory, v1_10, array</column>
<column name="v1_11_address0">out, 4, ap_memory, v1_11, array</column>
<column name="v1_11_ce0">out, 1, ap_memory, v1_11, array</column>
<column name="v1_11_we0">out, 1, ap_memory, v1_11, array</column>
<column name="v1_11_d0">out, 32, ap_memory, v1_11, array</column>
<column name="v1_12_address0">out, 4, ap_memory, v1_12, array</column>
<column name="v1_12_ce0">out, 1, ap_memory, v1_12, array</column>
<column name="v1_12_we0">out, 1, ap_memory, v1_12, array</column>
<column name="v1_12_d0">out, 32, ap_memory, v1_12, array</column>
<column name="v1_13_address0">out, 4, ap_memory, v1_13, array</column>
<column name="v1_13_ce0">out, 1, ap_memory, v1_13, array</column>
<column name="v1_13_we0">out, 1, ap_memory, v1_13, array</column>
<column name="v1_13_d0">out, 32, ap_memory, v1_13, array</column>
<column name="v1_14_address0">out, 4, ap_memory, v1_14, array</column>
<column name="v1_14_ce0">out, 1, ap_memory, v1_14, array</column>
<column name="v1_14_we0">out, 1, ap_memory, v1_14, array</column>
<column name="v1_14_d0">out, 32, ap_memory, v1_14, array</column>
<column name="v1_15_address0">out, 4, ap_memory, v1_15, array</column>
<column name="v1_15_ce0">out, 1, ap_memory, v1_15, array</column>
<column name="v1_15_we0">out, 1, ap_memory, v1_15, array</column>
<column name="v1_15_d0">out, 32, ap_memory, v1_15, array</column>
<column name="v2_0_address0">out, 4, ap_memory, v2_0, array</column>
<column name="v2_0_ce0">out, 1, ap_memory, v2_0, array</column>
<column name="v2_0_we0">out, 1, ap_memory, v2_0, array</column>
<column name="v2_0_d0">out, 32, ap_memory, v2_0, array</column>
<column name="v2_1_address0">out, 4, ap_memory, v2_1, array</column>
<column name="v2_1_ce0">out, 1, ap_memory, v2_1, array</column>
<column name="v2_1_we0">out, 1, ap_memory, v2_1, array</column>
<column name="v2_1_d0">out, 32, ap_memory, v2_1, array</column>
<column name="v2_2_address0">out, 4, ap_memory, v2_2, array</column>
<column name="v2_2_ce0">out, 1, ap_memory, v2_2, array</column>
<column name="v2_2_we0">out, 1, ap_memory, v2_2, array</column>
<column name="v2_2_d0">out, 32, ap_memory, v2_2, array</column>
<column name="v2_3_address0">out, 4, ap_memory, v2_3, array</column>
<column name="v2_3_ce0">out, 1, ap_memory, v2_3, array</column>
<column name="v2_3_we0">out, 1, ap_memory, v2_3, array</column>
<column name="v2_3_d0">out, 32, ap_memory, v2_3, array</column>
<column name="v2_4_address0">out, 4, ap_memory, v2_4, array</column>
<column name="v2_4_ce0">out, 1, ap_memory, v2_4, array</column>
<column name="v2_4_we0">out, 1, ap_memory, v2_4, array</column>
<column name="v2_4_d0">out, 32, ap_memory, v2_4, array</column>
<column name="v2_5_address0">out, 4, ap_memory, v2_5, array</column>
<column name="v2_5_ce0">out, 1, ap_memory, v2_5, array</column>
<column name="v2_5_we0">out, 1, ap_memory, v2_5, array</column>
<column name="v2_5_d0">out, 32, ap_memory, v2_5, array</column>
<column name="v2_6_address0">out, 4, ap_memory, v2_6, array</column>
<column name="v2_6_ce0">out, 1, ap_memory, v2_6, array</column>
<column name="v2_6_we0">out, 1, ap_memory, v2_6, array</column>
<column name="v2_6_d0">out, 32, ap_memory, v2_6, array</column>
<column name="v2_7_address0">out, 4, ap_memory, v2_7, array</column>
<column name="v2_7_ce0">out, 1, ap_memory, v2_7, array</column>
<column name="v2_7_we0">out, 1, ap_memory, v2_7, array</column>
<column name="v2_7_d0">out, 32, ap_memory, v2_7, array</column>
<column name="v2_8_address0">out, 4, ap_memory, v2_8, array</column>
<column name="v2_8_ce0">out, 1, ap_memory, v2_8, array</column>
<column name="v2_8_we0">out, 1, ap_memory, v2_8, array</column>
<column name="v2_8_d0">out, 32, ap_memory, v2_8, array</column>
<column name="v2_9_address0">out, 4, ap_memory, v2_9, array</column>
<column name="v2_9_ce0">out, 1, ap_memory, v2_9, array</column>
<column name="v2_9_we0">out, 1, ap_memory, v2_9, array</column>
<column name="v2_9_d0">out, 32, ap_memory, v2_9, array</column>
<column name="v2_10_address0">out, 4, ap_memory, v2_10, array</column>
<column name="v2_10_ce0">out, 1, ap_memory, v2_10, array</column>
<column name="v2_10_we0">out, 1, ap_memory, v2_10, array</column>
<column name="v2_10_d0">out, 32, ap_memory, v2_10, array</column>
<column name="v2_11_address0">out, 4, ap_memory, v2_11, array</column>
<column name="v2_11_ce0">out, 1, ap_memory, v2_11, array</column>
<column name="v2_11_we0">out, 1, ap_memory, v2_11, array</column>
<column name="v2_11_d0">out, 32, ap_memory, v2_11, array</column>
<column name="v2_12_address0">out, 4, ap_memory, v2_12, array</column>
<column name="v2_12_ce0">out, 1, ap_memory, v2_12, array</column>
<column name="v2_12_we0">out, 1, ap_memory, v2_12, array</column>
<column name="v2_12_d0">out, 32, ap_memory, v2_12, array</column>
<column name="v2_13_address0">out, 4, ap_memory, v2_13, array</column>
<column name="v2_13_ce0">out, 1, ap_memory, v2_13, array</column>
<column name="v2_13_we0">out, 1, ap_memory, v2_13, array</column>
<column name="v2_13_d0">out, 32, ap_memory, v2_13, array</column>
<column name="v2_14_address0">out, 4, ap_memory, v2_14, array</column>
<column name="v2_14_ce0">out, 1, ap_memory, v2_14, array</column>
<column name="v2_14_we0">out, 1, ap_memory, v2_14, array</column>
<column name="v2_14_d0">out, 32, ap_memory, v2_14, array</column>
<column name="v2_15_address0">out, 4, ap_memory, v2_15, array</column>
<column name="v2_15_ce0">out, 1, ap_memory, v2_15, array</column>
<column name="v2_15_we0">out, 1, ap_memory, v2_15, array</column>
<column name="v2_15_d0">out, 32, ap_memory, v2_15, array</column>
<column name="v3_0_address0">out, 4, ap_memory, v3_0, array</column>
<column name="v3_0_ce0">out, 1, ap_memory, v3_0, array</column>
<column name="v3_0_we0">out, 1, ap_memory, v3_0, array</column>
<column name="v3_0_d0">out, 32, ap_memory, v3_0, array</column>
<column name="v3_1_address0">out, 4, ap_memory, v3_1, array</column>
<column name="v3_1_ce0">out, 1, ap_memory, v3_1, array</column>
<column name="v3_1_we0">out, 1, ap_memory, v3_1, array</column>
<column name="v3_1_d0">out, 32, ap_memory, v3_1, array</column>
<column name="v3_2_address0">out, 4, ap_memory, v3_2, array</column>
<column name="v3_2_ce0">out, 1, ap_memory, v3_2, array</column>
<column name="v3_2_we0">out, 1, ap_memory, v3_2, array</column>
<column name="v3_2_d0">out, 32, ap_memory, v3_2, array</column>
<column name="v3_3_address0">out, 4, ap_memory, v3_3, array</column>
<column name="v3_3_ce0">out, 1, ap_memory, v3_3, array</column>
<column name="v3_3_we0">out, 1, ap_memory, v3_3, array</column>
<column name="v3_3_d0">out, 32, ap_memory, v3_3, array</column>
<column name="v3_4_address0">out, 4, ap_memory, v3_4, array</column>
<column name="v3_4_ce0">out, 1, ap_memory, v3_4, array</column>
<column name="v3_4_we0">out, 1, ap_memory, v3_4, array</column>
<column name="v3_4_d0">out, 32, ap_memory, v3_4, array</column>
<column name="v3_5_address0">out, 4, ap_memory, v3_5, array</column>
<column name="v3_5_ce0">out, 1, ap_memory, v3_5, array</column>
<column name="v3_5_we0">out, 1, ap_memory, v3_5, array</column>
<column name="v3_5_d0">out, 32, ap_memory, v3_5, array</column>
<column name="v3_6_address0">out, 4, ap_memory, v3_6, array</column>
<column name="v3_6_ce0">out, 1, ap_memory, v3_6, array</column>
<column name="v3_6_we0">out, 1, ap_memory, v3_6, array</column>
<column name="v3_6_d0">out, 32, ap_memory, v3_6, array</column>
<column name="v3_7_address0">out, 4, ap_memory, v3_7, array</column>
<column name="v3_7_ce0">out, 1, ap_memory, v3_7, array</column>
<column name="v3_7_we0">out, 1, ap_memory, v3_7, array</column>
<column name="v3_7_d0">out, 32, ap_memory, v3_7, array</column>
<column name="v3_8_address0">out, 4, ap_memory, v3_8, array</column>
<column name="v3_8_ce0">out, 1, ap_memory, v3_8, array</column>
<column name="v3_8_we0">out, 1, ap_memory, v3_8, array</column>
<column name="v3_8_d0">out, 32, ap_memory, v3_8, array</column>
<column name="v3_9_address0">out, 4, ap_memory, v3_9, array</column>
<column name="v3_9_ce0">out, 1, ap_memory, v3_9, array</column>
<column name="v3_9_we0">out, 1, ap_memory, v3_9, array</column>
<column name="v3_9_d0">out, 32, ap_memory, v3_9, array</column>
<column name="v3_10_address0">out, 4, ap_memory, v3_10, array</column>
<column name="v3_10_ce0">out, 1, ap_memory, v3_10, array</column>
<column name="v3_10_we0">out, 1, ap_memory, v3_10, array</column>
<column name="v3_10_d0">out, 32, ap_memory, v3_10, array</column>
<column name="v3_11_address0">out, 4, ap_memory, v3_11, array</column>
<column name="v3_11_ce0">out, 1, ap_memory, v3_11, array</column>
<column name="v3_11_we0">out, 1, ap_memory, v3_11, array</column>
<column name="v3_11_d0">out, 32, ap_memory, v3_11, array</column>
<column name="v3_12_address0">out, 4, ap_memory, v3_12, array</column>
<column name="v3_12_ce0">out, 1, ap_memory, v3_12, array</column>
<column name="v3_12_we0">out, 1, ap_memory, v3_12, array</column>
<column name="v3_12_d0">out, 32, ap_memory, v3_12, array</column>
<column name="v3_13_address0">out, 4, ap_memory, v3_13, array</column>
<column name="v3_13_ce0">out, 1, ap_memory, v3_13, array</column>
<column name="v3_13_we0">out, 1, ap_memory, v3_13, array</column>
<column name="v3_13_d0">out, 32, ap_memory, v3_13, array</column>
<column name="v3_14_address0">out, 4, ap_memory, v3_14, array</column>
<column name="v3_14_ce0">out, 1, ap_memory, v3_14, array</column>
<column name="v3_14_we0">out, 1, ap_memory, v3_14, array</column>
<column name="v3_14_d0">out, 32, ap_memory, v3_14, array</column>
<column name="v3_15_address0">out, 4, ap_memory, v3_15, array</column>
<column name="v3_15_ce0">out, 1, ap_memory, v3_15, array</column>
<column name="v3_15_we0">out, 1, ap_memory, v3_15, array</column>
<column name="v3_15_d0">out, 32, ap_memory, v3_15, array</column>
<column name="v4">in, 8, ap_none, v4, scalar</column>
<column name="v5">in, 8, ap_none, v5, scalar</column>
<column name="v6">in, 4, ap_none, v6, scalar</column>
</table>
</item>
</section>
</profile>
