<profile>

<section name = "Vivado HLS Report for 'lud_internal'" level="0">
<item name = "Date">Thu Jan 26 22:22:56 2023
</item>
<item name = "Version">2019.2 (Build 2704478 on Wed Nov 06 22:10:23 MST 2019)</item>
<item name = "Project">lud</item>
<item name = "Solution">asdse</item>
<item name = "Product family">zynq</item>
<item name = "Target device">xc7z045-ffg900-2</item>
</section>

<section name = "Performance Estimates" level="0">
<item name = "Timing">
<section name = "" level="1">
<item name = "Summary"><table name="" hasTotal="0">
<keys size="4">Clock, Target, Estimated, Uncertainty</keys>
<column name="ap_clk">10.00 ns, 8.588 ns, 1.25 ns</column>
</table>
</item>
</section>
</item>
<item name = "Latency">
<section name = "" level="1">
<item name = "Summary"><table name="" hasTotal="0">
<keys size="8">, min, max, min, max, min, max, Type</keys>
<column name="">1, 4644451, 10.000 ns, 46.445 ms, 1, 4644451, none</column>
</table>
</item>
<item name = "Detail">
<section name = "" level="1">
<item name = "Instance"><table name="" hasTotal="0">
<keys size="9">Instance, Module, min, max, min, max, min, max, Type</keys>
<column name="grp_internal_load_fu_1032">internal_load, 401, 401, 4.010 us, 4.010 us, 401, 401, none</column>
<column name="grp_internal_store_fu_1264">internal_store, 269, 269, 2.690 us, 2.690 us, 269, 269, none</column>
</table>
</item>
<item name = "Loop"><table name="" hasTotal="0">
<keys size="8">Loop Name, min, max, Latency, achieved, target, Count, Pipelined</keys>
<column name="- Loop34">0, 4644450, 20642, -, -, 0 ~ 225, no</column>
<column name=" + Loop35_Loop36">19968, 19968, 78, -, -, 256, no</column>
<column name="  ++ Loop37">68, 68, 9, 4, 1, 16, yes</column>
</table>
</item>
</section>
</item>
</section>
</item>
</section>

<section name = "Utilization Estimates" level="0">
<item name = "Summary"><table name="" hasTotal="1">
<keys size="6">Name, BRAM_18K, DSP48E, FF, LUT, URAM</keys>
<column name="DSP">-, -, -, -, -</column>
<column name="Expression">-, 0, 0, 130, -</column>
<column name="FIFO">-, -, -, -, -</column>
<column name="Instance">-, 5, 2107, 10339, -</column>
<column name="Memory">-, -, -, -, -</column>
<column name="Multiplexer">-, -, -, 1353, -</column>
<column name="Register">-, -, 378, -, -</column>
<specialColumn name="Available">1090, 900, 437200, 218600, 0</specialColumn>
<specialColumn name="Utilization (%)">0, ~0, ~0, 5, 0</specialColumn>
</table>
</item>
<item name = "Detail">
<section name = "" level="1">
<item name = "Instance"><table name="" hasTotal="1">
<keys size="7">Instance, Module, BRAM_18K, DSP48E, FF, LUT, URAM</keys>
<column name="grp_internal_load_fu_1032">internal_load, 0, 0, 1131, 8008, 0</column>
<column name="grp_internal_store_fu_1264">internal_store, 0, 0, 621, 1412, 0</column>
<column name="workload_asdse_fag8j_U872">workload_asdse_fag8j, 0, 2, 227, 404, 0</column>
<column name="workload_asdse_fmdEe_U873">workload_asdse_fmdEe, 0, 3, 128, 320, 0</column>
<column name="workload_asdse_mufYi_U874">workload_asdse_mufYi, 0, 0, 0, 65, 0</column>
<column name="workload_asdse_mufYi_U875">workload_asdse_mufYi, 0, 0, 0, 65, 0</column>
<column name="workload_asdse_mufYi_U876">workload_asdse_mufYi, 0, 0, 0, 65, 0</column>
</table>
</item>
<item name = "DSP48E"><table name="" hasTotal="0">
<keys size="3">Instance, Module, Expression</keys>
</table>
</item>
<item name = "Memory"><table name="" hasTotal="1">
<keys size="10">Memory, Module, BRAM_18K, FF, LUT, URAM, Words, Bits, Banks, W*Bits*Banks</keys>
</table>
</item>
<item name = "FIFO"><table name="" hasTotal="1">
<keys size="8">Name, BRAM_18K, FF, LUT, URAM, Depth, Bits, Size:D*B</keys>
</table>
</item>
<item name = "Expression"><table name="" hasTotal="1">
<keys size="7">Variable Name, Operation, DSP48E, FF, LUT, Bitwidth P0, Bitwidth P1</keys>
<column name="mul_ln293_fu_1482_p2">*, 0, 0, 17, 5, 5</column>
<column name="add_ln294_fu_1488_p2">+, 0, 0, 6, 4, 2</column>
<column name="add_ln296_1_fu_1535_p2">+, 0, 0, 7, 1, 5</column>
<column name="add_ln296_fu_1515_p2">+, 0, 0, 9, 9, 1</column>
<column name="add_ln302_1_fu_1636_p2">+, 0, 0, 8, 8, 8</column>
<column name="add_ln302_fu_1593_p2">+, 0, 0, 8, 8, 8</column>
<column name="add_ln304_fu_1749_p2">+, 0, 0, 8, 8, 8</column>
<column name="chunk_idx_fu_1503_p2">+, 0, 0, 8, 8, 1</column>
<column name="chunk_num_fu_1472_p2">+, 0, 0, 7, 5, 2</column>
<column name="j_fu_1820_p2">+, 0, 0, 7, 5, 1</column>
<column name="k_fu_1579_p2">+, 0, 0, 7, 5, 1</column>
<column name="sub_ln285_fu_1446_p2">-, 0, 0, 10, 10, 9</column>
<column name="icmp_ln293_fu_1498_p2">icmp, 0, 0, 5, 9, 9</column>
<column name="icmp_ln296_fu_1509_p2">icmp, 0, 0, 5, 9, 10</column>
<column name="icmp_ln297_fu_1521_p2">icmp, 0, 0, 3, 5, 6</column>
<column name="icmp_ln300_fu_1573_p2">icmp, 0, 0, 3, 5, 6</column>
<column name="select_ln296_1_fu_1541_p3">select, 0, 0, 5, 1, 5</column>
<column name="select_ln296_fu_1527_p3">select, 0, 0, 5, 1, 1</column>
<column name="ap_enable_pp0">xor, 0, 0, 2, 1, 2</column>
</table>
</item>
<item name = "Multiplexer"><table name="" hasTotal="1">
<keys size="5">Name, LUT, Input Size, Bits, Total Bits</keys>
<column name="ap_NS_fsm">8, 18, 1, 18</column>
<column name="ap_enable_reg_pp0_iter2">3, 2, 1, 2</column>
<column name="ap_phi_mux_k_0_phi_fu_1013_p4">3, 2, 5, 10</column>
<column name="chunk_idx_0_reg_964">3, 2, 8, 16</column>
<column name="grp_fu_1432_opcode">3, 3, 2, 6</column>
<column name="grp_fu_1432_p0">3, 3, 32, 96</column>
<column name="grp_fu_1432_p1">3, 3, 32, 96</column>
<column name="i_0_reg_987">3, 2, 5, 10</column>
<column name="indvar_flatten_reg_976">3, 2, 9, 18</column>
<column name="inner_buffer_0_address0">4, 5, 4, 20</column>
<column name="inner_buffer_0_ce0">3, 4, 1, 4</column>
<column name="inner_buffer_0_ce1">3, 2, 1, 2</column>
<column name="inner_buffer_0_d0">3, 3, 32, 96</column>
<column name="inner_buffer_0_we0">3, 3, 1, 3</column>
<column name="inner_buffer_10_address0">4, 5, 4, 20</column>
<column name="inner_buffer_10_ce0">3, 4, 1, 4</column>
<column name="inner_buffer_10_ce1">3, 2, 1, 2</column>
<column name="inner_buffer_10_d0">3, 3, 32, 96</column>
<column name="inner_buffer_10_we0">3, 3, 1, 3</column>
<column name="inner_buffer_11_address0">4, 5, 4, 20</column>
<column name="inner_buffer_11_ce0">3, 4, 1, 4</column>
<column name="inner_buffer_11_ce1">3, 2, 1, 2</column>
<column name="inner_buffer_11_d0">3, 3, 32, 96</column>
<column name="inner_buffer_11_we0">3, 3, 1, 3</column>
<column name="inner_buffer_12_address0">4, 5, 4, 20</column>
<column name="inner_buffer_12_ce0">3, 4, 1, 4</column>
<column name="inner_buffer_12_ce1">3, 2, 1, 2</column>
<column name="inner_buffer_12_d0">3, 3, 32, 96</column>
<column name="inner_buffer_12_we0">3, 3, 1, 3</column>
<column name="inner_buffer_13_address0">4, 5, 4, 20</column>
<column name="inner_buffer_13_ce0">3, 4, 1, 4</column>
<column name="inner_buffer_13_ce1">3, 2, 1, 2</column>
<column name="inner_buffer_13_d0">3, 3, 32, 96</column>
<column name="inner_buffer_13_we0">3, 3, 1, 3</column>
<column name="inner_buffer_14_address0">4, 5, 4, 20</column>
<column name="inner_buffer_14_ce0">3, 4, 1, 4</column>
<column name="inner_buffer_14_ce1">3, 2, 1, 2</column>
<column name="inner_buffer_14_d0">3, 3, 32, 96</column>
<column name="inner_buffer_14_we0">3, 3, 1, 3</column>
<column name="inner_buffer_15_address0">4, 5, 4, 20</column>
<column name="inner_buffer_15_ce0">3, 4, 1, 4</column>
<column name="inner_buffer_15_ce1">3, 2, 1, 2</column>
<column name="inner_buffer_15_d0">3, 3, 32, 96</column>
<column name="inner_buffer_15_we0">3, 3, 1, 3</column>
<column name="inner_buffer_1_address0">4, 5, 4, 20</column>
<column name="inner_buffer_1_ce0">3, 4, 1, 4</column>
<column name="inner_buffer_1_ce1">3, 2, 1, 2</column>
<column name="inner_buffer_1_d0">3, 3, 32, 96</column>
<column name="inner_buffer_1_we0">3, 3, 1, 3</column>
<column name="inner_buffer_2_address0">4, 5, 4, 20</column>
<column name="inner_buffer_2_ce0">3, 4, 1, 4</column>
<column name="inner_buffer_2_ce1">3, 2, 1, 2</column>
<column name="inner_buffer_2_d0">3, 3, 32, 96</column>
<column name="inner_buffer_2_we0">3, 3, 1, 3</column>
<column name="inner_buffer_3_address0">4, 5, 4, 20</column>
<column name="inner_buffer_3_ce0">3, 4, 1, 4</column>
<column name="inner_buffer_3_ce1">3, 2, 1, 2</column>
<column name="inner_buffer_3_d0">3, 3, 32, 96</column>
<column name="inner_buffer_3_we0">3, 3, 1, 3</column>
<column name="inner_buffer_4_address0">4, 5, 4, 20</column>
<column name="inner_buffer_4_ce0">3, 4, 1, 4</column>
<column name="inner_buffer_4_ce1">3, 2, 1, 2</column>
<column name="inner_buffer_4_d0">3, 3, 32, 96</column>
<column name="inner_buffer_4_we0">3, 3, 1, 3</column>
<column name="inner_buffer_5_address0">4, 5, 4, 20</column>
<column name="inner_buffer_5_ce0">3, 4, 1, 4</column>
<column name="inner_buffer_5_ce1">3, 2, 1, 2</column>
<column name="inner_buffer_5_d0">3, 3, 32, 96</column>
<column name="inner_buffer_5_we0">3, 3, 1, 3</column>
<column name="inner_buffer_6_address0">4, 5, 4, 20</column>
<column name="inner_buffer_6_ce0">3, 4, 1, 4</column>
<column name="inner_buffer_6_ce1">3, 2, 1, 2</column>
<column name="inner_buffer_6_d0">3, 3, 32, 96</column>
<column name="inner_buffer_6_we0">3, 3, 1, 3</column>
<column name="inner_buffer_7_address0">4, 5, 4, 20</column>
<column name="inner_buffer_7_ce0">3, 4, 1, 4</column>
<column name="inner_buffer_7_ce1">3, 2, 1, 2</column>
<column name="inner_buffer_7_d0">3, 3, 32, 96</column>
<column name="inner_buffer_7_we0">3, 3, 1, 3</column>
<column name="inner_buffer_8_address0">4, 5, 4, 20</column>
<column name="inner_buffer_8_ce0">3, 4, 1, 4</column>
<column name="inner_buffer_8_ce1">3, 2, 1, 2</column>
<column name="inner_buffer_8_d0">3, 3, 32, 96</column>
<column name="inner_buffer_8_we0">3, 3, 1, 3</column>
<column name="inner_buffer_9_address0">4, 5, 4, 20</column>
<column name="inner_buffer_9_ce0">3, 4, 1, 4</column>
<column name="inner_buffer_9_ce1">3, 2, 1, 2</column>
<column name="inner_buffer_9_d0">3, 3, 32, 96</column>
<column name="inner_buffer_9_we0">3, 3, 1, 3</column>
<column name="j_0_reg_998">3, 2, 5, 10</column>
<column name="k_0_reg_1009">3, 2, 5, 10</column>
<column name="left_buffer_0_address0">3, 3, 4, 12</column>
<column name="left_buffer_0_ce0">3, 3, 1, 3</column>
<column name="left_buffer_0_we0">3, 2, 1, 2</column>
<column name="left_buffer_10_address0">3, 3, 4, 12</column>
<column name="left_buffer_10_ce0">3, 3, 1, 3</column>
<column name="left_buffer_10_we0">3, 2, 1, 2</column>
<column name="left_buffer_11_address0">3, 3, 4, 12</column>
<column name="left_buffer_11_ce0">3, 3, 1, 3</column>
<column name="left_buffer_11_we0">3, 2, 1, 2</column>
<column name="left_buffer_12_address0">3, 3, 4, 12</column>
<column name="left_buffer_12_ce0">3, 3, 1, 3</column>
<column name="left_buffer_12_we0">3, 2, 1, 2</column>
<column name="left_buffer_13_address0">3, 3, 4, 12</column>
<column name="left_buffer_13_ce0">3, 3, 1, 3</column>
<column name="left_buffer_13_we0">3, 2, 1, 2</column>
<column name="left_buffer_14_address0">3, 3, 4, 12</column>
<column name="left_buffer_14_ce0">3, 3, 1, 3</column>
<column name="left_buffer_14_we0">3, 2, 1, 2</column>
<column name="left_buffer_15_address0">3, 3, 4, 12</column>
<column name="left_buffer_15_ce0">3, 3, 1, 3</column>
<column name="left_buffer_15_we0">3, 2, 1, 2</column>
<column name="left_buffer_1_address0">3, 3, 4, 12</column>
<column name="left_buffer_1_ce0">3, 3, 1, 3</column>
<column name="left_buffer_1_we0">3, 2, 1, 2</column>
<column name="left_buffer_2_address0">3, 3, 4, 12</column>
<column name="left_buffer_2_ce0">3, 3, 1, 3</column>
<column name="left_buffer_2_we0">3, 2, 1, 2</column>
<column name="left_buffer_3_address0">3, 3, 4, 12</column>
<column name="left_buffer_3_ce0">3, 3, 1, 3</column>
<column name="left_buffer_3_we0">3, 2, 1, 2</column>
<column name="left_buffer_4_address0">3, 3, 4, 12</column>
<column name="left_buffer_4_ce0">3, 3, 1, 3</column>
<column name="left_buffer_4_we0">3, 2, 1, 2</column>
<column name="left_buffer_5_address0">3, 3, 4, 12</column>
<column name="left_buffer_5_ce0">3, 3, 1, 3</column>
<column name="left_buffer_5_we0">3, 2, 1, 2</column>
<column name="left_buffer_6_address0">3, 3, 4, 12</column>
<column name="left_buffer_6_ce0">3, 3, 1, 3</column>
<column name="left_buffer_6_we0">3, 2, 1, 2</column>
<column name="left_buffer_7_address0">3, 3, 4, 12</column>
<column name="left_buffer_7_ce0">3, 3, 1, 3</column>
<column name="left_buffer_7_we0">3, 2, 1, 2</column>
<column name="left_buffer_8_address0">3, 3, 4, 12</column>
<column name="left_buffer_8_ce0">3, 3, 1, 3</column>
<column name="left_buffer_8_we0">3, 2, 1, 2</column>
<column name="left_buffer_9_address0">3, 3, 4, 12</column>
<column name="left_buffer_9_ce0">3, 3, 1, 3</column>
<column name="left_buffer_9_we0">3, 2, 1, 2</column>
<column name="result_0_address0">3, 3, 10, 30</column>
<column name="result_0_ce0">3, 3, 1, 3</column>
<column name="result_0_ce1">3, 2, 1, 2</column>
<column name="result_0_we0">3, 2, 1, 2</column>
<column name="result_10_address0">3, 3, 10, 30</column>
<column name="result_10_ce0">3, 3, 1, 3</column>
<column name="result_10_ce1">3, 2, 1, 2</column>
<column name="result_10_we0">3, 2, 1, 2</column>
<column name="result_11_address0">3, 3, 10, 30</column>
<column name="result_11_ce0">3, 3, 1, 3</column>
<column name="result_11_ce1">3, 2, 1, 2</column>
<column name="result_11_we0">3, 2, 1, 2</column>
<column name="result_12_address0">3, 3, 10, 30</column>
<column name="result_12_ce0">3, 3, 1, 3</column>
<column name="result_12_ce1">3, 2, 1, 2</column>
<column name="result_12_we0">3, 2, 1, 2</column>
<column name="result_13_address0">3, 3, 10, 30</column>
<column name="result_13_ce0">3, 3, 1, 3</column>
<column name="result_13_ce1">3, 2, 1, 2</column>
<column name="result_13_we0">3, 2, 1, 2</column>
<column name="result_14_address0">3, 3, 10, 30</column>
<column name="result_14_ce0">3, 3, 1, 3</column>
<column name="result_14_ce1">3, 2, 1, 2</column>
<column name="result_14_we0">3, 2, 1, 2</column>
<column name="result_15_address0">3, 3, 10, 30</column>
<column name="result_15_ce0">3, 3, 1, 3</column>
<column name="result_15_ce1">3, 2, 1, 2</column>
<column name="result_15_we0">3, 2, 1, 2</column>
<column name="result_16_address0">3, 3, 10, 30</column>
<column name="result_16_ce0">3, 3, 1, 3</column>
<column name="result_16_ce1">3, 2, 1, 2</column>
<column name="result_16_we0">3, 2, 1, 2</column>
<column name="result_17_address0">3, 3, 10, 30</column>
<column name="result_17_ce0">3, 3, 1, 3</column>
<column name="result_17_ce1">3, 2, 1, 2</column>
<column name="result_17_we0">3, 2, 1, 2</column>
<column name="result_18_address0">3, 3, 10, 30</column>
<column name="result_18_ce0">3, 3, 1, 3</column>
<column name="result_18_ce1">3, 2, 1, 2</column>
<column name="result_18_we0">3, 2, 1, 2</column>
<column name="result_19_address0">3, 3, 10, 30</column>
<column name="result_19_ce0">3, 3, 1, 3</column>
<column name="result_19_ce1">3, 2, 1, 2</column>
<column name="result_19_we0">3, 2, 1, 2</column>
<column name="result_1_address0">3, 3, 10, 30</column>
<column name="result_1_ce0">3, 3, 1, 3</column>
<column name="result_1_ce1">3, 2, 1, 2</column>
<column name="result_1_we0">3, 2, 1, 2</column>
<column name="result_20_address0">3, 3, 10, 30</column>
<column name="result_20_ce0">3, 3, 1, 3</column>
<column name="result_20_ce1">3, 2, 1, 2</column>
<column name="result_20_we0">3, 2, 1, 2</column>
<column name="result_21_address0">3, 3, 10, 30</column>
<column name="result_21_ce0">3, 3, 1, 3</column>
<column name="result_21_ce1">3, 2, 1, 2</column>
<column name="result_21_we0">3, 2, 1, 2</column>
<column name="result_22_address0">3, 3, 10, 30</column>
<column name="result_22_ce0">3, 3, 1, 3</column>
<column name="result_22_ce1">3, 2, 1, 2</column>
<column name="result_22_we0">3, 2, 1, 2</column>
<column name="result_23_address0">3, 3, 10, 30</column>
<column name="result_23_ce0">3, 3, 1, 3</column>
<column name="result_23_ce1">3, 2, 1, 2</column>
<column name="result_23_we0">3, 2, 1, 2</column>
<column name="result_24_address0">3, 3, 10, 30</column>
<column name="result_24_ce0">3, 3, 1, 3</column>
<column name="result_24_ce1">3, 2, 1, 2</column>
<column name="result_24_we0">3, 2, 1, 2</column>
<column name="result_25_address0">3, 3, 10, 30</column>
<column name="result_25_ce0">3, 3, 1, 3</column>
<column name="result_25_ce1">3, 2, 1, 2</column>
<column name="result_25_we0">3, 2, 1, 2</column>
<column name="result_26_address0">3, 3, 10, 30</column>
<column name="result_26_ce0">3, 3, 1, 3</column>
<column name="result_26_ce1">3, 2, 1, 2</column>
<column name="result_26_we0">3, 2, 1, 2</column>
<column name="result_27_address0">3, 3, 10, 30</column>
<column name="result_27_ce0">3, 3, 1, 3</column>
<column name="result_27_ce1">3, 2, 1, 2</column>
<column name="result_27_we0">3, 2, 1, 2</column>
<column name="result_28_address0">3, 3, 10, 30</column>
<column name="result_28_ce0">3, 3, 1, 3</column>
<column name="result_28_ce1">3, 2, 1, 2</column>
<column name="result_28_we0">3, 2, 1, 2</column>
<column name="result_29_address0">3, 3, 10, 30</column>
<column name="result_29_ce0">3, 3, 1, 3</column>
<column name="result_29_ce1">3, 2, 1, 2</column>
<column name="result_29_we0">3, 2, 1, 2</column>
<column name="result_2_address0">3, 3, 10, 30</column>
<column name="result_2_ce0">3, 3, 1, 3</column>
<column name="result_2_ce1">3, 2, 1, 2</column>
<column name="result_2_we0">3, 2, 1, 2</column>
<column name="result_30_address0">3, 3, 10, 30</column>
<column name="result_30_ce0">3, 3, 1, 3</column>
<column name="result_30_ce1">3, 2, 1, 2</column>
<column name="result_30_we0">3, 2, 1, 2</column>
<column name="result_31_address0">3, 3, 10, 30</column>
<column name="result_31_ce0">3, 3, 1, 3</column>
<column name="result_31_ce1">3, 2, 1, 2</column>
<column name="result_31_we0">3, 2, 1, 2</column>
<column name="result_32_address0">3, 3, 10, 30</column>
<column name="result_32_ce0">3, 3, 1, 3</column>
<column name="result_32_ce1">3, 2, 1, 2</column>
<column name="result_32_we0">3, 2, 1, 2</column>
<column name="result_33_address0">3, 3, 10, 30</column>
<column name="result_33_ce0">3, 3, 1, 3</column>
<column name="result_33_ce1">3, 2, 1, 2</column>
<column name="result_33_we0">3, 2, 1, 2</column>
<column name="result_34_address0">3, 3, 10, 30</column>
<column name="result_34_ce0">3, 3, 1, 3</column>
<column name="result_34_ce1">3, 2, 1, 2</column>
<column name="result_34_we0">3, 2, 1, 2</column>
<column name="result_35_address0">3, 3, 10, 30</column>
<column name="result_35_ce0">3, 3, 1, 3</column>
<column name="result_35_ce1">3, 2, 1, 2</column>
<column name="result_35_we0">3, 2, 1, 2</column>
<column name="result_36_address0">3, 3, 10, 30</column>
<column name="result_36_ce0">3, 3, 1, 3</column>
<column name="result_36_ce1">3, 2, 1, 2</column>
<column name="result_36_we0">3, 2, 1, 2</column>
<column name="result_37_address0">3, 3, 10, 30</column>
<column name="result_37_ce0">3, 3, 1, 3</column>
<column name="result_37_ce1">3, 2, 1, 2</column>
<column name="result_37_we0">3, 2, 1, 2</column>
<column name="result_38_address0">3, 3, 10, 30</column>
<column name="result_38_ce0">3, 3, 1, 3</column>
<column name="result_38_ce1">3, 2, 1, 2</column>
<column name="result_38_we0">3, 2, 1, 2</column>
<column name="result_39_address0">3, 3, 10, 30</column>
<column name="result_39_ce0">3, 3, 1, 3</column>
<column name="result_39_ce1">3, 2, 1, 2</column>
<column name="result_39_we0">3, 2, 1, 2</column>
<column name="result_3_address0">3, 3, 10, 30</column>
<column name="result_3_ce0">3, 3, 1, 3</column>
<column name="result_3_ce1">3, 2, 1, 2</column>
<column name="result_3_we0">3, 2, 1, 2</column>
<column name="result_40_address0">3, 3, 10, 30</column>
<column name="result_40_ce0">3, 3, 1, 3</column>
<column name="result_40_ce1">3, 2, 1, 2</column>
<column name="result_40_we0">3, 2, 1, 2</column>
<column name="result_41_address0">3, 3, 10, 30</column>
<column name="result_41_ce0">3, 3, 1, 3</column>
<column name="result_41_ce1">3, 2, 1, 2</column>
<column name="result_41_we0">3, 2, 1, 2</column>
<column name="result_42_address0">3, 3, 10, 30</column>
<column name="result_42_ce0">3, 3, 1, 3</column>
<column name="result_42_ce1">3, 2, 1, 2</column>
<column name="result_42_we0">3, 2, 1, 2</column>
<column name="result_43_address0">3, 3, 10, 30</column>
<column name="result_43_ce0">3, 3, 1, 3</column>
<column name="result_43_ce1">3, 2, 1, 2</column>
<column name="result_43_we0">3, 2, 1, 2</column>
<column name="result_44_address0">3, 3, 10, 30</column>
<column name="result_44_ce0">3, 3, 1, 3</column>
<column name="result_44_ce1">3, 2, 1, 2</column>
<column name="result_44_we0">3, 2, 1, 2</column>
<column name="result_45_address0">3, 3, 10, 30</column>
<column name="result_45_ce0">3, 3, 1, 3</column>
<column name="result_45_ce1">3, 2, 1, 2</column>
<column name="result_45_we0">3, 2, 1, 2</column>
<column name="result_46_address0">3, 3, 10, 30</column>
<column name="result_46_ce0">3, 3, 1, 3</column>
<column name="result_46_ce1">3, 2, 1, 2</column>
<column name="result_46_we0">3, 2, 1, 2</column>
<column name="result_47_address0">3, 3, 10, 30</column>
<column name="result_47_ce0">3, 3, 1, 3</column>
<column name="result_47_ce1">3, 2, 1, 2</column>
<column name="result_47_we0">3, 2, 1, 2</column>
<column name="result_48_address0">3, 3, 10, 30</column>
<column name="result_48_ce0">3, 3, 1, 3</column>
<column name="result_48_ce1">3, 2, 1, 2</column>
<column name="result_48_we0">3, 2, 1, 2</column>
<column name="result_49_address0">3, 3, 10, 30</column>
<column name="result_49_ce0">3, 3, 1, 3</column>
<column name="result_49_ce1">3, 2, 1, 2</column>
<column name="result_49_we0">3, 2, 1, 2</column>
<column name="result_4_address0">3, 3, 10, 30</column>
<column name="result_4_ce0">3, 3, 1, 3</column>
<column name="result_4_ce1">3, 2, 1, 2</column>
<column name="result_4_we0">3, 2, 1, 2</column>
<column name="result_50_address0">3, 3, 10, 30</column>
<column name="result_50_ce0">3, 3, 1, 3</column>
<column name="result_50_ce1">3, 2, 1, 2</column>
<column name="result_50_we0">3, 2, 1, 2</column>
<column name="result_51_address0">3, 3, 10, 30</column>
<column name="result_51_ce0">3, 3, 1, 3</column>
<column name="result_51_ce1">3, 2, 1, 2</column>
<column name="result_51_we0">3, 2, 1, 2</column>
<column name="result_52_address0">3, 3, 10, 30</column>
<column name="result_52_ce0">3, 3, 1, 3</column>
<column name="result_52_ce1">3, 2, 1, 2</column>
<column name="result_52_we0">3, 2, 1, 2</column>
<column name="result_53_address0">3, 3, 10, 30</column>
<column name="result_53_ce0">3, 3, 1, 3</column>
<column name="result_53_ce1">3, 2, 1, 2</column>
<column name="result_53_we0">3, 2, 1, 2</column>
<column name="result_54_address0">3, 3, 10, 30</column>
<column name="result_54_ce0">3, 3, 1, 3</column>
<column name="result_54_ce1">3, 2, 1, 2</column>
<column name="result_54_we0">3, 2, 1, 2</column>
<column name="result_55_address0">3, 3, 10, 30</column>
<column name="result_55_ce0">3, 3, 1, 3</column>
<column name="result_55_ce1">3, 2, 1, 2</column>
<column name="result_55_we0">3, 2, 1, 2</column>
<column name="result_56_address0">3, 3, 10, 30</column>
<column name="result_56_ce0">3, 3, 1, 3</column>
<column name="result_56_ce1">3, 2, 1, 2</column>
<column name="result_56_we0">3, 2, 1, 2</column>
<column name="result_57_address0">3, 3, 10, 30</column>
<column name="result_57_ce0">3, 3, 1, 3</column>
<column name="result_57_ce1">3, 2, 1, 2</column>
<column name="result_57_we0">3, 2, 1, 2</column>
<column name="result_58_address0">3, 3, 10, 30</column>
<column name="result_58_ce0">3, 3, 1, 3</column>
<column name="result_58_ce1">3, 2, 1, 2</column>
<column name="result_58_we0">3, 2, 1, 2</column>
<column name="result_59_address0">3, 3, 10, 30</column>
<column name="result_59_ce0">3, 3, 1, 3</column>
<column name="result_59_ce1">3, 2, 1, 2</column>
<column name="result_59_we0">3, 2, 1, 2</column>
<column name="result_5_address0">3, 3, 10, 30</column>
<column name="result_5_ce0">3, 3, 1, 3</column>
<column name="result_5_ce1">3, 2, 1, 2</column>
<column name="result_5_we0">3, 2, 1, 2</column>
<column name="result_60_address0">3, 3, 10, 30</column>
<column name="result_60_ce0">3, 3, 1, 3</column>
<column name="result_60_ce1">3, 2, 1, 2</column>
<column name="result_60_we0">3, 2, 1, 2</column>
<column name="result_61_address0">3, 3, 10, 30</column>
<column name="result_61_ce0">3, 3, 1, 3</column>
<column name="result_61_ce1">3, 2, 1, 2</column>
<column name="result_61_we0">3, 2, 1, 2</column>
<column name="result_62_address0">3, 3, 10, 30</column>
<column name="result_62_ce0">3, 3, 1, 3</column>
<column name="result_62_ce1">3, 2, 1, 2</column>
<column name="result_62_we0">3, 2, 1, 2</column>
<column name="result_63_address0">3, 3, 10, 30</column>
<column name="result_63_ce0">3, 3, 1, 3</column>
<column name="result_63_ce1">3, 2, 1, 2</column>
<column name="result_63_we0">3, 2, 1, 2</column>
<column name="result_6_address0">3, 3, 10, 30</column>
<column name="result_6_ce0">3, 3, 1, 3</column>
<column name="result_6_ce1">3, 2, 1, 2</column>
<column name="result_6_we0">3, 2, 1, 2</column>
<column name="result_7_address0">3, 3, 10, 30</column>
<column name="result_7_ce0">3, 3, 1, 3</column>
<column name="result_7_ce1">3, 2, 1, 2</column>
<column name="result_7_we0">3, 2, 1, 2</column>
<column name="result_8_address0">3, 3, 10, 30</column>
<column name="result_8_ce0">3, 3, 1, 3</column>
<column name="result_8_ce1">3, 2, 1, 2</column>
<column name="result_8_we0">3, 2, 1, 2</column>
<column name="result_9_address0">3, 3, 10, 30</column>
<column name="result_9_ce0">3, 3, 1, 3</column>
<column name="result_9_ce1">3, 2, 1, 2</column>
<column name="result_9_we0">3, 2, 1, 2</column>
<column name="sum_0_reg_1020">3, 2, 32, 64</column>
<column name="top_buffer_0_address0">3, 3, 4, 12</column>
<column name="top_buffer_0_ce0">3, 3, 1, 3</column>
<column name="top_buffer_0_we0">3, 2, 1, 2</column>
<column name="top_buffer_10_address0">3, 3, 4, 12</column>
<column name="top_buffer_10_ce0">3, 3, 1, 3</column>
<column name="top_buffer_10_we0">3, 2, 1, 2</column>
<column name="top_buffer_11_address0">3, 3, 4, 12</column>
<column name="top_buffer_11_ce0">3, 3, 1, 3</column>
<column name="top_buffer_11_we0">3, 2, 1, 2</column>
<column name="top_buffer_12_address0">3, 3, 4, 12</column>
<column name="top_buffer_12_ce0">3, 3, 1, 3</column>
<column name="top_buffer_12_we0">3, 2, 1, 2</column>
<column name="top_buffer_13_address0">3, 3, 4, 12</column>
<column name="top_buffer_13_ce0">3, 3, 1, 3</column>
<column name="top_buffer_13_we0">3, 2, 1, 2</column>
<column name="top_buffer_14_address0">3, 3, 4, 12</column>
<column name="top_buffer_14_ce0">3, 3, 1, 3</column>
<column name="top_buffer_14_we0">3, 2, 1, 2</column>
<column name="top_buffer_15_address0">3, 3, 4, 12</column>
<column name="top_buffer_15_ce0">3, 3, 1, 3</column>
<column name="top_buffer_15_we0">3, 2, 1, 2</column>
<column name="top_buffer_1_address0">3, 3, 4, 12</column>
<column name="top_buffer_1_ce0">3, 3, 1, 3</column>
<column name="top_buffer_1_we0">3, 2, 1, 2</column>
<column name="top_buffer_2_address0">3, 3, 4, 12</column>
<column name="top_buffer_2_ce0">3, 3, 1, 3</column>
<column name="top_buffer_2_we0">3, 2, 1, 2</column>
<column name="top_buffer_3_address0">3, 3, 4, 12</column>
<column name="top_buffer_3_ce0">3, 3, 1, 3</column>
<column name="top_buffer_3_we0">3, 2, 1, 2</column>
<column name="top_buffer_4_address0">3, 3, 4, 12</column>
<column name="top_buffer_4_ce0">3, 3, 1, 3</column>
<column name="top_buffer_4_we0">3, 2, 1, 2</column>
<column name="top_buffer_5_address0">3, 3, 4, 12</column>
<column name="top_buffer_5_ce0">3, 3, 1, 3</column>
<column name="top_buffer_5_we0">3, 2, 1, 2</column>
<column name="top_buffer_6_address0">3, 3, 4, 12</column>
<column name="top_buffer_6_ce0">3, 3, 1, 3</column>
<column name="top_buffer_6_we0">3, 2, 1, 2</column>
<column name="top_buffer_7_address0">3, 3, 4, 12</column>
<column name="top_buffer_7_ce0">3, 3, 1, 3</column>
<column name="top_buffer_7_we0">3, 2, 1, 2</column>
<column name="top_buffer_8_address0">3, 3, 4, 12</column>
<column name="top_buffer_8_ce0">3, 3, 1, 3</column>
<column name="top_buffer_8_we0">3, 2, 1, 2</column>
<column name="top_buffer_9_address0">3, 3, 4, 12</column>
<column name="top_buffer_9_ce0">3, 3, 1, 3</column>
<column name="top_buffer_9_we0">3, 2, 1, 2</column>
</table>
</item>
<item name = "Register"><table name="" hasTotal="1">
<keys size="5">Name, FF, LUT, Bits, Const Bits</keys>
<column name="add_ln294_reg_1836">4, 0, 4, 0</column>
<column name="add_ln296_reg_1854">9, 0, 9, 0</column>
<column name="ap_CS_fsm">17, 0, 17, 0</column>
<column name="ap_enable_reg_pp0_iter0">1, 0, 1, 0</column>
<column name="ap_enable_reg_pp0_iter1">1, 0, 1, 0</column>
<column name="ap_enable_reg_pp0_iter2">1, 0, 1, 0</column>
<column name="chunk_idx_0_reg_964">8, 0, 8, 0</column>
<column name="chunk_idx_reg_1845">8, 0, 8, 0</column>
<column name="grp_internal_load_fu_1032_ap_start_reg">1, 0, 1, 0</column>
<column name="grp_internal_store_fu_1264_ap_start_reg">1, 0, 1, 0</column>
<column name="i_0_reg_987">5, 0, 5, 0</column>
<column name="icmp_ln300_reg_1891">1, 0, 1, 0</column>
<column name="icmp_ln300_reg_1891_pp0_iter1_reg">1, 0, 1, 0</column>
<column name="indvar_flatten_reg_976">9, 0, 9, 0</column>
<column name="inner_buffer_0_addr_reg_2085">4, 0, 4, 0</column>
<column name="inner_buffer_10_add_reg_2135">4, 0, 4, 0</column>
<column name="inner_buffer_11_add_reg_2140">4, 0, 4, 0</column>
<column name="inner_buffer_12_add_reg_2145">4, 0, 4, 0</column>
<column name="inner_buffer_13_add_reg_2150">4, 0, 4, 0</column>
<column name="inner_buffer_14_add_reg_2155">4, 0, 4, 0</column>
<column name="inner_buffer_15_add_reg_2160">4, 0, 4, 0</column>
<column name="inner_buffer_1_addr_reg_2090">4, 0, 4, 0</column>
<column name="inner_buffer_2_addr_reg_2095">4, 0, 4, 0</column>
<column name="inner_buffer_3_addr_reg_2100">4, 0, 4, 0</column>
<column name="inner_buffer_4_addr_reg_2105">4, 0, 4, 0</column>
<column name="inner_buffer_5_addr_reg_2110">4, 0, 4, 0</column>
<column name="inner_buffer_6_addr_reg_2115">4, 0, 4, 0</column>
<column name="inner_buffer_7_addr_reg_2120">4, 0, 4, 0</column>
<column name="inner_buffer_8_addr_reg_2125">4, 0, 4, 0</column>
<column name="inner_buffer_9_addr_reg_2130">4, 0, 4, 0</column>
<column name="j_0_reg_998">5, 0, 5, 0</column>
<column name="k_0_reg_1009">5, 0, 5, 0</column>
<column name="k_reg_1895">5, 0, 5, 0</column>
<column name="mul_ln293_reg_1831">9, 0, 9, 0</column>
<column name="select_ln296_1_reg_1864">5, 0, 5, 0</column>
<column name="select_ln296_reg_1859">5, 0, 5, 0</column>
<column name="shl_ln302_mid2_reg_1869">4, 0, 8, 4</column>
<column name="sum_0_reg_1020">32, 0, 32, 0</column>
<column name="tmp_211_reg_2165">32, 0, 32, 0</column>
<column name="tmp_212_reg_2065">32, 0, 32, 0</column>
<column name="tmp_213_reg_2070">32, 0, 32, 0</column>
<column name="tmp_7_reg_2075">32, 0, 32, 0</column>
<column name="tmp_reg_2170">32, 0, 32, 0</column>
<column name="trunc_ln302_1_reg_1900">4, 0, 4, 0</column>
<column name="trunc_ln302_reg_1881">4, 0, 4, 0</column>
<column name="zext_ln297_reg_1875">5, 0, 8, 3</column>
<column name="zext_ln302_2_reg_1885">4, 0, 32, 28</column>
</table>
</item>
</section>
</item>
</section>

<section name = "Interface" level="0">
<item name = "Summary"><table name="" hasTotal="0">
<keys size="6">RTL Ports, Dir, Bits, Protocol, Source Object, C Type</keys>
<column name="ap_clk">in, 1, ap_ctrl_hs, lud_internal, return value</column>
<column name="ap_rst">in, 1, ap_ctrl_hs, lud_internal, return value</column>
<column name="ap_start">in, 1, ap_ctrl_hs, lud_internal, return value</column>
<column name="ap_done">out, 1, ap_ctrl_hs, lud_internal, return value</column>
<column name="ap_idle">out, 1, ap_ctrl_hs, lud_internal, return value</column>
<column name="ap_ready">out, 1, ap_ctrl_hs, lud_internal, return value</column>
<column name="result_0_address0">out, 10, ap_memory, result_0, array</column>
<column name="result_0_ce0">out, 1, ap_memory, result_0, array</column>
<column name="result_0_we0">out, 1, ap_memory, result_0, array</column>
<column name="result_0_d0">out, 32, ap_memory, result_0, array</column>
<column name="result_0_q0">in, 32, ap_memory, result_0, array</column>
<column name="result_0_address1">out, 10, ap_memory, result_0, array</column>
<column name="result_0_ce1">out, 1, ap_memory, result_0, array</column>
<column name="result_0_q1">in, 32, ap_memory, result_0, array</column>
<column name="result_1_address0">out, 10, ap_memory, result_1, array</column>
<column name="result_1_ce0">out, 1, ap_memory, result_1, array</column>
<column name="result_1_we0">out, 1, ap_memory, result_1, array</column>
<column name="result_1_d0">out, 32, ap_memory, result_1, array</column>
<column name="result_1_q0">in, 32, ap_memory, result_1, array</column>
<column name="result_1_address1">out, 10, ap_memory, result_1, array</column>
<column name="result_1_ce1">out, 1, ap_memory, result_1, array</column>
<column name="result_1_q1">in, 32, ap_memory, result_1, array</column>
<column name="result_2_address0">out, 10, ap_memory, result_2, array</column>
<column name="result_2_ce0">out, 1, ap_memory, result_2, array</column>
<column name="result_2_we0">out, 1, ap_memory, result_2, array</column>
<column name="result_2_d0">out, 32, ap_memory, result_2, array</column>
<column name="result_2_q0">in, 32, ap_memory, result_2, array</column>
<column name="result_2_address1">out, 10, ap_memory, result_2, array</column>
<column name="result_2_ce1">out, 1, ap_memory, result_2, array</column>
<column name="result_2_q1">in, 32, ap_memory, result_2, array</column>
<column name="result_3_address0">out, 10, ap_memory, result_3, array</column>
<column name="result_3_ce0">out, 1, ap_memory, result_3, array</column>
<column name="result_3_we0">out, 1, ap_memory, result_3, array</column>
<column name="result_3_d0">out, 32, ap_memory, result_3, array</column>
<column name="result_3_q0">in, 32, ap_memory, result_3, array</column>
<column name="result_3_address1">out, 10, ap_memory, result_3, array</column>
<column name="result_3_ce1">out, 1, ap_memory, result_3, array</column>
<column name="result_3_q1">in, 32, ap_memory, result_3, array</column>
<column name="result_4_address0">out, 10, ap_memory, result_4, array</column>
<column name="result_4_ce0">out, 1, ap_memory, result_4, array</column>
<column name="result_4_we0">out, 1, ap_memory, result_4, array</column>
<column name="result_4_d0">out, 32, ap_memory, result_4, array</column>
<column name="result_4_q0">in, 32, ap_memory, result_4, array</column>
<column name="result_4_address1">out, 10, ap_memory, result_4, array</column>
<column name="result_4_ce1">out, 1, ap_memory, result_4, array</column>
<column name="result_4_q1">in, 32, ap_memory, result_4, array</column>
<column name="result_5_address0">out, 10, ap_memory, result_5, array</column>
<column name="result_5_ce0">out, 1, ap_memory, result_5, array</column>
<column name="result_5_we0">out, 1, ap_memory, result_5, array</column>
<column name="result_5_d0">out, 32, ap_memory, result_5, array</column>
<column name="result_5_q0">in, 32, ap_memory, result_5, array</column>
<column name="result_5_address1">out, 10, ap_memory, result_5, array</column>
<column name="result_5_ce1">out, 1, ap_memory, result_5, array</column>
<column name="result_5_q1">in, 32, ap_memory, result_5, array</column>
<column name="result_6_address0">out, 10, ap_memory, result_6, array</column>
<column name="result_6_ce0">out, 1, ap_memory, result_6, array</column>
<column name="result_6_we0">out, 1, ap_memory, result_6, array</column>
<column name="result_6_d0">out, 32, ap_memory, result_6, array</column>
<column name="result_6_q0">in, 32, ap_memory, result_6, array</column>
<column name="result_6_address1">out, 10, ap_memory, result_6, array</column>
<column name="result_6_ce1">out, 1, ap_memory, result_6, array</column>
<column name="result_6_q1">in, 32, ap_memory, result_6, array</column>
<column name="result_7_address0">out, 10, ap_memory, result_7, array</column>
<column name="result_7_ce0">out, 1, ap_memory, result_7, array</column>
<column name="result_7_we0">out, 1, ap_memory, result_7, array</column>
<column name="result_7_d0">out, 32, ap_memory, result_7, array</column>
<column name="result_7_q0">in, 32, ap_memory, result_7, array</column>
<column name="result_7_address1">out, 10, ap_memory, result_7, array</column>
<column name="result_7_ce1">out, 1, ap_memory, result_7, array</column>
<column name="result_7_q1">in, 32, ap_memory, result_7, array</column>
<column name="result_8_address0">out, 10, ap_memory, result_8, array</column>
<column name="result_8_ce0">out, 1, ap_memory, result_8, array</column>
<column name="result_8_we0">out, 1, ap_memory, result_8, array</column>
<column name="result_8_d0">out, 32, ap_memory, result_8, array</column>
<column name="result_8_q0">in, 32, ap_memory, result_8, array</column>
<column name="result_8_address1">out, 10, ap_memory, result_8, array</column>
<column name="result_8_ce1">out, 1, ap_memory, result_8, array</column>
<column name="result_8_q1">in, 32, ap_memory, result_8, array</column>
<column name="result_9_address0">out, 10, ap_memory, result_9, array</column>
<column name="result_9_ce0">out, 1, ap_memory, result_9, array</column>
<column name="result_9_we0">out, 1, ap_memory, result_9, array</column>
<column name="result_9_d0">out, 32, ap_memory, result_9, array</column>
<column name="result_9_q0">in, 32, ap_memory, result_9, array</column>
<column name="result_9_address1">out, 10, ap_memory, result_9, array</column>
<column name="result_9_ce1">out, 1, ap_memory, result_9, array</column>
<column name="result_9_q1">in, 32, ap_memory, result_9, array</column>
<column name="result_10_address0">out, 10, ap_memory, result_10, array</column>
<column name="result_10_ce0">out, 1, ap_memory, result_10, array</column>
<column name="result_10_we0">out, 1, ap_memory, result_10, array</column>
<column name="result_10_d0">out, 32, ap_memory, result_10, array</column>
<column name="result_10_q0">in, 32, ap_memory, result_10, array</column>
<column name="result_10_address1">out, 10, ap_memory, result_10, array</column>
<column name="result_10_ce1">out, 1, ap_memory, result_10, array</column>
<column name="result_10_q1">in, 32, ap_memory, result_10, array</column>
<column name="result_11_address0">out, 10, ap_memory, result_11, array</column>
<column name="result_11_ce0">out, 1, ap_memory, result_11, array</column>
<column name="result_11_we0">out, 1, ap_memory, result_11, array</column>
<column name="result_11_d0">out, 32, ap_memory, result_11, array</column>
<column name="result_11_q0">in, 32, ap_memory, result_11, array</column>
<column name="result_11_address1">out, 10, ap_memory, result_11, array</column>
<column name="result_11_ce1">out, 1, ap_memory, result_11, array</column>
<column name="result_11_q1">in, 32, ap_memory, result_11, array</column>
<column name="result_12_address0">out, 10, ap_memory, result_12, array</column>
<column name="result_12_ce0">out, 1, ap_memory, result_12, array</column>
<column name="result_12_we0">out, 1, ap_memory, result_12, array</column>
<column name="result_12_d0">out, 32, ap_memory, result_12, array</column>
<column name="result_12_q0">in, 32, ap_memory, result_12, array</column>
<column name="result_12_address1">out, 10, ap_memory, result_12, array</column>
<column name="result_12_ce1">out, 1, ap_memory, result_12, array</column>
<column name="result_12_q1">in, 32, ap_memory, result_12, array</column>
<column name="result_13_address0">out, 10, ap_memory, result_13, array</column>
<column name="result_13_ce0">out, 1, ap_memory, result_13, array</column>
<column name="result_13_we0">out, 1, ap_memory, result_13, array</column>
<column name="result_13_d0">out, 32, ap_memory, result_13, array</column>
<column name="result_13_q0">in, 32, ap_memory, result_13, array</column>
<column name="result_13_address1">out, 10, ap_memory, result_13, array</column>
<column name="result_13_ce1">out, 1, ap_memory, result_13, array</column>
<column name="result_13_q1">in, 32, ap_memory, result_13, array</column>
<column name="result_14_address0">out, 10, ap_memory, result_14, array</column>
<column name="result_14_ce0">out, 1, ap_memory, result_14, array</column>
<column name="result_14_we0">out, 1, ap_memory, result_14, array</column>
<column name="result_14_d0">out, 32, ap_memory, result_14, array</column>
<column name="result_14_q0">in, 32, ap_memory, result_14, array</column>
<column name="result_14_address1">out, 10, ap_memory, result_14, array</column>
<column name="result_14_ce1">out, 1, ap_memory, result_14, array</column>
<column name="result_14_q1">in, 32, ap_memory, result_14, array</column>
<column name="result_15_address0">out, 10, ap_memory, result_15, array</column>
<column name="result_15_ce0">out, 1, ap_memory, result_15, array</column>
<column name="result_15_we0">out, 1, ap_memory, result_15, array</column>
<column name="result_15_d0">out, 32, ap_memory, result_15, array</column>
<column name="result_15_q0">in, 32, ap_memory, result_15, array</column>
<column name="result_15_address1">out, 10, ap_memory, result_15, array</column>
<column name="result_15_ce1">out, 1, ap_memory, result_15, array</column>
<column name="result_15_q1">in, 32, ap_memory, result_15, array</column>
<column name="result_16_address0">out, 10, ap_memory, result_16, array</column>
<column name="result_16_ce0">out, 1, ap_memory, result_16, array</column>
<column name="result_16_we0">out, 1, ap_memory, result_16, array</column>
<column name="result_16_d0">out, 32, ap_memory, result_16, array</column>
<column name="result_16_q0">in, 32, ap_memory, result_16, array</column>
<column name="result_16_address1">out, 10, ap_memory, result_16, array</column>
<column name="result_16_ce1">out, 1, ap_memory, result_16, array</column>
<column name="result_16_q1">in, 32, ap_memory, result_16, array</column>
<column name="result_17_address0">out, 10, ap_memory, result_17, array</column>
<column name="result_17_ce0">out, 1, ap_memory, result_17, array</column>
<column name="result_17_we0">out, 1, ap_memory, result_17, array</column>
<column name="result_17_d0">out, 32, ap_memory, result_17, array</column>
<column name="result_17_q0">in, 32, ap_memory, result_17, array</column>
<column name="result_17_address1">out, 10, ap_memory, result_17, array</column>
<column name="result_17_ce1">out, 1, ap_memory, result_17, array</column>
<column name="result_17_q1">in, 32, ap_memory, result_17, array</column>
<column name="result_18_address0">out, 10, ap_memory, result_18, array</column>
<column name="result_18_ce0">out, 1, ap_memory, result_18, array</column>
<column name="result_18_we0">out, 1, ap_memory, result_18, array</column>
<column name="result_18_d0">out, 32, ap_memory, result_18, array</column>
<column name="result_18_q0">in, 32, ap_memory, result_18, array</column>
<column name="result_18_address1">out, 10, ap_memory, result_18, array</column>
<column name="result_18_ce1">out, 1, ap_memory, result_18, array</column>
<column name="result_18_q1">in, 32, ap_memory, result_18, array</column>
<column name="result_19_address0">out, 10, ap_memory, result_19, array</column>
<column name="result_19_ce0">out, 1, ap_memory, result_19, array</column>
<column name="result_19_we0">out, 1, ap_memory, result_19, array</column>
<column name="result_19_d0">out, 32, ap_memory, result_19, array</column>
<column name="result_19_q0">in, 32, ap_memory, result_19, array</column>
<column name="result_19_address1">out, 10, ap_memory, result_19, array</column>
<column name="result_19_ce1">out, 1, ap_memory, result_19, array</column>
<column name="result_19_q1">in, 32, ap_memory, result_19, array</column>
<column name="result_20_address0">out, 10, ap_memory, result_20, array</column>
<column name="result_20_ce0">out, 1, ap_memory, result_20, array</column>
<column name="result_20_we0">out, 1, ap_memory, result_20, array</column>
<column name="result_20_d0">out, 32, ap_memory, result_20, array</column>
<column name="result_20_q0">in, 32, ap_memory, result_20, array</column>
<column name="result_20_address1">out, 10, ap_memory, result_20, array</column>
<column name="result_20_ce1">out, 1, ap_memory, result_20, array</column>
<column name="result_20_q1">in, 32, ap_memory, result_20, array</column>
<column name="result_21_address0">out, 10, ap_memory, result_21, array</column>
<column name="result_21_ce0">out, 1, ap_memory, result_21, array</column>
<column name="result_21_we0">out, 1, ap_memory, result_21, array</column>
<column name="result_21_d0">out, 32, ap_memory, result_21, array</column>
<column name="result_21_q0">in, 32, ap_memory, result_21, array</column>
<column name="result_21_address1">out, 10, ap_memory, result_21, array</column>
<column name="result_21_ce1">out, 1, ap_memory, result_21, array</column>
<column name="result_21_q1">in, 32, ap_memory, result_21, array</column>
<column name="result_22_address0">out, 10, ap_memory, result_22, array</column>
<column name="result_22_ce0">out, 1, ap_memory, result_22, array</column>
<column name="result_22_we0">out, 1, ap_memory, result_22, array</column>
<column name="result_22_d0">out, 32, ap_memory, result_22, array</column>
<column name="result_22_q0">in, 32, ap_memory, result_22, array</column>
<column name="result_22_address1">out, 10, ap_memory, result_22, array</column>
<column name="result_22_ce1">out, 1, ap_memory, result_22, array</column>
<column name="result_22_q1">in, 32, ap_memory, result_22, array</column>
<column name="result_23_address0">out, 10, ap_memory, result_23, array</column>
<column name="result_23_ce0">out, 1, ap_memory, result_23, array</column>
<column name="result_23_we0">out, 1, ap_memory, result_23, array</column>
<column name="result_23_d0">out, 32, ap_memory, result_23, array</column>
<column name="result_23_q0">in, 32, ap_memory, result_23, array</column>
<column name="result_23_address1">out, 10, ap_memory, result_23, array</column>
<column name="result_23_ce1">out, 1, ap_memory, result_23, array</column>
<column name="result_23_q1">in, 32, ap_memory, result_23, array</column>
<column name="result_24_address0">out, 10, ap_memory, result_24, array</column>
<column name="result_24_ce0">out, 1, ap_memory, result_24, array</column>
<column name="result_24_we0">out, 1, ap_memory, result_24, array</column>
<column name="result_24_d0">out, 32, ap_memory, result_24, array</column>
<column name="result_24_q0">in, 32, ap_memory, result_24, array</column>
<column name="result_24_address1">out, 10, ap_memory, result_24, array</column>
<column name="result_24_ce1">out, 1, ap_memory, result_24, array</column>
<column name="result_24_q1">in, 32, ap_memory, result_24, array</column>
<column name="result_25_address0">out, 10, ap_memory, result_25, array</column>
<column name="result_25_ce0">out, 1, ap_memory, result_25, array</column>
<column name="result_25_we0">out, 1, ap_memory, result_25, array</column>
<column name="result_25_d0">out, 32, ap_memory, result_25, array</column>
<column name="result_25_q0">in, 32, ap_memory, result_25, array</column>
<column name="result_25_address1">out, 10, ap_memory, result_25, array</column>
<column name="result_25_ce1">out, 1, ap_memory, result_25, array</column>
<column name="result_25_q1">in, 32, ap_memory, result_25, array</column>
<column name="result_26_address0">out, 10, ap_memory, result_26, array</column>
<column name="result_26_ce0">out, 1, ap_memory, result_26, array</column>
<column name="result_26_we0">out, 1, ap_memory, result_26, array</column>
<column name="result_26_d0">out, 32, ap_memory, result_26, array</column>
<column name="result_26_q0">in, 32, ap_memory, result_26, array</column>
<column name="result_26_address1">out, 10, ap_memory, result_26, array</column>
<column name="result_26_ce1">out, 1, ap_memory, result_26, array</column>
<column name="result_26_q1">in, 32, ap_memory, result_26, array</column>
<column name="result_27_address0">out, 10, ap_memory, result_27, array</column>
<column name="result_27_ce0">out, 1, ap_memory, result_27, array</column>
<column name="result_27_we0">out, 1, ap_memory, result_27, array</column>
<column name="result_27_d0">out, 32, ap_memory, result_27, array</column>
<column name="result_27_q0">in, 32, ap_memory, result_27, array</column>
<column name="result_27_address1">out, 10, ap_memory, result_27, array</column>
<column name="result_27_ce1">out, 1, ap_memory, result_27, array</column>
<column name="result_27_q1">in, 32, ap_memory, result_27, array</column>
<column name="result_28_address0">out, 10, ap_memory, result_28, array</column>
<column name="result_28_ce0">out, 1, ap_memory, result_28, array</column>
<column name="result_28_we0">out, 1, ap_memory, result_28, array</column>
<column name="result_28_d0">out, 32, ap_memory, result_28, array</column>
<column name="result_28_q0">in, 32, ap_memory, result_28, array</column>
<column name="result_28_address1">out, 10, ap_memory, result_28, array</column>
<column name="result_28_ce1">out, 1, ap_memory, result_28, array</column>
<column name="result_28_q1">in, 32, ap_memory, result_28, array</column>
<column name="result_29_address0">out, 10, ap_memory, result_29, array</column>
<column name="result_29_ce0">out, 1, ap_memory, result_29, array</column>
<column name="result_29_we0">out, 1, ap_memory, result_29, array</column>
<column name="result_29_d0">out, 32, ap_memory, result_29, array</column>
<column name="result_29_q0">in, 32, ap_memory, result_29, array</column>
<column name="result_29_address1">out, 10, ap_memory, result_29, array</column>
<column name="result_29_ce1">out, 1, ap_memory, result_29, array</column>
<column name="result_29_q1">in, 32, ap_memory, result_29, array</column>
<column name="result_30_address0">out, 10, ap_memory, result_30, array</column>
<column name="result_30_ce0">out, 1, ap_memory, result_30, array</column>
<column name="result_30_we0">out, 1, ap_memory, result_30, array</column>
<column name="result_30_d0">out, 32, ap_memory, result_30, array</column>
<column name="result_30_q0">in, 32, ap_memory, result_30, array</column>
<column name="result_30_address1">out, 10, ap_memory, result_30, array</column>
<column name="result_30_ce1">out, 1, ap_memory, result_30, array</column>
<column name="result_30_q1">in, 32, ap_memory, result_30, array</column>
<column name="result_31_address0">out, 10, ap_memory, result_31, array</column>
<column name="result_31_ce0">out, 1, ap_memory, result_31, array</column>
<column name="result_31_we0">out, 1, ap_memory, result_31, array</column>
<column name="result_31_d0">out, 32, ap_memory, result_31, array</column>
<column name="result_31_q0">in, 32, ap_memory, result_31, array</column>
<column name="result_31_address1">out, 10, ap_memory, result_31, array</column>
<column name="result_31_ce1">out, 1, ap_memory, result_31, array</column>
<column name="result_31_q1">in, 32, ap_memory, result_31, array</column>
<column name="result_32_address0">out, 10, ap_memory, result_32, array</column>
<column name="result_32_ce0">out, 1, ap_memory, result_32, array</column>
<column name="result_32_we0">out, 1, ap_memory, result_32, array</column>
<column name="result_32_d0">out, 32, ap_memory, result_32, array</column>
<column name="result_32_q0">in, 32, ap_memory, result_32, array</column>
<column name="result_32_address1">out, 10, ap_memory, result_32, array</column>
<column name="result_32_ce1">out, 1, ap_memory, result_32, array</column>
<column name="result_32_q1">in, 32, ap_memory, result_32, array</column>
<column name="result_33_address0">out, 10, ap_memory, result_33, array</column>
<column name="result_33_ce0">out, 1, ap_memory, result_33, array</column>
<column name="result_33_we0">out, 1, ap_memory, result_33, array</column>
<column name="result_33_d0">out, 32, ap_memory, result_33, array</column>
<column name="result_33_q0">in, 32, ap_memory, result_33, array</column>
<column name="result_33_address1">out, 10, ap_memory, result_33, array</column>
<column name="result_33_ce1">out, 1, ap_memory, result_33, array</column>
<column name="result_33_q1">in, 32, ap_memory, result_33, array</column>
<column name="result_34_address0">out, 10, ap_memory, result_34, array</column>
<column name="result_34_ce0">out, 1, ap_memory, result_34, array</column>
<column name="result_34_we0">out, 1, ap_memory, result_34, array</column>
<column name="result_34_d0">out, 32, ap_memory, result_34, array</column>
<column name="result_34_q0">in, 32, ap_memory, result_34, array</column>
<column name="result_34_address1">out, 10, ap_memory, result_34, array</column>
<column name="result_34_ce1">out, 1, ap_memory, result_34, array</column>
<column name="result_34_q1">in, 32, ap_memory, result_34, array</column>
<column name="result_35_address0">out, 10, ap_memory, result_35, array</column>
<column name="result_35_ce0">out, 1, ap_memory, result_35, array</column>
<column name="result_35_we0">out, 1, ap_memory, result_35, array</column>
<column name="result_35_d0">out, 32, ap_memory, result_35, array</column>
<column name="result_35_q0">in, 32, ap_memory, result_35, array</column>
<column name="result_35_address1">out, 10, ap_memory, result_35, array</column>
<column name="result_35_ce1">out, 1, ap_memory, result_35, array</column>
<column name="result_35_q1">in, 32, ap_memory, result_35, array</column>
<column name="result_36_address0">out, 10, ap_memory, result_36, array</column>
<column name="result_36_ce0">out, 1, ap_memory, result_36, array</column>
<column name="result_36_we0">out, 1, ap_memory, result_36, array</column>
<column name="result_36_d0">out, 32, ap_memory, result_36, array</column>
<column name="result_36_q0">in, 32, ap_memory, result_36, array</column>
<column name="result_36_address1">out, 10, ap_memory, result_36, array</column>
<column name="result_36_ce1">out, 1, ap_memory, result_36, array</column>
<column name="result_36_q1">in, 32, ap_memory, result_36, array</column>
<column name="result_37_address0">out, 10, ap_memory, result_37, array</column>
<column name="result_37_ce0">out, 1, ap_memory, result_37, array</column>
<column name="result_37_we0">out, 1, ap_memory, result_37, array</column>
<column name="result_37_d0">out, 32, ap_memory, result_37, array</column>
<column name="result_37_q0">in, 32, ap_memory, result_37, array</column>
<column name="result_37_address1">out, 10, ap_memory, result_37, array</column>
<column name="result_37_ce1">out, 1, ap_memory, result_37, array</column>
<column name="result_37_q1">in, 32, ap_memory, result_37, array</column>
<column name="result_38_address0">out, 10, ap_memory, result_38, array</column>
<column name="result_38_ce0">out, 1, ap_memory, result_38, array</column>
<column name="result_38_we0">out, 1, ap_memory, result_38, array</column>
<column name="result_38_d0">out, 32, ap_memory, result_38, array</column>
<column name="result_38_q0">in, 32, ap_memory, result_38, array</column>
<column name="result_38_address1">out, 10, ap_memory, result_38, array</column>
<column name="result_38_ce1">out, 1, ap_memory, result_38, array</column>
<column name="result_38_q1">in, 32, ap_memory, result_38, array</column>
<column name="result_39_address0">out, 10, ap_memory, result_39, array</column>
<column name="result_39_ce0">out, 1, ap_memory, result_39, array</column>
<column name="result_39_we0">out, 1, ap_memory, result_39, array</column>
<column name="result_39_d0">out, 32, ap_memory, result_39, array</column>
<column name="result_39_q0">in, 32, ap_memory, result_39, array</column>
<column name="result_39_address1">out, 10, ap_memory, result_39, array</column>
<column name="result_39_ce1">out, 1, ap_memory, result_39, array</column>
<column name="result_39_q1">in, 32, ap_memory, result_39, array</column>
<column name="result_40_address0">out, 10, ap_memory, result_40, array</column>
<column name="result_40_ce0">out, 1, ap_memory, result_40, array</column>
<column name="result_40_we0">out, 1, ap_memory, result_40, array</column>
<column name="result_40_d0">out, 32, ap_memory, result_40, array</column>
<column name="result_40_q0">in, 32, ap_memory, result_40, array</column>
<column name="result_40_address1">out, 10, ap_memory, result_40, array</column>
<column name="result_40_ce1">out, 1, ap_memory, result_40, array</column>
<column name="result_40_q1">in, 32, ap_memory, result_40, array</column>
<column name="result_41_address0">out, 10, ap_memory, result_41, array</column>
<column name="result_41_ce0">out, 1, ap_memory, result_41, array</column>
<column name="result_41_we0">out, 1, ap_memory, result_41, array</column>
<column name="result_41_d0">out, 32, ap_memory, result_41, array</column>
<column name="result_41_q0">in, 32, ap_memory, result_41, array</column>
<column name="result_41_address1">out, 10, ap_memory, result_41, array</column>
<column name="result_41_ce1">out, 1, ap_memory, result_41, array</column>
<column name="result_41_q1">in, 32, ap_memory, result_41, array</column>
<column name="result_42_address0">out, 10, ap_memory, result_42, array</column>
<column name="result_42_ce0">out, 1, ap_memory, result_42, array</column>
<column name="result_42_we0">out, 1, ap_memory, result_42, array</column>
<column name="result_42_d0">out, 32, ap_memory, result_42, array</column>
<column name="result_42_q0">in, 32, ap_memory, result_42, array</column>
<column name="result_42_address1">out, 10, ap_memory, result_42, array</column>
<column name="result_42_ce1">out, 1, ap_memory, result_42, array</column>
<column name="result_42_q1">in, 32, ap_memory, result_42, array</column>
<column name="result_43_address0">out, 10, ap_memory, result_43, array</column>
<column name="result_43_ce0">out, 1, ap_memory, result_43, array</column>
<column name="result_43_we0">out, 1, ap_memory, result_43, array</column>
<column name="result_43_d0">out, 32, ap_memory, result_43, array</column>
<column name="result_43_q0">in, 32, ap_memory, result_43, array</column>
<column name="result_43_address1">out, 10, ap_memory, result_43, array</column>
<column name="result_43_ce1">out, 1, ap_memory, result_43, array</column>
<column name="result_43_q1">in, 32, ap_memory, result_43, array</column>
<column name="result_44_address0">out, 10, ap_memory, result_44, array</column>
<column name="result_44_ce0">out, 1, ap_memory, result_44, array</column>
<column name="result_44_we0">out, 1, ap_memory, result_44, array</column>
<column name="result_44_d0">out, 32, ap_memory, result_44, array</column>
<column name="result_44_q0">in, 32, ap_memory, result_44, array</column>
<column name="result_44_address1">out, 10, ap_memory, result_44, array</column>
<column name="result_44_ce1">out, 1, ap_memory, result_44, array</column>
<column name="result_44_q1">in, 32, ap_memory, result_44, array</column>
<column name="result_45_address0">out, 10, ap_memory, result_45, array</column>
<column name="result_45_ce0">out, 1, ap_memory, result_45, array</column>
<column name="result_45_we0">out, 1, ap_memory, result_45, array</column>
<column name="result_45_d0">out, 32, ap_memory, result_45, array</column>
<column name="result_45_q0">in, 32, ap_memory, result_45, array</column>
<column name="result_45_address1">out, 10, ap_memory, result_45, array</column>
<column name="result_45_ce1">out, 1, ap_memory, result_45, array</column>
<column name="result_45_q1">in, 32, ap_memory, result_45, array</column>
<column name="result_46_address0">out, 10, ap_memory, result_46, array</column>
<column name="result_46_ce0">out, 1, ap_memory, result_46, array</column>
<column name="result_46_we0">out, 1, ap_memory, result_46, array</column>
<column name="result_46_d0">out, 32, ap_memory, result_46, array</column>
<column name="result_46_q0">in, 32, ap_memory, result_46, array</column>
<column name="result_46_address1">out, 10, ap_memory, result_46, array</column>
<column name="result_46_ce1">out, 1, ap_memory, result_46, array</column>
<column name="result_46_q1">in, 32, ap_memory, result_46, array</column>
<column name="result_47_address0">out, 10, ap_memory, result_47, array</column>
<column name="result_47_ce0">out, 1, ap_memory, result_47, array</column>
<column name="result_47_we0">out, 1, ap_memory, result_47, array</column>
<column name="result_47_d0">out, 32, ap_memory, result_47, array</column>
<column name="result_47_q0">in, 32, ap_memory, result_47, array</column>
<column name="result_47_address1">out, 10, ap_memory, result_47, array</column>
<column name="result_47_ce1">out, 1, ap_memory, result_47, array</column>
<column name="result_47_q1">in, 32, ap_memory, result_47, array</column>
<column name="result_48_address0">out, 10, ap_memory, result_48, array</column>
<column name="result_48_ce0">out, 1, ap_memory, result_48, array</column>
<column name="result_48_we0">out, 1, ap_memory, result_48, array</column>
<column name="result_48_d0">out, 32, ap_memory, result_48, array</column>
<column name="result_48_q0">in, 32, ap_memory, result_48, array</column>
<column name="result_48_address1">out, 10, ap_memory, result_48, array</column>
<column name="result_48_ce1">out, 1, ap_memory, result_48, array</column>
<column name="result_48_q1">in, 32, ap_memory, result_48, array</column>
<column name="result_49_address0">out, 10, ap_memory, result_49, array</column>
<column name="result_49_ce0">out, 1, ap_memory, result_49, array</column>
<column name="result_49_we0">out, 1, ap_memory, result_49, array</column>
<column name="result_49_d0">out, 32, ap_memory, result_49, array</column>
<column name="result_49_q0">in, 32, ap_memory, result_49, array</column>
<column name="result_49_address1">out, 10, ap_memory, result_49, array</column>
<column name="result_49_ce1">out, 1, ap_memory, result_49, array</column>
<column name="result_49_q1">in, 32, ap_memory, result_49, array</column>
<column name="result_50_address0">out, 10, ap_memory, result_50, array</column>
<column name="result_50_ce0">out, 1, ap_memory, result_50, array</column>
<column name="result_50_we0">out, 1, ap_memory, result_50, array</column>
<column name="result_50_d0">out, 32, ap_memory, result_50, array</column>
<column name="result_50_q0">in, 32, ap_memory, result_50, array</column>
<column name="result_50_address1">out, 10, ap_memory, result_50, array</column>
<column name="result_50_ce1">out, 1, ap_memory, result_50, array</column>
<column name="result_50_q1">in, 32, ap_memory, result_50, array</column>
<column name="result_51_address0">out, 10, ap_memory, result_51, array</column>
<column name="result_51_ce0">out, 1, ap_memory, result_51, array</column>
<column name="result_51_we0">out, 1, ap_memory, result_51, array</column>
<column name="result_51_d0">out, 32, ap_memory, result_51, array</column>
<column name="result_51_q0">in, 32, ap_memory, result_51, array</column>
<column name="result_51_address1">out, 10, ap_memory, result_51, array</column>
<column name="result_51_ce1">out, 1, ap_memory, result_51, array</column>
<column name="result_51_q1">in, 32, ap_memory, result_51, array</column>
<column name="result_52_address0">out, 10, ap_memory, result_52, array</column>
<column name="result_52_ce0">out, 1, ap_memory, result_52, array</column>
<column name="result_52_we0">out, 1, ap_memory, result_52, array</column>
<column name="result_52_d0">out, 32, ap_memory, result_52, array</column>
<column name="result_52_q0">in, 32, ap_memory, result_52, array</column>
<column name="result_52_address1">out, 10, ap_memory, result_52, array</column>
<column name="result_52_ce1">out, 1, ap_memory, result_52, array</column>
<column name="result_52_q1">in, 32, ap_memory, result_52, array</column>
<column name="result_53_address0">out, 10, ap_memory, result_53, array</column>
<column name="result_53_ce0">out, 1, ap_memory, result_53, array</column>
<column name="result_53_we0">out, 1, ap_memory, result_53, array</column>
<column name="result_53_d0">out, 32, ap_memory, result_53, array</column>
<column name="result_53_q0">in, 32, ap_memory, result_53, array</column>
<column name="result_53_address1">out, 10, ap_memory, result_53, array</column>
<column name="result_53_ce1">out, 1, ap_memory, result_53, array</column>
<column name="result_53_q1">in, 32, ap_memory, result_53, array</column>
<column name="result_54_address0">out, 10, ap_memory, result_54, array</column>
<column name="result_54_ce0">out, 1, ap_memory, result_54, array</column>
<column name="result_54_we0">out, 1, ap_memory, result_54, array</column>
<column name="result_54_d0">out, 32, ap_memory, result_54, array</column>
<column name="result_54_q0">in, 32, ap_memory, result_54, array</column>
<column name="result_54_address1">out, 10, ap_memory, result_54, array</column>
<column name="result_54_ce1">out, 1, ap_memory, result_54, array</column>
<column name="result_54_q1">in, 32, ap_memory, result_54, array</column>
<column name="result_55_address0">out, 10, ap_memory, result_55, array</column>
<column name="result_55_ce0">out, 1, ap_memory, result_55, array</column>
<column name="result_55_we0">out, 1, ap_memory, result_55, array</column>
<column name="result_55_d0">out, 32, ap_memory, result_55, array</column>
<column name="result_55_q0">in, 32, ap_memory, result_55, array</column>
<column name="result_55_address1">out, 10, ap_memory, result_55, array</column>
<column name="result_55_ce1">out, 1, ap_memory, result_55, array</column>
<column name="result_55_q1">in, 32, ap_memory, result_55, array</column>
<column name="result_56_address0">out, 10, ap_memory, result_56, array</column>
<column name="result_56_ce0">out, 1, ap_memory, result_56, array</column>
<column name="result_56_we0">out, 1, ap_memory, result_56, array</column>
<column name="result_56_d0">out, 32, ap_memory, result_56, array</column>
<column name="result_56_q0">in, 32, ap_memory, result_56, array</column>
<column name="result_56_address1">out, 10, ap_memory, result_56, array</column>
<column name="result_56_ce1">out, 1, ap_memory, result_56, array</column>
<column name="result_56_q1">in, 32, ap_memory, result_56, array</column>
<column name="result_57_address0">out, 10, ap_memory, result_57, array</column>
<column name="result_57_ce0">out, 1, ap_memory, result_57, array</column>
<column name="result_57_we0">out, 1, ap_memory, result_57, array</column>
<column name="result_57_d0">out, 32, ap_memory, result_57, array</column>
<column name="result_57_q0">in, 32, ap_memory, result_57, array</column>
<column name="result_57_address1">out, 10, ap_memory, result_57, array</column>
<column name="result_57_ce1">out, 1, ap_memory, result_57, array</column>
<column name="result_57_q1">in, 32, ap_memory, result_57, array</column>
<column name="result_58_address0">out, 10, ap_memory, result_58, array</column>
<column name="result_58_ce0">out, 1, ap_memory, result_58, array</column>
<column name="result_58_we0">out, 1, ap_memory, result_58, array</column>
<column name="result_58_d0">out, 32, ap_memory, result_58, array</column>
<column name="result_58_q0">in, 32, ap_memory, result_58, array</column>
<column name="result_58_address1">out, 10, ap_memory, result_58, array</column>
<column name="result_58_ce1">out, 1, ap_memory, result_58, array</column>
<column name="result_58_q1">in, 32, ap_memory, result_58, array</column>
<column name="result_59_address0">out, 10, ap_memory, result_59, array</column>
<column name="result_59_ce0">out, 1, ap_memory, result_59, array</column>
<column name="result_59_we0">out, 1, ap_memory, result_59, array</column>
<column name="result_59_d0">out, 32, ap_memory, result_59, array</column>
<column name="result_59_q0">in, 32, ap_memory, result_59, array</column>
<column name="result_59_address1">out, 10, ap_memory, result_59, array</column>
<column name="result_59_ce1">out, 1, ap_memory, result_59, array</column>
<column name="result_59_q1">in, 32, ap_memory, result_59, array</column>
<column name="result_60_address0">out, 10, ap_memory, result_60, array</column>
<column name="result_60_ce0">out, 1, ap_memory, result_60, array</column>
<column name="result_60_we0">out, 1, ap_memory, result_60, array</column>
<column name="result_60_d0">out, 32, ap_memory, result_60, array</column>
<column name="result_60_q0">in, 32, ap_memory, result_60, array</column>
<column name="result_60_address1">out, 10, ap_memory, result_60, array</column>
<column name="result_60_ce1">out, 1, ap_memory, result_60, array</column>
<column name="result_60_q1">in, 32, ap_memory, result_60, array</column>
<column name="result_61_address0">out, 10, ap_memory, result_61, array</column>
<column name="result_61_ce0">out, 1, ap_memory, result_61, array</column>
<column name="result_61_we0">out, 1, ap_memory, result_61, array</column>
<column name="result_61_d0">out, 32, ap_memory, result_61, array</column>
<column name="result_61_q0">in, 32, ap_memory, result_61, array</column>
<column name="result_61_address1">out, 10, ap_memory, result_61, array</column>
<column name="result_61_ce1">out, 1, ap_memory, result_61, array</column>
<column name="result_61_q1">in, 32, ap_memory, result_61, array</column>
<column name="result_62_address0">out, 10, ap_memory, result_62, array</column>
<column name="result_62_ce0">out, 1, ap_memory, result_62, array</column>
<column name="result_62_we0">out, 1, ap_memory, result_62, array</column>
<column name="result_62_d0">out, 32, ap_memory, result_62, array</column>
<column name="result_62_q0">in, 32, ap_memory, result_62, array</column>
<column name="result_62_address1">out, 10, ap_memory, result_62, array</column>
<column name="result_62_ce1">out, 1, ap_memory, result_62, array</column>
<column name="result_62_q1">in, 32, ap_memory, result_62, array</column>
<column name="result_63_address0">out, 10, ap_memory, result_63, array</column>
<column name="result_63_ce0">out, 1, ap_memory, result_63, array</column>
<column name="result_63_we0">out, 1, ap_memory, result_63, array</column>
<column name="result_63_d0">out, 32, ap_memory, result_63, array</column>
<column name="result_63_q0">in, 32, ap_memory, result_63, array</column>
<column name="result_63_address1">out, 10, ap_memory, result_63, array</column>
<column name="result_63_ce1">out, 1, ap_memory, result_63, array</column>
<column name="result_63_q1">in, 32, ap_memory, result_63, array</column>
<column name="offset">in, 8, ap_none, offset, scalar</column>
<column name="top_buffer_0_address0">out, 4, ap_memory, top_buffer_0, array</column>
<column name="top_buffer_0_ce0">out, 1, ap_memory, top_buffer_0, array</column>
<column name="top_buffer_0_we0">out, 1, ap_memory, top_buffer_0, array</column>
<column name="top_buffer_0_d0">out, 32, ap_memory, top_buffer_0, array</column>
<column name="top_buffer_0_q0">in, 32, ap_memory, top_buffer_0, array</column>
<column name="top_buffer_1_address0">out, 4, ap_memory, top_buffer_1, array</column>
<column name="top_buffer_1_ce0">out, 1, ap_memory, top_buffer_1, array</column>
<column name="top_buffer_1_we0">out, 1, ap_memory, top_buffer_1, array</column>
<column name="top_buffer_1_d0">out, 32, ap_memory, top_buffer_1, array</column>
<column name="top_buffer_1_q0">in, 32, ap_memory, top_buffer_1, array</column>
<column name="top_buffer_2_address0">out, 4, ap_memory, top_buffer_2, array</column>
<column name="top_buffer_2_ce0">out, 1, ap_memory, top_buffer_2, array</column>
<column name="top_buffer_2_we0">out, 1, ap_memory, top_buffer_2, array</column>
<column name="top_buffer_2_d0">out, 32, ap_memory, top_buffer_2, array</column>
<column name="top_buffer_2_q0">in, 32, ap_memory, top_buffer_2, array</column>
<column name="top_buffer_3_address0">out, 4, ap_memory, top_buffer_3, array</column>
<column name="top_buffer_3_ce0">out, 1, ap_memory, top_buffer_3, array</column>
<column name="top_buffer_3_we0">out, 1, ap_memory, top_buffer_3, array</column>
<column name="top_buffer_3_d0">out, 32, ap_memory, top_buffer_3, array</column>
<column name="top_buffer_3_q0">in, 32, ap_memory, top_buffer_3, array</column>
<column name="top_buffer_4_address0">out, 4, ap_memory, top_buffer_4, array</column>
<column name="top_buffer_4_ce0">out, 1, ap_memory, top_buffer_4, array</column>
<column name="top_buffer_4_we0">out, 1, ap_memory, top_buffer_4, array</column>
<column name="top_buffer_4_d0">out, 32, ap_memory, top_buffer_4, array</column>
<column name="top_buffer_4_q0">in, 32, ap_memory, top_buffer_4, array</column>
<column name="top_buffer_5_address0">out, 4, ap_memory, top_buffer_5, array</column>
<column name="top_buffer_5_ce0">out, 1, ap_memory, top_buffer_5, array</column>
<column name="top_buffer_5_we0">out, 1, ap_memory, top_buffer_5, array</column>
<column name="top_buffer_5_d0">out, 32, ap_memory, top_buffer_5, array</column>
<column name="top_buffer_5_q0">in, 32, ap_memory, top_buffer_5, array</column>
<column name="top_buffer_6_address0">out, 4, ap_memory, top_buffer_6, array</column>
<column name="top_buffer_6_ce0">out, 1, ap_memory, top_buffer_6, array</column>
<column name="top_buffer_6_we0">out, 1, ap_memory, top_buffer_6, array</column>
<column name="top_buffer_6_d0">out, 32, ap_memory, top_buffer_6, array</column>
<column name="top_buffer_6_q0">in, 32, ap_memory, top_buffer_6, array</column>
<column name="top_buffer_7_address0">out, 4, ap_memory, top_buffer_7, array</column>
<column name="top_buffer_7_ce0">out, 1, ap_memory, top_buffer_7, array</column>
<column name="top_buffer_7_we0">out, 1, ap_memory, top_buffer_7, array</column>
<column name="top_buffer_7_d0">out, 32, ap_memory, top_buffer_7, array</column>
<column name="top_buffer_7_q0">in, 32, ap_memory, top_buffer_7, array</column>
<column name="top_buffer_8_address0">out, 4, ap_memory, top_buffer_8, array</column>
<column name="top_buffer_8_ce0">out, 1, ap_memory, top_buffer_8, array</column>
<column name="top_buffer_8_we0">out, 1, ap_memory, top_buffer_8, array</column>
<column name="top_buffer_8_d0">out, 32, ap_memory, top_buffer_8, array</column>
<column name="top_buffer_8_q0">in, 32, ap_memory, top_buffer_8, array</column>
<column name="top_buffer_9_address0">out, 4, ap_memory, top_buffer_9, array</column>
<column name="top_buffer_9_ce0">out, 1, ap_memory, top_buffer_9, array</column>
<column name="top_buffer_9_we0">out, 1, ap_memory, top_buffer_9, array</column>
<column name="top_buffer_9_d0">out, 32, ap_memory, top_buffer_9, array</column>
<column name="top_buffer_9_q0">in, 32, ap_memory, top_buffer_9, array</column>
<column name="top_buffer_10_address0">out, 4, ap_memory, top_buffer_10, array</column>
<column name="top_buffer_10_ce0">out, 1, ap_memory, top_buffer_10, array</column>
<column name="top_buffer_10_we0">out, 1, ap_memory, top_buffer_10, array</column>
<column name="top_buffer_10_d0">out, 32, ap_memory, top_buffer_10, array</column>
<column name="top_buffer_10_q0">in, 32, ap_memory, top_buffer_10, array</column>
<column name="top_buffer_11_address0">out, 4, ap_memory, top_buffer_11, array</column>
<column name="top_buffer_11_ce0">out, 1, ap_memory, top_buffer_11, array</column>
<column name="top_buffer_11_we0">out, 1, ap_memory, top_buffer_11, array</column>
<column name="top_buffer_11_d0">out, 32, ap_memory, top_buffer_11, array</column>
<column name="top_buffer_11_q0">in, 32, ap_memory, top_buffer_11, array</column>
<column name="top_buffer_12_address0">out, 4, ap_memory, top_buffer_12, array</column>
<column name="top_buffer_12_ce0">out, 1, ap_memory, top_buffer_12, array</column>
<column name="top_buffer_12_we0">out, 1, ap_memory, top_buffer_12, array</column>
<column name="top_buffer_12_d0">out, 32, ap_memory, top_buffer_12, array</column>
<column name="top_buffer_12_q0">in, 32, ap_memory, top_buffer_12, array</column>
<column name="top_buffer_13_address0">out, 4, ap_memory, top_buffer_13, array</column>
<column name="top_buffer_13_ce0">out, 1, ap_memory, top_buffer_13, array</column>
<column name="top_buffer_13_we0">out, 1, ap_memory, top_buffer_13, array</column>
<column name="top_buffer_13_d0">out, 32, ap_memory, top_buffer_13, array</column>
<column name="top_buffer_13_q0">in, 32, ap_memory, top_buffer_13, array</column>
<column name="top_buffer_14_address0">out, 4, ap_memory, top_buffer_14, array</column>
<column name="top_buffer_14_ce0">out, 1, ap_memory, top_buffer_14, array</column>
<column name="top_buffer_14_we0">out, 1, ap_memory, top_buffer_14, array</column>
<column name="top_buffer_14_d0">out, 32, ap_memory, top_buffer_14, array</column>
<column name="top_buffer_14_q0">in, 32, ap_memory, top_buffer_14, array</column>
<column name="top_buffer_15_address0">out, 4, ap_memory, top_buffer_15, array</column>
<column name="top_buffer_15_ce0">out, 1, ap_memory, top_buffer_15, array</column>
<column name="top_buffer_15_we0">out, 1, ap_memory, top_buffer_15, array</column>
<column name="top_buffer_15_d0">out, 32, ap_memory, top_buffer_15, array</column>
<column name="top_buffer_15_q0">in, 32, ap_memory, top_buffer_15, array</column>
<column name="left_buffer_0_address0">out, 4, ap_memory, left_buffer_0, array</column>
<column name="left_buffer_0_ce0">out, 1, ap_memory, left_buffer_0, array</column>
<column name="left_buffer_0_we0">out, 1, ap_memory, left_buffer_0, array</column>
<column name="left_buffer_0_d0">out, 32, ap_memory, left_buffer_0, array</column>
<column name="left_buffer_0_q0">in, 32, ap_memory, left_buffer_0, array</column>
<column name="left_buffer_1_address0">out, 4, ap_memory, left_buffer_1, array</column>
<column name="left_buffer_1_ce0">out, 1, ap_memory, left_buffer_1, array</column>
<column name="left_buffer_1_we0">out, 1, ap_memory, left_buffer_1, array</column>
<column name="left_buffer_1_d0">out, 32, ap_memory, left_buffer_1, array</column>
<column name="left_buffer_1_q0">in, 32, ap_memory, left_buffer_1, array</column>
<column name="left_buffer_2_address0">out, 4, ap_memory, left_buffer_2, array</column>
<column name="left_buffer_2_ce0">out, 1, ap_memory, left_buffer_2, array</column>
<column name="left_buffer_2_we0">out, 1, ap_memory, left_buffer_2, array</column>
<column name="left_buffer_2_d0">out, 32, ap_memory, left_buffer_2, array</column>
<column name="left_buffer_2_q0">in, 32, ap_memory, left_buffer_2, array</column>
<column name="left_buffer_3_address0">out, 4, ap_memory, left_buffer_3, array</column>
<column name="left_buffer_3_ce0">out, 1, ap_memory, left_buffer_3, array</column>
<column name="left_buffer_3_we0">out, 1, ap_memory, left_buffer_3, array</column>
<column name="left_buffer_3_d0">out, 32, ap_memory, left_buffer_3, array</column>
<column name="left_buffer_3_q0">in, 32, ap_memory, left_buffer_3, array</column>
<column name="left_buffer_4_address0">out, 4, ap_memory, left_buffer_4, array</column>
<column name="left_buffer_4_ce0">out, 1, ap_memory, left_buffer_4, array</column>
<column name="left_buffer_4_we0">out, 1, ap_memory, left_buffer_4, array</column>
<column name="left_buffer_4_d0">out, 32, ap_memory, left_buffer_4, array</column>
<column name="left_buffer_4_q0">in, 32, ap_memory, left_buffer_4, array</column>
<column name="left_buffer_5_address0">out, 4, ap_memory, left_buffer_5, array</column>
<column name="left_buffer_5_ce0">out, 1, ap_memory, left_buffer_5, array</column>
<column name="left_buffer_5_we0">out, 1, ap_memory, left_buffer_5, array</column>
<column name="left_buffer_5_d0">out, 32, ap_memory, left_buffer_5, array</column>
<column name="left_buffer_5_q0">in, 32, ap_memory, left_buffer_5, array</column>
<column name="left_buffer_6_address0">out, 4, ap_memory, left_buffer_6, array</column>
<column name="left_buffer_6_ce0">out, 1, ap_memory, left_buffer_6, array</column>
<column name="left_buffer_6_we0">out, 1, ap_memory, left_buffer_6, array</column>
<column name="left_buffer_6_d0">out, 32, ap_memory, left_buffer_6, array</column>
<column name="left_buffer_6_q0">in, 32, ap_memory, left_buffer_6, array</column>
<column name="left_buffer_7_address0">out, 4, ap_memory, left_buffer_7, array</column>
<column name="left_buffer_7_ce0">out, 1, ap_memory, left_buffer_7, array</column>
<column name="left_buffer_7_we0">out, 1, ap_memory, left_buffer_7, array</column>
<column name="left_buffer_7_d0">out, 32, ap_memory, left_buffer_7, array</column>
<column name="left_buffer_7_q0">in, 32, ap_memory, left_buffer_7, array</column>
<column name="left_buffer_8_address0">out, 4, ap_memory, left_buffer_8, array</column>
<column name="left_buffer_8_ce0">out, 1, ap_memory, left_buffer_8, array</column>
<column name="left_buffer_8_we0">out, 1, ap_memory, left_buffer_8, array</column>
<column name="left_buffer_8_d0">out, 32, ap_memory, left_buffer_8, array</column>
<column name="left_buffer_8_q0">in, 32, ap_memory, left_buffer_8, array</column>
<column name="left_buffer_9_address0">out, 4, ap_memory, left_buffer_9, array</column>
<column name="left_buffer_9_ce0">out, 1, ap_memory, left_buffer_9, array</column>
<column name="left_buffer_9_we0">out, 1, ap_memory, left_buffer_9, array</column>
<column name="left_buffer_9_d0">out, 32, ap_memory, left_buffer_9, array</column>
<column name="left_buffer_9_q0">in, 32, ap_memory, left_buffer_9, array</column>
<column name="left_buffer_10_address0">out, 4, ap_memory, left_buffer_10, array</column>
<column name="left_buffer_10_ce0">out, 1, ap_memory, left_buffer_10, array</column>
<column name="left_buffer_10_we0">out, 1, ap_memory, left_buffer_10, array</column>
<column name="left_buffer_10_d0">out, 32, ap_memory, left_buffer_10, array</column>
<column name="left_buffer_10_q0">in, 32, ap_memory, left_buffer_10, array</column>
<column name="left_buffer_11_address0">out, 4, ap_memory, left_buffer_11, array</column>
<column name="left_buffer_11_ce0">out, 1, ap_memory, left_buffer_11, array</column>
<column name="left_buffer_11_we0">out, 1, ap_memory, left_buffer_11, array</column>
<column name="left_buffer_11_d0">out, 32, ap_memory, left_buffer_11, array</column>
<column name="left_buffer_11_q0">in, 32, ap_memory, left_buffer_11, array</column>
<column name="left_buffer_12_address0">out, 4, ap_memory, left_buffer_12, array</column>
<column name="left_buffer_12_ce0">out, 1, ap_memory, left_buffer_12, array</column>
<column name="left_buffer_12_we0">out, 1, ap_memory, left_buffer_12, array</column>
<column name="left_buffer_12_d0">out, 32, ap_memory, left_buffer_12, array</column>
<column name="left_buffer_12_q0">in, 32, ap_memory, left_buffer_12, array</column>
<column name="left_buffer_13_address0">out, 4, ap_memory, left_buffer_13, array</column>
<column name="left_buffer_13_ce0">out, 1, ap_memory, left_buffer_13, array</column>
<column name="left_buffer_13_we0">out, 1, ap_memory, left_buffer_13, array</column>
<column name="left_buffer_13_d0">out, 32, ap_memory, left_buffer_13, array</column>
<column name="left_buffer_13_q0">in, 32, ap_memory, left_buffer_13, array</column>
<column name="left_buffer_14_address0">out, 4, ap_memory, left_buffer_14, array</column>
<column name="left_buffer_14_ce0">out, 1, ap_memory, left_buffer_14, array</column>
<column name="left_buffer_14_we0">out, 1, ap_memory, left_buffer_14, array</column>
<column name="left_buffer_14_d0">out, 32, ap_memory, left_buffer_14, array</column>
<column name="left_buffer_14_q0">in, 32, ap_memory, left_buffer_14, array</column>
<column name="left_buffer_15_address0">out, 4, ap_memory, left_buffer_15, array</column>
<column name="left_buffer_15_ce0">out, 1, ap_memory, left_buffer_15, array</column>
<column name="left_buffer_15_we0">out, 1, ap_memory, left_buffer_15, array</column>
<column name="left_buffer_15_d0">out, 32, ap_memory, left_buffer_15, array</column>
<column name="left_buffer_15_q0">in, 32, ap_memory, left_buffer_15, array</column>
<column name="inner_buffer_0_address0">out, 4, ap_memory, inner_buffer_0, array</column>
<column name="inner_buffer_0_ce0">out, 1, ap_memory, inner_buffer_0, array</column>
<column name="inner_buffer_0_we0">out, 1, ap_memory, inner_buffer_0, array</column>
<column name="inner_buffer_0_d0">out, 32, ap_memory, inner_buffer_0, array</column>
<column name="inner_buffer_0_q0">in, 32, ap_memory, inner_buffer_0, array</column>
<column name="inner_buffer_0_address1">out, 4, ap_memory, inner_buffer_0, array</column>
<column name="inner_buffer_0_ce1">out, 1, ap_memory, inner_buffer_0, array</column>
<column name="inner_buffer_0_q1">in, 32, ap_memory, inner_buffer_0, array</column>
<column name="inner_buffer_1_address0">out, 4, ap_memory, inner_buffer_1, array</column>
<column name="inner_buffer_1_ce0">out, 1, ap_memory, inner_buffer_1, array</column>
<column name="inner_buffer_1_we0">out, 1, ap_memory, inner_buffer_1, array</column>
<column name="inner_buffer_1_d0">out, 32, ap_memory, inner_buffer_1, array</column>
<column name="inner_buffer_1_q0">in, 32, ap_memory, inner_buffer_1, array</column>
<column name="inner_buffer_1_address1">out, 4, ap_memory, inner_buffer_1, array</column>
<column name="inner_buffer_1_ce1">out, 1, ap_memory, inner_buffer_1, array</column>
<column name="inner_buffer_1_q1">in, 32, ap_memory, inner_buffer_1, array</column>
<column name="inner_buffer_2_address0">out, 4, ap_memory, inner_buffer_2, array</column>
<column name="inner_buffer_2_ce0">out, 1, ap_memory, inner_buffer_2, array</column>
<column name="inner_buffer_2_we0">out, 1, ap_memory, inner_buffer_2, array</column>
<column name="inner_buffer_2_d0">out, 32, ap_memory, inner_buffer_2, array</column>
<column name="inner_buffer_2_q0">in, 32, ap_memory, inner_buffer_2, array</column>
<column name="inner_buffer_2_address1">out, 4, ap_memory, inner_buffer_2, array</column>
<column name="inner_buffer_2_ce1">out, 1, ap_memory, inner_buffer_2, array</column>
<column name="inner_buffer_2_q1">in, 32, ap_memory, inner_buffer_2, array</column>
<column name="inner_buffer_3_address0">out, 4, ap_memory, inner_buffer_3, array</column>
<column name="inner_buffer_3_ce0">out, 1, ap_memory, inner_buffer_3, array</column>
<column name="inner_buffer_3_we0">out, 1, ap_memory, inner_buffer_3, array</column>
<column name="inner_buffer_3_d0">out, 32, ap_memory, inner_buffer_3, array</column>
<column name="inner_buffer_3_q0">in, 32, ap_memory, inner_buffer_3, array</column>
<column name="inner_buffer_3_address1">out, 4, ap_memory, inner_buffer_3, array</column>
<column name="inner_buffer_3_ce1">out, 1, ap_memory, inner_buffer_3, array</column>
<column name="inner_buffer_3_q1">in, 32, ap_memory, inner_buffer_3, array</column>
<column name="inner_buffer_4_address0">out, 4, ap_memory, inner_buffer_4, array</column>
<column name="inner_buffer_4_ce0">out, 1, ap_memory, inner_buffer_4, array</column>
<column name="inner_buffer_4_we0">out, 1, ap_memory, inner_buffer_4, array</column>
<column name="inner_buffer_4_d0">out, 32, ap_memory, inner_buffer_4, array</column>
<column name="inner_buffer_4_q0">in, 32, ap_memory, inner_buffer_4, array</column>
<column name="inner_buffer_4_address1">out, 4, ap_memory, inner_buffer_4, array</column>
<column name="inner_buffer_4_ce1">out, 1, ap_memory, inner_buffer_4, array</column>
<column name="inner_buffer_4_q1">in, 32, ap_memory, inner_buffer_4, array</column>
<column name="inner_buffer_5_address0">out, 4, ap_memory, inner_buffer_5, array</column>
<column name="inner_buffer_5_ce0">out, 1, ap_memory, inner_buffer_5, array</column>
<column name="inner_buffer_5_we0">out, 1, ap_memory, inner_buffer_5, array</column>
<column name="inner_buffer_5_d0">out, 32, ap_memory, inner_buffer_5, array</column>
<column name="inner_buffer_5_q0">in, 32, ap_memory, inner_buffer_5, array</column>
<column name="inner_buffer_5_address1">out, 4, ap_memory, inner_buffer_5, array</column>
<column name="inner_buffer_5_ce1">out, 1, ap_memory, inner_buffer_5, array</column>
<column name="inner_buffer_5_q1">in, 32, ap_memory, inner_buffer_5, array</column>
<column name="inner_buffer_6_address0">out, 4, ap_memory, inner_buffer_6, array</column>
<column name="inner_buffer_6_ce0">out, 1, ap_memory, inner_buffer_6, array</column>
<column name="inner_buffer_6_we0">out, 1, ap_memory, inner_buffer_6, array</column>
<column name="inner_buffer_6_d0">out, 32, ap_memory, inner_buffer_6, array</column>
<column name="inner_buffer_6_q0">in, 32, ap_memory, inner_buffer_6, array</column>
<column name="inner_buffer_6_address1">out, 4, ap_memory, inner_buffer_6, array</column>
<column name="inner_buffer_6_ce1">out, 1, ap_memory, inner_buffer_6, array</column>
<column name="inner_buffer_6_q1">in, 32, ap_memory, inner_buffer_6, array</column>
<column name="inner_buffer_7_address0">out, 4, ap_memory, inner_buffer_7, array</column>
<column name="inner_buffer_7_ce0">out, 1, ap_memory, inner_buffer_7, array</column>
<column name="inner_buffer_7_we0">out, 1, ap_memory, inner_buffer_7, array</column>
<column name="inner_buffer_7_d0">out, 32, ap_memory, inner_buffer_7, array</column>
<column name="inner_buffer_7_q0">in, 32, ap_memory, inner_buffer_7, array</column>
<column name="inner_buffer_7_address1">out, 4, ap_memory, inner_buffer_7, array</column>
<column name="inner_buffer_7_ce1">out, 1, ap_memory, inner_buffer_7, array</column>
<column name="inner_buffer_7_q1">in, 32, ap_memory, inner_buffer_7, array</column>
<column name="inner_buffer_8_address0">out, 4, ap_memory, inner_buffer_8, array</column>
<column name="inner_buffer_8_ce0">out, 1, ap_memory, inner_buffer_8, array</column>
<column name="inner_buffer_8_we0">out, 1, ap_memory, inner_buffer_8, array</column>
<column name="inner_buffer_8_d0">out, 32, ap_memory, inner_buffer_8, array</column>
<column name="inner_buffer_8_q0">in, 32, ap_memory, inner_buffer_8, array</column>
<column name="inner_buffer_8_address1">out, 4, ap_memory, inner_buffer_8, array</column>
<column name="inner_buffer_8_ce1">out, 1, ap_memory, inner_buffer_8, array</column>
<column name="inner_buffer_8_q1">in, 32, ap_memory, inner_buffer_8, array</column>
<column name="inner_buffer_9_address0">out, 4, ap_memory, inner_buffer_9, array</column>
<column name="inner_buffer_9_ce0">out, 1, ap_memory, inner_buffer_9, array</column>
<column name="inner_buffer_9_we0">out, 1, ap_memory, inner_buffer_9, array</column>
<column name="inner_buffer_9_d0">out, 32, ap_memory, inner_buffer_9, array</column>
<column name="inner_buffer_9_q0">in, 32, ap_memory, inner_buffer_9, array</column>
<column name="inner_buffer_9_address1">out, 4, ap_memory, inner_buffer_9, array</column>
<column name="inner_buffer_9_ce1">out, 1, ap_memory, inner_buffer_9, array</column>
<column name="inner_buffer_9_q1">in, 32, ap_memory, inner_buffer_9, array</column>
<column name="inner_buffer_10_address0">out, 4, ap_memory, inner_buffer_10, array</column>
<column name="inner_buffer_10_ce0">out, 1, ap_memory, inner_buffer_10, array</column>
<column name="inner_buffer_10_we0">out, 1, ap_memory, inner_buffer_10, array</column>
<column name="inner_buffer_10_d0">out, 32, ap_memory, inner_buffer_10, array</column>
<column name="inner_buffer_10_q0">in, 32, ap_memory, inner_buffer_10, array</column>
<column name="inner_buffer_10_address1">out, 4, ap_memory, inner_buffer_10, array</column>
<column name="inner_buffer_10_ce1">out, 1, ap_memory, inner_buffer_10, array</column>
<column name="inner_buffer_10_q1">in, 32, ap_memory, inner_buffer_10, array</column>
<column name="inner_buffer_11_address0">out, 4, ap_memory, inner_buffer_11, array</column>
<column name="inner_buffer_11_ce0">out, 1, ap_memory, inner_buffer_11, array</column>
<column name="inner_buffer_11_we0">out, 1, ap_memory, inner_buffer_11, array</column>
<column name="inner_buffer_11_d0">out, 32, ap_memory, inner_buffer_11, array</column>
<column name="inner_buffer_11_q0">in, 32, ap_memory, inner_buffer_11, array</column>
<column name="inner_buffer_11_address1">out, 4, ap_memory, inner_buffer_11, array</column>
<column name="inner_buffer_11_ce1">out, 1, ap_memory, inner_buffer_11, array</column>
<column name="inner_buffer_11_q1">in, 32, ap_memory, inner_buffer_11, array</column>
<column name="inner_buffer_12_address0">out, 4, ap_memory, inner_buffer_12, array</column>
<column name="inner_buffer_12_ce0">out, 1, ap_memory, inner_buffer_12, array</column>
<column name="inner_buffer_12_we0">out, 1, ap_memory, inner_buffer_12, array</column>
<column name="inner_buffer_12_d0">out, 32, ap_memory, inner_buffer_12, array</column>
<column name="inner_buffer_12_q0">in, 32, ap_memory, inner_buffer_12, array</column>
<column name="inner_buffer_12_address1">out, 4, ap_memory, inner_buffer_12, array</column>
<column name="inner_buffer_12_ce1">out, 1, ap_memory, inner_buffer_12, array</column>
<column name="inner_buffer_12_q1">in, 32, ap_memory, inner_buffer_12, array</column>
<column name="inner_buffer_13_address0">out, 4, ap_memory, inner_buffer_13, array</column>
<column name="inner_buffer_13_ce0">out, 1, ap_memory, inner_buffer_13, array</column>
<column name="inner_buffer_13_we0">out, 1, ap_memory, inner_buffer_13, array</column>
<column name="inner_buffer_13_d0">out, 32, ap_memory, inner_buffer_13, array</column>
<column name="inner_buffer_13_q0">in, 32, ap_memory, inner_buffer_13, array</column>
<column name="inner_buffer_13_address1">out, 4, ap_memory, inner_buffer_13, array</column>
<column name="inner_buffer_13_ce1">out, 1, ap_memory, inner_buffer_13, array</column>
<column name="inner_buffer_13_q1">in, 32, ap_memory, inner_buffer_13, array</column>
<column name="inner_buffer_14_address0">out, 4, ap_memory, inner_buffer_14, array</column>
<column name="inner_buffer_14_ce0">out, 1, ap_memory, inner_buffer_14, array</column>
<column name="inner_buffer_14_we0">out, 1, ap_memory, inner_buffer_14, array</column>
<column name="inner_buffer_14_d0">out, 32, ap_memory, inner_buffer_14, array</column>
<column name="inner_buffer_14_q0">in, 32, ap_memory, inner_buffer_14, array</column>
<column name="inner_buffer_14_address1">out, 4, ap_memory, inner_buffer_14, array</column>
<column name="inner_buffer_14_ce1">out, 1, ap_memory, inner_buffer_14, array</column>
<column name="inner_buffer_14_q1">in, 32, ap_memory, inner_buffer_14, array</column>
<column name="inner_buffer_15_address0">out, 4, ap_memory, inner_buffer_15, array</column>
<column name="inner_buffer_15_ce0">out, 1, ap_memory, inner_buffer_15, array</column>
<column name="inner_buffer_15_we0">out, 1, ap_memory, inner_buffer_15, array</column>
<column name="inner_buffer_15_d0">out, 32, ap_memory, inner_buffer_15, array</column>
<column name="inner_buffer_15_q0">in, 32, ap_memory, inner_buffer_15, array</column>
<column name="inner_buffer_15_address1">out, 4, ap_memory, inner_buffer_15, array</column>
<column name="inner_buffer_15_ce1">out, 1, ap_memory, inner_buffer_15, array</column>
<column name="inner_buffer_15_q1">in, 32, ap_memory, inner_buffer_15, array</column>
</table>
</item>
</section>
</profile>
