<profile>

<section name = "Vivado HLS Report for 'lud_perimeter'" level="0">
<item name = "Date">Thu Jan 26 21:50:10 2023
</item>
<item name = "Version">2019.2 (Build 2704478 on Wed Nov 06 22:10:23 MST 2019)</item>
<item name = "Project">lud</item>
<item name = "Solution">asdse</item>
<item name = "Product family">zynq</item>
<item name = "Target device">xc7z045-ffg900-2</item>
</section>

<section name = "Performance Estimates" level="0">
<item name = "Timing">
<section name = "" level="1">
<item name = "Summary"><table name="" hasTotal="0">
<keys size="4">Clock, Target, Estimated, Uncertainty</keys>
<column name="ap_clk">10.00 ns, 8.588 ns, 1.25 ns</column>
</table>
</item>
</section>
</item>
<item name = "Latency">
<section name = "" level="1">
<item name = "Summary"><table name="" hasTotal="0">
<keys size="8">, min, max, min, max, min, max, Type</keys>
<column name="">259, 1157494, 2.590 us, 11.575 ms, 259, 1157494, none</column>
</table>
</item>
<item name = "Detail">
<section name = "" level="1">
<item name = "Instance"><table name="" hasTotal="0">
<keys size="9">Instance, Module, min, max, min, max, min, max, Type</keys>
</table>
</item>
<item name = "Loop"><table name="" hasTotal="0">
<keys size="8">Loop Name, min, max, Latency, achieved, target, Count, Pipelined</keys>
<column name="- Loop17_Loop18">256, 256, 2, 1, 1, 256, yes</column>
<column name="- Loop19">0, 1157235, 8029 ~ 77149, -, -, 0 ~ 15, no</column>
<column name=" + Loop20">2336, 36896, 146 ~ 2306, -, -, 16, no</column>
<column name="  ++ Loop21">144, 2304, 9 ~ 144, -, -, 16, no</column>
<column name="   +++ Loop22">0, 135, 9, -, -, 0 ~ 15, no</column>
<column name=" + Loop23">5152, 39712, 322 ~ 2482, -, -, 16, no</column>
<column name="  ++ Loop24">320, 2480, 20 ~ 155, -, -, 16, no</column>
<column name="   +++ Loop25">0, 135, 9, -, -, 0 ~ 15, no</column>
</table>
</item>
</section>
</item>
</section>
</item>
</section>
</profile>
