<profile>

<section name = "Vivado HLS Report for 'lud_diagonal'" level="0">
<item name = "Date">Thu Jan 26 20:39:52 2023
</item>
<item name = "Version">2019.2 (Build 2704478 on Wed Nov 06 22:10:23 MST 2019)</item>
<item name = "Project">lud</item>
<item name = "Solution">asdse</item>
<item name = "Product family">zynq</item>
<item name = "Target device">xc7z045-ffg900-2</item>
</section>

<section name = "Performance Estimates" level="0">
<item name = "Timing">
<section name = "" level="1">
<item name = "Summary"><table name="" hasTotal="0">
<keys size="4">Clock, Target, Estimated, Uncertainty</keys>
<column name="ap_clk">10.00 ns, 8.588 ns, 1.25 ns</column>
</table>
</item>
</section>
</item>
<item name = "Latency">
<section name = "" level="1">
<item name = "Summary"><table name="" hasTotal="0">
<keys size="8">, min, max, min, max, min, max, Type</keys>
<column name="">439, 81079, 4.390 us, 0.811 ms, 439, 81079, none</column>
</table>
</item>
<item name = "Detail">
<section name = "" level="1">
<item name = "Instance"><table name="" hasTotal="0">
<keys size="9">Instance, Module, min, max, min, max, min, max, Type</keys>
<column name="grp_diagonal_load_fu_1291">diagonal_load, 130, 130, 1.300 us, 1.300 us, 130, 130, none</column>
<column name="grp_diagonal_store_fu_1456">diagonal_store, 18, 18, 0.180 us, 0.180 us, 18, 18, none</column>
</table>
</item>
<item name = "Loop"><table name="" hasTotal="0">
<keys size="8">Loop Name, min, max, Latency, achieved, target, Count, Pipelined</keys>
<column name="- Loop4">288, 80928, 18 ~ 5058, -, -, 16, no</column>
<column name=" + Loop5">2, 2672, 2 ~ 167, -, -, 1 ~ 16, no</column>
<column name="  ++ Loop6">0, 165, 11, -, -, 0 ~ 15, no</column>
<column name=" + Loop7">0, 2370, 8 ~ 158, -, -, 0 ~ 15, no</column>
<column name="  ++ Loop8">0, 150, 10, -, -, 0 ~ 15, no</column>
</table>
</item>
</section>
</item>
</section>
</item>
</section>
</profile>
