<profile>

<section name = "Vivado HLS Report for 'perimeter_store'" level="0">
<item name = "Date">Thu Jan 26 22:20:11 2023
</item>
<item name = "Version">2019.2 (Build 2704478 on Wed Nov 06 22:10:23 MST 2019)</item>
<item name = "Project">lud</item>
<item name = "Solution">asdse</item>
<item name = "Product family">zynq</item>
<item name = "Target device">xc7z045-ffg900-2</item>
</section>

<section name = "Performance Estimates" level="0">
<item name = "Timing">
<section name = "" level="1">
<item name = "Summary"><table name="" hasTotal="0">
<keys size="4">Clock, Target, Estimated, Uncertainty</keys>
<column name="ap_clk">10.00 ns, 6.352 ns, 1.25 ns</column>
</table>
</item>
</section>
</item>
<item name = "Latency">
<section name = "" level="1">
<item name = "Summary"><table name="" hasTotal="0">
<keys size="8">, min, max, min, max, min, max, Type</keys>
<column name="">276, 276, 2.760 us, 2.760 us, 276, 276, none</column>
</table>
</item>
<item name = "Detail">
<section name = "" level="1">
<item name = "Instance"><table name="" hasTotal="0">
<keys size="9">Instance, Module, min, max, min, max, min, max, Type</keys>
</table>
</item>
<item name = "Loop"><table name="" hasTotal="0">
<keys size="8">Loop Name, min, max, Latency, achieved, target, Count, Pipelined</keys>
<column name="- Loop 1">256, 256, 9, 8, 1, 32, yes</column>
<column name="- Loop 2">16, 16, 2, 1, 1, 16, yes</column>
</table>
</item>
</section>
</item>
</section>
</item>
</section>

<section name = "Utilization Estimates" level="0">
<item name = "Summary"><table name="" hasTotal="1">
<keys size="6">Name, BRAM_18K, DSP48E, FF, LUT, URAM</keys>
<column name="DSP">-, -, -, -, -</column>
<column name="Expression">-, -, 0, 631, -</column>
<column name="FIFO">-, -, -, -, -</column>
<column name="Instance">-, -, 0, 130, -</column>
<column name="Memory">-, -, -, -, -</column>
<column name="Multiplexer">-, -, -, 1383, -</column>
<column name="Register">-, -, 415, -, -</column>
<specialColumn name="Available">1090, 900, 437200, 218600, 0</specialColumn>
<specialColumn name="Utilization (%)">0, 0, ~0, ~0, 0</specialColumn>
</table>
</item>
<item name = "Detail">
<section name = "" level="1">
<item name = "Instance"><table name="" hasTotal="1">
<keys size="7">Instance, Module, BRAM_18K, DSP48E, FF, LUT, URAM</keys>
<column name="workload_asdse_mufYi_U403">workload_asdse_mufYi, 0, 0, 0, 65, 0</column>
<column name="workload_asdse_mufYi_U404">workload_asdse_mufYi, 0, 0, 0, 65, 0</column>
</table>
</item>
<item name = "DSP48E"><table name="" hasTotal="0">
<keys size="3">Instance, Module, Expression</keys>
</table>
</item>
<item name = "Memory"><table name="" hasTotal="1">
<keys size="10">Memory, Module, BRAM_18K, FF, LUT, URAM, Words, Bits, Banks, W*Bits*Banks</keys>
</table>
</item>
<item name = "FIFO"><table name="" hasTotal="1">
<keys size="8">Name, BRAM_18K, FF, LUT, URAM, Depth, Bits, Size:D*B</keys>
</table>
</item>
<item name = "Expression"><table name="" hasTotal="1">
<keys size="7">Variable Name, Operation, DSP48E, FF, LUT, Bitwidth P0, Bitwidth P1</keys>
<column name="add_ln123_fu_15844_p2">+, 0, 0, 6, 5, 6</column>
<column name="add_ln124_1_fu_15988_p2">+, 0, 0, 3, 1, 2</column>
<column name="add_ln124_fu_15968_p2">+, 0, 0, 6, 6, 1</column>
<column name="add_ln128_1_fu_16382_p2">+, 0, 0, 8, 8, 6</column>
<column name="add_ln128_2_fu_16517_p2">+, 0, 0, 8, 8, 7</column>
<column name="add_ln128_3_fu_16552_p2">+, 0, 0, 8, 8, 7</column>
<column name="add_ln128_fu_16126_p2">+, 0, 0, 8, 8, 5</column>
<column name="add_ln129_10_fu_15956_p2">+, 0, 0, 6, 6, 6</column>
<column name="add_ln129_11_fu_16111_p2">+, 0, 0, 6, 6, 6</column>
<column name="add_ln129_12_fu_16172_p2">+, 0, 0, 13, 6, 6</column>
<column name="add_ln129_13_fu_16167_p2">+, 0, 0, 13, 6, 6</column>
<column name="add_ln129_1_fu_16086_p2">+, 0, 0, 12, 12, 12</column>
<column name="add_ln129_2_fu_16096_p2">+, 0, 0, 16, 16, 16</column>
<column name="add_ln129_3_fu_16162_p2">+, 0, 0, 16, 16, 16</column>
<column name="add_ln129_4_fu_16187_p2">+, 0, 0, 16, 16, 16</column>
<column name="add_ln129_5_fu_16202_p2">+, 0, 0, 16, 16, 16</column>
<column name="add_ln129_6_fu_16217_p2">+, 0, 0, 16, 16, 16</column>
<column name="add_ln129_7_fu_16232_p2">+, 0, 0, 16, 16, 16</column>
<column name="add_ln129_8_fu_16247_p2">+, 0, 0, 16, 16, 16</column>
<column name="add_ln129_9_fu_16262_p2">+, 0, 0, 16, 16, 16</column>
<column name="add_ln129_fu_16077_p2">+, 0, 0, 9, 9, 9</column>
<column name="add_ln138_10_fu_18007_p2">+, 0, 0, 17, 17, 4</column>
<column name="add_ln138_11_fu_18091_p2">+, 0, 0, 17, 17, 4</column>
<column name="add_ln138_12_fu_18175_p2">+, 0, 0, 17, 17, 4</column>
<column name="add_ln138_13_fu_18259_p2">+, 0, 0, 17, 17, 4</column>
<column name="add_ln138_14_fu_18343_p2">+, 0, 0, 17, 17, 4</column>
<column name="add_ln138_1_fu_17251_p2">+, 0, 0, 17, 17, 2</column>
<column name="add_ln138_2_fu_17335_p2">+, 0, 0, 17, 17, 2</column>
<column name="add_ln138_3_fu_17419_p2">+, 0, 0, 17, 17, 3</column>
<column name="add_ln138_4_fu_17503_p2">+, 0, 0, 17, 17, 3</column>
<column name="add_ln138_5_fu_17587_p2">+, 0, 0, 17, 17, 3</column>
<column name="add_ln138_6_fu_17671_p2">+, 0, 0, 17, 17, 3</column>
<column name="add_ln138_7_fu_17755_p2">+, 0, 0, 17, 17, 4</column>
<column name="add_ln138_8_fu_17839_p2">+, 0, 0, 17, 17, 4</column>
<column name="add_ln138_9_fu_17923_p2">+, 0, 0, 17, 17, 4</column>
<column name="add_ln138_fu_17167_p2">+, 0, 0, 17, 17, 1</column>
<column name="tmp10_1_fu_15858_p2">+, 0, 0, 8, 1, 8</column>
<column name="tmp10_2_fu_15872_p2">+, 0, 0, 8, 2, 8</column>
<column name="tmp10_3_fu_15886_p2">+, 0, 0, 8, 2, 8</column>
<column name="tmp10_4_fu_15900_p2">+, 0, 0, 8, 3, 8</column>
<column name="tmp10_5_fu_15914_p2">+, 0, 0, 8, 3, 8</column>
<column name="tmp10_6_fu_15928_p2">+, 0, 0, 8, 3, 8</column>
<column name="tmp10_7_fu_15942_p2">+, 0, 0, 8, 3, 8</column>
<column name="tmp412_fu_17052_p2">+, 0, 0, 9, 9, 9</column>
<column name="tmp8_fu_17026_p2">+, 0, 0, 9, 9, 9</column>
<column name="v11_fu_16954_p2">+, 0, 0, 7, 5, 1</column>
<column name="v14_fu_17036_p2">+, 0, 0, 7, 5, 1</column>
<column name="v8_fu_15818_p2">+, 0, 0, 8, 5, 8</column>
<column name="icmp_ln124_fu_15962_p2">icmp, 0, 0, 3, 6, 7</column>
<column name="icmp_ln125_fu_15974_p2">icmp, 0, 0, 3, 5, 6</column>
<column name="icmp_ln133_fu_17030_p2">icmp, 0, 0, 3, 5, 6</column>
<column name="or_ln128_3_fu_16349_p2">or, 0, 0, 4, 4, 2</column>
<column name="or_ln128_4_fu_16634_p2">or, 0, 0, 4, 4, 3</column>
<column name="or_ln128_fu_16484_p2">or, 0, 0, 4, 4, 3</column>
<column name="select_ln124_fu_15994_p3">select, 0, 0, 2, 1, 2</column>
<column name="select_ln125_fu_15980_p3">select, 0, 0, 5, 1, 1</column>
<column name="ap_enable_pp0">xor, 0, 0, 2, 1, 2</column>
<column name="ap_enable_pp1">xor, 0, 0, 2, 1, 2</column>
<column name="ap_enable_reg_pp1_iter1">xor, 0, 0, 2, 2, 1</column>
<column name="tmp9_fu_17042_p2">xor, 0, 0, 6, 5, 6</column>
<column name="xor_ln129_fu_16101_p2">xor, 0, 0, 6, 5, 6</column>
</table>
</item>
<item name = "Multiplexer"><table name="" hasTotal="1">
<keys size="5">Name, LUT, Input Size, Bits, Total Bits</keys>
<column name="ap_NS_fsm">6, 13, 1, 13</column>
<column name="ap_enable_reg_pp0_iter1">3, 2, 1, 2</column>
<column name="ap_enable_reg_pp1_iter1">3, 3, 1, 3</column>
<column name="ap_phi_mux_indvar_flatten_phi_fu_15488_p4">3, 2, 6, 12</column>
<column name="ap_phi_mux_v10_0_phi_fu_15499_p4">3, 2, 2, 4</column>
<column name="ap_phi_mux_v11_0_phi_fu_15510_p4">3, 2, 5, 10</column>
<column name="grp_fu_15528_p17">3, 3, 32, 96</column>
<column name="grp_fu_15629_p17">3, 3, 32, 96</column>
<column name="indvar_flatten_reg_15484">3, 2, 6, 12</column>
<column name="v0_0_address0">10, 25, 10, 250</column>
<column name="v0_0_d0">9, 22, 32, 704</column>
<column name="v0_10_address0">10, 25, 10, 250</column>
<column name="v0_10_d0">9, 22, 32, 704</column>
<column name="v0_11_address0">10, 25, 10, 250</column>
<column name="v0_11_d0">9, 22, 32, 704</column>
<column name="v0_12_address0">10, 25, 10, 250</column>
<column name="v0_12_d0">9, 22, 32, 704</column>
<column name="v0_13_address0">10, 25, 10, 250</column>
<column name="v0_13_d0">9, 22, 32, 704</column>
<column name="v0_14_address0">10, 25, 10, 250</column>
<column name="v0_14_d0">9, 22, 32, 704</column>
<column name="v0_15_address0">10, 25, 10, 250</column>
<column name="v0_15_d0">9, 22, 32, 704</column>
<column name="v0_16_address0">10, 25, 10, 250</column>
<column name="v0_16_d0">9, 22, 32, 704</column>
<column name="v0_17_address0">10, 25, 10, 250</column>
<column name="v0_17_d0">9, 22, 32, 704</column>
<column name="v0_18_address0">10, 25, 10, 250</column>
<column name="v0_18_d0">9, 22, 32, 704</column>
<column name="v0_19_address0">10, 25, 10, 250</column>
<column name="v0_19_d0">9, 22, 32, 704</column>
<column name="v0_1_address0">10, 25, 10, 250</column>
<column name="v0_1_d0">9, 22, 32, 704</column>
<column name="v0_20_address0">10, 25, 10, 250</column>
<column name="v0_20_d0">9, 22, 32, 704</column>
<column name="v0_21_address0">10, 25, 10, 250</column>
<column name="v0_21_d0">9, 22, 32, 704</column>
<column name="v0_22_address0">10, 25, 10, 250</column>
<column name="v0_22_d0">9, 22, 32, 704</column>
<column name="v0_23_address0">10, 25, 10, 250</column>
<column name="v0_23_d0">9, 22, 32, 704</column>
<column name="v0_24_address0">10, 25, 10, 250</column>
<column name="v0_24_d0">9, 22, 32, 704</column>
<column name="v0_25_address0">10, 25, 10, 250</column>
<column name="v0_25_d0">9, 22, 32, 704</column>
<column name="v0_26_address0">10, 25, 10, 250</column>
<column name="v0_26_d0">9, 22, 32, 704</column>
<column name="v0_27_address0">10, 25, 10, 250</column>
<column name="v0_27_d0">9, 22, 32, 704</column>
<column name="v0_28_address0">10, 25, 10, 250</column>
<column name="v0_28_d0">9, 22, 32, 704</column>
<column name="v0_29_address0">10, 25, 10, 250</column>
<column name="v0_29_d0">9, 22, 32, 704</column>
<column name="v0_2_address0">10, 25, 10, 250</column>
<column name="v0_2_d0">9, 22, 32, 704</column>
<column name="v0_30_address0">10, 25, 10, 250</column>
<column name="v0_30_d0">9, 22, 32, 704</column>
<column name="v0_31_address0">10, 25, 10, 250</column>
<column name="v0_31_d0">9, 22, 32, 704</column>
<column name="v0_32_address0">10, 25, 10, 250</column>
<column name="v0_32_d0">9, 22, 32, 704</column>
<column name="v0_33_address0">10, 25, 10, 250</column>
<column name="v0_33_d0">9, 22, 32, 704</column>
<column name="v0_34_address0">10, 25, 10, 250</column>
<column name="v0_34_d0">9, 22, 32, 704</column>
<column name="v0_35_address0">10, 25, 10, 250</column>
<column name="v0_35_d0">9, 22, 32, 704</column>
<column name="v0_36_address0">10, 25, 10, 250</column>
<column name="v0_36_d0">9, 22, 32, 704</column>
<column name="v0_37_address0">10, 25, 10, 250</column>
<column name="v0_37_d0">9, 22, 32, 704</column>
<column name="v0_38_address0">10, 25, 10, 250</column>
<column name="v0_38_d0">9, 22, 32, 704</column>
<column name="v0_39_address0">10, 25, 10, 250</column>
<column name="v0_39_d0">9, 22, 32, 704</column>
<column name="v0_3_address0">10, 25, 10, 250</column>
<column name="v0_3_d0">9, 22, 32, 704</column>
<column name="v0_40_address0">10, 25, 10, 250</column>
<column name="v0_40_d0">9, 22, 32, 704</column>
<column name="v0_41_address0">10, 25, 10, 250</column>
<column name="v0_41_d0">9, 22, 32, 704</column>
<column name="v0_42_address0">10, 25, 10, 250</column>
<column name="v0_42_d0">9, 22, 32, 704</column>
<column name="v0_43_address0">10, 25, 10, 250</column>
<column name="v0_43_d0">9, 22, 32, 704</column>
<column name="v0_44_address0">10, 25, 10, 250</column>
<column name="v0_44_d0">9, 22, 32, 704</column>
<column name="v0_45_address0">10, 25, 10, 250</column>
<column name="v0_45_d0">9, 22, 32, 704</column>
<column name="v0_46_address0">10, 25, 10, 250</column>
<column name="v0_46_d0">9, 22, 32, 704</column>
<column name="v0_47_address0">10, 25, 10, 250</column>
<column name="v0_47_d0">9, 22, 32, 704</column>
<column name="v0_48_address0">10, 25, 10, 250</column>
<column name="v0_48_d0">9, 22, 32, 704</column>
<column name="v0_49_address0">10, 25, 10, 250</column>
<column name="v0_49_d0">9, 22, 32, 704</column>
<column name="v0_4_address0">10, 25, 10, 250</column>
<column name="v0_4_d0">9, 22, 32, 704</column>
<column name="v0_50_address0">10, 25, 10, 250</column>
<column name="v0_50_d0">9, 22, 32, 704</column>
<column name="v0_51_address0">10, 25, 10, 250</column>
<column name="v0_51_d0">9, 22, 32, 704</column>
<column name="v0_52_address0">10, 25, 10, 250</column>
<column name="v0_52_d0">9, 22, 32, 704</column>
<column name="v0_53_address0">10, 25, 10, 250</column>
<column name="v0_53_d0">9, 22, 32, 704</column>
<column name="v0_54_address0">10, 25, 10, 250</column>
<column name="v0_54_d0">9, 22, 32, 704</column>
<column name="v0_55_address0">10, 25, 10, 250</column>
<column name="v0_55_d0">9, 22, 32, 704</column>
<column name="v0_56_address0">10, 25, 10, 250</column>
<column name="v0_56_d0">9, 22, 32, 704</column>
<column name="v0_57_address0">10, 25, 10, 250</column>
<column name="v0_57_d0">9, 22, 32, 704</column>
<column name="v0_58_address0">10, 25, 10, 250</column>
<column name="v0_58_d0">9, 22, 32, 704</column>
<column name="v0_59_address0">10, 25, 10, 250</column>
<column name="v0_59_d0">9, 22, 32, 704</column>
<column name="v0_5_address0">10, 25, 10, 250</column>
<column name="v0_5_d0">9, 22, 32, 704</column>
<column name="v0_60_address0">10, 25, 10, 250</column>
<column name="v0_60_d0">9, 22, 32, 704</column>
<column name="v0_61_address0">10, 25, 10, 250</column>
<column name="v0_61_d0">9, 22, 32, 704</column>
<column name="v0_62_address0">10, 25, 10, 250</column>
<column name="v0_62_d0">9, 22, 32, 704</column>
<column name="v0_63_address0">10, 25, 10, 250</column>
<column name="v0_63_d0">9, 22, 32, 704</column>
<column name="v0_6_address0">10, 25, 10, 250</column>
<column name="v0_6_d0">9, 22, 32, 704</column>
<column name="v0_7_address0">10, 25, 10, 250</column>
<column name="v0_7_d0">9, 22, 32, 704</column>
<column name="v0_8_address0">10, 25, 10, 250</column>
<column name="v0_8_d0">9, 22, 32, 704</column>
<column name="v0_9_address0">10, 25, 10, 250</column>
<column name="v0_9_d0">9, 22, 32, 704</column>
<column name="v10_0_reg_15495">3, 2, 2, 4</column>
<column name="v11_0_reg_15506">3, 2, 5, 10</column>
<column name="v14_0_reg_15517">3, 2, 5, 10</column>
<column name="v1_0_address0">4, 5, 4, 20</column>
<column name="v1_0_address1">4, 5, 4, 20</column>
<column name="v1_10_address0">4, 5, 4, 20</column>
<column name="v1_10_address1">4, 5, 4, 20</column>
<column name="v1_11_address0">4, 5, 4, 20</column>
<column name="v1_11_address1">4, 5, 4, 20</column>
<column name="v1_12_address0">4, 5, 4, 20</column>
<column name="v1_12_address1">4, 5, 4, 20</column>
<column name="v1_13_address0">4, 5, 4, 20</column>
<column name="v1_13_address1">4, 5, 4, 20</column>
<column name="v1_14_address0">4, 5, 4, 20</column>
<column name="v1_14_address1">4, 5, 4, 20</column>
<column name="v1_15_address0">4, 5, 4, 20</column>
<column name="v1_15_address1">4, 5, 4, 20</column>
<column name="v1_1_address0">4, 5, 4, 20</column>
<column name="v1_1_address1">4, 5, 4, 20</column>
<column name="v1_2_address0">4, 5, 4, 20</column>
<column name="v1_2_address1">4, 5, 4, 20</column>
<column name="v1_3_address0">4, 5, 4, 20</column>
<column name="v1_3_address1">4, 5, 4, 20</column>
<column name="v1_4_address0">4, 5, 4, 20</column>
<column name="v1_4_address1">4, 5, 4, 20</column>
<column name="v1_5_address0">4, 5, 4, 20</column>
<column name="v1_5_address1">4, 5, 4, 20</column>
<column name="v1_6_address0">4, 5, 4, 20</column>
<column name="v1_6_address1">4, 5, 4, 20</column>
<column name="v1_7_address0">4, 5, 4, 20</column>
<column name="v1_7_address1">4, 5, 4, 20</column>
<column name="v1_8_address0">4, 5, 4, 20</column>
<column name="v1_8_address1">4, 5, 4, 20</column>
<column name="v1_9_address0">4, 5, 4, 20</column>
<column name="v1_9_address1">4, 5, 4, 20</column>
</table>
</item>
<item name = "Register"><table name="" hasTotal="1">
<keys size="5">Name, FF, LUT, Bits, Const Bits</keys>
<column name="add_ln123_reg_18462">6, 0, 6, 0</column>
<column name="add_ln124_reg_18516">6, 0, 6, 0</column>
<column name="add_ln129_10_reg_18507">6, 0, 6, 0</column>
<column name="add_ln129_11_reg_18630">6, 0, 6, 0</column>
<column name="add_ln129_12_reg_18719">6, 0, 6, 0</column>
<column name="add_ln1_reg_18536">6, 0, 8, 2</column>
<column name="ap_CS_fsm">12, 0, 12, 0</column>
<column name="ap_enable_reg_pp0_iter0">1, 0, 1, 0</column>
<column name="ap_enable_reg_pp0_iter1">1, 0, 1, 0</column>
<column name="ap_enable_reg_pp1_iter0">1, 0, 1, 0</column>
<column name="ap_enable_reg_pp1_iter1">1, 0, 1, 0</column>
<column name="icmp_ln124_reg_18512">1, 0, 1, 0</column>
<column name="indvar_flatten_reg_15484">6, 0, 6, 0</column>
<column name="lshr_ln128_7_reg_19084">4, 0, 4, 0</column>
<column name="lshr_ln129_1_reg_18723">10, 0, 10, 0</column>
<column name="lshr_ln129_2_reg_18728">10, 0, 10, 0</column>
<column name="lshr_ln129_3_reg_18733">10, 0, 10, 0</column>
<column name="lshr_ln129_4_reg_18738">10, 0, 10, 0</column>
<column name="lshr_ln129_5_reg_18743">10, 0, 10, 0</column>
<column name="lshr_ln129_6_reg_18748">10, 0, 10, 0</column>
<column name="lshr_ln129_7_reg_18753">10, 0, 10, 0</column>
<column name="lshr_ln1_reg_18634">10, 0, 10, 0</column>
<column name="lshr_ln_reg_18543">2, 0, 4, 2</column>
<column name="reg_15666">32, 0, 32, 0</column>
<column name="reg_15734">32, 0, 32, 0</column>
<column name="select_ln124_reg_18526">2, 0, 2, 0</column>
<column name="select_ln125_reg_18521">5, 0, 5, 0</column>
<column name="tmp3_1_reg_18472">8, 0, 16, 8</column>
<column name="tmp3_2_reg_18477">8, 0, 16, 8</column>
<column name="tmp3_3_reg_18482">8, 0, 16, 8</column>
<column name="tmp3_4_reg_18487">8, 0, 16, 8</column>
<column name="tmp3_5_reg_18492">8, 0, 16, 8</column>
<column name="tmp3_6_reg_18497">8, 0, 16, 8</column>
<column name="tmp3_7_reg_18502">8, 0, 16, 8</column>
<column name="tmp3_reg_18467">8, 0, 16, 8</column>
<column name="tmp412_reg_19404">9, 0, 9, 0</column>
<column name="tmp8_reg_19390">9, 0, 9, 0</column>
<column name="tmp_9_reg_19089">32, 0, 32, 0</column>
<column name="tmp_s_reg_19317">32, 0, 32, 0</column>
<column name="trunc_ln122_reg_18443">6, 0, 6, 0</column>
<column name="trunc_ln128_reg_18531">4, 0, 4, 0</column>
<column name="trunc_ln1_reg_18457">2, 0, 6, 4</column>
<column name="v10_0_reg_15495">2, 0, 2, 0</column>
<column name="v11_0_reg_15506">5, 0, 5, 0</column>
<column name="v11_reg_19385">5, 0, 5, 0</column>
<column name="v14_0_reg_15517">5, 0, 5, 0</column>
<column name="zext_ln122_1_reg_18447">8, 0, 9, 1</column>
<column name="zext_ln122_reg_18438">8, 0, 9, 1</column>
<column name="zext_ln123_reg_18452">4, 0, 9, 5</column>
<column name="zext_ln128_reg_18758">4, 0, 32, 28</column>
</table>
</item>
</section>
</item>
</section>

<section name = "Interface" level="0">
<item name = "Summary"><table name="" hasTotal="0">
<keys size="6">RTL Ports, Dir, Bits, Protocol, Source Object, C Type</keys>
<column name="ap_clk">in, 1, ap_ctrl_hs, perimeter_store, return value</column>
<column name="ap_rst">in, 1, ap_ctrl_hs, perimeter_store, return value</column>
<column name="ap_start">in, 1, ap_ctrl_hs, perimeter_store, return value</column>
<column name="ap_done">out, 1, ap_ctrl_hs, perimeter_store, return value</column>
<column name="ap_idle">out, 1, ap_ctrl_hs, perimeter_store, return value</column>
<column name="ap_ready">out, 1, ap_ctrl_hs, perimeter_store, return value</column>
<column name="v0_0_address0">out, 10, ap_memory, v0_0, array</column>
<column name="v0_0_ce0">out, 1, ap_memory, v0_0, array</column>
<column name="v0_0_we0">out, 1, ap_memory, v0_0, array</column>
<column name="v0_0_d0">out, 32, ap_memory, v0_0, array</column>
<column name="v0_1_address0">out, 10, ap_memory, v0_1, array</column>
<column name="v0_1_ce0">out, 1, ap_memory, v0_1, array</column>
<column name="v0_1_we0">out, 1, ap_memory, v0_1, array</column>
<column name="v0_1_d0">out, 32, ap_memory, v0_1, array</column>
<column name="v0_2_address0">out, 10, ap_memory, v0_2, array</column>
<column name="v0_2_ce0">out, 1, ap_memory, v0_2, array</column>
<column name="v0_2_we0">out, 1, ap_memory, v0_2, array</column>
<column name="v0_2_d0">out, 32, ap_memory, v0_2, array</column>
<column name="v0_3_address0">out, 10, ap_memory, v0_3, array</column>
<column name="v0_3_ce0">out, 1, ap_memory, v0_3, array</column>
<column name="v0_3_we0">out, 1, ap_memory, v0_3, array</column>
<column name="v0_3_d0">out, 32, ap_memory, v0_3, array</column>
<column name="v0_4_address0">out, 10, ap_memory, v0_4, array</column>
<column name="v0_4_ce0">out, 1, ap_memory, v0_4, array</column>
<column name="v0_4_we0">out, 1, ap_memory, v0_4, array</column>
<column name="v0_4_d0">out, 32, ap_memory, v0_4, array</column>
<column name="v0_5_address0">out, 10, ap_memory, v0_5, array</column>
<column name="v0_5_ce0">out, 1, ap_memory, v0_5, array</column>
<column name="v0_5_we0">out, 1, ap_memory, v0_5, array</column>
<column name="v0_5_d0">out, 32, ap_memory, v0_5, array</column>
<column name="v0_6_address0">out, 10, ap_memory, v0_6, array</column>
<column name="v0_6_ce0">out, 1, ap_memory, v0_6, array</column>
<column name="v0_6_we0">out, 1, ap_memory, v0_6, array</column>
<column name="v0_6_d0">out, 32, ap_memory, v0_6, array</column>
<column name="v0_7_address0">out, 10, ap_memory, v0_7, array</column>
<column name="v0_7_ce0">out, 1, ap_memory, v0_7, array</column>
<column name="v0_7_we0">out, 1, ap_memory, v0_7, array</column>
<column name="v0_7_d0">out, 32, ap_memory, v0_7, array</column>
<column name="v0_8_address0">out, 10, ap_memory, v0_8, array</column>
<column name="v0_8_ce0">out, 1, ap_memory, v0_8, array</column>
<column name="v0_8_we0">out, 1, ap_memory, v0_8, array</column>
<column name="v0_8_d0">out, 32, ap_memory, v0_8, array</column>
<column name="v0_9_address0">out, 10, ap_memory, v0_9, array</column>
<column name="v0_9_ce0">out, 1, ap_memory, v0_9, array</column>
<column name="v0_9_we0">out, 1, ap_memory, v0_9, array</column>
<column name="v0_9_d0">out, 32, ap_memory, v0_9, array</column>
<column name="v0_10_address0">out, 10, ap_memory, v0_10, array</column>
<column name="v0_10_ce0">out, 1, ap_memory, v0_10, array</column>
<column name="v0_10_we0">out, 1, ap_memory, v0_10, array</column>
<column name="v0_10_d0">out, 32, ap_memory, v0_10, array</column>
<column name="v0_11_address0">out, 10, ap_memory, v0_11, array</column>
<column name="v0_11_ce0">out, 1, ap_memory, v0_11, array</column>
<column name="v0_11_we0">out, 1, ap_memory, v0_11, array</column>
<column name="v0_11_d0">out, 32, ap_memory, v0_11, array</column>
<column name="v0_12_address0">out, 10, ap_memory, v0_12, array</column>
<column name="v0_12_ce0">out, 1, ap_memory, v0_12, array</column>
<column name="v0_12_we0">out, 1, ap_memory, v0_12, array</column>
<column name="v0_12_d0">out, 32, ap_memory, v0_12, array</column>
<column name="v0_13_address0">out, 10, ap_memory, v0_13, array</column>
<column name="v0_13_ce0">out, 1, ap_memory, v0_13, array</column>
<column name="v0_13_we0">out, 1, ap_memory, v0_13, array</column>
<column name="v0_13_d0">out, 32, ap_memory, v0_13, array</column>
<column name="v0_14_address0">out, 10, ap_memory, v0_14, array</column>
<column name="v0_14_ce0">out, 1, ap_memory, v0_14, array</column>
<column name="v0_14_we0">out, 1, ap_memory, v0_14, array</column>
<column name="v0_14_d0">out, 32, ap_memory, v0_14, array</column>
<column name="v0_15_address0">out, 10, ap_memory, v0_15, array</column>
<column name="v0_15_ce0">out, 1, ap_memory, v0_15, array</column>
<column name="v0_15_we0">out, 1, ap_memory, v0_15, array</column>
<column name="v0_15_d0">out, 32, ap_memory, v0_15, array</column>
<column name="v0_16_address0">out, 10, ap_memory, v0_16, array</column>
<column name="v0_16_ce0">out, 1, ap_memory, v0_16, array</column>
<column name="v0_16_we0">out, 1, ap_memory, v0_16, array</column>
<column name="v0_16_d0">out, 32, ap_memory, v0_16, array</column>
<column name="v0_17_address0">out, 10, ap_memory, v0_17, array</column>
<column name="v0_17_ce0">out, 1, ap_memory, v0_17, array</column>
<column name="v0_17_we0">out, 1, ap_memory, v0_17, array</column>
<column name="v0_17_d0">out, 32, ap_memory, v0_17, array</column>
<column name="v0_18_address0">out, 10, ap_memory, v0_18, array</column>
<column name="v0_18_ce0">out, 1, ap_memory, v0_18, array</column>
<column name="v0_18_we0">out, 1, ap_memory, v0_18, array</column>
<column name="v0_18_d0">out, 32, ap_memory, v0_18, array</column>
<column name="v0_19_address0">out, 10, ap_memory, v0_19, array</column>
<column name="v0_19_ce0">out, 1, ap_memory, v0_19, array</column>
<column name="v0_19_we0">out, 1, ap_memory, v0_19, array</column>
<column name="v0_19_d0">out, 32, ap_memory, v0_19, array</column>
<column name="v0_20_address0">out, 10, ap_memory, v0_20, array</column>
<column name="v0_20_ce0">out, 1, ap_memory, v0_20, array</column>
<column name="v0_20_we0">out, 1, ap_memory, v0_20, array</column>
<column name="v0_20_d0">out, 32, ap_memory, v0_20, array</column>
<column name="v0_21_address0">out, 10, ap_memory, v0_21, array</column>
<column name="v0_21_ce0">out, 1, ap_memory, v0_21, array</column>
<column name="v0_21_we0">out, 1, ap_memory, v0_21, array</column>
<column name="v0_21_d0">out, 32, ap_memory, v0_21, array</column>
<column name="v0_22_address0">out, 10, ap_memory, v0_22, array</column>
<column name="v0_22_ce0">out, 1, ap_memory, v0_22, array</column>
<column name="v0_22_we0">out, 1, ap_memory, v0_22, array</column>
<column name="v0_22_d0">out, 32, ap_memory, v0_22, array</column>
<column name="v0_23_address0">out, 10, ap_memory, v0_23, array</column>
<column name="v0_23_ce0">out, 1, ap_memory, v0_23, array</column>
<column name="v0_23_we0">out, 1, ap_memory, v0_23, array</column>
<column name="v0_23_d0">out, 32, ap_memory, v0_23, array</column>
<column name="v0_24_address0">out, 10, ap_memory, v0_24, array</column>
<column name="v0_24_ce0">out, 1, ap_memory, v0_24, array</column>
<column name="v0_24_we0">out, 1, ap_memory, v0_24, array</column>
<column name="v0_24_d0">out, 32, ap_memory, v0_24, array</column>
<column name="v0_25_address0">out, 10, ap_memory, v0_25, array</column>
<column name="v0_25_ce0">out, 1, ap_memory, v0_25, array</column>
<column name="v0_25_we0">out, 1, ap_memory, v0_25, array</column>
<column name="v0_25_d0">out, 32, ap_memory, v0_25, array</column>
<column name="v0_26_address0">out, 10, ap_memory, v0_26, array</column>
<column name="v0_26_ce0">out, 1, ap_memory, v0_26, array</column>
<column name="v0_26_we0">out, 1, ap_memory, v0_26, array</column>
<column name="v0_26_d0">out, 32, ap_memory, v0_26, array</column>
<column name="v0_27_address0">out, 10, ap_memory, v0_27, array</column>
<column name="v0_27_ce0">out, 1, ap_memory, v0_27, array</column>
<column name="v0_27_we0">out, 1, ap_memory, v0_27, array</column>
<column name="v0_27_d0">out, 32, ap_memory, v0_27, array</column>
<column name="v0_28_address0">out, 10, ap_memory, v0_28, array</column>
<column name="v0_28_ce0">out, 1, ap_memory, v0_28, array</column>
<column name="v0_28_we0">out, 1, ap_memory, v0_28, array</column>
<column name="v0_28_d0">out, 32, ap_memory, v0_28, array</column>
<column name="v0_29_address0">out, 10, ap_memory, v0_29, array</column>
<column name="v0_29_ce0">out, 1, ap_memory, v0_29, array</column>
<column name="v0_29_we0">out, 1, ap_memory, v0_29, array</column>
<column name="v0_29_d0">out, 32, ap_memory, v0_29, array</column>
<column name="v0_30_address0">out, 10, ap_memory, v0_30, array</column>
<column name="v0_30_ce0">out, 1, ap_memory, v0_30, array</column>
<column name="v0_30_we0">out, 1, ap_memory, v0_30, array</column>
<column name="v0_30_d0">out, 32, ap_memory, v0_30, array</column>
<column name="v0_31_address0">out, 10, ap_memory, v0_31, array</column>
<column name="v0_31_ce0">out, 1, ap_memory, v0_31, array</column>
<column name="v0_31_we0">out, 1, ap_memory, v0_31, array</column>
<column name="v0_31_d0">out, 32, ap_memory, v0_31, array</column>
<column name="v0_32_address0">out, 10, ap_memory, v0_32, array</column>
<column name="v0_32_ce0">out, 1, ap_memory, v0_32, array</column>
<column name="v0_32_we0">out, 1, ap_memory, v0_32, array</column>
<column name="v0_32_d0">out, 32, ap_memory, v0_32, array</column>
<column name="v0_33_address0">out, 10, ap_memory, v0_33, array</column>
<column name="v0_33_ce0">out, 1, ap_memory, v0_33, array</column>
<column name="v0_33_we0">out, 1, ap_memory, v0_33, array</column>
<column name="v0_33_d0">out, 32, ap_memory, v0_33, array</column>
<column name="v0_34_address0">out, 10, ap_memory, v0_34, array</column>
<column name="v0_34_ce0">out, 1, ap_memory, v0_34, array</column>
<column name="v0_34_we0">out, 1, ap_memory, v0_34, array</column>
<column name="v0_34_d0">out, 32, ap_memory, v0_34, array</column>
<column name="v0_35_address0">out, 10, ap_memory, v0_35, array</column>
<column name="v0_35_ce0">out, 1, ap_memory, v0_35, array</column>
<column name="v0_35_we0">out, 1, ap_memory, v0_35, array</column>
<column name="v0_35_d0">out, 32, ap_memory, v0_35, array</column>
<column name="v0_36_address0">out, 10, ap_memory, v0_36, array</column>
<column name="v0_36_ce0">out, 1, ap_memory, v0_36, array</column>
<column name="v0_36_we0">out, 1, ap_memory, v0_36, array</column>
<column name="v0_36_d0">out, 32, ap_memory, v0_36, array</column>
<column name="v0_37_address0">out, 10, ap_memory, v0_37, array</column>
<column name="v0_37_ce0">out, 1, ap_memory, v0_37, array</column>
<column name="v0_37_we0">out, 1, ap_memory, v0_37, array</column>
<column name="v0_37_d0">out, 32, ap_memory, v0_37, array</column>
<column name="v0_38_address0">out, 10, ap_memory, v0_38, array</column>
<column name="v0_38_ce0">out, 1, ap_memory, v0_38, array</column>
<column name="v0_38_we0">out, 1, ap_memory, v0_38, array</column>
<column name="v0_38_d0">out, 32, ap_memory, v0_38, array</column>
<column name="v0_39_address0">out, 10, ap_memory, v0_39, array</column>
<column name="v0_39_ce0">out, 1, ap_memory, v0_39, array</column>
<column name="v0_39_we0">out, 1, ap_memory, v0_39, array</column>
<column name="v0_39_d0">out, 32, ap_memory, v0_39, array</column>
<column name="v0_40_address0">out, 10, ap_memory, v0_40, array</column>
<column name="v0_40_ce0">out, 1, ap_memory, v0_40, array</column>
<column name="v0_40_we0">out, 1, ap_memory, v0_40, array</column>
<column name="v0_40_d0">out, 32, ap_memory, v0_40, array</column>
<column name="v0_41_address0">out, 10, ap_memory, v0_41, array</column>
<column name="v0_41_ce0">out, 1, ap_memory, v0_41, array</column>
<column name="v0_41_we0">out, 1, ap_memory, v0_41, array</column>
<column name="v0_41_d0">out, 32, ap_memory, v0_41, array</column>
<column name="v0_42_address0">out, 10, ap_memory, v0_42, array</column>
<column name="v0_42_ce0">out, 1, ap_memory, v0_42, array</column>
<column name="v0_42_we0">out, 1, ap_memory, v0_42, array</column>
<column name="v0_42_d0">out, 32, ap_memory, v0_42, array</column>
<column name="v0_43_address0">out, 10, ap_memory, v0_43, array</column>
<column name="v0_43_ce0">out, 1, ap_memory, v0_43, array</column>
<column name="v0_43_we0">out, 1, ap_memory, v0_43, array</column>
<column name="v0_43_d0">out, 32, ap_memory, v0_43, array</column>
<column name="v0_44_address0">out, 10, ap_memory, v0_44, array</column>
<column name="v0_44_ce0">out, 1, ap_memory, v0_44, array</column>
<column name="v0_44_we0">out, 1, ap_memory, v0_44, array</column>
<column name="v0_44_d0">out, 32, ap_memory, v0_44, array</column>
<column name="v0_45_address0">out, 10, ap_memory, v0_45, array</column>
<column name="v0_45_ce0">out, 1, ap_memory, v0_45, array</column>
<column name="v0_45_we0">out, 1, ap_memory, v0_45, array</column>
<column name="v0_45_d0">out, 32, ap_memory, v0_45, array</column>
<column name="v0_46_address0">out, 10, ap_memory, v0_46, array</column>
<column name="v0_46_ce0">out, 1, ap_memory, v0_46, array</column>
<column name="v0_46_we0">out, 1, ap_memory, v0_46, array</column>
<column name="v0_46_d0">out, 32, ap_memory, v0_46, array</column>
<column name="v0_47_address0">out, 10, ap_memory, v0_47, array</column>
<column name="v0_47_ce0">out, 1, ap_memory, v0_47, array</column>
<column name="v0_47_we0">out, 1, ap_memory, v0_47, array</column>
<column name="v0_47_d0">out, 32, ap_memory, v0_47, array</column>
<column name="v0_48_address0">out, 10, ap_memory, v0_48, array</column>
<column name="v0_48_ce0">out, 1, ap_memory, v0_48, array</column>
<column name="v0_48_we0">out, 1, ap_memory, v0_48, array</column>
<column name="v0_48_d0">out, 32, ap_memory, v0_48, array</column>
<column name="v0_49_address0">out, 10, ap_memory, v0_49, array</column>
<column name="v0_49_ce0">out, 1, ap_memory, v0_49, array</column>
<column name="v0_49_we0">out, 1, ap_memory, v0_49, array</column>
<column name="v0_49_d0">out, 32, ap_memory, v0_49, array</column>
<column name="v0_50_address0">out, 10, ap_memory, v0_50, array</column>
<column name="v0_50_ce0">out, 1, ap_memory, v0_50, array</column>
<column name="v0_50_we0">out, 1, ap_memory, v0_50, array</column>
<column name="v0_50_d0">out, 32, ap_memory, v0_50, array</column>
<column name="v0_51_address0">out, 10, ap_memory, v0_51, array</column>
<column name="v0_51_ce0">out, 1, ap_memory, v0_51, array</column>
<column name="v0_51_we0">out, 1, ap_memory, v0_51, array</column>
<column name="v0_51_d0">out, 32, ap_memory, v0_51, array</column>
<column name="v0_52_address0">out, 10, ap_memory, v0_52, array</column>
<column name="v0_52_ce0">out, 1, ap_memory, v0_52, array</column>
<column name="v0_52_we0">out, 1, ap_memory, v0_52, array</column>
<column name="v0_52_d0">out, 32, ap_memory, v0_52, array</column>
<column name="v0_53_address0">out, 10, ap_memory, v0_53, array</column>
<column name="v0_53_ce0">out, 1, ap_memory, v0_53, array</column>
<column name="v0_53_we0">out, 1, ap_memory, v0_53, array</column>
<column name="v0_53_d0">out, 32, ap_memory, v0_53, array</column>
<column name="v0_54_address0">out, 10, ap_memory, v0_54, array</column>
<column name="v0_54_ce0">out, 1, ap_memory, v0_54, array</column>
<column name="v0_54_we0">out, 1, ap_memory, v0_54, array</column>
<column name="v0_54_d0">out, 32, ap_memory, v0_54, array</column>
<column name="v0_55_address0">out, 10, ap_memory, v0_55, array</column>
<column name="v0_55_ce0">out, 1, ap_memory, v0_55, array</column>
<column name="v0_55_we0">out, 1, ap_memory, v0_55, array</column>
<column name="v0_55_d0">out, 32, ap_memory, v0_55, array</column>
<column name="v0_56_address0">out, 10, ap_memory, v0_56, array</column>
<column name="v0_56_ce0">out, 1, ap_memory, v0_56, array</column>
<column name="v0_56_we0">out, 1, ap_memory, v0_56, array</column>
<column name="v0_56_d0">out, 32, ap_memory, v0_56, array</column>
<column name="v0_57_address0">out, 10, ap_memory, v0_57, array</column>
<column name="v0_57_ce0">out, 1, ap_memory, v0_57, array</column>
<column name="v0_57_we0">out, 1, ap_memory, v0_57, array</column>
<column name="v0_57_d0">out, 32, ap_memory, v0_57, array</column>
<column name="v0_58_address0">out, 10, ap_memory, v0_58, array</column>
<column name="v0_58_ce0">out, 1, ap_memory, v0_58, array</column>
<column name="v0_58_we0">out, 1, ap_memory, v0_58, array</column>
<column name="v0_58_d0">out, 32, ap_memory, v0_58, array</column>
<column name="v0_59_address0">out, 10, ap_memory, v0_59, array</column>
<column name="v0_59_ce0">out, 1, ap_memory, v0_59, array</column>
<column name="v0_59_we0">out, 1, ap_memory, v0_59, array</column>
<column name="v0_59_d0">out, 32, ap_memory, v0_59, array</column>
<column name="v0_60_address0">out, 10, ap_memory, v0_60, array</column>
<column name="v0_60_ce0">out, 1, ap_memory, v0_60, array</column>
<column name="v0_60_we0">out, 1, ap_memory, v0_60, array</column>
<column name="v0_60_d0">out, 32, ap_memory, v0_60, array</column>
<column name="v0_61_address0">out, 10, ap_memory, v0_61, array</column>
<column name="v0_61_ce0">out, 1, ap_memory, v0_61, array</column>
<column name="v0_61_we0">out, 1, ap_memory, v0_61, array</column>
<column name="v0_61_d0">out, 32, ap_memory, v0_61, array</column>
<column name="v0_62_address0">out, 10, ap_memory, v0_62, array</column>
<column name="v0_62_ce0">out, 1, ap_memory, v0_62, array</column>
<column name="v0_62_we0">out, 1, ap_memory, v0_62, array</column>
<column name="v0_62_d0">out, 32, ap_memory, v0_62, array</column>
<column name="v0_63_address0">out, 10, ap_memory, v0_63, array</column>
<column name="v0_63_ce0">out, 1, ap_memory, v0_63, array</column>
<column name="v0_63_we0">out, 1, ap_memory, v0_63, array</column>
<column name="v0_63_d0">out, 32, ap_memory, v0_63, array</column>
<column name="v1_0_address0">out, 4, ap_memory, v1_0, array</column>
<column name="v1_0_ce0">out, 1, ap_memory, v1_0, array</column>
<column name="v1_0_q0">in, 32, ap_memory, v1_0, array</column>
<column name="v1_0_address1">out, 4, ap_memory, v1_0, array</column>
<column name="v1_0_ce1">out, 1, ap_memory, v1_0, array</column>
<column name="v1_0_q1">in, 32, ap_memory, v1_0, array</column>
<column name="v1_1_address0">out, 4, ap_memory, v1_1, array</column>
<column name="v1_1_ce0">out, 1, ap_memory, v1_1, array</column>
<column name="v1_1_q0">in, 32, ap_memory, v1_1, array</column>
<column name="v1_1_address1">out, 4, ap_memory, v1_1, array</column>
<column name="v1_1_ce1">out, 1, ap_memory, v1_1, array</column>
<column name="v1_1_q1">in, 32, ap_memory, v1_1, array</column>
<column name="v1_2_address0">out, 4, ap_memory, v1_2, array</column>
<column name="v1_2_ce0">out, 1, ap_memory, v1_2, array</column>
<column name="v1_2_q0">in, 32, ap_memory, v1_2, array</column>
<column name="v1_2_address1">out, 4, ap_memory, v1_2, array</column>
<column name="v1_2_ce1">out, 1, ap_memory, v1_2, array</column>
<column name="v1_2_q1">in, 32, ap_memory, v1_2, array</column>
<column name="v1_3_address0">out, 4, ap_memory, v1_3, array</column>
<column name="v1_3_ce0">out, 1, ap_memory, v1_3, array</column>
<column name="v1_3_q0">in, 32, ap_memory, v1_3, array</column>
<column name="v1_3_address1">out, 4, ap_memory, v1_3, array</column>
<column name="v1_3_ce1">out, 1, ap_memory, v1_3, array</column>
<column name="v1_3_q1">in, 32, ap_memory, v1_3, array</column>
<column name="v1_4_address0">out, 4, ap_memory, v1_4, array</column>
<column name="v1_4_ce0">out, 1, ap_memory, v1_4, array</column>
<column name="v1_4_q0">in, 32, ap_memory, v1_4, array</column>
<column name="v1_4_address1">out, 4, ap_memory, v1_4, array</column>
<column name="v1_4_ce1">out, 1, ap_memory, v1_4, array</column>
<column name="v1_4_q1">in, 32, ap_memory, v1_4, array</column>
<column name="v1_5_address0">out, 4, ap_memory, v1_5, array</column>
<column name="v1_5_ce0">out, 1, ap_memory, v1_5, array</column>
<column name="v1_5_q0">in, 32, ap_memory, v1_5, array</column>
<column name="v1_5_address1">out, 4, ap_memory, v1_5, array</column>
<column name="v1_5_ce1">out, 1, ap_memory, v1_5, array</column>
<column name="v1_5_q1">in, 32, ap_memory, v1_5, array</column>
<column name="v1_6_address0">out, 4, ap_memory, v1_6, array</column>
<column name="v1_6_ce0">out, 1, ap_memory, v1_6, array</column>
<column name="v1_6_q0">in, 32, ap_memory, v1_6, array</column>
<column name="v1_6_address1">out, 4, ap_memory, v1_6, array</column>
<column name="v1_6_ce1">out, 1, ap_memory, v1_6, array</column>
<column name="v1_6_q1">in, 32, ap_memory, v1_6, array</column>
<column name="v1_7_address0">out, 4, ap_memory, v1_7, array</column>
<column name="v1_7_ce0">out, 1, ap_memory, v1_7, array</column>
<column name="v1_7_q0">in, 32, ap_memory, v1_7, array</column>
<column name="v1_7_address1">out, 4, ap_memory, v1_7, array</column>
<column name="v1_7_ce1">out, 1, ap_memory, v1_7, array</column>
<column name="v1_7_q1">in, 32, ap_memory, v1_7, array</column>
<column name="v1_8_address0">out, 4, ap_memory, v1_8, array</column>
<column name="v1_8_ce0">out, 1, ap_memory, v1_8, array</column>
<column name="v1_8_q0">in, 32, ap_memory, v1_8, array</column>
<column name="v1_8_address1">out, 4, ap_memory, v1_8, array</column>
<column name="v1_8_ce1">out, 1, ap_memory, v1_8, array</column>
<column name="v1_8_q1">in, 32, ap_memory, v1_8, array</column>
<column name="v1_9_address0">out, 4, ap_memory, v1_9, array</column>
<column name="v1_9_ce0">out, 1, ap_memory, v1_9, array</column>
<column name="v1_9_q0">in, 32, ap_memory, v1_9, array</column>
<column name="v1_9_address1">out, 4, ap_memory, v1_9, array</column>
<column name="v1_9_ce1">out, 1, ap_memory, v1_9, array</column>
<column name="v1_9_q1">in, 32, ap_memory, v1_9, array</column>
<column name="v1_10_address0">out, 4, ap_memory, v1_10, array</column>
<column name="v1_10_ce0">out, 1, ap_memory, v1_10, array</column>
<column name="v1_10_q0">in, 32, ap_memory, v1_10, array</column>
<column name="v1_10_address1">out, 4, ap_memory, v1_10, array</column>
<column name="v1_10_ce1">out, 1, ap_memory, v1_10, array</column>
<column name="v1_10_q1">in, 32, ap_memory, v1_10, array</column>
<column name="v1_11_address0">out, 4, ap_memory, v1_11, array</column>
<column name="v1_11_ce0">out, 1, ap_memory, v1_11, array</column>
<column name="v1_11_q0">in, 32, ap_memory, v1_11, array</column>
<column name="v1_11_address1">out, 4, ap_memory, v1_11, array</column>
<column name="v1_11_ce1">out, 1, ap_memory, v1_11, array</column>
<column name="v1_11_q1">in, 32, ap_memory, v1_11, array</column>
<column name="v1_12_address0">out, 4, ap_memory, v1_12, array</column>
<column name="v1_12_ce0">out, 1, ap_memory, v1_12, array</column>
<column name="v1_12_q0">in, 32, ap_memory, v1_12, array</column>
<column name="v1_12_address1">out, 4, ap_memory, v1_12, array</column>
<column name="v1_12_ce1">out, 1, ap_memory, v1_12, array</column>
<column name="v1_12_q1">in, 32, ap_memory, v1_12, array</column>
<column name="v1_13_address0">out, 4, ap_memory, v1_13, array</column>
<column name="v1_13_ce0">out, 1, ap_memory, v1_13, array</column>
<column name="v1_13_q0">in, 32, ap_memory, v1_13, array</column>
<column name="v1_13_address1">out, 4, ap_memory, v1_13, array</column>
<column name="v1_13_ce1">out, 1, ap_memory, v1_13, array</column>
<column name="v1_13_q1">in, 32, ap_memory, v1_13, array</column>
<column name="v1_14_address0">out, 4, ap_memory, v1_14, array</column>
<column name="v1_14_ce0">out, 1, ap_memory, v1_14, array</column>
<column name="v1_14_q0">in, 32, ap_memory, v1_14, array</column>
<column name="v1_14_address1">out, 4, ap_memory, v1_14, array</column>
<column name="v1_14_ce1">out, 1, ap_memory, v1_14, array</column>
<column name="v1_14_q1">in, 32, ap_memory, v1_14, array</column>
<column name="v1_15_address0">out, 4, ap_memory, v1_15, array</column>
<column name="v1_15_ce0">out, 1, ap_memory, v1_15, array</column>
<column name="v1_15_q0">in, 32, ap_memory, v1_15, array</column>
<column name="v1_15_address1">out, 4, ap_memory, v1_15, array</column>
<column name="v1_15_ce1">out, 1, ap_memory, v1_15, array</column>
<column name="v1_15_q1">in, 32, ap_memory, v1_15, array</column>
<column name="v2_0_address0">out, 4, ap_memory, v2_0, array</column>
<column name="v2_0_ce0">out, 1, ap_memory, v2_0, array</column>
<column name="v2_0_q0">in, 32, ap_memory, v2_0, array</column>
<column name="v2_1_address0">out, 4, ap_memory, v2_1, array</column>
<column name="v2_1_ce0">out, 1, ap_memory, v2_1, array</column>
<column name="v2_1_q0">in, 32, ap_memory, v2_1, array</column>
<column name="v2_2_address0">out, 4, ap_memory, v2_2, array</column>
<column name="v2_2_ce0">out, 1, ap_memory, v2_2, array</column>
<column name="v2_2_q0">in, 32, ap_memory, v2_2, array</column>
<column name="v2_3_address0">out, 4, ap_memory, v2_3, array</column>
<column name="v2_3_ce0">out, 1, ap_memory, v2_3, array</column>
<column name="v2_3_q0">in, 32, ap_memory, v2_3, array</column>
<column name="v2_4_address0">out, 4, ap_memory, v2_4, array</column>
<column name="v2_4_ce0">out, 1, ap_memory, v2_4, array</column>
<column name="v2_4_q0">in, 32, ap_memory, v2_4, array</column>
<column name="v2_5_address0">out, 4, ap_memory, v2_5, array</column>
<column name="v2_5_ce0">out, 1, ap_memory, v2_5, array</column>
<column name="v2_5_q0">in, 32, ap_memory, v2_5, array</column>
<column name="v2_6_address0">out, 4, ap_memory, v2_6, array</column>
<column name="v2_6_ce0">out, 1, ap_memory, v2_6, array</column>
<column name="v2_6_q0">in, 32, ap_memory, v2_6, array</column>
<column name="v2_7_address0">out, 4, ap_memory, v2_7, array</column>
<column name="v2_7_ce0">out, 1, ap_memory, v2_7, array</column>
<column name="v2_7_q0">in, 32, ap_memory, v2_7, array</column>
<column name="v2_8_address0">out, 4, ap_memory, v2_8, array</column>
<column name="v2_8_ce0">out, 1, ap_memory, v2_8, array</column>
<column name="v2_8_q0">in, 32, ap_memory, v2_8, array</column>
<column name="v2_9_address0">out, 4, ap_memory, v2_9, array</column>
<column name="v2_9_ce0">out, 1, ap_memory, v2_9, array</column>
<column name="v2_9_q0">in, 32, ap_memory, v2_9, array</column>
<column name="v2_10_address0">out, 4, ap_memory, v2_10, array</column>
<column name="v2_10_ce0">out, 1, ap_memory, v2_10, array</column>
<column name="v2_10_q0">in, 32, ap_memory, v2_10, array</column>
<column name="v2_11_address0">out, 4, ap_memory, v2_11, array</column>
<column name="v2_11_ce0">out, 1, ap_memory, v2_11, array</column>
<column name="v2_11_q0">in, 32, ap_memory, v2_11, array</column>
<column name="v2_12_address0">out, 4, ap_memory, v2_12, array</column>
<column name="v2_12_ce0">out, 1, ap_memory, v2_12, array</column>
<column name="v2_12_q0">in, 32, ap_memory, v2_12, array</column>
<column name="v2_13_address0">out, 4, ap_memory, v2_13, array</column>
<column name="v2_13_ce0">out, 1, ap_memory, v2_13, array</column>
<column name="v2_13_q0">in, 32, ap_memory, v2_13, array</column>
<column name="v2_14_address0">out, 4, ap_memory, v2_14, array</column>
<column name="v2_14_ce0">out, 1, ap_memory, v2_14, array</column>
<column name="v2_14_q0">in, 32, ap_memory, v2_14, array</column>
<column name="v2_15_address0">out, 4, ap_memory, v2_15, array</column>
<column name="v2_15_ce0">out, 1, ap_memory, v2_15, array</column>
<column name="v2_15_q0">in, 32, ap_memory, v2_15, array</column>
<column name="v3">in, 8, ap_none, v3, scalar</column>
<column name="v4">in, 4, ap_none, v4, scalar</column>
</table>
</item>
</section>
</profile>
