<profile>

<section name = "Vivado HLS Report for 'perimeter_load'" level="0">
<item name = "Date">Thu Jan 26 22:17:41 2023
</item>
<item name = "Version">2019.2 (Build 2704478 on Wed Nov 06 22:10:23 MST 2019)</item>
<item name = "Project">lud</item>
<item name = "Solution">asdse</item>
<item name = "Product family">zynq</item>
<item name = "Target device">xc7z045-ffg900-2</item>
</section>

<section name = "Performance Estimates" level="0">
<item name = "Timing">
<section name = "" level="1">
<item name = "Summary"><table name="" hasTotal="0">
<keys size="4">Clock, Target, Estimated, Uncertainty</keys>
<column name="ap_clk">10.00 ns, 7.425 ns, 1.25 ns</column>
</table>
</item>
</section>
</item>
<item name = "Latency">
<section name = "" level="1">
<item name = "Summary"><table name="" hasTotal="0">
<keys size="8">, min, max, min, max, min, max, Type</keys>
<column name="">260, 260, 2.600 us, 2.600 us, 260, 260, none</column>
</table>
</item>
<item name = "Detail">
<section name = "" level="1">
<item name = "Instance"><table name="" hasTotal="0">
<keys size="9">Instance, Module, min, max, min, max, min, max, Type</keys>
</table>
</item>
<item name = "Loop"><table name="" hasTotal="0">
<keys size="8">Loop Name, min, max, Latency, achieved, target, Count, Pipelined</keys>
<column name="- Loop 1">128, 128, 33, 32, 1, 4, yes</column>
<column name="- Loop 2">128, 128, 65, 64, 1, 2, yes</column>
</table>
</item>
</section>
</item>
</section>
</item>
</section>

<section name = "Utilization Estimates" level="0">
<item name = "Summary"><table name="" hasTotal="1">
<keys size="6">Name, BRAM_18K, DSP48E, FF, LUT, URAM</keys>
<column name="DSP">-, -, -, -, -</column>
<column name="Expression">-, -, 0, 3537, -</column>
<column name="FIFO">-, -, -, -, -</column>
<column name="Instance">-, -, 0, 2080, -</column>
<column name="Memory">-, -, -, -, -</column>
<column name="Multiplexer">-, -, -, 1581, -</column>
<column name="Register">-, -, 988, -, -</column>
<specialColumn name="Available">1090, 900, 437200, 218600, 0</specialColumn>
<specialColumn name="Utilization (%)">0, 0, ~0, 3, 0</specialColumn>
</table>
</item>
<item name = "Detail">
<section name = "" level="1">
<item name = "Instance"><table name="" hasTotal="1">
<keys size="7">Instance, Module, BRAM_18K, DSP48E, FF, LUT, URAM</keys>
<column name="workload_asdse_mubkb_U273">workload_asdse_mubkb, 0, 0, 0, 65, 0</column>
<column name="workload_asdse_mubkb_U274">workload_asdse_mubkb, 0, 0, 0, 65, 0</column>
<column name="workload_asdse_mubkb_U275">workload_asdse_mubkb, 0, 0, 0, 65, 0</column>
<column name="workload_asdse_mubkb_U276">workload_asdse_mubkb, 0, 0, 0, 65, 0</column>
<column name="workload_asdse_mubkb_U277">workload_asdse_mubkb, 0, 0, 0, 65, 0</column>
<column name="workload_asdse_mubkb_U278">workload_asdse_mubkb, 0, 0, 0, 65, 0</column>
<column name="workload_asdse_mubkb_U279">workload_asdse_mubkb, 0, 0, 0, 65, 0</column>
<column name="workload_asdse_mubkb_U280">workload_asdse_mubkb, 0, 0, 0, 65, 0</column>
<column name="workload_asdse_mubkb_U281">workload_asdse_mubkb, 0, 0, 0, 65, 0</column>
<column name="workload_asdse_mubkb_U282">workload_asdse_mubkb, 0, 0, 0, 65, 0</column>
<column name="workload_asdse_mubkb_U283">workload_asdse_mubkb, 0, 0, 0, 65, 0</column>
<column name="workload_asdse_mubkb_U284">workload_asdse_mubkb, 0, 0, 0, 65, 0</column>
<column name="workload_asdse_mubkb_U285">workload_asdse_mubkb, 0, 0, 0, 65, 0</column>
<column name="workload_asdse_mubkb_U286">workload_asdse_mubkb, 0, 0, 0, 65, 0</column>
<column name="workload_asdse_mubkb_U287">workload_asdse_mubkb, 0, 0, 0, 65, 0</column>
<column name="workload_asdse_mubkb_U288">workload_asdse_mubkb, 0, 0, 0, 65, 0</column>
<column name="workload_asdse_mubkb_U289">workload_asdse_mubkb, 0, 0, 0, 65, 0</column>
<column name="workload_asdse_mubkb_U290">workload_asdse_mubkb, 0, 0, 0, 65, 0</column>
<column name="workload_asdse_mubkb_U291">workload_asdse_mubkb, 0, 0, 0, 65, 0</column>
<column name="workload_asdse_mubkb_U292">workload_asdse_mubkb, 0, 0, 0, 65, 0</column>
<column name="workload_asdse_mubkb_U293">workload_asdse_mubkb, 0, 0, 0, 65, 0</column>
<column name="workload_asdse_mubkb_U294">workload_asdse_mubkb, 0, 0, 0, 65, 0</column>
<column name="workload_asdse_mubkb_U295">workload_asdse_mubkb, 0, 0, 0, 65, 0</column>
<column name="workload_asdse_mubkb_U296">workload_asdse_mubkb, 0, 0, 0, 65, 0</column>
<column name="workload_asdse_mubkb_U297">workload_asdse_mubkb, 0, 0, 0, 65, 0</column>
<column name="workload_asdse_mubkb_U298">workload_asdse_mubkb, 0, 0, 0, 65, 0</column>
<column name="workload_asdse_mubkb_U299">workload_asdse_mubkb, 0, 0, 0, 65, 0</column>
<column name="workload_asdse_mubkb_U300">workload_asdse_mubkb, 0, 0, 0, 65, 0</column>
<column name="workload_asdse_mubkb_U301">workload_asdse_mubkb, 0, 0, 0, 65, 0</column>
<column name="workload_asdse_mubkb_U302">workload_asdse_mubkb, 0, 0, 0, 65, 0</column>
<column name="workload_asdse_mubkb_U303">workload_asdse_mubkb, 0, 0, 0, 65, 0</column>
<column name="workload_asdse_mubkb_U304">workload_asdse_mubkb, 0, 0, 0, 65, 0</column>
</table>
</item>
<item name = "DSP48E"><table name="" hasTotal="0">
<keys size="3">Instance, Module, Expression</keys>
</table>
</item>
<item name = "Memory"><table name="" hasTotal="1">
<keys size="10">Memory, Module, BRAM_18K, FF, LUT, URAM, Words, Bits, Banks, W*Bits*Banks</keys>
</table>
</item>
<item name = "FIFO"><table name="" hasTotal="1">
<keys size="8">Name, BRAM_18K, FF, LUT, URAM, Depth, Bits, Size:D*B</keys>
</table>
</item>
<item name = "Expression"><table name="" hasTotal="1">
<keys size="7">Variable Name, Operation, DSP48E, FF, LUT, Bitwidth P0, Bitwidth P1</keys>
<column name="add_ln104_100_fu_119041_p2">+, 0, 0, 17, 17, 17</column>
<column name="add_ln104_101_fu_119124_p2">+, 0, 0, 17, 1, 17</column>
<column name="add_ln104_102_fu_119208_p2">+, 0, 0, 17, 2, 17</column>
<column name="add_ln104_103_fu_119291_p2">+, 0, 0, 17, 2, 17</column>
<column name="add_ln104_104_fu_119374_p2">+, 0, 0, 17, 17, 17</column>
<column name="add_ln104_105_fu_119456_p2">+, 0, 0, 17, 1, 17</column>
<column name="add_ln104_106_fu_119540_p2">+, 0, 0, 17, 2, 17</column>
<column name="add_ln104_107_fu_119623_p2">+, 0, 0, 17, 2, 17</column>
<column name="add_ln104_108_fu_119706_p2">+, 0, 0, 17, 17, 17</column>
<column name="add_ln104_109_fu_119788_p2">+, 0, 0, 17, 1, 17</column>
<column name="add_ln104_10_fu_111724_p2">+, 0, 0, 17, 1, 17</column>
<column name="add_ln104_110_fu_119872_p2">+, 0, 0, 17, 2, 17</column>
<column name="add_ln104_111_fu_119955_p2">+, 0, 0, 17, 2, 17</column>
<column name="add_ln104_112_fu_120038_p2">+, 0, 0, 17, 17, 17</column>
<column name="add_ln104_113_fu_120120_p2">+, 0, 0, 17, 1, 17</column>
<column name="add_ln104_114_fu_120204_p2">+, 0, 0, 17, 2, 17</column>
<column name="add_ln104_115_fu_120287_p2">+, 0, 0, 17, 2, 17</column>
<column name="add_ln104_116_fu_120370_p2">+, 0, 0, 17, 17, 17</column>
<column name="add_ln104_117_fu_120452_p2">+, 0, 0, 17, 1, 17</column>
<column name="add_ln104_118_fu_120536_p2">+, 0, 0, 17, 2, 17</column>
<column name="add_ln104_119_fu_120619_p2">+, 0, 0, 17, 2, 17</column>
<column name="add_ln104_11_fu_111819_p2">+, 0, 0, 17, 2, 17</column>
<column name="add_ln104_120_fu_120702_p2">+, 0, 0, 17, 17, 17</column>
<column name="add_ln104_121_fu_120784_p2">+, 0, 0, 17, 1, 17</column>
<column name="add_ln104_122_fu_120868_p2">+, 0, 0, 17, 2, 17</column>
<column name="add_ln104_123_fu_120951_p2">+, 0, 0, 17, 2, 17</column>
<column name="add_ln104_124_fu_121034_p2">+, 0, 0, 17, 17, 17</column>
<column name="add_ln104_125_fu_121116_p2">+, 0, 0, 17, 1, 17</column>
<column name="add_ln104_126_fu_121214_p2">+, 0, 0, 17, 2, 17</column>
<column name="add_ln104_127_fu_121297_p2">+, 0, 0, 17, 2, 17</column>
<column name="add_ln104_128_fu_121200_p2">+, 0, 0, 17, 17, 17</column>
<column name="add_ln104_129_fu_121447_p2">+, 0, 0, 17, 1, 17</column>
<column name="add_ln104_12_fu_111902_p2">+, 0, 0, 17, 2, 17</column>
<column name="add_ln104_130_fu_121530_p2">+, 0, 0, 17, 2, 17</column>
<column name="add_ln104_131_fu_121613_p2">+, 0, 0, 17, 2, 17</column>
<column name="add_ln104_132_fu_110906_p2">+, 0, 0, 6, 6, 4</column>
<column name="add_ln104_133_fu_110915_p2">+, 0, 0, 6, 6, 4</column>
<column name="add_ln104_13_fu_111985_p2">+, 0, 0, 17, 17, 17</column>
<column name="add_ln104_14_fu_112067_p2">+, 0, 0, 17, 1, 17</column>
<column name="add_ln104_15_fu_112162_p2">+, 0, 0, 17, 2, 17</column>
<column name="add_ln104_16_fu_112245_p2">+, 0, 0, 17, 2, 17</column>
<column name="add_ln104_17_fu_112328_p2">+, 0, 0, 17, 17, 17</column>
<column name="add_ln104_18_fu_112410_p2">+, 0, 0, 17, 1, 17</column>
<column name="add_ln104_19_fu_112505_p2">+, 0, 0, 17, 2, 17</column>
<column name="add_ln104_1_fu_110953_p2">+, 0, 0, 17, 17, 17</column>
<column name="add_ln104_20_fu_112588_p2">+, 0, 0, 17, 2, 17</column>
<column name="add_ln104_21_fu_112671_p2">+, 0, 0, 17, 17, 17</column>
<column name="add_ln104_22_fu_112753_p2">+, 0, 0, 17, 1, 17</column>
<column name="add_ln104_23_fu_112848_p2">+, 0, 0, 17, 2, 17</column>
<column name="add_ln104_24_fu_112931_p2">+, 0, 0, 17, 2, 17</column>
<column name="add_ln104_25_fu_113014_p2">+, 0, 0, 17, 17, 17</column>
<column name="add_ln104_26_fu_113096_p2">+, 0, 0, 17, 1, 17</column>
<column name="add_ln104_27_fu_113191_p2">+, 0, 0, 17, 2, 17</column>
<column name="add_ln104_28_fu_113274_p2">+, 0, 0, 17, 2, 17</column>
<column name="add_ln104_29_fu_113357_p2">+, 0, 0, 17, 17, 17</column>
<column name="add_ln104_2_fu_111036_p2">+, 0, 0, 17, 1, 17</column>
<column name="add_ln104_30_fu_113439_p2">+, 0, 0, 17, 1, 17</column>
<column name="add_ln104_31_fu_113534_p2">+, 0, 0, 17, 2, 17</column>
<column name="add_ln104_32_fu_113617_p2">+, 0, 0, 17, 2, 17</column>
<column name="add_ln104_33_fu_113700_p2">+, 0, 0, 12, 3, 12</column>
<column name="add_ln104_34_fu_113709_p2">+, 0, 0, 17, 17, 17</column>
<column name="add_ln104_35_fu_113792_p2">+, 0, 0, 17, 1, 17</column>
<column name="add_ln104_36_fu_113876_p2">+, 0, 0, 17, 2, 17</column>
<column name="add_ln104_37_fu_113959_p2">+, 0, 0, 17, 2, 17</column>
<column name="add_ln104_38_fu_114042_p2">+, 0, 0, 17, 17, 17</column>
<column name="add_ln104_39_fu_114124_p2">+, 0, 0, 17, 1, 17</column>
<column name="add_ln104_3_fu_111133_p2">+, 0, 0, 17, 2, 17</column>
<column name="add_ln104_40_fu_114208_p2">+, 0, 0, 17, 2, 17</column>
<column name="add_ln104_41_fu_114291_p2">+, 0, 0, 17, 2, 17</column>
<column name="add_ln104_42_fu_114374_p2">+, 0, 0, 17, 17, 17</column>
<column name="add_ln104_43_fu_114456_p2">+, 0, 0, 17, 1, 17</column>
<column name="add_ln104_44_fu_114540_p2">+, 0, 0, 17, 2, 17</column>
<column name="add_ln104_45_fu_114623_p2">+, 0, 0, 17, 2, 17</column>
<column name="add_ln104_46_fu_114706_p2">+, 0, 0, 17, 17, 17</column>
<column name="add_ln104_47_fu_114788_p2">+, 0, 0, 17, 1, 17</column>
<column name="add_ln104_48_fu_114872_p2">+, 0, 0, 17, 2, 17</column>
<column name="add_ln104_49_fu_114955_p2">+, 0, 0, 17, 2, 17</column>
<column name="add_ln104_4_fu_111216_p2">+, 0, 0, 17, 2, 17</column>
<column name="add_ln104_50_fu_115038_p2">+, 0, 0, 17, 17, 17</column>
<column name="add_ln104_51_fu_115120_p2">+, 0, 0, 17, 1, 17</column>
<column name="add_ln104_52_fu_115204_p2">+, 0, 0, 17, 2, 17</column>
<column name="add_ln104_53_fu_115287_p2">+, 0, 0, 17, 2, 17</column>
<column name="add_ln104_54_fu_115370_p2">+, 0, 0, 17, 17, 17</column>
<column name="add_ln104_55_fu_115452_p2">+, 0, 0, 17, 1, 17</column>
<column name="add_ln104_56_fu_115536_p2">+, 0, 0, 17, 2, 17</column>
<column name="add_ln104_57_fu_115619_p2">+, 0, 0, 17, 2, 17</column>
<column name="add_ln104_58_fu_115702_p2">+, 0, 0, 17, 17, 17</column>
<column name="add_ln104_59_fu_115784_p2">+, 0, 0, 17, 1, 17</column>
<column name="add_ln104_5_fu_111299_p2">+, 0, 0, 17, 17, 17</column>
<column name="add_ln104_60_fu_115868_p2">+, 0, 0, 17, 2, 17</column>
<column name="add_ln104_61_fu_115951_p2">+, 0, 0, 17, 2, 17</column>
<column name="add_ln104_62_fu_116034_p2">+, 0, 0, 17, 17, 17</column>
<column name="add_ln104_63_fu_116116_p2">+, 0, 0, 17, 1, 17</column>
<column name="add_ln104_64_fu_116200_p2">+, 0, 0, 17, 2, 17</column>
<column name="add_ln104_65_fu_116283_p2">+, 0, 0, 17, 2, 17</column>
<column name="add_ln104_66_fu_116366_p2">+, 0, 0, 12, 4, 12</column>
<column name="add_ln104_67_fu_116375_p2">+, 0, 0, 17, 17, 17</column>
<column name="add_ln104_68_fu_116458_p2">+, 0, 0, 17, 1, 17</column>
<column name="add_ln104_69_fu_116542_p2">+, 0, 0, 17, 2, 17</column>
<column name="add_ln104_6_fu_111381_p2">+, 0, 0, 17, 1, 17</column>
<column name="add_ln104_70_fu_116625_p2">+, 0, 0, 17, 2, 17</column>
<column name="add_ln104_71_fu_116708_p2">+, 0, 0, 17, 17, 17</column>
<column name="add_ln104_72_fu_116790_p2">+, 0, 0, 17, 1, 17</column>
<column name="add_ln104_73_fu_116874_p2">+, 0, 0, 17, 2, 17</column>
<column name="add_ln104_74_fu_116957_p2">+, 0, 0, 17, 2, 17</column>
<column name="add_ln104_75_fu_117040_p2">+, 0, 0, 17, 17, 17</column>
<column name="add_ln104_76_fu_117122_p2">+, 0, 0, 17, 1, 17</column>
<column name="add_ln104_77_fu_117206_p2">+, 0, 0, 17, 2, 17</column>
<column name="add_ln104_78_fu_117289_p2">+, 0, 0, 17, 2, 17</column>
<column name="add_ln104_79_fu_117372_p2">+, 0, 0, 17, 17, 17</column>
<column name="add_ln104_7_fu_111476_p2">+, 0, 0, 17, 2, 17</column>
<column name="add_ln104_80_fu_117454_p2">+, 0, 0, 17, 1, 17</column>
<column name="add_ln104_81_fu_117538_p2">+, 0, 0, 17, 2, 17</column>
<column name="add_ln104_82_fu_117621_p2">+, 0, 0, 17, 2, 17</column>
<column name="add_ln104_83_fu_117704_p2">+, 0, 0, 17, 17, 17</column>
<column name="add_ln104_84_fu_117786_p2">+, 0, 0, 17, 1, 17</column>
<column name="add_ln104_85_fu_117870_p2">+, 0, 0, 17, 2, 17</column>
<column name="add_ln104_86_fu_117953_p2">+, 0, 0, 17, 2, 17</column>
<column name="add_ln104_87_fu_118036_p2">+, 0, 0, 17, 17, 17</column>
<column name="add_ln104_88_fu_118118_p2">+, 0, 0, 17, 1, 17</column>
<column name="add_ln104_89_fu_118202_p2">+, 0, 0, 17, 2, 17</column>
<column name="add_ln104_8_fu_111559_p2">+, 0, 0, 17, 2, 17</column>
<column name="add_ln104_90_fu_118285_p2">+, 0, 0, 17, 2, 17</column>
<column name="add_ln104_91_fu_118368_p2">+, 0, 0, 17, 17, 17</column>
<column name="add_ln104_92_fu_118450_p2">+, 0, 0, 17, 1, 17</column>
<column name="add_ln104_93_fu_118534_p2">+, 0, 0, 17, 2, 17</column>
<column name="add_ln104_94_fu_118617_p2">+, 0, 0, 17, 2, 17</column>
<column name="add_ln104_95_fu_118700_p2">+, 0, 0, 17, 17, 17</column>
<column name="add_ln104_96_fu_118782_p2">+, 0, 0, 17, 1, 17</column>
<column name="add_ln104_97_fu_118866_p2">+, 0, 0, 17, 2, 17</column>
<column name="add_ln104_98_fu_118949_p2">+, 0, 0, 17, 2, 17</column>
<column name="add_ln104_99_fu_119032_p2">+, 0, 0, 12, 4, 12</column>
<column name="add_ln104_9_fu_111642_p2">+, 0, 0, 17, 17, 17</column>
<column name="add_ln104_fu_110897_p2">+, 0, 0, 6, 6, 3</column>
<column name="add_ln94_10_fu_106176_p2">+, 0, 0, 17, 4, 17</column>
<column name="add_ln94_11_fu_106259_p2">+, 0, 0, 17, 4, 17</column>
<column name="add_ln94_12_fu_106342_p2">+, 0, 0, 17, 4, 17</column>
<column name="add_ln94_13_fu_106425_p2">+, 0, 0, 17, 4, 17</column>
<column name="add_ln94_14_fu_106508_p2">+, 0, 0, 17, 4, 17</column>
<column name="add_ln94_15_fu_106591_p2">+, 0, 0, 17, 4, 17</column>
<column name="add_ln94_16_fu_106674_p2">+, 0, 0, 17, 4, 17</column>
<column name="add_ln94_17_fu_106757_p2">+, 0, 0, 17, 17, 17</column>
<column name="add_ln94_18_fu_106839_p2">+, 0, 0, 17, 1, 17</column>
<column name="add_ln94_19_fu_106934_p2">+, 0, 0, 17, 2, 17</column>
<column name="add_ln94_1_fu_105415_p2">+, 0, 0, 17, 17, 17</column>
<column name="add_ln94_20_fu_107017_p2">+, 0, 0, 17, 2, 17</column>
<column name="add_ln94_21_fu_107100_p2">+, 0, 0, 17, 3, 17</column>
<column name="add_ln94_22_fu_107183_p2">+, 0, 0, 17, 3, 17</column>
<column name="add_ln94_23_fu_107266_p2">+, 0, 0, 17, 3, 17</column>
<column name="add_ln94_24_fu_107349_p2">+, 0, 0, 17, 3, 17</column>
<column name="add_ln94_25_fu_107432_p2">+, 0, 0, 17, 4, 17</column>
<column name="add_ln94_26_fu_107515_p2">+, 0, 0, 17, 4, 17</column>
<column name="add_ln94_27_fu_107598_p2">+, 0, 0, 17, 4, 17</column>
<column name="add_ln94_28_fu_107681_p2">+, 0, 0, 17, 4, 17</column>
<column name="add_ln94_29_fu_107764_p2">+, 0, 0, 17, 4, 17</column>
<column name="add_ln94_2_fu_105498_p2">+, 0, 0, 17, 1, 17</column>
<column name="add_ln94_30_fu_107847_p2">+, 0, 0, 17, 4, 17</column>
<column name="add_ln94_31_fu_107930_p2">+, 0, 0, 17, 4, 17</column>
<column name="add_ln94_32_fu_108013_p2">+, 0, 0, 17, 4, 17</column>
<column name="add_ln94_33_fu_108096_p2">+, 0, 0, 17, 17, 17</column>
<column name="add_ln94_34_fu_108178_p2">+, 0, 0, 17, 1, 17</column>
<column name="add_ln94_35_fu_108273_p2">+, 0, 0, 17, 2, 17</column>
<column name="add_ln94_36_fu_108356_p2">+, 0, 0, 17, 2, 17</column>
<column name="add_ln94_37_fu_108439_p2">+, 0, 0, 17, 3, 17</column>
<column name="add_ln94_38_fu_108522_p2">+, 0, 0, 17, 3, 17</column>
<column name="add_ln94_39_fu_108605_p2">+, 0, 0, 17, 3, 17</column>
<column name="add_ln94_3_fu_105595_p2">+, 0, 0, 17, 2, 17</column>
<column name="add_ln94_40_fu_108688_p2">+, 0, 0, 17, 3, 17</column>
<column name="add_ln94_41_fu_108771_p2">+, 0, 0, 17, 4, 17</column>
<column name="add_ln94_42_fu_108854_p2">+, 0, 0, 17, 4, 17</column>
<column name="add_ln94_43_fu_108937_p2">+, 0, 0, 17, 4, 17</column>
<column name="add_ln94_44_fu_109020_p2">+, 0, 0, 17, 4, 17</column>
<column name="add_ln94_45_fu_109103_p2">+, 0, 0, 17, 4, 17</column>
<column name="add_ln94_46_fu_109186_p2">+, 0, 0, 17, 4, 17</column>
<column name="add_ln94_47_fu_109269_p2">+, 0, 0, 17, 4, 17</column>
<column name="add_ln94_48_fu_109352_p2">+, 0, 0, 17, 4, 17</column>
<column name="add_ln94_49_fu_109435_p2">+, 0, 0, 17, 17, 17</column>
<column name="add_ln94_4_fu_105678_p2">+, 0, 0, 17, 2, 17</column>
<column name="add_ln94_50_fu_109517_p2">+, 0, 0, 17, 1, 17</column>
<column name="add_ln94_51_fu_109612_p2">+, 0, 0, 17, 2, 17</column>
<column name="add_ln94_52_fu_109695_p2">+, 0, 0, 17, 2, 17</column>
<column name="add_ln94_53_fu_109778_p2">+, 0, 0, 17, 3, 17</column>
<column name="add_ln94_54_fu_109861_p2">+, 0, 0, 17, 3, 17</column>
<column name="add_ln94_55_fu_109944_p2">+, 0, 0, 17, 3, 17</column>
<column name="add_ln94_56_fu_110027_p2">+, 0, 0, 17, 3, 17</column>
<column name="add_ln94_57_fu_110110_p2">+, 0, 0, 17, 4, 17</column>
<column name="add_ln94_58_fu_110193_p2">+, 0, 0, 17, 4, 17</column>
<column name="add_ln94_59_fu_110276_p2">+, 0, 0, 17, 4, 17</column>
<column name="add_ln94_5_fu_105761_p2">+, 0, 0, 17, 3, 17</column>
<column name="add_ln94_60_fu_110359_p2">+, 0, 0, 17, 4, 17</column>
<column name="add_ln94_61_fu_110442_p2">+, 0, 0, 17, 4, 17</column>
<column name="add_ln94_62_fu_110525_p2">+, 0, 0, 17, 4, 17</column>
<column name="add_ln94_63_fu_110608_p2">+, 0, 0, 17, 4, 17</column>
<column name="add_ln94_64_fu_110691_p2">+, 0, 0, 17, 4, 17</column>
<column name="add_ln94_65_fu_105298_p2">+, 0, 0, 13, 6, 6</column>
<column name="add_ln94_66_fu_105292_p2">+, 0, 0, 13, 5, 6</column>
<column name="add_ln94_67_fu_105362_p2">+, 0, 0, 9, 9, 9</column>
<column name="add_ln94_6_fu_105844_p2">+, 0, 0, 17, 3, 17</column>
<column name="add_ln94_7_fu_105927_p2">+, 0, 0, 17, 3, 17</column>
<column name="add_ln94_8_fu_106010_p2">+, 0, 0, 17, 3, 17</column>
<column name="add_ln94_9_fu_106093_p2">+, 0, 0, 17, 4, 17</column>
<column name="add_ln94_fu_105406_p2">+, 0, 0, 13, 13, 13</column>
<column name="tmp10_1_fu_105308_p2">+, 0, 0, 8, 1, 8</column>
<column name="tmp10_2_fu_105326_p2">+, 0, 0, 8, 2, 8</column>
<column name="tmp10_3_fu_105344_p2">+, 0, 0, 8, 2, 8</column>
<column name="tmp3_fu_110774_p2">+, 0, 0, 8, 8, 5</column>
<column name="tmp512_0_0_fu_110783_p2">+, 0, 0, 9, 9, 9</column>
<column name="tmp512_0_1_fu_110799_p2">+, 0, 0, 9, 9, 1</column>
<column name="tmp512_0_2_fu_110813_p2">+, 0, 0, 9, 9, 2</column>
<column name="tmp512_0_3_fu_110827_p2">+, 0, 0, 9, 9, 2</column>
<column name="tmp512_0_4_fu_110841_p2">+, 0, 0, 9, 9, 3</column>
<column name="tmp512_0_5_fu_110855_p2">+, 0, 0, 9, 9, 3</column>
<column name="tmp512_0_6_fu_110869_p2">+, 0, 0, 9, 9, 3</column>
<column name="tmp512_0_7_fu_110883_p2">+, 0, 0, 9, 9, 3</column>
<column name="v10_fu_105378_p2">+, 0, 0, 4, 3, 1</column>
<column name="v14_fu_110930_p2">+, 0, 0, 3, 2, 1</column>
<column name="icmp_ln90_fu_105372_p2">icmp, 0, 0, 2, 3, 4</column>
<column name="icmp_ln99_fu_110924_p2">icmp, 0, 0, 2, 2, 3</column>
<column name="or_ln105_1_fu_111808_p2">or, 0, 0, 4, 4, 2</column>
<column name="or_ln105_2_fu_112151_p2">or, 0, 0, 4, 4, 2</column>
<column name="or_ln105_3_fu_112494_p2">or, 0, 0, 4, 4, 3</column>
<column name="or_ln105_4_fu_112837_p2">or, 0, 0, 4, 4, 3</column>
<column name="or_ln105_5_fu_113180_p2">or, 0, 0, 4, 4, 3</column>
<column name="or_ln105_6_fu_113523_p2">or, 0, 0, 4, 4, 3</column>
<column name="or_ln105_fu_111465_p2">or, 0, 0, 4, 4, 1</column>
<column name="or_ln94_fu_105396_p2">or, 0, 0, 12, 12, 5</column>
<column name="or_ln95_1_fu_108262_p2">or, 0, 0, 4, 4, 2</column>
<column name="or_ln95_2_fu_109601_p2">or, 0, 0, 4, 4, 2</column>
<column name="or_ln95_fu_106923_p2">or, 0, 0, 4, 4, 1</column>
<column name="ap_enable_pp0">xor, 0, 0, 2, 1, 2</column>
<column name="ap_enable_pp1">xor, 0, 0, 2, 1, 2</column>
</table>
</item>
<item name = "Multiplexer"><table name="" hasTotal="1">
<keys size="5">Name, LUT, Input Size, Bits, Total Bits</keys>
<column name="ap_NS_fsm">11, 100, 1, 100</column>
<column name="ap_enable_reg_pp0_iter1">3, 2, 1, 2</column>
<column name="ap_enable_reg_pp1_iter1">3, 2, 1, 2</column>
<column name="ap_phi_mux_v10_0_phi_fu_100942_p4">3, 2, 3, 6</column>
<column name="ap_phi_mux_v14_0_phi_fu_100953_p4">3, 2, 2, 4</column>
<column name="v0_0_address0">11, 97, 10, 970</column>
<column name="v0_0_address1">11, 97, 10, 970</column>
<column name="v0_10_address0">11, 97, 10, 970</column>
<column name="v0_10_address1">11, 97, 10, 970</column>
<column name="v0_11_address0">11, 97, 10, 970</column>
<column name="v0_11_address1">11, 97, 10, 970</column>
<column name="v0_12_address0">11, 97, 10, 970</column>
<column name="v0_12_address1">11, 97, 10, 970</column>
<column name="v0_13_address0">11, 97, 10, 970</column>
<column name="v0_13_address1">11, 97, 10, 970</column>
<column name="v0_14_address0">11, 97, 10, 970</column>
<column name="v0_14_address1">11, 97, 10, 970</column>
<column name="v0_15_address0">11, 97, 10, 970</column>
<column name="v0_15_address1">11, 97, 10, 970</column>
<column name="v0_16_address0">11, 97, 10, 970</column>
<column name="v0_16_address1">11, 97, 10, 970</column>
<column name="v0_17_address0">11, 97, 10, 970</column>
<column name="v0_17_address1">11, 97, 10, 970</column>
<column name="v0_18_address0">11, 97, 10, 970</column>
<column name="v0_18_address1">11, 97, 10, 970</column>
<column name="v0_19_address0">11, 97, 10, 970</column>
<column name="v0_19_address1">11, 97, 10, 970</column>
<column name="v0_1_address0">11, 97, 10, 970</column>
<column name="v0_1_address1">11, 97, 10, 970</column>
<column name="v0_20_address0">11, 97, 10, 970</column>
<column name="v0_20_address1">11, 97, 10, 970</column>
<column name="v0_21_address0">11, 97, 10, 970</column>
<column name="v0_21_address1">11, 97, 10, 970</column>
<column name="v0_22_address0">11, 97, 10, 970</column>
<column name="v0_22_address1">11, 97, 10, 970</column>
<column name="v0_23_address0">11, 97, 10, 970</column>
<column name="v0_23_address1">11, 97, 10, 970</column>
<column name="v0_24_address0">11, 97, 10, 970</column>
<column name="v0_24_address1">11, 97, 10, 970</column>
<column name="v0_25_address0">11, 97, 10, 970</column>
<column name="v0_25_address1">11, 97, 10, 970</column>
<column name="v0_26_address0">11, 97, 10, 970</column>
<column name="v0_26_address1">11, 97, 10, 970</column>
<column name="v0_27_address0">11, 97, 10, 970</column>
<column name="v0_27_address1">11, 97, 10, 970</column>
<column name="v0_28_address0">11, 97, 10, 970</column>
<column name="v0_28_address1">11, 97, 10, 970</column>
<column name="v0_29_address0">11, 97, 10, 970</column>
<column name="v0_29_address1">11, 97, 10, 970</column>
<column name="v0_2_address0">11, 97, 10, 970</column>
<column name="v0_2_address1">11, 97, 10, 970</column>
<column name="v0_30_address0">11, 97, 10, 970</column>
<column name="v0_30_address1">11, 97, 10, 970</column>
<column name="v0_31_address0">11, 97, 10, 970</column>
<column name="v0_31_address1">11, 97, 10, 970</column>
<column name="v0_32_address0">11, 97, 10, 970</column>
<column name="v0_32_address1">11, 97, 10, 970</column>
<column name="v0_33_address0">11, 97, 10, 970</column>
<column name="v0_33_address1">11, 97, 10, 970</column>
<column name="v0_34_address0">11, 97, 10, 970</column>
<column name="v0_34_address1">11, 97, 10, 970</column>
<column name="v0_35_address0">11, 97, 10, 970</column>
<column name="v0_35_address1">11, 97, 10, 970</column>
<column name="v0_36_address0">11, 97, 10, 970</column>
<column name="v0_36_address1">11, 97, 10, 970</column>
<column name="v0_37_address0">11, 97, 10, 970</column>
<column name="v0_37_address1">11, 97, 10, 970</column>
<column name="v0_38_address0">11, 97, 10, 970</column>
<column name="v0_38_address1">11, 97, 10, 970</column>
<column name="v0_39_address0">11, 97, 10, 970</column>
<column name="v0_39_address1">11, 97, 10, 970</column>
<column name="v0_3_address0">11, 97, 10, 970</column>
<column name="v0_3_address1">11, 97, 10, 970</column>
<column name="v0_40_address0">11, 97, 10, 970</column>
<column name="v0_40_address1">11, 97, 10, 970</column>
<column name="v0_41_address0">11, 97, 10, 970</column>
<column name="v0_41_address1">11, 97, 10, 970</column>
<column name="v0_42_address0">11, 97, 10, 970</column>
<column name="v0_42_address1">11, 97, 10, 970</column>
<column name="v0_43_address0">11, 97, 10, 970</column>
<column name="v0_43_address1">11, 97, 10, 970</column>
<column name="v0_44_address0">11, 97, 10, 970</column>
<column name="v0_44_address1">11, 97, 10, 970</column>
<column name="v0_45_address0">11, 97, 10, 970</column>
<column name="v0_45_address1">11, 97, 10, 970</column>
<column name="v0_46_address0">11, 97, 10, 970</column>
<column name="v0_46_address1">11, 97, 10, 970</column>
<column name="v0_47_address0">11, 97, 10, 970</column>
<column name="v0_47_address1">11, 97, 10, 970</column>
<column name="v0_48_address0">11, 97, 10, 970</column>
<column name="v0_48_address1">11, 97, 10, 970</column>
<column name="v0_49_address0">11, 97, 10, 970</column>
<column name="v0_49_address1">11, 97, 10, 970</column>
<column name="v0_4_address0">11, 97, 10, 970</column>
<column name="v0_4_address1">11, 97, 10, 970</column>
<column name="v0_50_address0">11, 97, 10, 970</column>
<column name="v0_50_address1">11, 97, 10, 970</column>
<column name="v0_51_address0">11, 97, 10, 970</column>
<column name="v0_51_address1">11, 97, 10, 970</column>
<column name="v0_52_address0">11, 97, 10, 970</column>
<column name="v0_52_address1">11, 97, 10, 970</column>
<column name="v0_53_address0">11, 97, 10, 970</column>
<column name="v0_53_address1">11, 97, 10, 970</column>
<column name="v0_54_address0">11, 97, 10, 970</column>
<column name="v0_54_address1">11, 97, 10, 970</column>
<column name="v0_55_address0">11, 97, 10, 970</column>
<column name="v0_55_address1">11, 97, 10, 970</column>
<column name="v0_56_address0">11, 97, 10, 970</column>
<column name="v0_56_address1">11, 97, 10, 970</column>
<column name="v0_57_address0">11, 97, 10, 970</column>
<column name="v0_57_address1">11, 97, 10, 970</column>
<column name="v0_58_address0">11, 97, 10, 970</column>
<column name="v0_58_address1">11, 97, 10, 970</column>
<column name="v0_59_address0">11, 97, 10, 970</column>
<column name="v0_59_address1">11, 97, 10, 970</column>
<column name="v0_5_address0">11, 97, 10, 970</column>
<column name="v0_5_address1">11, 97, 10, 970</column>
<column name="v0_60_address0">11, 97, 10, 970</column>
<column name="v0_60_address1">11, 97, 10, 970</column>
<column name="v0_61_address0">11, 97, 10, 970</column>
<column name="v0_61_address1">11, 97, 10, 970</column>
<column name="v0_62_address0">11, 97, 10, 970</column>
<column name="v0_62_address1">11, 97, 10, 970</column>
<column name="v0_63_address0">11, 97, 10, 970</column>
<column name="v0_63_address1">11, 97, 10, 970</column>
<column name="v0_6_address0">11, 97, 10, 970</column>
<column name="v0_6_address1">11, 97, 10, 970</column>
<column name="v0_7_address0">11, 97, 10, 970</column>
<column name="v0_7_address1">11, 97, 10, 970</column>
<column name="v0_8_address0">11, 97, 10, 970</column>
<column name="v0_8_address1">11, 97, 10, 970</column>
<column name="v0_9_address0">11, 97, 10, 970</column>
<column name="v0_9_address1">11, 97, 10, 970</column>
<column name="v10_0_reg_100938">3, 2, 3, 6</column>
<column name="v14_0_reg_100949">3, 2, 2, 4</column>
<column name="v1_0_address0">4, 5, 4, 20</column>
<column name="v1_10_address0">4, 5, 4, 20</column>
<column name="v1_11_address0">4, 5, 4, 20</column>
<column name="v1_12_address0">4, 5, 4, 20</column>
<column name="v1_13_address0">4, 5, 4, 20</column>
<column name="v1_14_address0">4, 5, 4, 20</column>
<column name="v1_15_address0">4, 5, 4, 20</column>
<column name="v1_1_address0">4, 5, 4, 20</column>
<column name="v1_2_address0">4, 5, 4, 20</column>
<column name="v1_3_address0">4, 5, 4, 20</column>
<column name="v1_4_address0">4, 5, 4, 20</column>
<column name="v1_5_address0">4, 5, 4, 20</column>
<column name="v1_6_address0">4, 5, 4, 20</column>
<column name="v1_7_address0">4, 5, 4, 20</column>
<column name="v1_8_address0">4, 5, 4, 20</column>
<column name="v1_9_address0">4, 5, 4, 20</column>
<column name="v2_0_address0">5, 9, 4, 36</column>
<column name="v2_10_address0">5, 9, 4, 36</column>
<column name="v2_11_address0">5, 9, 4, 36</column>
<column name="v2_12_address0">5, 9, 4, 36</column>
<column name="v2_13_address0">5, 9, 4, 36</column>
<column name="v2_14_address0">5, 9, 4, 36</column>
<column name="v2_15_address0">5, 9, 4, 36</column>
<column name="v2_1_address0">5, 9, 4, 36</column>
<column name="v2_2_address0">5, 9, 4, 36</column>
<column name="v2_3_address0">5, 9, 4, 36</column>
<column name="v2_4_address0">5, 9, 4, 36</column>
<column name="v2_5_address0">5, 9, 4, 36</column>
<column name="v2_6_address0">5, 9, 4, 36</column>
<column name="v2_7_address0">5, 9, 4, 36</column>
<column name="v2_8_address0">5, 9, 4, 36</column>
<column name="v2_9_address0">5, 9, 4, 36</column>
</table>
</item>
<item name = "Register"><table name="" hasTotal="1">
<keys size="5">Name, FF, LUT, Bits, Const Bits</keys>
<column name="add_ln104_100_reg_173596">17, 0, 17, 0</column>
<column name="add_ln104_104_reg_174882">17, 0, 17, 0</column>
<column name="add_ln104_108_reg_176168">17, 0, 17, 0</column>
<column name="add_ln104_112_reg_177454">17, 0, 17, 0</column>
<column name="add_ln104_116_reg_178740">17, 0, 17, 0</column>
<column name="add_ln104_120_reg_180026">17, 0, 17, 0</column>
<column name="add_ln104_124_reg_181312">17, 0, 17, 0</column>
<column name="add_ln104_128_reg_181958">17, 0, 17, 0</column>
<column name="add_ln104_13_reg_146467">17, 0, 17, 0</column>
<column name="add_ln104_17_reg_147771">17, 0, 17, 0</column>
<column name="add_ln104_1_reg_142544">17, 0, 17, 0</column>
<column name="add_ln104_21_reg_149075">17, 0, 17, 0</column>
<column name="add_ln104_25_reg_150379">17, 0, 17, 0</column>
<column name="add_ln104_29_reg_151683">17, 0, 17, 0</column>
<column name="add_ln104_34_reg_152998">17, 0, 17, 0</column>
<column name="add_ln104_38_reg_154284">17, 0, 17, 0</column>
<column name="add_ln104_42_reg_155570">17, 0, 17, 0</column>
<column name="add_ln104_46_reg_156856">17, 0, 17, 0</column>
<column name="add_ln104_50_reg_158142">17, 0, 17, 0</column>
<column name="add_ln104_54_reg_159428">17, 0, 17, 0</column>
<column name="add_ln104_58_reg_160714">17, 0, 17, 0</column>
<column name="add_ln104_5_reg_143859">17, 0, 17, 0</column>
<column name="add_ln104_62_reg_162000">17, 0, 17, 0</column>
<column name="add_ln104_67_reg_163297">17, 0, 17, 0</column>
<column name="add_ln104_71_reg_164583">17, 0, 17, 0</column>
<column name="add_ln104_75_reg_165869">17, 0, 17, 0</column>
<column name="add_ln104_79_reg_167155">17, 0, 17, 0</column>
<column name="add_ln104_83_reg_168441">17, 0, 17, 0</column>
<column name="add_ln104_87_reg_169727">17, 0, 17, 0</column>
<column name="add_ln104_91_reg_171013">17, 0, 17, 0</column>
<column name="add_ln104_95_reg_172299">17, 0, 17, 0</column>
<column name="add_ln104_9_reg_145163">17, 0, 17, 0</column>
<column name="add_ln94_17_reg_126948">17, 0, 17, 0</column>
<column name="add_ln94_1_reg_121785">17, 0, 17, 0</column>
<column name="add_ln94_33_reg_132104">17, 0, 17, 0</column>
<column name="add_ln94_49_reg_137260">17, 0, 17, 0</column>
<column name="add_ln_reg_142526">9, 0, 12, 3</column>
<column name="ap_CS_fsm">99, 0, 99, 0</column>
<column name="ap_enable_reg_pp0_iter0">1, 0, 1, 0</column>
<column name="ap_enable_reg_pp0_iter1">1, 0, 1, 0</column>
<column name="ap_enable_reg_pp1_iter0">1, 0, 1, 0</column>
<column name="ap_enable_reg_pp1_iter1">1, 0, 1, 0</column>
<column name="icmp_ln90_reg_121764">1, 0, 1, 0</column>
<column name="icmp_ln99_reg_142512">1, 0, 1, 0</column>
<column name="lshr_ln104_123_reg_181965">11, 0, 11, 0</column>
<column name="shl_ln2_reg_122443">2, 0, 4, 2</column>
<column name="shl_ln3_reg_143190">1, 0, 4, 3</column>
<column name="shl_ln_reg_121701">4, 0, 8, 4</column>
<column name="tmp4_0_cast_reg_121719">8, 0, 17, 9</column>
<column name="tmp4_1_cast_reg_121744">8, 0, 17, 9</column>
<column name="tmp4_2_cast_reg_121749">8, 0, 17, 9</column>
<column name="tmp4_3_cast_reg_121754">8, 0, 17, 9</column>
<column name="tmp6_0_1_reg_142432">9, 0, 17, 8</column>
<column name="tmp6_0_2_reg_142440">9, 0, 17, 8</column>
<column name="tmp6_0_3_reg_142448">9, 0, 17, 8</column>
<column name="tmp6_0_4_reg_142456">9, 0, 17, 8</column>
<column name="tmp6_0_5_reg_142464">9, 0, 17, 8</column>
<column name="tmp6_0_6_reg_142472">9, 0, 17, 8</column>
<column name="tmp6_0_7_reg_142480">9, 0, 17, 8</column>
<column name="tmp6_reg_142416">9, 0, 17, 8</column>
<column name="trunc_ln104_reg_142521">1, 0, 1, 0</column>
<column name="trunc_ln88_reg_121711">6, 0, 6, 0</column>
<column name="trunc_ln94_reg_121773">2, 0, 2, 0</column>
<column name="v10_0_reg_100938">3, 0, 3, 0</column>
<column name="v10_reg_121768">3, 0, 3, 0</column>
<column name="v14_0_reg_100949">2, 0, 2, 0</column>
<column name="v14_reg_142516">2, 0, 2, 0</column>
<column name="zext_ln104_10_reg_142496">6, 0, 32, 26</column>
<column name="zext_ln104_132_reg_142533">9, 0, 17, 8</column>
<column name="zext_ln104_133_reg_152987">12, 0, 17, 5</column>
<column name="zext_ln104_134_reg_163286">12, 0, 17, 5</column>
<column name="zext_ln104_135_reg_173585">12, 0, 17, 5</column>
<column name="zext_ln104_15_reg_142504">6, 0, 32, 26</column>
<column name="zext_ln104_5_reg_142488">6, 0, 32, 26</column>
<column name="zext_ln104_reg_142424">6, 0, 32, 26</column>
<column name="zext_ln105_1_reg_144505">1, 0, 64, 63</column>
<column name="zext_ln105_2_reg_145809">1, 0, 64, 63</column>
<column name="zext_ln105_3_reg_147113">1, 0, 64, 63</column>
<column name="zext_ln105_4_reg_148417">1, 0, 64, 63</column>
<column name="zext_ln105_5_reg_149721">1, 0, 64, 63</column>
<column name="zext_ln105_6_reg_151025">1, 0, 64, 63</column>
<column name="zext_ln105_7_reg_152329">1, 0, 64, 63</column>
<column name="zext_ln105_reg_143201">1, 0, 64, 63</column>
<column name="zext_ln88_1_reg_121706">8, 0, 9, 1</column>
<column name="zext_ln94_65_reg_121759">9, 0, 13, 4</column>
<column name="zext_ln94_67_reg_121778">13, 0, 17, 4</column>
<column name="zext_ln94_reg_121724">6, 0, 32, 26</column>
<column name="zext_ln95_1_reg_127606">2, 0, 64, 62</column>
<column name="zext_ln95_2_reg_132762">2, 0, 64, 62</column>
<column name="zext_ln95_3_reg_137918">2, 0, 64, 62</column>
<column name="zext_ln95_reg_122450">2, 0, 64, 62</column>
</table>
</item>
</section>
</item>
</section>

<section name = "Interface" level="0">
<item name = "Summary"><table name="" hasTotal="0">
<keys size="6">RTL Ports, Dir, Bits, Protocol, Source Object, C Type</keys>
<column name="ap_clk">in, 1, ap_ctrl_hs, perimeter_load, return value</column>
<column name="ap_rst">in, 1, ap_ctrl_hs, perimeter_load, return value</column>
<column name="ap_start">in, 1, ap_ctrl_hs, perimeter_load, return value</column>
<column name="ap_done">out, 1, ap_ctrl_hs, perimeter_load, return value</column>
<column name="ap_idle">out, 1, ap_ctrl_hs, perimeter_load, return value</column>
<column name="ap_ready">out, 1, ap_ctrl_hs, perimeter_load, return value</column>
<column name="v0_0_address0">out, 10, ap_memory, v0_0, array</column>
<column name="v0_0_ce0">out, 1, ap_memory, v0_0, array</column>
<column name="v0_0_q0">in, 32, ap_memory, v0_0, array</column>
<column name="v0_0_address1">out, 10, ap_memory, v0_0, array</column>
<column name="v0_0_ce1">out, 1, ap_memory, v0_0, array</column>
<column name="v0_0_q1">in, 32, ap_memory, v0_0, array</column>
<column name="v0_1_address0">out, 10, ap_memory, v0_1, array</column>
<column name="v0_1_ce0">out, 1, ap_memory, v0_1, array</column>
<column name="v0_1_q0">in, 32, ap_memory, v0_1, array</column>
<column name="v0_1_address1">out, 10, ap_memory, v0_1, array</column>
<column name="v0_1_ce1">out, 1, ap_memory, v0_1, array</column>
<column name="v0_1_q1">in, 32, ap_memory, v0_1, array</column>
<column name="v0_2_address0">out, 10, ap_memory, v0_2, array</column>
<column name="v0_2_ce0">out, 1, ap_memory, v0_2, array</column>
<column name="v0_2_q0">in, 32, ap_memory, v0_2, array</column>
<column name="v0_2_address1">out, 10, ap_memory, v0_2, array</column>
<column name="v0_2_ce1">out, 1, ap_memory, v0_2, array</column>
<column name="v0_2_q1">in, 32, ap_memory, v0_2, array</column>
<column name="v0_3_address0">out, 10, ap_memory, v0_3, array</column>
<column name="v0_3_ce0">out, 1, ap_memory, v0_3, array</column>
<column name="v0_3_q0">in, 32, ap_memory, v0_3, array</column>
<column name="v0_3_address1">out, 10, ap_memory, v0_3, array</column>
<column name="v0_3_ce1">out, 1, ap_memory, v0_3, array</column>
<column name="v0_3_q1">in, 32, ap_memory, v0_3, array</column>
<column name="v0_4_address0">out, 10, ap_memory, v0_4, array</column>
<column name="v0_4_ce0">out, 1, ap_memory, v0_4, array</column>
<column name="v0_4_q0">in, 32, ap_memory, v0_4, array</column>
<column name="v0_4_address1">out, 10, ap_memory, v0_4, array</column>
<column name="v0_4_ce1">out, 1, ap_memory, v0_4, array</column>
<column name="v0_4_q1">in, 32, ap_memory, v0_4, array</column>
<column name="v0_5_address0">out, 10, ap_memory, v0_5, array</column>
<column name="v0_5_ce0">out, 1, ap_memory, v0_5, array</column>
<column name="v0_5_q0">in, 32, ap_memory, v0_5, array</column>
<column name="v0_5_address1">out, 10, ap_memory, v0_5, array</column>
<column name="v0_5_ce1">out, 1, ap_memory, v0_5, array</column>
<column name="v0_5_q1">in, 32, ap_memory, v0_5, array</column>
<column name="v0_6_address0">out, 10, ap_memory, v0_6, array</column>
<column name="v0_6_ce0">out, 1, ap_memory, v0_6, array</column>
<column name="v0_6_q0">in, 32, ap_memory, v0_6, array</column>
<column name="v0_6_address1">out, 10, ap_memory, v0_6, array</column>
<column name="v0_6_ce1">out, 1, ap_memory, v0_6, array</column>
<column name="v0_6_q1">in, 32, ap_memory, v0_6, array</column>
<column name="v0_7_address0">out, 10, ap_memory, v0_7, array</column>
<column name="v0_7_ce0">out, 1, ap_memory, v0_7, array</column>
<column name="v0_7_q0">in, 32, ap_memory, v0_7, array</column>
<column name="v0_7_address1">out, 10, ap_memory, v0_7, array</column>
<column name="v0_7_ce1">out, 1, ap_memory, v0_7, array</column>
<column name="v0_7_q1">in, 32, ap_memory, v0_7, array</column>
<column name="v0_8_address0">out, 10, ap_memory, v0_8, array</column>
<column name="v0_8_ce0">out, 1, ap_memory, v0_8, array</column>
<column name="v0_8_q0">in, 32, ap_memory, v0_8, array</column>
<column name="v0_8_address1">out, 10, ap_memory, v0_8, array</column>
<column name="v0_8_ce1">out, 1, ap_memory, v0_8, array</column>
<column name="v0_8_q1">in, 32, ap_memory, v0_8, array</column>
<column name="v0_9_address0">out, 10, ap_memory, v0_9, array</column>
<column name="v0_9_ce0">out, 1, ap_memory, v0_9, array</column>
<column name="v0_9_q0">in, 32, ap_memory, v0_9, array</column>
<column name="v0_9_address1">out, 10, ap_memory, v0_9, array</column>
<column name="v0_9_ce1">out, 1, ap_memory, v0_9, array</column>
<column name="v0_9_q1">in, 32, ap_memory, v0_9, array</column>
<column name="v0_10_address0">out, 10, ap_memory, v0_10, array</column>
<column name="v0_10_ce0">out, 1, ap_memory, v0_10, array</column>
<column name="v0_10_q0">in, 32, ap_memory, v0_10, array</column>
<column name="v0_10_address1">out, 10, ap_memory, v0_10, array</column>
<column name="v0_10_ce1">out, 1, ap_memory, v0_10, array</column>
<column name="v0_10_q1">in, 32, ap_memory, v0_10, array</column>
<column name="v0_11_address0">out, 10, ap_memory, v0_11, array</column>
<column name="v0_11_ce0">out, 1, ap_memory, v0_11, array</column>
<column name="v0_11_q0">in, 32, ap_memory, v0_11, array</column>
<column name="v0_11_address1">out, 10, ap_memory, v0_11, array</column>
<column name="v0_11_ce1">out, 1, ap_memory, v0_11, array</column>
<column name="v0_11_q1">in, 32, ap_memory, v0_11, array</column>
<column name="v0_12_address0">out, 10, ap_memory, v0_12, array</column>
<column name="v0_12_ce0">out, 1, ap_memory, v0_12, array</column>
<column name="v0_12_q0">in, 32, ap_memory, v0_12, array</column>
<column name="v0_12_address1">out, 10, ap_memory, v0_12, array</column>
<column name="v0_12_ce1">out, 1, ap_memory, v0_12, array</column>
<column name="v0_12_q1">in, 32, ap_memory, v0_12, array</column>
<column name="v0_13_address0">out, 10, ap_memory, v0_13, array</column>
<column name="v0_13_ce0">out, 1, ap_memory, v0_13, array</column>
<column name="v0_13_q0">in, 32, ap_memory, v0_13, array</column>
<column name="v0_13_address1">out, 10, ap_memory, v0_13, array</column>
<column name="v0_13_ce1">out, 1, ap_memory, v0_13, array</column>
<column name="v0_13_q1">in, 32, ap_memory, v0_13, array</column>
<column name="v0_14_address0">out, 10, ap_memory, v0_14, array</column>
<column name="v0_14_ce0">out, 1, ap_memory, v0_14, array</column>
<column name="v0_14_q0">in, 32, ap_memory, v0_14, array</column>
<column name="v0_14_address1">out, 10, ap_memory, v0_14, array</column>
<column name="v0_14_ce1">out, 1, ap_memory, v0_14, array</column>
<column name="v0_14_q1">in, 32, ap_memory, v0_14, array</column>
<column name="v0_15_address0">out, 10, ap_memory, v0_15, array</column>
<column name="v0_15_ce0">out, 1, ap_memory, v0_15, array</column>
<column name="v0_15_q0">in, 32, ap_memory, v0_15, array</column>
<column name="v0_15_address1">out, 10, ap_memory, v0_15, array</column>
<column name="v0_15_ce1">out, 1, ap_memory, v0_15, array</column>
<column name="v0_15_q1">in, 32, ap_memory, v0_15, array</column>
<column name="v0_16_address0">out, 10, ap_memory, v0_16, array</column>
<column name="v0_16_ce0">out, 1, ap_memory, v0_16, array</column>
<column name="v0_16_q0">in, 32, ap_memory, v0_16, array</column>
<column name="v0_16_address1">out, 10, ap_memory, v0_16, array</column>
<column name="v0_16_ce1">out, 1, ap_memory, v0_16, array</column>
<column name="v0_16_q1">in, 32, ap_memory, v0_16, array</column>
<column name="v0_17_address0">out, 10, ap_memory, v0_17, array</column>
<column name="v0_17_ce0">out, 1, ap_memory, v0_17, array</column>
<column name="v0_17_q0">in, 32, ap_memory, v0_17, array</column>
<column name="v0_17_address1">out, 10, ap_memory, v0_17, array</column>
<column name="v0_17_ce1">out, 1, ap_memory, v0_17, array</column>
<column name="v0_17_q1">in, 32, ap_memory, v0_17, array</column>
<column name="v0_18_address0">out, 10, ap_memory, v0_18, array</column>
<column name="v0_18_ce0">out, 1, ap_memory, v0_18, array</column>
<column name="v0_18_q0">in, 32, ap_memory, v0_18, array</column>
<column name="v0_18_address1">out, 10, ap_memory, v0_18, array</column>
<column name="v0_18_ce1">out, 1, ap_memory, v0_18, array</column>
<column name="v0_18_q1">in, 32, ap_memory, v0_18, array</column>
<column name="v0_19_address0">out, 10, ap_memory, v0_19, array</column>
<column name="v0_19_ce0">out, 1, ap_memory, v0_19, array</column>
<column name="v0_19_q0">in, 32, ap_memory, v0_19, array</column>
<column name="v0_19_address1">out, 10, ap_memory, v0_19, array</column>
<column name="v0_19_ce1">out, 1, ap_memory, v0_19, array</column>
<column name="v0_19_q1">in, 32, ap_memory, v0_19, array</column>
<column name="v0_20_address0">out, 10, ap_memory, v0_20, array</column>
<column name="v0_20_ce0">out, 1, ap_memory, v0_20, array</column>
<column name="v0_20_q0">in, 32, ap_memory, v0_20, array</column>
<column name="v0_20_address1">out, 10, ap_memory, v0_20, array</column>
<column name="v0_20_ce1">out, 1, ap_memory, v0_20, array</column>
<column name="v0_20_q1">in, 32, ap_memory, v0_20, array</column>
<column name="v0_21_address0">out, 10, ap_memory, v0_21, array</column>
<column name="v0_21_ce0">out, 1, ap_memory, v0_21, array</column>
<column name="v0_21_q0">in, 32, ap_memory, v0_21, array</column>
<column name="v0_21_address1">out, 10, ap_memory, v0_21, array</column>
<column name="v0_21_ce1">out, 1, ap_memory, v0_21, array</column>
<column name="v0_21_q1">in, 32, ap_memory, v0_21, array</column>
<column name="v0_22_address0">out, 10, ap_memory, v0_22, array</column>
<column name="v0_22_ce0">out, 1, ap_memory, v0_22, array</column>
<column name="v0_22_q0">in, 32, ap_memory, v0_22, array</column>
<column name="v0_22_address1">out, 10, ap_memory, v0_22, array</column>
<column name="v0_22_ce1">out, 1, ap_memory, v0_22, array</column>
<column name="v0_22_q1">in, 32, ap_memory, v0_22, array</column>
<column name="v0_23_address0">out, 10, ap_memory, v0_23, array</column>
<column name="v0_23_ce0">out, 1, ap_memory, v0_23, array</column>
<column name="v0_23_q0">in, 32, ap_memory, v0_23, array</column>
<column name="v0_23_address1">out, 10, ap_memory, v0_23, array</column>
<column name="v0_23_ce1">out, 1, ap_memory, v0_23, array</column>
<column name="v0_23_q1">in, 32, ap_memory, v0_23, array</column>
<column name="v0_24_address0">out, 10, ap_memory, v0_24, array</column>
<column name="v0_24_ce0">out, 1, ap_memory, v0_24, array</column>
<column name="v0_24_q0">in, 32, ap_memory, v0_24, array</column>
<column name="v0_24_address1">out, 10, ap_memory, v0_24, array</column>
<column name="v0_24_ce1">out, 1, ap_memory, v0_24, array</column>
<column name="v0_24_q1">in, 32, ap_memory, v0_24, array</column>
<column name="v0_25_address0">out, 10, ap_memory, v0_25, array</column>
<column name="v0_25_ce0">out, 1, ap_memory, v0_25, array</column>
<column name="v0_25_q0">in, 32, ap_memory, v0_25, array</column>
<column name="v0_25_address1">out, 10, ap_memory, v0_25, array</column>
<column name="v0_25_ce1">out, 1, ap_memory, v0_25, array</column>
<column name="v0_25_q1">in, 32, ap_memory, v0_25, array</column>
<column name="v0_26_address0">out, 10, ap_memory, v0_26, array</column>
<column name="v0_26_ce0">out, 1, ap_memory, v0_26, array</column>
<column name="v0_26_q0">in, 32, ap_memory, v0_26, array</column>
<column name="v0_26_address1">out, 10, ap_memory, v0_26, array</column>
<column name="v0_26_ce1">out, 1, ap_memory, v0_26, array</column>
<column name="v0_26_q1">in, 32, ap_memory, v0_26, array</column>
<column name="v0_27_address0">out, 10, ap_memory, v0_27, array</column>
<column name="v0_27_ce0">out, 1, ap_memory, v0_27, array</column>
<column name="v0_27_q0">in, 32, ap_memory, v0_27, array</column>
<column name="v0_27_address1">out, 10, ap_memory, v0_27, array</column>
<column name="v0_27_ce1">out, 1, ap_memory, v0_27, array</column>
<column name="v0_27_q1">in, 32, ap_memory, v0_27, array</column>
<column name="v0_28_address0">out, 10, ap_memory, v0_28, array</column>
<column name="v0_28_ce0">out, 1, ap_memory, v0_28, array</column>
<column name="v0_28_q0">in, 32, ap_memory, v0_28, array</column>
<column name="v0_28_address1">out, 10, ap_memory, v0_28, array</column>
<column name="v0_28_ce1">out, 1, ap_memory, v0_28, array</column>
<column name="v0_28_q1">in, 32, ap_memory, v0_28, array</column>
<column name="v0_29_address0">out, 10, ap_memory, v0_29, array</column>
<column name="v0_29_ce0">out, 1, ap_memory, v0_29, array</column>
<column name="v0_29_q0">in, 32, ap_memory, v0_29, array</column>
<column name="v0_29_address1">out, 10, ap_memory, v0_29, array</column>
<column name="v0_29_ce1">out, 1, ap_memory, v0_29, array</column>
<column name="v0_29_q1">in, 32, ap_memory, v0_29, array</column>
<column name="v0_30_address0">out, 10, ap_memory, v0_30, array</column>
<column name="v0_30_ce0">out, 1, ap_memory, v0_30, array</column>
<column name="v0_30_q0">in, 32, ap_memory, v0_30, array</column>
<column name="v0_30_address1">out, 10, ap_memory, v0_30, array</column>
<column name="v0_30_ce1">out, 1, ap_memory, v0_30, array</column>
<column name="v0_30_q1">in, 32, ap_memory, v0_30, array</column>
<column name="v0_31_address0">out, 10, ap_memory, v0_31, array</column>
<column name="v0_31_ce0">out, 1, ap_memory, v0_31, array</column>
<column name="v0_31_q0">in, 32, ap_memory, v0_31, array</column>
<column name="v0_31_address1">out, 10, ap_memory, v0_31, array</column>
<column name="v0_31_ce1">out, 1, ap_memory, v0_31, array</column>
<column name="v0_31_q1">in, 32, ap_memory, v0_31, array</column>
<column name="v0_32_address0">out, 10, ap_memory, v0_32, array</column>
<column name="v0_32_ce0">out, 1, ap_memory, v0_32, array</column>
<column name="v0_32_q0">in, 32, ap_memory, v0_32, array</column>
<column name="v0_32_address1">out, 10, ap_memory, v0_32, array</column>
<column name="v0_32_ce1">out, 1, ap_memory, v0_32, array</column>
<column name="v0_32_q1">in, 32, ap_memory, v0_32, array</column>
<column name="v0_33_address0">out, 10, ap_memory, v0_33, array</column>
<column name="v0_33_ce0">out, 1, ap_memory, v0_33, array</column>
<column name="v0_33_q0">in, 32, ap_memory, v0_33, array</column>
<column name="v0_33_address1">out, 10, ap_memory, v0_33, array</column>
<column name="v0_33_ce1">out, 1, ap_memory, v0_33, array</column>
<column name="v0_33_q1">in, 32, ap_memory, v0_33, array</column>
<column name="v0_34_address0">out, 10, ap_memory, v0_34, array</column>
<column name="v0_34_ce0">out, 1, ap_memory, v0_34, array</column>
<column name="v0_34_q0">in, 32, ap_memory, v0_34, array</column>
<column name="v0_34_address1">out, 10, ap_memory, v0_34, array</column>
<column name="v0_34_ce1">out, 1, ap_memory, v0_34, array</column>
<column name="v0_34_q1">in, 32, ap_memory, v0_34, array</column>
<column name="v0_35_address0">out, 10, ap_memory, v0_35, array</column>
<column name="v0_35_ce0">out, 1, ap_memory, v0_35, array</column>
<column name="v0_35_q0">in, 32, ap_memory, v0_35, array</column>
<column name="v0_35_address1">out, 10, ap_memory, v0_35, array</column>
<column name="v0_35_ce1">out, 1, ap_memory, v0_35, array</column>
<column name="v0_35_q1">in, 32, ap_memory, v0_35, array</column>
<column name="v0_36_address0">out, 10, ap_memory, v0_36, array</column>
<column name="v0_36_ce0">out, 1, ap_memory, v0_36, array</column>
<column name="v0_36_q0">in, 32, ap_memory, v0_36, array</column>
<column name="v0_36_address1">out, 10, ap_memory, v0_36, array</column>
<column name="v0_36_ce1">out, 1, ap_memory, v0_36, array</column>
<column name="v0_36_q1">in, 32, ap_memory, v0_36, array</column>
<column name="v0_37_address0">out, 10, ap_memory, v0_37, array</column>
<column name="v0_37_ce0">out, 1, ap_memory, v0_37, array</column>
<column name="v0_37_q0">in, 32, ap_memory, v0_37, array</column>
<column name="v0_37_address1">out, 10, ap_memory, v0_37, array</column>
<column name="v0_37_ce1">out, 1, ap_memory, v0_37, array</column>
<column name="v0_37_q1">in, 32, ap_memory, v0_37, array</column>
<column name="v0_38_address0">out, 10, ap_memory, v0_38, array</column>
<column name="v0_38_ce0">out, 1, ap_memory, v0_38, array</column>
<column name="v0_38_q0">in, 32, ap_memory, v0_38, array</column>
<column name="v0_38_address1">out, 10, ap_memory, v0_38, array</column>
<column name="v0_38_ce1">out, 1, ap_memory, v0_38, array</column>
<column name="v0_38_q1">in, 32, ap_memory, v0_38, array</column>
<column name="v0_39_address0">out, 10, ap_memory, v0_39, array</column>
<column name="v0_39_ce0">out, 1, ap_memory, v0_39, array</column>
<column name="v0_39_q0">in, 32, ap_memory, v0_39, array</column>
<column name="v0_39_address1">out, 10, ap_memory, v0_39, array</column>
<column name="v0_39_ce1">out, 1, ap_memory, v0_39, array</column>
<column name="v0_39_q1">in, 32, ap_memory, v0_39, array</column>
<column name="v0_40_address0">out, 10, ap_memory, v0_40, array</column>
<column name="v0_40_ce0">out, 1, ap_memory, v0_40, array</column>
<column name="v0_40_q0">in, 32, ap_memory, v0_40, array</column>
<column name="v0_40_address1">out, 10, ap_memory, v0_40, array</column>
<column name="v0_40_ce1">out, 1, ap_memory, v0_40, array</column>
<column name="v0_40_q1">in, 32, ap_memory, v0_40, array</column>
<column name="v0_41_address0">out, 10, ap_memory, v0_41, array</column>
<column name="v0_41_ce0">out, 1, ap_memory, v0_41, array</column>
<column name="v0_41_q0">in, 32, ap_memory, v0_41, array</column>
<column name="v0_41_address1">out, 10, ap_memory, v0_41, array</column>
<column name="v0_41_ce1">out, 1, ap_memory, v0_41, array</column>
<column name="v0_41_q1">in, 32, ap_memory, v0_41, array</column>
<column name="v0_42_address0">out, 10, ap_memory, v0_42, array</column>
<column name="v0_42_ce0">out, 1, ap_memory, v0_42, array</column>
<column name="v0_42_q0">in, 32, ap_memory, v0_42, array</column>
<column name="v0_42_address1">out, 10, ap_memory, v0_42, array</column>
<column name="v0_42_ce1">out, 1, ap_memory, v0_42, array</column>
<column name="v0_42_q1">in, 32, ap_memory, v0_42, array</column>
<column name="v0_43_address0">out, 10, ap_memory, v0_43, array</column>
<column name="v0_43_ce0">out, 1, ap_memory, v0_43, array</column>
<column name="v0_43_q0">in, 32, ap_memory, v0_43, array</column>
<column name="v0_43_address1">out, 10, ap_memory, v0_43, array</column>
<column name="v0_43_ce1">out, 1, ap_memory, v0_43, array</column>
<column name="v0_43_q1">in, 32, ap_memory, v0_43, array</column>
<column name="v0_44_address0">out, 10, ap_memory, v0_44, array</column>
<column name="v0_44_ce0">out, 1, ap_memory, v0_44, array</column>
<column name="v0_44_q0">in, 32, ap_memory, v0_44, array</column>
<column name="v0_44_address1">out, 10, ap_memory, v0_44, array</column>
<column name="v0_44_ce1">out, 1, ap_memory, v0_44, array</column>
<column name="v0_44_q1">in, 32, ap_memory, v0_44, array</column>
<column name="v0_45_address0">out, 10, ap_memory, v0_45, array</column>
<column name="v0_45_ce0">out, 1, ap_memory, v0_45, array</column>
<column name="v0_45_q0">in, 32, ap_memory, v0_45, array</column>
<column name="v0_45_address1">out, 10, ap_memory, v0_45, array</column>
<column name="v0_45_ce1">out, 1, ap_memory, v0_45, array</column>
<column name="v0_45_q1">in, 32, ap_memory, v0_45, array</column>
<column name="v0_46_address0">out, 10, ap_memory, v0_46, array</column>
<column name="v0_46_ce0">out, 1, ap_memory, v0_46, array</column>
<column name="v0_46_q0">in, 32, ap_memory, v0_46, array</column>
<column name="v0_46_address1">out, 10, ap_memory, v0_46, array</column>
<column name="v0_46_ce1">out, 1, ap_memory, v0_46, array</column>
<column name="v0_46_q1">in, 32, ap_memory, v0_46, array</column>
<column name="v0_47_address0">out, 10, ap_memory, v0_47, array</column>
<column name="v0_47_ce0">out, 1, ap_memory, v0_47, array</column>
<column name="v0_47_q0">in, 32, ap_memory, v0_47, array</column>
<column name="v0_47_address1">out, 10, ap_memory, v0_47, array</column>
<column name="v0_47_ce1">out, 1, ap_memory, v0_47, array</column>
<column name="v0_47_q1">in, 32, ap_memory, v0_47, array</column>
<column name="v0_48_address0">out, 10, ap_memory, v0_48, array</column>
<column name="v0_48_ce0">out, 1, ap_memory, v0_48, array</column>
<column name="v0_48_q0">in, 32, ap_memory, v0_48, array</column>
<column name="v0_48_address1">out, 10, ap_memory, v0_48, array</column>
<column name="v0_48_ce1">out, 1, ap_memory, v0_48, array</column>
<column name="v0_48_q1">in, 32, ap_memory, v0_48, array</column>
<column name="v0_49_address0">out, 10, ap_memory, v0_49, array</column>
<column name="v0_49_ce0">out, 1, ap_memory, v0_49, array</column>
<column name="v0_49_q0">in, 32, ap_memory, v0_49, array</column>
<column name="v0_49_address1">out, 10, ap_memory, v0_49, array</column>
<column name="v0_49_ce1">out, 1, ap_memory, v0_49, array</column>
<column name="v0_49_q1">in, 32, ap_memory, v0_49, array</column>
<column name="v0_50_address0">out, 10, ap_memory, v0_50, array</column>
<column name="v0_50_ce0">out, 1, ap_memory, v0_50, array</column>
<column name="v0_50_q0">in, 32, ap_memory, v0_50, array</column>
<column name="v0_50_address1">out, 10, ap_memory, v0_50, array</column>
<column name="v0_50_ce1">out, 1, ap_memory, v0_50, array</column>
<column name="v0_50_q1">in, 32, ap_memory, v0_50, array</column>
<column name="v0_51_address0">out, 10, ap_memory, v0_51, array</column>
<column name="v0_51_ce0">out, 1, ap_memory, v0_51, array</column>
<column name="v0_51_q0">in, 32, ap_memory, v0_51, array</column>
<column name="v0_51_address1">out, 10, ap_memory, v0_51, array</column>
<column name="v0_51_ce1">out, 1, ap_memory, v0_51, array</column>
<column name="v0_51_q1">in, 32, ap_memory, v0_51, array</column>
<column name="v0_52_address0">out, 10, ap_memory, v0_52, array</column>
<column name="v0_52_ce0">out, 1, ap_memory, v0_52, array</column>
<column name="v0_52_q0">in, 32, ap_memory, v0_52, array</column>
<column name="v0_52_address1">out, 10, ap_memory, v0_52, array</column>
<column name="v0_52_ce1">out, 1, ap_memory, v0_52, array</column>
<column name="v0_52_q1">in, 32, ap_memory, v0_52, array</column>
<column name="v0_53_address0">out, 10, ap_memory, v0_53, array</column>
<column name="v0_53_ce0">out, 1, ap_memory, v0_53, array</column>
<column name="v0_53_q0">in, 32, ap_memory, v0_53, array</column>
<column name="v0_53_address1">out, 10, ap_memory, v0_53, array</column>
<column name="v0_53_ce1">out, 1, ap_memory, v0_53, array</column>
<column name="v0_53_q1">in, 32, ap_memory, v0_53, array</column>
<column name="v0_54_address0">out, 10, ap_memory, v0_54, array</column>
<column name="v0_54_ce0">out, 1, ap_memory, v0_54, array</column>
<column name="v0_54_q0">in, 32, ap_memory, v0_54, array</column>
<column name="v0_54_address1">out, 10, ap_memory, v0_54, array</column>
<column name="v0_54_ce1">out, 1, ap_memory, v0_54, array</column>
<column name="v0_54_q1">in, 32, ap_memory, v0_54, array</column>
<column name="v0_55_address0">out, 10, ap_memory, v0_55, array</column>
<column name="v0_55_ce0">out, 1, ap_memory, v0_55, array</column>
<column name="v0_55_q0">in, 32, ap_memory, v0_55, array</column>
<column name="v0_55_address1">out, 10, ap_memory, v0_55, array</column>
<column name="v0_55_ce1">out, 1, ap_memory, v0_55, array</column>
<column name="v0_55_q1">in, 32, ap_memory, v0_55, array</column>
<column name="v0_56_address0">out, 10, ap_memory, v0_56, array</column>
<column name="v0_56_ce0">out, 1, ap_memory, v0_56, array</column>
<column name="v0_56_q0">in, 32, ap_memory, v0_56, array</column>
<column name="v0_56_address1">out, 10, ap_memory, v0_56, array</column>
<column name="v0_56_ce1">out, 1, ap_memory, v0_56, array</column>
<column name="v0_56_q1">in, 32, ap_memory, v0_56, array</column>
<column name="v0_57_address0">out, 10, ap_memory, v0_57, array</column>
<column name="v0_57_ce0">out, 1, ap_memory, v0_57, array</column>
<column name="v0_57_q0">in, 32, ap_memory, v0_57, array</column>
<column name="v0_57_address1">out, 10, ap_memory, v0_57, array</column>
<column name="v0_57_ce1">out, 1, ap_memory, v0_57, array</column>
<column name="v0_57_q1">in, 32, ap_memory, v0_57, array</column>
<column name="v0_58_address0">out, 10, ap_memory, v0_58, array</column>
<column name="v0_58_ce0">out, 1, ap_memory, v0_58, array</column>
<column name="v0_58_q0">in, 32, ap_memory, v0_58, array</column>
<column name="v0_58_address1">out, 10, ap_memory, v0_58, array</column>
<column name="v0_58_ce1">out, 1, ap_memory, v0_58, array</column>
<column name="v0_58_q1">in, 32, ap_memory, v0_58, array</column>
<column name="v0_59_address0">out, 10, ap_memory, v0_59, array</column>
<column name="v0_59_ce0">out, 1, ap_memory, v0_59, array</column>
<column name="v0_59_q0">in, 32, ap_memory, v0_59, array</column>
<column name="v0_59_address1">out, 10, ap_memory, v0_59, array</column>
<column name="v0_59_ce1">out, 1, ap_memory, v0_59, array</column>
<column name="v0_59_q1">in, 32, ap_memory, v0_59, array</column>
<column name="v0_60_address0">out, 10, ap_memory, v0_60, array</column>
<column name="v0_60_ce0">out, 1, ap_memory, v0_60, array</column>
<column name="v0_60_q0">in, 32, ap_memory, v0_60, array</column>
<column name="v0_60_address1">out, 10, ap_memory, v0_60, array</column>
<column name="v0_60_ce1">out, 1, ap_memory, v0_60, array</column>
<column name="v0_60_q1">in, 32, ap_memory, v0_60, array</column>
<column name="v0_61_address0">out, 10, ap_memory, v0_61, array</column>
<column name="v0_61_ce0">out, 1, ap_memory, v0_61, array</column>
<column name="v0_61_q0">in, 32, ap_memory, v0_61, array</column>
<column name="v0_61_address1">out, 10, ap_memory, v0_61, array</column>
<column name="v0_61_ce1">out, 1, ap_memory, v0_61, array</column>
<column name="v0_61_q1">in, 32, ap_memory, v0_61, array</column>
<column name="v0_62_address0">out, 10, ap_memory, v0_62, array</column>
<column name="v0_62_ce0">out, 1, ap_memory, v0_62, array</column>
<column name="v0_62_q0">in, 32, ap_memory, v0_62, array</column>
<column name="v0_62_address1">out, 10, ap_memory, v0_62, array</column>
<column name="v0_62_ce1">out, 1, ap_memory, v0_62, array</column>
<column name="v0_62_q1">in, 32, ap_memory, v0_62, array</column>
<column name="v0_63_address0">out, 10, ap_memory, v0_63, array</column>
<column name="v0_63_ce0">out, 1, ap_memory, v0_63, array</column>
<column name="v0_63_q0">in, 32, ap_memory, v0_63, array</column>
<column name="v0_63_address1">out, 10, ap_memory, v0_63, array</column>
<column name="v0_63_ce1">out, 1, ap_memory, v0_63, array</column>
<column name="v0_63_q1">in, 32, ap_memory, v0_63, array</column>
<column name="v1_0_address0">out, 4, ap_memory, v1_0, array</column>
<column name="v1_0_ce0">out, 1, ap_memory, v1_0, array</column>
<column name="v1_0_we0">out, 1, ap_memory, v1_0, array</column>
<column name="v1_0_d0">out, 32, ap_memory, v1_0, array</column>
<column name="v1_1_address0">out, 4, ap_memory, v1_1, array</column>
<column name="v1_1_ce0">out, 1, ap_memory, v1_1, array</column>
<column name="v1_1_we0">out, 1, ap_memory, v1_1, array</column>
<column name="v1_1_d0">out, 32, ap_memory, v1_1, array</column>
<column name="v1_2_address0">out, 4, ap_memory, v1_2, array</column>
<column name="v1_2_ce0">out, 1, ap_memory, v1_2, array</column>
<column name="v1_2_we0">out, 1, ap_memory, v1_2, array</column>
<column name="v1_2_d0">out, 32, ap_memory, v1_2, array</column>
<column name="v1_3_address0">out, 4, ap_memory, v1_3, array</column>
<column name="v1_3_ce0">out, 1, ap_memory, v1_3, array</column>
<column name="v1_3_we0">out, 1, ap_memory, v1_3, array</column>
<column name="v1_3_d0">out, 32, ap_memory, v1_3, array</column>
<column name="v1_4_address0">out, 4, ap_memory, v1_4, array</column>
<column name="v1_4_ce0">out, 1, ap_memory, v1_4, array</column>
<column name="v1_4_we0">out, 1, ap_memory, v1_4, array</column>
<column name="v1_4_d0">out, 32, ap_memory, v1_4, array</column>
<column name="v1_5_address0">out, 4, ap_memory, v1_5, array</column>
<column name="v1_5_ce0">out, 1, ap_memory, v1_5, array</column>
<column name="v1_5_we0">out, 1, ap_memory, v1_5, array</column>
<column name="v1_5_d0">out, 32, ap_memory, v1_5, array</column>
<column name="v1_6_address0">out, 4, ap_memory, v1_6, array</column>
<column name="v1_6_ce0">out, 1, ap_memory, v1_6, array</column>
<column name="v1_6_we0">out, 1, ap_memory, v1_6, array</column>
<column name="v1_6_d0">out, 32, ap_memory, v1_6, array</column>
<column name="v1_7_address0">out, 4, ap_memory, v1_7, array</column>
<column name="v1_7_ce0">out, 1, ap_memory, v1_7, array</column>
<column name="v1_7_we0">out, 1, ap_memory, v1_7, array</column>
<column name="v1_7_d0">out, 32, ap_memory, v1_7, array</column>
<column name="v1_8_address0">out, 4, ap_memory, v1_8, array</column>
<column name="v1_8_ce0">out, 1, ap_memory, v1_8, array</column>
<column name="v1_8_we0">out, 1, ap_memory, v1_8, array</column>
<column name="v1_8_d0">out, 32, ap_memory, v1_8, array</column>
<column name="v1_9_address0">out, 4, ap_memory, v1_9, array</column>
<column name="v1_9_ce0">out, 1, ap_memory, v1_9, array</column>
<column name="v1_9_we0">out, 1, ap_memory, v1_9, array</column>
<column name="v1_9_d0">out, 32, ap_memory, v1_9, array</column>
<column name="v1_10_address0">out, 4, ap_memory, v1_10, array</column>
<column name="v1_10_ce0">out, 1, ap_memory, v1_10, array</column>
<column name="v1_10_we0">out, 1, ap_memory, v1_10, array</column>
<column name="v1_10_d0">out, 32, ap_memory, v1_10, array</column>
<column name="v1_11_address0">out, 4, ap_memory, v1_11, array</column>
<column name="v1_11_ce0">out, 1, ap_memory, v1_11, array</column>
<column name="v1_11_we0">out, 1, ap_memory, v1_11, array</column>
<column name="v1_11_d0">out, 32, ap_memory, v1_11, array</column>
<column name="v1_12_address0">out, 4, ap_memory, v1_12, array</column>
<column name="v1_12_ce0">out, 1, ap_memory, v1_12, array</column>
<column name="v1_12_we0">out, 1, ap_memory, v1_12, array</column>
<column name="v1_12_d0">out, 32, ap_memory, v1_12, array</column>
<column name="v1_13_address0">out, 4, ap_memory, v1_13, array</column>
<column name="v1_13_ce0">out, 1, ap_memory, v1_13, array</column>
<column name="v1_13_we0">out, 1, ap_memory, v1_13, array</column>
<column name="v1_13_d0">out, 32, ap_memory, v1_13, array</column>
<column name="v1_14_address0">out, 4, ap_memory, v1_14, array</column>
<column name="v1_14_ce0">out, 1, ap_memory, v1_14, array</column>
<column name="v1_14_we0">out, 1, ap_memory, v1_14, array</column>
<column name="v1_14_d0">out, 32, ap_memory, v1_14, array</column>
<column name="v1_15_address0">out, 4, ap_memory, v1_15, array</column>
<column name="v1_15_ce0">out, 1, ap_memory, v1_15, array</column>
<column name="v1_15_we0">out, 1, ap_memory, v1_15, array</column>
<column name="v1_15_d0">out, 32, ap_memory, v1_15, array</column>
<column name="v2_0_address0">out, 4, ap_memory, v2_0, array</column>
<column name="v2_0_ce0">out, 1, ap_memory, v2_0, array</column>
<column name="v2_0_we0">out, 1, ap_memory, v2_0, array</column>
<column name="v2_0_d0">out, 32, ap_memory, v2_0, array</column>
<column name="v2_1_address0">out, 4, ap_memory, v2_1, array</column>
<column name="v2_1_ce0">out, 1, ap_memory, v2_1, array</column>
<column name="v2_1_we0">out, 1, ap_memory, v2_1, array</column>
<column name="v2_1_d0">out, 32, ap_memory, v2_1, array</column>
<column name="v2_2_address0">out, 4, ap_memory, v2_2, array</column>
<column name="v2_2_ce0">out, 1, ap_memory, v2_2, array</column>
<column name="v2_2_we0">out, 1, ap_memory, v2_2, array</column>
<column name="v2_2_d0">out, 32, ap_memory, v2_2, array</column>
<column name="v2_3_address0">out, 4, ap_memory, v2_3, array</column>
<column name="v2_3_ce0">out, 1, ap_memory, v2_3, array</column>
<column name="v2_3_we0">out, 1, ap_memory, v2_3, array</column>
<column name="v2_3_d0">out, 32, ap_memory, v2_3, array</column>
<column name="v2_4_address0">out, 4, ap_memory, v2_4, array</column>
<column name="v2_4_ce0">out, 1, ap_memory, v2_4, array</column>
<column name="v2_4_we0">out, 1, ap_memory, v2_4, array</column>
<column name="v2_4_d0">out, 32, ap_memory, v2_4, array</column>
<column name="v2_5_address0">out, 4, ap_memory, v2_5, array</column>
<column name="v2_5_ce0">out, 1, ap_memory, v2_5, array</column>
<column name="v2_5_we0">out, 1, ap_memory, v2_5, array</column>
<column name="v2_5_d0">out, 32, ap_memory, v2_5, array</column>
<column name="v2_6_address0">out, 4, ap_memory, v2_6, array</column>
<column name="v2_6_ce0">out, 1, ap_memory, v2_6, array</column>
<column name="v2_6_we0">out, 1, ap_memory, v2_6, array</column>
<column name="v2_6_d0">out, 32, ap_memory, v2_6, array</column>
<column name="v2_7_address0">out, 4, ap_memory, v2_7, array</column>
<column name="v2_7_ce0">out, 1, ap_memory, v2_7, array</column>
<column name="v2_7_we0">out, 1, ap_memory, v2_7, array</column>
<column name="v2_7_d0">out, 32, ap_memory, v2_7, array</column>
<column name="v2_8_address0">out, 4, ap_memory, v2_8, array</column>
<column name="v2_8_ce0">out, 1, ap_memory, v2_8, array</column>
<column name="v2_8_we0">out, 1, ap_memory, v2_8, array</column>
<column name="v2_8_d0">out, 32, ap_memory, v2_8, array</column>
<column name="v2_9_address0">out, 4, ap_memory, v2_9, array</column>
<column name="v2_9_ce0">out, 1, ap_memory, v2_9, array</column>
<column name="v2_9_we0">out, 1, ap_memory, v2_9, array</column>
<column name="v2_9_d0">out, 32, ap_memory, v2_9, array</column>
<column name="v2_10_address0">out, 4, ap_memory, v2_10, array</column>
<column name="v2_10_ce0">out, 1, ap_memory, v2_10, array</column>
<column name="v2_10_we0">out, 1, ap_memory, v2_10, array</column>
<column name="v2_10_d0">out, 32, ap_memory, v2_10, array</column>
<column name="v2_11_address0">out, 4, ap_memory, v2_11, array</column>
<column name="v2_11_ce0">out, 1, ap_memory, v2_11, array</column>
<column name="v2_11_we0">out, 1, ap_memory, v2_11, array</column>
<column name="v2_11_d0">out, 32, ap_memory, v2_11, array</column>
<column name="v2_12_address0">out, 4, ap_memory, v2_12, array</column>
<column name="v2_12_ce0">out, 1, ap_memory, v2_12, array</column>
<column name="v2_12_we0">out, 1, ap_memory, v2_12, array</column>
<column name="v2_12_d0">out, 32, ap_memory, v2_12, array</column>
<column name="v2_13_address0">out, 4, ap_memory, v2_13, array</column>
<column name="v2_13_ce0">out, 1, ap_memory, v2_13, array</column>
<column name="v2_13_we0">out, 1, ap_memory, v2_13, array</column>
<column name="v2_13_d0">out, 32, ap_memory, v2_13, array</column>
<column name="v2_14_address0">out, 4, ap_memory, v2_14, array</column>
<column name="v2_14_ce0">out, 1, ap_memory, v2_14, array</column>
<column name="v2_14_we0">out, 1, ap_memory, v2_14, array</column>
<column name="v2_14_d0">out, 32, ap_memory, v2_14, array</column>
<column name="v2_15_address0">out, 4, ap_memory, v2_15, array</column>
<column name="v2_15_ce0">out, 1, ap_memory, v2_15, array</column>
<column name="v2_15_we0">out, 1, ap_memory, v2_15, array</column>
<column name="v2_15_d0">out, 32, ap_memory, v2_15, array</column>
<column name="v3">in, 8, ap_none, v3, scalar</column>
<column name="v4">in, 4, ap_none, v4, scalar</column>
</table>
</item>
</section>
</profile>
