<profile>

<section name = "Vivado HLS Report for 'workload_asdse'" level="0">
<item name = "Date">Thu Jan 26 22:23:02 2023
</item>
<item name = "Version">2019.2 (Build 2704478 on Wed Nov 06 22:10:23 MST 2019)</item>
<item name = "Project">lud</item>
<item name = "Solution">asdse</item>
<item name = "Product family">zynq</item>
<item name = "Target device">xc7z045-ffg900-2</item>
</section>

<section name = "Performance Estimates" level="0">
<item name = "Timing">
<section name = "" level="1">
<item name = "Summary"><table name="" hasTotal="0">
<keys size="4">Clock, Target, Estimated, Uncertainty</keys>
<column name="ap_clk">10.00 ns, 8.588 ns, 1.25 ns</column>
</table>
</item>
</section>
</item>
<item name = "Latency">
<section name = "" level="1">
<item name = "Summary"><table name="" hasTotal="0">
<keys size="8">, min, max, min, max, min, max, Type</keys>
<column name="">11016, 88326531, 0.110 ms, 0.883 sec, 11016, 88326531, none</column>
</table>
</item>
<item name = "Detail">
<section name = "" level="1">
<item name = "Instance"><table name="" hasTotal="0">
<keys size="9">Instance, Module, min, max, min, max, min, max, Type</keys>
<column name="grp_lud_perimeter_fu_490">lud_perimeter, 259, 1157494, 2.590 us, 11.575 ms, 259, 1157494, none</column>
<column name="grp_lud_internal_fu_672">lud_internal, 1, 4644451, 10.000 ns, 46.445 ms, 1, 4644451, none</column>
<column name="grp_lud_diagonal_fu_854">lud_diagonal, 439, 81079, 4.390 us, 0.811 ms, 439, 81079, none</column>
</table>
</item>
<item name = "Loop"><table name="" hasTotal="0">
<keys size="8">Loop Name, min, max, Latency, achieved, target, Count, Pipelined</keys>
<column name="- Loop38">10575, 88245450, 705 ~ 5883030, -, -, 15, no</column>
</table>
</item>
</section>
</item>
</section>
</item>
</section>

<section name = "Utilization Estimates" level="0">
<item name = "Summary"><table name="" hasTotal="1">
<keys size="6">Name, BRAM_18K, DSP48E, FF, LUT, URAM</keys>
<column name="DSP">-, -, -, -, -</column>
<column name="Expression">-, -, 0, 12, -</column>
<column name="FIFO">-, -, -, -, -</column>
<column name="Instance">-, 15, 7856, 32824, -</column>
<column name="Memory">32, -, 4096, 512, 0</column>
<column name="Multiplexer">-, -, -, 1787, -</column>
<column name="Register">-, -, 35, -, -</column>
<specialColumn name="Available">1090, 900, 437200, 218600, 0</specialColumn>
<specialColumn name="Utilization (%)">2, 1, 2, 16, 0</specialColumn>
</table>
</item>
<item name = "Detail">
<section name = "" level="1">
<item name = "Instance"><table name="" hasTotal="1">
<keys size="7">Instance, Module, BRAM_18K, DSP48E, FF, LUT, URAM</keys>
<column name="grp_lud_diagonal_fu_854">lud_diagonal, 0, 5, 2270, 7994, 0</column>
<column name="grp_lud_internal_fu_672">lud_internal, 0, 5, 2485, 11822, 0</column>
<column name="grp_lud_perimeter_fu_490">lud_perimeter, 0, 5, 3101, 13008, 0</column>
</table>
</item>
<item name = "DSP48E"><table name="" hasTotal="0">
<keys size="3">Instance, Module, Expression</keys>
</table>
</item>
<item name = "Memory"><table name="" hasTotal="1">
<keys size="10">Memory, Module, BRAM_18K, FF, LUT, URAM, Words, Bits, Banks, W*Bits*Banks</keys>
<column name="buffer_0_U">workload_asdse_bujbC, 2, 0, 0, 0, 16, 32, 1, 512</column>
<column name="buffer_1_U">workload_asdse_bujbC, 2, 0, 0, 0, 16, 32, 1, 512</column>
<column name="buffer_2_U">workload_asdse_bujbC, 2, 0, 0, 0, 16, 32, 1, 512</column>
<column name="buffer_3_U">workload_asdse_bujbC, 2, 0, 0, 0, 16, 32, 1, 512</column>
<column name="buffer_4_U">workload_asdse_bujbC, 2, 0, 0, 0, 16, 32, 1, 512</column>
<column name="buffer_5_U">workload_asdse_bujbC, 2, 0, 0, 0, 16, 32, 1, 512</column>
<column name="buffer_6_U">workload_asdse_bujbC, 2, 0, 0, 0, 16, 32, 1, 512</column>
<column name="buffer_7_U">workload_asdse_bujbC, 2, 0, 0, 0, 16, 32, 1, 512</column>
<column name="buffer_8_U">workload_asdse_bujbC, 2, 0, 0, 0, 16, 32, 1, 512</column>
<column name="buffer_9_U">workload_asdse_bujbC, 2, 0, 0, 0, 16, 32, 1, 512</column>
<column name="buffer_10_U">workload_asdse_bujbC, 2, 0, 0, 0, 16, 32, 1, 512</column>
<column name="buffer_11_U">workload_asdse_bujbC, 2, 0, 0, 0, 16, 32, 1, 512</column>
<column name="buffer_12_U">workload_asdse_bujbC, 2, 0, 0, 0, 16, 32, 1, 512</column>
<column name="buffer_13_U">workload_asdse_bujbC, 2, 0, 0, 0, 16, 32, 1, 512</column>
<column name="buffer_14_U">workload_asdse_bujbC, 2, 0, 0, 0, 16, 32, 1, 512</column>
<column name="buffer_15_U">workload_asdse_bujbC, 2, 0, 0, 0, 16, 32, 1, 512</column>
<column name="diagonal_buffer_0_U">workload_asdse_dizec, 0, 64, 8, 0, 16, 32, 1, 512</column>
<column name="diagonal_buffer_1_U">workload_asdse_dizec, 0, 64, 8, 0, 16, 32, 1, 512</column>
<column name="diagonal_buffer_2_U">workload_asdse_dizec, 0, 64, 8, 0, 16, 32, 1, 512</column>
<column name="diagonal_buffer_3_U">workload_asdse_dizec, 0, 64, 8, 0, 16, 32, 1, 512</column>
<column name="diagonal_buffer_4_U">workload_asdse_dizec, 0, 64, 8, 0, 16, 32, 1, 512</column>
<column name="diagonal_buffer_5_U">workload_asdse_dizec, 0, 64, 8, 0, 16, 32, 1, 512</column>
<column name="diagonal_buffer_6_U">workload_asdse_dizec, 0, 64, 8, 0, 16, 32, 1, 512</column>
<column name="diagonal_buffer_7_U">workload_asdse_dizec, 0, 64, 8, 0, 16, 32, 1, 512</column>
<column name="diagonal_buffer_8_U">workload_asdse_dizec, 0, 64, 8, 0, 16, 32, 1, 512</column>
<column name="diagonal_buffer_9_U">workload_asdse_dizec, 0, 64, 8, 0, 16, 32, 1, 512</column>
<column name="diagonal_buffer_10_U">workload_asdse_dizec, 0, 64, 8, 0, 16, 32, 1, 512</column>
<column name="diagonal_buffer_11_U">workload_asdse_dizec, 0, 64, 8, 0, 16, 32, 1, 512</column>
<column name="diagonal_buffer_12_U">workload_asdse_dizec, 0, 64, 8, 0, 16, 32, 1, 512</column>
<column name="diagonal_buffer_13_U">workload_asdse_dizec, 0, 64, 8, 0, 16, 32, 1, 512</column>
<column name="diagonal_buffer_14_U">workload_asdse_dizec, 0, 64, 8, 0, 16, 32, 1, 512</column>
<column name="diagonal_buffer_15_U">workload_asdse_dizec, 0, 64, 8, 0, 16, 32, 1, 512</column>
<column name="left_buffer_0_U">workload_asdse_dizec, 0, 64, 8, 0, 16, 32, 1, 512</column>
<column name="left_buffer_1_U">workload_asdse_dizec, 0, 64, 8, 0, 16, 32, 1, 512</column>
<column name="left_buffer_2_U">workload_asdse_dizec, 0, 64, 8, 0, 16, 32, 1, 512</column>
<column name="left_buffer_3_U">workload_asdse_dizec, 0, 64, 8, 0, 16, 32, 1, 512</column>
<column name="left_buffer_4_U">workload_asdse_dizec, 0, 64, 8, 0, 16, 32, 1, 512</column>
<column name="left_buffer_5_U">workload_asdse_dizec, 0, 64, 8, 0, 16, 32, 1, 512</column>
<column name="left_buffer_6_U">workload_asdse_dizec, 0, 64, 8, 0, 16, 32, 1, 512</column>
<column name="left_buffer_7_U">workload_asdse_dizec, 0, 64, 8, 0, 16, 32, 1, 512</column>
<column name="left_buffer_8_U">workload_asdse_dizec, 0, 64, 8, 0, 16, 32, 1, 512</column>
<column name="left_buffer_9_U">workload_asdse_dizec, 0, 64, 8, 0, 16, 32, 1, 512</column>
<column name="left_buffer_10_U">workload_asdse_dizec, 0, 64, 8, 0, 16, 32, 1, 512</column>
<column name="left_buffer_11_U">workload_asdse_dizec, 0, 64, 8, 0, 16, 32, 1, 512</column>
<column name="left_buffer_12_U">workload_asdse_dizec, 0, 64, 8, 0, 16, 32, 1, 512</column>
<column name="left_buffer_13_U">workload_asdse_dizec, 0, 64, 8, 0, 16, 32, 1, 512</column>
<column name="left_buffer_14_U">workload_asdse_dizec, 0, 64, 8, 0, 16, 32, 1, 512</column>
<column name="left_buffer_15_U">workload_asdse_dizec, 0, 64, 8, 0, 16, 32, 1, 512</column>
<column name="top_buffer_0_U">workload_asdse_toPgM, 0, 64, 8, 0, 16, 32, 1, 512</column>
<column name="top_buffer_1_U">workload_asdse_toPgM, 0, 64, 8, 0, 16, 32, 1, 512</column>
<column name="top_buffer_2_U">workload_asdse_toPgM, 0, 64, 8, 0, 16, 32, 1, 512</column>
<column name="top_buffer_3_U">workload_asdse_toPgM, 0, 64, 8, 0, 16, 32, 1, 512</column>
<column name="top_buffer_4_U">workload_asdse_toPgM, 0, 64, 8, 0, 16, 32, 1, 512</column>
<column name="top_buffer_5_U">workload_asdse_toPgM, 0, 64, 8, 0, 16, 32, 1, 512</column>
<column name="top_buffer_6_U">workload_asdse_toPgM, 0, 64, 8, 0, 16, 32, 1, 512</column>
<column name="top_buffer_7_U">workload_asdse_toPgM, 0, 64, 8, 0, 16, 32, 1, 512</column>
<column name="top_buffer_8_U">workload_asdse_toPgM, 0, 64, 8, 0, 16, 32, 1, 512</column>
<column name="top_buffer_9_U">workload_asdse_toPgM, 0, 64, 8, 0, 16, 32, 1, 512</column>
<column name="top_buffer_10_U">workload_asdse_toPgM, 0, 64, 8, 0, 16, 32, 1, 512</column>
<column name="top_buffer_11_U">workload_asdse_toPgM, 0, 64, 8, 0, 16, 32, 1, 512</column>
<column name="top_buffer_12_U">workload_asdse_toPgM, 0, 64, 8, 0, 16, 32, 1, 512</column>
<column name="top_buffer_13_U">workload_asdse_toPgM, 0, 64, 8, 0, 16, 32, 1, 512</column>
<column name="top_buffer_14_U">workload_asdse_toPgM, 0, 64, 8, 0, 16, 32, 1, 512</column>
<column name="top_buffer_15_U">workload_asdse_toPgM, 0, 64, 8, 0, 16, 32, 1, 512</column>
<column name="inner_buffer_0_U">workload_asdse_toPgM, 0, 64, 8, 0, 16, 32, 1, 512</column>
<column name="inner_buffer_1_U">workload_asdse_toPgM, 0, 64, 8, 0, 16, 32, 1, 512</column>
<column name="inner_buffer_2_U">workload_asdse_toPgM, 0, 64, 8, 0, 16, 32, 1, 512</column>
<column name="inner_buffer_3_U">workload_asdse_toPgM, 0, 64, 8, 0, 16, 32, 1, 512</column>
<column name="inner_buffer_4_U">workload_asdse_toPgM, 0, 64, 8, 0, 16, 32, 1, 512</column>
<column name="inner_buffer_5_U">workload_asdse_toPgM, 0, 64, 8, 0, 16, 32, 1, 512</column>
<column name="inner_buffer_6_U">workload_asdse_toPgM, 0, 64, 8, 0, 16, 32, 1, 512</column>
<column name="inner_buffer_7_U">workload_asdse_toPgM, 0, 64, 8, 0, 16, 32, 1, 512</column>
<column name="inner_buffer_8_U">workload_asdse_toPgM, 0, 64, 8, 0, 16, 32, 1, 512</column>
<column name="inner_buffer_9_U">workload_asdse_toPgM, 0, 64, 8, 0, 16, 32, 1, 512</column>
<column name="inner_buffer_10_U">workload_asdse_toPgM, 0, 64, 8, 0, 16, 32, 1, 512</column>
<column name="inner_buffer_11_U">workload_asdse_toPgM, 0, 64, 8, 0, 16, 32, 1, 512</column>
<column name="inner_buffer_12_U">workload_asdse_toPgM, 0, 64, 8, 0, 16, 32, 1, 512</column>
<column name="inner_buffer_13_U">workload_asdse_toPgM, 0, 64, 8, 0, 16, 32, 1, 512</column>
<column name="inner_buffer_14_U">workload_asdse_toPgM, 0, 64, 8, 0, 16, 32, 1, 512</column>
<column name="inner_buffer_15_U">workload_asdse_toPgM, 0, 64, 8, 0, 16, 32, 1, 512</column>
</table>
</item>
<item name = "FIFO"><table name="" hasTotal="1">
<keys size="8">Name, BRAM_18K, FF, LUT, URAM, Depth, Bits, Size:D*B</keys>
</table>
</item>
<item name = "Expression"><table name="" hasTotal="1">
<keys size="7">Variable Name, Operation, DSP48E, FF, LUT, Bitwidth P0, Bitwidth P1</keys>
<column name="i_fu_1015_p2">+, 0, 0, 8, 8, 5</column>
<column name="icmp_ln333_fu_1004_p2">icmp, 0, 0, 4, 8, 6</column>
</table>
</item>
<item name = "Multiplexer"><table name="" hasTotal="1">
<keys size="5">Name, LUT, Input Size, Bits, Total Bits</keys>
<column name="ap_NS_fsm">5, 9, 1, 9</column>
<column name="buffer_0_ce0">3, 2, 1, 2</column>
<column name="buffer_0_ce1">3, 2, 1, 2</column>
<column name="buffer_0_we0">3, 2, 1, 2</column>
<column name="buffer_0_we1">3, 2, 1, 2</column>
<column name="buffer_10_ce0">3, 2, 1, 2</column>
<column name="buffer_10_ce1">3, 2, 1, 2</column>
<column name="buffer_10_we0">3, 2, 1, 2</column>
<column name="buffer_10_we1">3, 2, 1, 2</column>
<column name="buffer_11_ce0">3, 2, 1, 2</column>
<column name="buffer_11_ce1">3, 2, 1, 2</column>
<column name="buffer_11_we0">3, 2, 1, 2</column>
<column name="buffer_11_we1">3, 2, 1, 2</column>
<column name="buffer_12_ce0">3, 2, 1, 2</column>
<column name="buffer_12_ce1">3, 2, 1, 2</column>
<column name="buffer_12_we0">3, 2, 1, 2</column>
<column name="buffer_12_we1">3, 2, 1, 2</column>
<column name="buffer_13_ce0">3, 2, 1, 2</column>
<column name="buffer_13_ce1">3, 2, 1, 2</column>
<column name="buffer_13_we0">3, 2, 1, 2</column>
<column name="buffer_13_we1">3, 2, 1, 2</column>
<column name="buffer_14_ce0">3, 2, 1, 2</column>
<column name="buffer_14_ce1">3, 2, 1, 2</column>
<column name="buffer_14_we0">3, 2, 1, 2</column>
<column name="buffer_14_we1">3, 2, 1, 2</column>
<column name="buffer_15_ce0">3, 2, 1, 2</column>
<column name="buffer_15_ce1">3, 2, 1, 2</column>
<column name="buffer_15_we0">3, 2, 1, 2</column>
<column name="buffer_15_we1">3, 2, 1, 2</column>
<column name="buffer_1_ce0">3, 2, 1, 2</column>
<column name="buffer_1_ce1">3, 2, 1, 2</column>
<column name="buffer_1_we0">3, 2, 1, 2</column>
<column name="buffer_1_we1">3, 2, 1, 2</column>
<column name="buffer_2_ce0">3, 2, 1, 2</column>
<column name="buffer_2_ce1">3, 2, 1, 2</column>
<column name="buffer_2_we0">3, 2, 1, 2</column>
<column name="buffer_2_we1">3, 2, 1, 2</column>
<column name="buffer_3_ce0">3, 2, 1, 2</column>
<column name="buffer_3_ce1">3, 2, 1, 2</column>
<column name="buffer_3_we0">3, 2, 1, 2</column>
<column name="buffer_3_we1">3, 2, 1, 2</column>
<column name="buffer_4_ce0">3, 2, 1, 2</column>
<column name="buffer_4_ce1">3, 2, 1, 2</column>
<column name="buffer_4_we0">3, 2, 1, 2</column>
<column name="buffer_4_we1">3, 2, 1, 2</column>
<column name="buffer_5_ce0">3, 2, 1, 2</column>
<column name="buffer_5_ce1">3, 2, 1, 2</column>
<column name="buffer_5_we0">3, 2, 1, 2</column>
<column name="buffer_5_we1">3, 2, 1, 2</column>
<column name="buffer_6_ce0">3, 2, 1, 2</column>
<column name="buffer_6_ce1">3, 2, 1, 2</column>
<column name="buffer_6_we0">3, 2, 1, 2</column>
<column name="buffer_6_we1">3, 2, 1, 2</column>
<column name="buffer_7_ce0">3, 2, 1, 2</column>
<column name="buffer_7_ce1">3, 2, 1, 2</column>
<column name="buffer_7_we0">3, 2, 1, 2</column>
<column name="buffer_7_we1">3, 2, 1, 2</column>
<column name="buffer_8_ce0">3, 2, 1, 2</column>
<column name="buffer_8_ce1">3, 2, 1, 2</column>
<column name="buffer_8_we0">3, 2, 1, 2</column>
<column name="buffer_8_we1">3, 2, 1, 2</column>
<column name="buffer_9_ce0">3, 2, 1, 2</column>
<column name="buffer_9_ce1">3, 2, 1, 2</column>
<column name="buffer_9_we0">3, 2, 1, 2</column>
<column name="buffer_9_we1">3, 2, 1, 2</column>
<column name="grp_lud_diagonal_fu_854_offset">3, 3, 10, 30</column>
<column name="i_0_reg_478">3, 2, 8, 16</column>
<column name="left_buffer_0_address0">3, 3, 4, 12</column>
<column name="left_buffer_0_ce0">3, 3, 1, 3</column>
<column name="left_buffer_0_d0">3, 3, 32, 96</column>
<column name="left_buffer_0_we0">3, 3, 1, 3</column>
<column name="left_buffer_10_address0">3, 3, 4, 12</column>
<column name="left_buffer_10_ce0">3, 3, 1, 3</column>
<column name="left_buffer_10_d0">3, 3, 32, 96</column>
<column name="left_buffer_10_we0">3, 3, 1, 3</column>
<column name="left_buffer_11_address0">3, 3, 4, 12</column>
<column name="left_buffer_11_ce0">3, 3, 1, 3</column>
<column name="left_buffer_11_d0">3, 3, 32, 96</column>
<column name="left_buffer_11_we0">3, 3, 1, 3</column>
<column name="left_buffer_12_address0">3, 3, 4, 12</column>
<column name="left_buffer_12_ce0">3, 3, 1, 3</column>
<column name="left_buffer_12_d0">3, 3, 32, 96</column>
<column name="left_buffer_12_we0">3, 3, 1, 3</column>
<column name="left_buffer_13_address0">3, 3, 4, 12</column>
<column name="left_buffer_13_ce0">3, 3, 1, 3</column>
<column name="left_buffer_13_d0">3, 3, 32, 96</column>
<column name="left_buffer_13_we0">3, 3, 1, 3</column>
<column name="left_buffer_14_address0">3, 3, 4, 12</column>
<column name="left_buffer_14_ce0">3, 3, 1, 3</column>
<column name="left_buffer_14_d0">3, 3, 32, 96</column>
<column name="left_buffer_14_we0">3, 3, 1, 3</column>
<column name="left_buffer_15_address0">3, 3, 4, 12</column>
<column name="left_buffer_15_ce0">3, 3, 1, 3</column>
<column name="left_buffer_15_d0">3, 3, 32, 96</column>
<column name="left_buffer_15_we0">3, 3, 1, 3</column>
<column name="left_buffer_1_address0">3, 3, 4, 12</column>
<column name="left_buffer_1_ce0">3, 3, 1, 3</column>
<column name="left_buffer_1_d0">3, 3, 32, 96</column>
<column name="left_buffer_1_we0">3, 3, 1, 3</column>
<column name="left_buffer_2_address0">3, 3, 4, 12</column>
<column name="left_buffer_2_ce0">3, 3, 1, 3</column>
<column name="left_buffer_2_d0">3, 3, 32, 96</column>
<column name="left_buffer_2_we0">3, 3, 1, 3</column>
<column name="left_buffer_3_address0">3, 3, 4, 12</column>
<column name="left_buffer_3_ce0">3, 3, 1, 3</column>
<column name="left_buffer_3_d0">3, 3, 32, 96</column>
<column name="left_buffer_3_we0">3, 3, 1, 3</column>
<column name="left_buffer_4_address0">3, 3, 4, 12</column>
<column name="left_buffer_4_ce0">3, 3, 1, 3</column>
<column name="left_buffer_4_d0">3, 3, 32, 96</column>
<column name="left_buffer_4_we0">3, 3, 1, 3</column>
<column name="left_buffer_5_address0">3, 3, 4, 12</column>
<column name="left_buffer_5_ce0">3, 3, 1, 3</column>
<column name="left_buffer_5_d0">3, 3, 32, 96</column>
<column name="left_buffer_5_we0">3, 3, 1, 3</column>
<column name="left_buffer_6_address0">3, 3, 4, 12</column>
<column name="left_buffer_6_ce0">3, 3, 1, 3</column>
<column name="left_buffer_6_d0">3, 3, 32, 96</column>
<column name="left_buffer_6_we0">3, 3, 1, 3</column>
<column name="left_buffer_7_address0">3, 3, 4, 12</column>
<column name="left_buffer_7_ce0">3, 3, 1, 3</column>
<column name="left_buffer_7_d0">3, 3, 32, 96</column>
<column name="left_buffer_7_we0">3, 3, 1, 3</column>
<column name="left_buffer_8_address0">3, 3, 4, 12</column>
<column name="left_buffer_8_ce0">3, 3, 1, 3</column>
<column name="left_buffer_8_d0">3, 3, 32, 96</column>
<column name="left_buffer_8_we0">3, 3, 1, 3</column>
<column name="left_buffer_9_address0">3, 3, 4, 12</column>
<column name="left_buffer_9_ce0">3, 3, 1, 3</column>
<column name="left_buffer_9_d0">3, 3, 32, 96</column>
<column name="left_buffer_9_we0">3, 3, 1, 3</column>
<column name="result_0_address0">3, 4, 10, 40</column>
<column name="result_0_address1">3, 4, 10, 40</column>
<column name="result_0_ce0">3, 4, 1, 4</column>
<column name="result_0_ce1">3, 4, 1, 4</column>
<column name="result_0_d0">3, 4, 32, 128</column>
<column name="result_0_we0">3, 4, 1, 4</column>
<column name="result_10_address0">3, 4, 10, 40</column>
<column name="result_10_address1">3, 4, 10, 40</column>
<column name="result_10_ce0">3, 4, 1, 4</column>
<column name="result_10_ce1">3, 4, 1, 4</column>
<column name="result_10_d0">3, 4, 32, 128</column>
<column name="result_10_we0">3, 4, 1, 4</column>
<column name="result_11_address0">3, 4, 10, 40</column>
<column name="result_11_address1">3, 4, 10, 40</column>
<column name="result_11_ce0">3, 4, 1, 4</column>
<column name="result_11_ce1">3, 4, 1, 4</column>
<column name="result_11_d0">3, 4, 32, 128</column>
<column name="result_11_we0">3, 4, 1, 4</column>
<column name="result_12_address0">3, 4, 10, 40</column>
<column name="result_12_address1">3, 4, 10, 40</column>
<column name="result_12_ce0">3, 4, 1, 4</column>
<column name="result_12_ce1">3, 4, 1, 4</column>
<column name="result_12_d0">3, 4, 32, 128</column>
<column name="result_12_we0">3, 4, 1, 4</column>
<column name="result_13_address0">3, 4, 10, 40</column>
<column name="result_13_address1">3, 4, 10, 40</column>
<column name="result_13_ce0">3, 4, 1, 4</column>
<column name="result_13_ce1">3, 4, 1, 4</column>
<column name="result_13_d0">3, 4, 32, 128</column>
<column name="result_13_we0">3, 4, 1, 4</column>
<column name="result_14_address0">3, 4, 10, 40</column>
<column name="result_14_address1">3, 4, 10, 40</column>
<column name="result_14_ce0">3, 4, 1, 4</column>
<column name="result_14_ce1">3, 4, 1, 4</column>
<column name="result_14_d0">3, 4, 32, 128</column>
<column name="result_14_we0">3, 4, 1, 4</column>
<column name="result_15_address0">3, 4, 10, 40</column>
<column name="result_15_address1">3, 4, 10, 40</column>
<column name="result_15_ce0">3, 4, 1, 4</column>
<column name="result_15_ce1">3, 4, 1, 4</column>
<column name="result_15_d0">3, 4, 32, 128</column>
<column name="result_15_we0">3, 4, 1, 4</column>
<column name="result_16_address0">3, 4, 10, 40</column>
<column name="result_16_address1">3, 4, 10, 40</column>
<column name="result_16_ce0">3, 4, 1, 4</column>
<column name="result_16_ce1">3, 4, 1, 4</column>
<column name="result_16_d0">3, 4, 32, 128</column>
<column name="result_16_we0">3, 4, 1, 4</column>
<column name="result_17_address0">3, 4, 10, 40</column>
<column name="result_17_address1">3, 4, 10, 40</column>
<column name="result_17_ce0">3, 4, 1, 4</column>
<column name="result_17_ce1">3, 4, 1, 4</column>
<column name="result_17_d0">3, 4, 32, 128</column>
<column name="result_17_we0">3, 4, 1, 4</column>
<column name="result_18_address0">3, 4, 10, 40</column>
<column name="result_18_address1">3, 4, 10, 40</column>
<column name="result_18_ce0">3, 4, 1, 4</column>
<column name="result_18_ce1">3, 4, 1, 4</column>
<column name="result_18_d0">3, 4, 32, 128</column>
<column name="result_18_we0">3, 4, 1, 4</column>
<column name="result_19_address0">3, 4, 10, 40</column>
<column name="result_19_address1">3, 4, 10, 40</column>
<column name="result_19_ce0">3, 4, 1, 4</column>
<column name="result_19_ce1">3, 4, 1, 4</column>
<column name="result_19_d0">3, 4, 32, 128</column>
<column name="result_19_we0">3, 4, 1, 4</column>
<column name="result_1_address0">3, 4, 10, 40</column>
<column name="result_1_address1">3, 4, 10, 40</column>
<column name="result_1_ce0">3, 4, 1, 4</column>
<column name="result_1_ce1">3, 4, 1, 4</column>
<column name="result_1_d0">3, 4, 32, 128</column>
<column name="result_1_we0">3, 4, 1, 4</column>
<column name="result_20_address0">3, 4, 10, 40</column>
<column name="result_20_address1">3, 4, 10, 40</column>
<column name="result_20_ce0">3, 4, 1, 4</column>
<column name="result_20_ce1">3, 4, 1, 4</column>
<column name="result_20_d0">3, 4, 32, 128</column>
<column name="result_20_we0">3, 4, 1, 4</column>
<column name="result_21_address0">3, 4, 10, 40</column>
<column name="result_21_address1">3, 4, 10, 40</column>
<column name="result_21_ce0">3, 4, 1, 4</column>
<column name="result_21_ce1">3, 4, 1, 4</column>
<column name="result_21_d0">3, 4, 32, 128</column>
<column name="result_21_we0">3, 4, 1, 4</column>
<column name="result_22_address0">3, 4, 10, 40</column>
<column name="result_22_address1">3, 4, 10, 40</column>
<column name="result_22_ce0">3, 4, 1, 4</column>
<column name="result_22_ce1">3, 4, 1, 4</column>
<column name="result_22_d0">3, 4, 32, 128</column>
<column name="result_22_we0">3, 4, 1, 4</column>
<column name="result_23_address0">3, 4, 10, 40</column>
<column name="result_23_address1">3, 4, 10, 40</column>
<column name="result_23_ce0">3, 4, 1, 4</column>
<column name="result_23_ce1">3, 4, 1, 4</column>
<column name="result_23_d0">3, 4, 32, 128</column>
<column name="result_23_we0">3, 4, 1, 4</column>
<column name="result_24_address0">3, 4, 10, 40</column>
<column name="result_24_address1">3, 4, 10, 40</column>
<column name="result_24_ce0">3, 4, 1, 4</column>
<column name="result_24_ce1">3, 4, 1, 4</column>
<column name="result_24_d0">3, 4, 32, 128</column>
<column name="result_24_we0">3, 4, 1, 4</column>
<column name="result_25_address0">3, 4, 10, 40</column>
<column name="result_25_address1">3, 4, 10, 40</column>
<column name="result_25_ce0">3, 4, 1, 4</column>
<column name="result_25_ce1">3, 4, 1, 4</column>
<column name="result_25_d0">3, 4, 32, 128</column>
<column name="result_25_we0">3, 4, 1, 4</column>
<column name="result_26_address0">3, 4, 10, 40</column>
<column name="result_26_address1">3, 4, 10, 40</column>
<column name="result_26_ce0">3, 4, 1, 4</column>
<column name="result_26_ce1">3, 4, 1, 4</column>
<column name="result_26_d0">3, 4, 32, 128</column>
<column name="result_26_we0">3, 4, 1, 4</column>
<column name="result_27_address0">3, 4, 10, 40</column>
<column name="result_27_address1">3, 4, 10, 40</column>
<column name="result_27_ce0">3, 4, 1, 4</column>
<column name="result_27_ce1">3, 4, 1, 4</column>
<column name="result_27_d0">3, 4, 32, 128</column>
<column name="result_27_we0">3, 4, 1, 4</column>
<column name="result_28_address0">3, 4, 10, 40</column>
<column name="result_28_address1">3, 4, 10, 40</column>
<column name="result_28_ce0">3, 4, 1, 4</column>
<column name="result_28_ce1">3, 4, 1, 4</column>
<column name="result_28_d0">3, 4, 32, 128</column>
<column name="result_28_we0">3, 4, 1, 4</column>
<column name="result_29_address0">3, 4, 10, 40</column>
<column name="result_29_address1">3, 4, 10, 40</column>
<column name="result_29_ce0">3, 4, 1, 4</column>
<column name="result_29_ce1">3, 4, 1, 4</column>
<column name="result_29_d0">3, 4, 32, 128</column>
<column name="result_29_we0">3, 4, 1, 4</column>
<column name="result_2_address0">3, 4, 10, 40</column>
<column name="result_2_address1">3, 4, 10, 40</column>
<column name="result_2_ce0">3, 4, 1, 4</column>
<column name="result_2_ce1">3, 4, 1, 4</column>
<column name="result_2_d0">3, 4, 32, 128</column>
<column name="result_2_we0">3, 4, 1, 4</column>
<column name="result_30_address0">3, 4, 10, 40</column>
<column name="result_30_address1">3, 4, 10, 40</column>
<column name="result_30_ce0">3, 4, 1, 4</column>
<column name="result_30_ce1">3, 4, 1, 4</column>
<column name="result_30_d0">3, 4, 32, 128</column>
<column name="result_30_we0">3, 4, 1, 4</column>
<column name="result_31_address0">3, 4, 10, 40</column>
<column name="result_31_address1">3, 4, 10, 40</column>
<column name="result_31_ce0">3, 4, 1, 4</column>
<column name="result_31_ce1">3, 4, 1, 4</column>
<column name="result_31_d0">3, 4, 32, 128</column>
<column name="result_31_we0">3, 4, 1, 4</column>
<column name="result_32_address0">3, 4, 10, 40</column>
<column name="result_32_address1">3, 4, 10, 40</column>
<column name="result_32_ce0">3, 4, 1, 4</column>
<column name="result_32_ce1">3, 4, 1, 4</column>
<column name="result_32_d0">3, 4, 32, 128</column>
<column name="result_32_we0">3, 4, 1, 4</column>
<column name="result_33_address0">3, 4, 10, 40</column>
<column name="result_33_address1">3, 4, 10, 40</column>
<column name="result_33_ce0">3, 4, 1, 4</column>
<column name="result_33_ce1">3, 4, 1, 4</column>
<column name="result_33_d0">3, 4, 32, 128</column>
<column name="result_33_we0">3, 4, 1, 4</column>
<column name="result_34_address0">3, 4, 10, 40</column>
<column name="result_34_address1">3, 4, 10, 40</column>
<column name="result_34_ce0">3, 4, 1, 4</column>
<column name="result_34_ce1">3, 4, 1, 4</column>
<column name="result_34_d0">3, 4, 32, 128</column>
<column name="result_34_we0">3, 4, 1, 4</column>
<column name="result_35_address0">3, 4, 10, 40</column>
<column name="result_35_address1">3, 4, 10, 40</column>
<column name="result_35_ce0">3, 4, 1, 4</column>
<column name="result_35_ce1">3, 4, 1, 4</column>
<column name="result_35_d0">3, 4, 32, 128</column>
<column name="result_35_we0">3, 4, 1, 4</column>
<column name="result_36_address0">3, 4, 10, 40</column>
<column name="result_36_address1">3, 4, 10, 40</column>
<column name="result_36_ce0">3, 4, 1, 4</column>
<column name="result_36_ce1">3, 4, 1, 4</column>
<column name="result_36_d0">3, 4, 32, 128</column>
<column name="result_36_we0">3, 4, 1, 4</column>
<column name="result_37_address0">3, 4, 10, 40</column>
<column name="result_37_address1">3, 4, 10, 40</column>
<column name="result_37_ce0">3, 4, 1, 4</column>
<column name="result_37_ce1">3, 4, 1, 4</column>
<column name="result_37_d0">3, 4, 32, 128</column>
<column name="result_37_we0">3, 4, 1, 4</column>
<column name="result_38_address0">3, 4, 10, 40</column>
<column name="result_38_address1">3, 4, 10, 40</column>
<column name="result_38_ce0">3, 4, 1, 4</column>
<column name="result_38_ce1">3, 4, 1, 4</column>
<column name="result_38_d0">3, 4, 32, 128</column>
<column name="result_38_we0">3, 4, 1, 4</column>
<column name="result_39_address0">3, 4, 10, 40</column>
<column name="result_39_address1">3, 4, 10, 40</column>
<column name="result_39_ce0">3, 4, 1, 4</column>
<column name="result_39_ce1">3, 4, 1, 4</column>
<column name="result_39_d0">3, 4, 32, 128</column>
<column name="result_39_we0">3, 4, 1, 4</column>
<column name="result_3_address0">3, 4, 10, 40</column>
<column name="result_3_address1">3, 4, 10, 40</column>
<column name="result_3_ce0">3, 4, 1, 4</column>
<column name="result_3_ce1">3, 4, 1, 4</column>
<column name="result_3_d0">3, 4, 32, 128</column>
<column name="result_3_we0">3, 4, 1, 4</column>
<column name="result_40_address0">3, 4, 10, 40</column>
<column name="result_40_address1">3, 4, 10, 40</column>
<column name="result_40_ce0">3, 4, 1, 4</column>
<column name="result_40_ce1">3, 4, 1, 4</column>
<column name="result_40_d0">3, 4, 32, 128</column>
<column name="result_40_we0">3, 4, 1, 4</column>
<column name="result_41_address0">3, 4, 10, 40</column>
<column name="result_41_address1">3, 4, 10, 40</column>
<column name="result_41_ce0">3, 4, 1, 4</column>
<column name="result_41_ce1">3, 4, 1, 4</column>
<column name="result_41_d0">3, 4, 32, 128</column>
<column name="result_41_we0">3, 4, 1, 4</column>
<column name="result_42_address0">3, 4, 10, 40</column>
<column name="result_42_address1">3, 4, 10, 40</column>
<column name="result_42_ce0">3, 4, 1, 4</column>
<column name="result_42_ce1">3, 4, 1, 4</column>
<column name="result_42_d0">3, 4, 32, 128</column>
<column name="result_42_we0">3, 4, 1, 4</column>
<column name="result_43_address0">3, 4, 10, 40</column>
<column name="result_43_address1">3, 4, 10, 40</column>
<column name="result_43_ce0">3, 4, 1, 4</column>
<column name="result_43_ce1">3, 4, 1, 4</column>
<column name="result_43_d0">3, 4, 32, 128</column>
<column name="result_43_we0">3, 4, 1, 4</column>
<column name="result_44_address0">3, 4, 10, 40</column>
<column name="result_44_address1">3, 4, 10, 40</column>
<column name="result_44_ce0">3, 4, 1, 4</column>
<column name="result_44_ce1">3, 4, 1, 4</column>
<column name="result_44_d0">3, 4, 32, 128</column>
<column name="result_44_we0">3, 4, 1, 4</column>
<column name="result_45_address0">3, 4, 10, 40</column>
<column name="result_45_address1">3, 4, 10, 40</column>
<column name="result_45_ce0">3, 4, 1, 4</column>
<column name="result_45_ce1">3, 4, 1, 4</column>
<column name="result_45_d0">3, 4, 32, 128</column>
<column name="result_45_we0">3, 4, 1, 4</column>
<column name="result_46_address0">3, 4, 10, 40</column>
<column name="result_46_address1">3, 4, 10, 40</column>
<column name="result_46_ce0">3, 4, 1, 4</column>
<column name="result_46_ce1">3, 4, 1, 4</column>
<column name="result_46_d0">3, 4, 32, 128</column>
<column name="result_46_we0">3, 4, 1, 4</column>
<column name="result_47_address0">3, 4, 10, 40</column>
<column name="result_47_address1">3, 4, 10, 40</column>
<column name="result_47_ce0">3, 4, 1, 4</column>
<column name="result_47_ce1">3, 4, 1, 4</column>
<column name="result_47_d0">3, 4, 32, 128</column>
<column name="result_47_we0">3, 4, 1, 4</column>
<column name="result_48_address0">3, 4, 10, 40</column>
<column name="result_48_address1">3, 4, 10, 40</column>
<column name="result_48_ce0">3, 4, 1, 4</column>
<column name="result_48_ce1">3, 4, 1, 4</column>
<column name="result_48_d0">3, 4, 32, 128</column>
<column name="result_48_we0">3, 4, 1, 4</column>
<column name="result_49_address0">3, 4, 10, 40</column>
<column name="result_49_address1">3, 4, 10, 40</column>
<column name="result_49_ce0">3, 4, 1, 4</column>
<column name="result_49_ce1">3, 4, 1, 4</column>
<column name="result_49_d0">3, 4, 32, 128</column>
<column name="result_49_we0">3, 4, 1, 4</column>
<column name="result_4_address0">3, 4, 10, 40</column>
<column name="result_4_address1">3, 4, 10, 40</column>
<column name="result_4_ce0">3, 4, 1, 4</column>
<column name="result_4_ce1">3, 4, 1, 4</column>
<column name="result_4_d0">3, 4, 32, 128</column>
<column name="result_4_we0">3, 4, 1, 4</column>
<column name="result_50_address0">3, 4, 10, 40</column>
<column name="result_50_address1">3, 4, 10, 40</column>
<column name="result_50_ce0">3, 4, 1, 4</column>
<column name="result_50_ce1">3, 4, 1, 4</column>
<column name="result_50_d0">3, 4, 32, 128</column>
<column name="result_50_we0">3, 4, 1, 4</column>
<column name="result_51_address0">3, 4, 10, 40</column>
<column name="result_51_address1">3, 4, 10, 40</column>
<column name="result_51_ce0">3, 4, 1, 4</column>
<column name="result_51_ce1">3, 4, 1, 4</column>
<column name="result_51_d0">3, 4, 32, 128</column>
<column name="result_51_we0">3, 4, 1, 4</column>
<column name="result_52_address0">3, 4, 10, 40</column>
<column name="result_52_address1">3, 4, 10, 40</column>
<column name="result_52_ce0">3, 4, 1, 4</column>
<column name="result_52_ce1">3, 4, 1, 4</column>
<column name="result_52_d0">3, 4, 32, 128</column>
<column name="result_52_we0">3, 4, 1, 4</column>
<column name="result_53_address0">3, 4, 10, 40</column>
<column name="result_53_address1">3, 4, 10, 40</column>
<column name="result_53_ce0">3, 4, 1, 4</column>
<column name="result_53_ce1">3, 4, 1, 4</column>
<column name="result_53_d0">3, 4, 32, 128</column>
<column name="result_53_we0">3, 4, 1, 4</column>
<column name="result_54_address0">3, 4, 10, 40</column>
<column name="result_54_address1">3, 4, 10, 40</column>
<column name="result_54_ce0">3, 4, 1, 4</column>
<column name="result_54_ce1">3, 4, 1, 4</column>
<column name="result_54_d0">3, 4, 32, 128</column>
<column name="result_54_we0">3, 4, 1, 4</column>
<column name="result_55_address0">3, 4, 10, 40</column>
<column name="result_55_address1">3, 4, 10, 40</column>
<column name="result_55_ce0">3, 4, 1, 4</column>
<column name="result_55_ce1">3, 4, 1, 4</column>
<column name="result_55_d0">3, 4, 32, 128</column>
<column name="result_55_we0">3, 4, 1, 4</column>
<column name="result_56_address0">3, 4, 10, 40</column>
<column name="result_56_address1">3, 4, 10, 40</column>
<column name="result_56_ce0">3, 4, 1, 4</column>
<column name="result_56_ce1">3, 4, 1, 4</column>
<column name="result_56_d0">3, 4, 32, 128</column>
<column name="result_56_we0">3, 4, 1, 4</column>
<column name="result_57_address0">3, 4, 10, 40</column>
<column name="result_57_address1">3, 4, 10, 40</column>
<column name="result_57_ce0">3, 4, 1, 4</column>
<column name="result_57_ce1">3, 4, 1, 4</column>
<column name="result_57_d0">3, 4, 32, 128</column>
<column name="result_57_we0">3, 4, 1, 4</column>
<column name="result_58_address0">3, 4, 10, 40</column>
<column name="result_58_address1">3, 4, 10, 40</column>
<column name="result_58_ce0">3, 4, 1, 4</column>
<column name="result_58_ce1">3, 4, 1, 4</column>
<column name="result_58_d0">3, 4, 32, 128</column>
<column name="result_58_we0">3, 4, 1, 4</column>
<column name="result_59_address0">3, 4, 10, 40</column>
<column name="result_59_address1">3, 4, 10, 40</column>
<column name="result_59_ce0">3, 4, 1, 4</column>
<column name="result_59_ce1">3, 4, 1, 4</column>
<column name="result_59_d0">3, 4, 32, 128</column>
<column name="result_59_we0">3, 4, 1, 4</column>
<column name="result_5_address0">3, 4, 10, 40</column>
<column name="result_5_address1">3, 4, 10, 40</column>
<column name="result_5_ce0">3, 4, 1, 4</column>
<column name="result_5_ce1">3, 4, 1, 4</column>
<column name="result_5_d0">3, 4, 32, 128</column>
<column name="result_5_we0">3, 4, 1, 4</column>
<column name="result_60_address0">3, 4, 10, 40</column>
<column name="result_60_address1">3, 4, 10, 40</column>
<column name="result_60_ce0">3, 4, 1, 4</column>
<column name="result_60_ce1">3, 4, 1, 4</column>
<column name="result_60_d0">3, 4, 32, 128</column>
<column name="result_60_we0">3, 4, 1, 4</column>
<column name="result_61_address0">3, 4, 10, 40</column>
<column name="result_61_address1">3, 4, 10, 40</column>
<column name="result_61_ce0">3, 4, 1, 4</column>
<column name="result_61_ce1">3, 4, 1, 4</column>
<column name="result_61_d0">3, 4, 32, 128</column>
<column name="result_61_we0">3, 4, 1, 4</column>
<column name="result_62_address0">3, 4, 10, 40</column>
<column name="result_62_address1">3, 4, 10, 40</column>
<column name="result_62_ce0">3, 4, 1, 4</column>
<column name="result_62_ce1">3, 4, 1, 4</column>
<column name="result_62_d0">3, 4, 32, 128</column>
<column name="result_62_we0">3, 4, 1, 4</column>
<column name="result_63_address0">3, 4, 10, 40</column>
<column name="result_63_address1">3, 4, 10, 40</column>
<column name="result_63_ce0">3, 4, 1, 4</column>
<column name="result_63_ce1">3, 4, 1, 4</column>
<column name="result_63_d0">3, 4, 32, 128</column>
<column name="result_63_we0">3, 4, 1, 4</column>
<column name="result_6_address0">3, 4, 10, 40</column>
<column name="result_6_address1">3, 4, 10, 40</column>
<column name="result_6_ce0">3, 4, 1, 4</column>
<column name="result_6_ce1">3, 4, 1, 4</column>
<column name="result_6_d0">3, 4, 32, 128</column>
<column name="result_6_we0">3, 4, 1, 4</column>
<column name="result_7_address0">3, 4, 10, 40</column>
<column name="result_7_address1">3, 4, 10, 40</column>
<column name="result_7_ce0">3, 4, 1, 4</column>
<column name="result_7_ce1">3, 4, 1, 4</column>
<column name="result_7_d0">3, 4, 32, 128</column>
<column name="result_7_we0">3, 4, 1, 4</column>
<column name="result_8_address0">3, 4, 10, 40</column>
<column name="result_8_address1">3, 4, 10, 40</column>
<column name="result_8_ce0">3, 4, 1, 4</column>
<column name="result_8_ce1">3, 4, 1, 4</column>
<column name="result_8_d0">3, 4, 32, 128</column>
<column name="result_8_we0">3, 4, 1, 4</column>
<column name="result_9_address0">3, 4, 10, 40</column>
<column name="result_9_address1">3, 4, 10, 40</column>
<column name="result_9_ce0">3, 4, 1, 4</column>
<column name="result_9_ce1">3, 4, 1, 4</column>
<column name="result_9_d0">3, 4, 32, 128</column>
<column name="result_9_we0">3, 4, 1, 4</column>
<column name="top_buffer_0_address0">3, 3, 4, 12</column>
<column name="top_buffer_0_ce0">3, 3, 1, 3</column>
<column name="top_buffer_0_ce1">3, 2, 1, 2</column>
<column name="top_buffer_0_d0">3, 3, 32, 96</column>
<column name="top_buffer_0_we0">3, 3, 1, 3</column>
<column name="top_buffer_10_address0">3, 3, 4, 12</column>
<column name="top_buffer_10_ce0">3, 3, 1, 3</column>
<column name="top_buffer_10_ce1">3, 2, 1, 2</column>
<column name="top_buffer_10_d0">3, 3, 32, 96</column>
<column name="top_buffer_10_we0">3, 3, 1, 3</column>
<column name="top_buffer_11_address0">3, 3, 4, 12</column>
<column name="top_buffer_11_ce0">3, 3, 1, 3</column>
<column name="top_buffer_11_ce1">3, 2, 1, 2</column>
<column name="top_buffer_11_d0">3, 3, 32, 96</column>
<column name="top_buffer_11_we0">3, 3, 1, 3</column>
<column name="top_buffer_12_address0">3, 3, 4, 12</column>
<column name="top_buffer_12_ce0">3, 3, 1, 3</column>
<column name="top_buffer_12_ce1">3, 2, 1, 2</column>
<column name="top_buffer_12_d0">3, 3, 32, 96</column>
<column name="top_buffer_12_we0">3, 3, 1, 3</column>
<column name="top_buffer_13_address0">3, 3, 4, 12</column>
<column name="top_buffer_13_ce0">3, 3, 1, 3</column>
<column name="top_buffer_13_ce1">3, 2, 1, 2</column>
<column name="top_buffer_13_d0">3, 3, 32, 96</column>
<column name="top_buffer_13_we0">3, 3, 1, 3</column>
<column name="top_buffer_14_address0">3, 3, 4, 12</column>
<column name="top_buffer_14_ce0">3, 3, 1, 3</column>
<column name="top_buffer_14_ce1">3, 2, 1, 2</column>
<column name="top_buffer_14_d0">3, 3, 32, 96</column>
<column name="top_buffer_14_we0">3, 3, 1, 3</column>
<column name="top_buffer_15_address0">3, 3, 4, 12</column>
<column name="top_buffer_15_ce0">3, 3, 1, 3</column>
<column name="top_buffer_15_ce1">3, 2, 1, 2</column>
<column name="top_buffer_15_d0">3, 3, 32, 96</column>
<column name="top_buffer_15_we0">3, 3, 1, 3</column>
<column name="top_buffer_1_address0">3, 3, 4, 12</column>
<column name="top_buffer_1_ce0">3, 3, 1, 3</column>
<column name="top_buffer_1_ce1">3, 2, 1, 2</column>
<column name="top_buffer_1_d0">3, 3, 32, 96</column>
<column name="top_buffer_1_we0">3, 3, 1, 3</column>
<column name="top_buffer_2_address0">3, 3, 4, 12</column>
<column name="top_buffer_2_ce0">3, 3, 1, 3</column>
<column name="top_buffer_2_ce1">3, 2, 1, 2</column>
<column name="top_buffer_2_d0">3, 3, 32, 96</column>
<column name="top_buffer_2_we0">3, 3, 1, 3</column>
<column name="top_buffer_3_address0">3, 3, 4, 12</column>
<column name="top_buffer_3_ce0">3, 3, 1, 3</column>
<column name="top_buffer_3_ce1">3, 2, 1, 2</column>
<column name="top_buffer_3_d0">3, 3, 32, 96</column>
<column name="top_buffer_3_we0">3, 3, 1, 3</column>
<column name="top_buffer_4_address0">3, 3, 4, 12</column>
<column name="top_buffer_4_ce0">3, 3, 1, 3</column>
<column name="top_buffer_4_ce1">3, 2, 1, 2</column>
<column name="top_buffer_4_d0">3, 3, 32, 96</column>
<column name="top_buffer_4_we0">3, 3, 1, 3</column>
<column name="top_buffer_5_address0">3, 3, 4, 12</column>
<column name="top_buffer_5_ce0">3, 3, 1, 3</column>
<column name="top_buffer_5_ce1">3, 2, 1, 2</column>
<column name="top_buffer_5_d0">3, 3, 32, 96</column>
<column name="top_buffer_5_we0">3, 3, 1, 3</column>
<column name="top_buffer_6_address0">3, 3, 4, 12</column>
<column name="top_buffer_6_ce0">3, 3, 1, 3</column>
<column name="top_buffer_6_ce1">3, 2, 1, 2</column>
<column name="top_buffer_6_d0">3, 3, 32, 96</column>
<column name="top_buffer_6_we0">3, 3, 1, 3</column>
<column name="top_buffer_7_address0">3, 3, 4, 12</column>
<column name="top_buffer_7_ce0">3, 3, 1, 3</column>
<column name="top_buffer_7_ce1">3, 2, 1, 2</column>
<column name="top_buffer_7_d0">3, 3, 32, 96</column>
<column name="top_buffer_7_we0">3, 3, 1, 3</column>
<column name="top_buffer_8_address0">3, 3, 4, 12</column>
<column name="top_buffer_8_ce0">3, 3, 1, 3</column>
<column name="top_buffer_8_ce1">3, 2, 1, 2</column>
<column name="top_buffer_8_d0">3, 3, 32, 96</column>
<column name="top_buffer_8_we0">3, 3, 1, 3</column>
<column name="top_buffer_9_address0">3, 3, 4, 12</column>
<column name="top_buffer_9_ce0">3, 3, 1, 3</column>
<column name="top_buffer_9_ce1">3, 2, 1, 2</column>
<column name="top_buffer_9_d0">3, 3, 32, 96</column>
<column name="top_buffer_9_we0">3, 3, 1, 3</column>
</table>
</item>
<item name = "Register"><table name="" hasTotal="1">
<keys size="5">Name, FF, LUT, Bits, Const Bits</keys>
<column name="ap_CS_fsm">8, 0, 8, 0</column>
<column name="grp_lud_diagonal_fu_854_ap_start_reg">1, 0, 1, 0</column>
<column name="grp_lud_internal_fu_672_ap_start_reg">1, 0, 1, 0</column>
<column name="grp_lud_perimeter_fu_490_ap_start_reg">1, 0, 1, 0</column>
<column name="i_0_reg_478">8, 0, 8, 0</column>
<column name="i_reg_1029">8, 0, 8, 0</column>
<column name="zext_ln334_reg_1024">8, 0, 10, 2</column>
</table>
</item>
</section>
</item>
</section>

<section name = "Interface" level="0">
<item name = "Summary"><table name="" hasTotal="0">
<keys size="6">RTL Ports, Dir, Bits, Protocol, Source Object, C Type</keys>
<column name="ap_clk">in, 1, ap_ctrl_hs, workload_asdse, return value</column>
<column name="ap_rst">in, 1, ap_ctrl_hs, workload_asdse, return value</column>
<column name="ap_start">in, 1, ap_ctrl_hs, workload_asdse, return value</column>
<column name="ap_done">out, 1, ap_ctrl_hs, workload_asdse, return value</column>
<column name="ap_idle">out, 1, ap_ctrl_hs, workload_asdse, return value</column>
<column name="ap_ready">out, 1, ap_ctrl_hs, workload_asdse, return value</column>
<column name="result_0_address0">out, 10, ap_memory, result_0, array</column>
<column name="result_0_ce0">out, 1, ap_memory, result_0, array</column>
<column name="result_0_we0">out, 1, ap_memory, result_0, array</column>
<column name="result_0_d0">out, 32, ap_memory, result_0, array</column>
<column name="result_0_q0">in, 32, ap_memory, result_0, array</column>
<column name="result_0_address1">out, 10, ap_memory, result_0, array</column>
<column name="result_0_ce1">out, 1, ap_memory, result_0, array</column>
<column name="result_0_q1">in, 32, ap_memory, result_0, array</column>
<column name="result_1_address0">out, 10, ap_memory, result_1, array</column>
<column name="result_1_ce0">out, 1, ap_memory, result_1, array</column>
<column name="result_1_we0">out, 1, ap_memory, result_1, array</column>
<column name="result_1_d0">out, 32, ap_memory, result_1, array</column>
<column name="result_1_q0">in, 32, ap_memory, result_1, array</column>
<column name="result_1_address1">out, 10, ap_memory, result_1, array</column>
<column name="result_1_ce1">out, 1, ap_memory, result_1, array</column>
<column name="result_1_q1">in, 32, ap_memory, result_1, array</column>
<column name="result_2_address0">out, 10, ap_memory, result_2, array</column>
<column name="result_2_ce0">out, 1, ap_memory, result_2, array</column>
<column name="result_2_we0">out, 1, ap_memory, result_2, array</column>
<column name="result_2_d0">out, 32, ap_memory, result_2, array</column>
<column name="result_2_q0">in, 32, ap_memory, result_2, array</column>
<column name="result_2_address1">out, 10, ap_memory, result_2, array</column>
<column name="result_2_ce1">out, 1, ap_memory, result_2, array</column>
<column name="result_2_q1">in, 32, ap_memory, result_2, array</column>
<column name="result_3_address0">out, 10, ap_memory, result_3, array</column>
<column name="result_3_ce0">out, 1, ap_memory, result_3, array</column>
<column name="result_3_we0">out, 1, ap_memory, result_3, array</column>
<column name="result_3_d0">out, 32, ap_memory, result_3, array</column>
<column name="result_3_q0">in, 32, ap_memory, result_3, array</column>
<column name="result_3_address1">out, 10, ap_memory, result_3, array</column>
<column name="result_3_ce1">out, 1, ap_memory, result_3, array</column>
<column name="result_3_q1">in, 32, ap_memory, result_3, array</column>
<column name="result_4_address0">out, 10, ap_memory, result_4, array</column>
<column name="result_4_ce0">out, 1, ap_memory, result_4, array</column>
<column name="result_4_we0">out, 1, ap_memory, result_4, array</column>
<column name="result_4_d0">out, 32, ap_memory, result_4, array</column>
<column name="result_4_q0">in, 32, ap_memory, result_4, array</column>
<column name="result_4_address1">out, 10, ap_memory, result_4, array</column>
<column name="result_4_ce1">out, 1, ap_memory, result_4, array</column>
<column name="result_4_q1">in, 32, ap_memory, result_4, array</column>
<column name="result_5_address0">out, 10, ap_memory, result_5, array</column>
<column name="result_5_ce0">out, 1, ap_memory, result_5, array</column>
<column name="result_5_we0">out, 1, ap_memory, result_5, array</column>
<column name="result_5_d0">out, 32, ap_memory, result_5, array</column>
<column name="result_5_q0">in, 32, ap_memory, result_5, array</column>
<column name="result_5_address1">out, 10, ap_memory, result_5, array</column>
<column name="result_5_ce1">out, 1, ap_memory, result_5, array</column>
<column name="result_5_q1">in, 32, ap_memory, result_5, array</column>
<column name="result_6_address0">out, 10, ap_memory, result_6, array</column>
<column name="result_6_ce0">out, 1, ap_memory, result_6, array</column>
<column name="result_6_we0">out, 1, ap_memory, result_6, array</column>
<column name="result_6_d0">out, 32, ap_memory, result_6, array</column>
<column name="result_6_q0">in, 32, ap_memory, result_6, array</column>
<column name="result_6_address1">out, 10, ap_memory, result_6, array</column>
<column name="result_6_ce1">out, 1, ap_memory, result_6, array</column>
<column name="result_6_q1">in, 32, ap_memory, result_6, array</column>
<column name="result_7_address0">out, 10, ap_memory, result_7, array</column>
<column name="result_7_ce0">out, 1, ap_memory, result_7, array</column>
<column name="result_7_we0">out, 1, ap_memory, result_7, array</column>
<column name="result_7_d0">out, 32, ap_memory, result_7, array</column>
<column name="result_7_q0">in, 32, ap_memory, result_7, array</column>
<column name="result_7_address1">out, 10, ap_memory, result_7, array</column>
<column name="result_7_ce1">out, 1, ap_memory, result_7, array</column>
<column name="result_7_q1">in, 32, ap_memory, result_7, array</column>
<column name="result_8_address0">out, 10, ap_memory, result_8, array</column>
<column name="result_8_ce0">out, 1, ap_memory, result_8, array</column>
<column name="result_8_we0">out, 1, ap_memory, result_8, array</column>
<column name="result_8_d0">out, 32, ap_memory, result_8, array</column>
<column name="result_8_q0">in, 32, ap_memory, result_8, array</column>
<column name="result_8_address1">out, 10, ap_memory, result_8, array</column>
<column name="result_8_ce1">out, 1, ap_memory, result_8, array</column>
<column name="result_8_q1">in, 32, ap_memory, result_8, array</column>
<column name="result_9_address0">out, 10, ap_memory, result_9, array</column>
<column name="result_9_ce0">out, 1, ap_memory, result_9, array</column>
<column name="result_9_we0">out, 1, ap_memory, result_9, array</column>
<column name="result_9_d0">out, 32, ap_memory, result_9, array</column>
<column name="result_9_q0">in, 32, ap_memory, result_9, array</column>
<column name="result_9_address1">out, 10, ap_memory, result_9, array</column>
<column name="result_9_ce1">out, 1, ap_memory, result_9, array</column>
<column name="result_9_q1">in, 32, ap_memory, result_9, array</column>
<column name="result_10_address0">out, 10, ap_memory, result_10, array</column>
<column name="result_10_ce0">out, 1, ap_memory, result_10, array</column>
<column name="result_10_we0">out, 1, ap_memory, result_10, array</column>
<column name="result_10_d0">out, 32, ap_memory, result_10, array</column>
<column name="result_10_q0">in, 32, ap_memory, result_10, array</column>
<column name="result_10_address1">out, 10, ap_memory, result_10, array</column>
<column name="result_10_ce1">out, 1, ap_memory, result_10, array</column>
<column name="result_10_q1">in, 32, ap_memory, result_10, array</column>
<column name="result_11_address0">out, 10, ap_memory, result_11, array</column>
<column name="result_11_ce0">out, 1, ap_memory, result_11, array</column>
<column name="result_11_we0">out, 1, ap_memory, result_11, array</column>
<column name="result_11_d0">out, 32, ap_memory, result_11, array</column>
<column name="result_11_q0">in, 32, ap_memory, result_11, array</column>
<column name="result_11_address1">out, 10, ap_memory, result_11, array</column>
<column name="result_11_ce1">out, 1, ap_memory, result_11, array</column>
<column name="result_11_q1">in, 32, ap_memory, result_11, array</column>
<column name="result_12_address0">out, 10, ap_memory, result_12, array</column>
<column name="result_12_ce0">out, 1, ap_memory, result_12, array</column>
<column name="result_12_we0">out, 1, ap_memory, result_12, array</column>
<column name="result_12_d0">out, 32, ap_memory, result_12, array</column>
<column name="result_12_q0">in, 32, ap_memory, result_12, array</column>
<column name="result_12_address1">out, 10, ap_memory, result_12, array</column>
<column name="result_12_ce1">out, 1, ap_memory, result_12, array</column>
<column name="result_12_q1">in, 32, ap_memory, result_12, array</column>
<column name="result_13_address0">out, 10, ap_memory, result_13, array</column>
<column name="result_13_ce0">out, 1, ap_memory, result_13, array</column>
<column name="result_13_we0">out, 1, ap_memory, result_13, array</column>
<column name="result_13_d0">out, 32, ap_memory, result_13, array</column>
<column name="result_13_q0">in, 32, ap_memory, result_13, array</column>
<column name="result_13_address1">out, 10, ap_memory, result_13, array</column>
<column name="result_13_ce1">out, 1, ap_memory, result_13, array</column>
<column name="result_13_q1">in, 32, ap_memory, result_13, array</column>
<column name="result_14_address0">out, 10, ap_memory, result_14, array</column>
<column name="result_14_ce0">out, 1, ap_memory, result_14, array</column>
<column name="result_14_we0">out, 1, ap_memory, result_14, array</column>
<column name="result_14_d0">out, 32, ap_memory, result_14, array</column>
<column name="result_14_q0">in, 32, ap_memory, result_14, array</column>
<column name="result_14_address1">out, 10, ap_memory, result_14, array</column>
<column name="result_14_ce1">out, 1, ap_memory, result_14, array</column>
<column name="result_14_q1">in, 32, ap_memory, result_14, array</column>
<column name="result_15_address0">out, 10, ap_memory, result_15, array</column>
<column name="result_15_ce0">out, 1, ap_memory, result_15, array</column>
<column name="result_15_we0">out, 1, ap_memory, result_15, array</column>
<column name="result_15_d0">out, 32, ap_memory, result_15, array</column>
<column name="result_15_q0">in, 32, ap_memory, result_15, array</column>
<column name="result_15_address1">out, 10, ap_memory, result_15, array</column>
<column name="result_15_ce1">out, 1, ap_memory, result_15, array</column>
<column name="result_15_q1">in, 32, ap_memory, result_15, array</column>
<column name="result_16_address0">out, 10, ap_memory, result_16, array</column>
<column name="result_16_ce0">out, 1, ap_memory, result_16, array</column>
<column name="result_16_we0">out, 1, ap_memory, result_16, array</column>
<column name="result_16_d0">out, 32, ap_memory, result_16, array</column>
<column name="result_16_q0">in, 32, ap_memory, result_16, array</column>
<column name="result_16_address1">out, 10, ap_memory, result_16, array</column>
<column name="result_16_ce1">out, 1, ap_memory, result_16, array</column>
<column name="result_16_q1">in, 32, ap_memory, result_16, array</column>
<column name="result_17_address0">out, 10, ap_memory, result_17, array</column>
<column name="result_17_ce0">out, 1, ap_memory, result_17, array</column>
<column name="result_17_we0">out, 1, ap_memory, result_17, array</column>
<column name="result_17_d0">out, 32, ap_memory, result_17, array</column>
<column name="result_17_q0">in, 32, ap_memory, result_17, array</column>
<column name="result_17_address1">out, 10, ap_memory, result_17, array</column>
<column name="result_17_ce1">out, 1, ap_memory, result_17, array</column>
<column name="result_17_q1">in, 32, ap_memory, result_17, array</column>
<column name="result_18_address0">out, 10, ap_memory, result_18, array</column>
<column name="result_18_ce0">out, 1, ap_memory, result_18, array</column>
<column name="result_18_we0">out, 1, ap_memory, result_18, array</column>
<column name="result_18_d0">out, 32, ap_memory, result_18, array</column>
<column name="result_18_q0">in, 32, ap_memory, result_18, array</column>
<column name="result_18_address1">out, 10, ap_memory, result_18, array</column>
<column name="result_18_ce1">out, 1, ap_memory, result_18, array</column>
<column name="result_18_q1">in, 32, ap_memory, result_18, array</column>
<column name="result_19_address0">out, 10, ap_memory, result_19, array</column>
<column name="result_19_ce0">out, 1, ap_memory, result_19, array</column>
<column name="result_19_we0">out, 1, ap_memory, result_19, array</column>
<column name="result_19_d0">out, 32, ap_memory, result_19, array</column>
<column name="result_19_q0">in, 32, ap_memory, result_19, array</column>
<column name="result_19_address1">out, 10, ap_memory, result_19, array</column>
<column name="result_19_ce1">out, 1, ap_memory, result_19, array</column>
<column name="result_19_q1">in, 32, ap_memory, result_19, array</column>
<column name="result_20_address0">out, 10, ap_memory, result_20, array</column>
<column name="result_20_ce0">out, 1, ap_memory, result_20, array</column>
<column name="result_20_we0">out, 1, ap_memory, result_20, array</column>
<column name="result_20_d0">out, 32, ap_memory, result_20, array</column>
<column name="result_20_q0">in, 32, ap_memory, result_20, array</column>
<column name="result_20_address1">out, 10, ap_memory, result_20, array</column>
<column name="result_20_ce1">out, 1, ap_memory, result_20, array</column>
<column name="result_20_q1">in, 32, ap_memory, result_20, array</column>
<column name="result_21_address0">out, 10, ap_memory, result_21, array</column>
<column name="result_21_ce0">out, 1, ap_memory, result_21, array</column>
<column name="result_21_we0">out, 1, ap_memory, result_21, array</column>
<column name="result_21_d0">out, 32, ap_memory, result_21, array</column>
<column name="result_21_q0">in, 32, ap_memory, result_21, array</column>
<column name="result_21_address1">out, 10, ap_memory, result_21, array</column>
<column name="result_21_ce1">out, 1, ap_memory, result_21, array</column>
<column name="result_21_q1">in, 32, ap_memory, result_21, array</column>
<column name="result_22_address0">out, 10, ap_memory, result_22, array</column>
<column name="result_22_ce0">out, 1, ap_memory, result_22, array</column>
<column name="result_22_we0">out, 1, ap_memory, result_22, array</column>
<column name="result_22_d0">out, 32, ap_memory, result_22, array</column>
<column name="result_22_q0">in, 32, ap_memory, result_22, array</column>
<column name="result_22_address1">out, 10, ap_memory, result_22, array</column>
<column name="result_22_ce1">out, 1, ap_memory, result_22, array</column>
<column name="result_22_q1">in, 32, ap_memory, result_22, array</column>
<column name="result_23_address0">out, 10, ap_memory, result_23, array</column>
<column name="result_23_ce0">out, 1, ap_memory, result_23, array</column>
<column name="result_23_we0">out, 1, ap_memory, result_23, array</column>
<column name="result_23_d0">out, 32, ap_memory, result_23, array</column>
<column name="result_23_q0">in, 32, ap_memory, result_23, array</column>
<column name="result_23_address1">out, 10, ap_memory, result_23, array</column>
<column name="result_23_ce1">out, 1, ap_memory, result_23, array</column>
<column name="result_23_q1">in, 32, ap_memory, result_23, array</column>
<column name="result_24_address0">out, 10, ap_memory, result_24, array</column>
<column name="result_24_ce0">out, 1, ap_memory, result_24, array</column>
<column name="result_24_we0">out, 1, ap_memory, result_24, array</column>
<column name="result_24_d0">out, 32, ap_memory, result_24, array</column>
<column name="result_24_q0">in, 32, ap_memory, result_24, array</column>
<column name="result_24_address1">out, 10, ap_memory, result_24, array</column>
<column name="result_24_ce1">out, 1, ap_memory, result_24, array</column>
<column name="result_24_q1">in, 32, ap_memory, result_24, array</column>
<column name="result_25_address0">out, 10, ap_memory, result_25, array</column>
<column name="result_25_ce0">out, 1, ap_memory, result_25, array</column>
<column name="result_25_we0">out, 1, ap_memory, result_25, array</column>
<column name="result_25_d0">out, 32, ap_memory, result_25, array</column>
<column name="result_25_q0">in, 32, ap_memory, result_25, array</column>
<column name="result_25_address1">out, 10, ap_memory, result_25, array</column>
<column name="result_25_ce1">out, 1, ap_memory, result_25, array</column>
<column name="result_25_q1">in, 32, ap_memory, result_25, array</column>
<column name="result_26_address0">out, 10, ap_memory, result_26, array</column>
<column name="result_26_ce0">out, 1, ap_memory, result_26, array</column>
<column name="result_26_we0">out, 1, ap_memory, result_26, array</column>
<column name="result_26_d0">out, 32, ap_memory, result_26, array</column>
<column name="result_26_q0">in, 32, ap_memory, result_26, array</column>
<column name="result_26_address1">out, 10, ap_memory, result_26, array</column>
<column name="result_26_ce1">out, 1, ap_memory, result_26, array</column>
<column name="result_26_q1">in, 32, ap_memory, result_26, array</column>
<column name="result_27_address0">out, 10, ap_memory, result_27, array</column>
<column name="result_27_ce0">out, 1, ap_memory, result_27, array</column>
<column name="result_27_we0">out, 1, ap_memory, result_27, array</column>
<column name="result_27_d0">out, 32, ap_memory, result_27, array</column>
<column name="result_27_q0">in, 32, ap_memory, result_27, array</column>
<column name="result_27_address1">out, 10, ap_memory, result_27, array</column>
<column name="result_27_ce1">out, 1, ap_memory, result_27, array</column>
<column name="result_27_q1">in, 32, ap_memory, result_27, array</column>
<column name="result_28_address0">out, 10, ap_memory, result_28, array</column>
<column name="result_28_ce0">out, 1, ap_memory, result_28, array</column>
<column name="result_28_we0">out, 1, ap_memory, result_28, array</column>
<column name="result_28_d0">out, 32, ap_memory, result_28, array</column>
<column name="result_28_q0">in, 32, ap_memory, result_28, array</column>
<column name="result_28_address1">out, 10, ap_memory, result_28, array</column>
<column name="result_28_ce1">out, 1, ap_memory, result_28, array</column>
<column name="result_28_q1">in, 32, ap_memory, result_28, array</column>
<column name="result_29_address0">out, 10, ap_memory, result_29, array</column>
<column name="result_29_ce0">out, 1, ap_memory, result_29, array</column>
<column name="result_29_we0">out, 1, ap_memory, result_29, array</column>
<column name="result_29_d0">out, 32, ap_memory, result_29, array</column>
<column name="result_29_q0">in, 32, ap_memory, result_29, array</column>
<column name="result_29_address1">out, 10, ap_memory, result_29, array</column>
<column name="result_29_ce1">out, 1, ap_memory, result_29, array</column>
<column name="result_29_q1">in, 32, ap_memory, result_29, array</column>
<column name="result_30_address0">out, 10, ap_memory, result_30, array</column>
<column name="result_30_ce0">out, 1, ap_memory, result_30, array</column>
<column name="result_30_we0">out, 1, ap_memory, result_30, array</column>
<column name="result_30_d0">out, 32, ap_memory, result_30, array</column>
<column name="result_30_q0">in, 32, ap_memory, result_30, array</column>
<column name="result_30_address1">out, 10, ap_memory, result_30, array</column>
<column name="result_30_ce1">out, 1, ap_memory, result_30, array</column>
<column name="result_30_q1">in, 32, ap_memory, result_30, array</column>
<column name="result_31_address0">out, 10, ap_memory, result_31, array</column>
<column name="result_31_ce0">out, 1, ap_memory, result_31, array</column>
<column name="result_31_we0">out, 1, ap_memory, result_31, array</column>
<column name="result_31_d0">out, 32, ap_memory, result_31, array</column>
<column name="result_31_q0">in, 32, ap_memory, result_31, array</column>
<column name="result_31_address1">out, 10, ap_memory, result_31, array</column>
<column name="result_31_ce1">out, 1, ap_memory, result_31, array</column>
<column name="result_31_q1">in, 32, ap_memory, result_31, array</column>
<column name="result_32_address0">out, 10, ap_memory, result_32, array</column>
<column name="result_32_ce0">out, 1, ap_memory, result_32, array</column>
<column name="result_32_we0">out, 1, ap_memory, result_32, array</column>
<column name="result_32_d0">out, 32, ap_memory, result_32, array</column>
<column name="result_32_q0">in, 32, ap_memory, result_32, array</column>
<column name="result_32_address1">out, 10, ap_memory, result_32, array</column>
<column name="result_32_ce1">out, 1, ap_memory, result_32, array</column>
<column name="result_32_q1">in, 32, ap_memory, result_32, array</column>
<column name="result_33_address0">out, 10, ap_memory, result_33, array</column>
<column name="result_33_ce0">out, 1, ap_memory, result_33, array</column>
<column name="result_33_we0">out, 1, ap_memory, result_33, array</column>
<column name="result_33_d0">out, 32, ap_memory, result_33, array</column>
<column name="result_33_q0">in, 32, ap_memory, result_33, array</column>
<column name="result_33_address1">out, 10, ap_memory, result_33, array</column>
<column name="result_33_ce1">out, 1, ap_memory, result_33, array</column>
<column name="result_33_q1">in, 32, ap_memory, result_33, array</column>
<column name="result_34_address0">out, 10, ap_memory, result_34, array</column>
<column name="result_34_ce0">out, 1, ap_memory, result_34, array</column>
<column name="result_34_we0">out, 1, ap_memory, result_34, array</column>
<column name="result_34_d0">out, 32, ap_memory, result_34, array</column>
<column name="result_34_q0">in, 32, ap_memory, result_34, array</column>
<column name="result_34_address1">out, 10, ap_memory, result_34, array</column>
<column name="result_34_ce1">out, 1, ap_memory, result_34, array</column>
<column name="result_34_q1">in, 32, ap_memory, result_34, array</column>
<column name="result_35_address0">out, 10, ap_memory, result_35, array</column>
<column name="result_35_ce0">out, 1, ap_memory, result_35, array</column>
<column name="result_35_we0">out, 1, ap_memory, result_35, array</column>
<column name="result_35_d0">out, 32, ap_memory, result_35, array</column>
<column name="result_35_q0">in, 32, ap_memory, result_35, array</column>
<column name="result_35_address1">out, 10, ap_memory, result_35, array</column>
<column name="result_35_ce1">out, 1, ap_memory, result_35, array</column>
<column name="result_35_q1">in, 32, ap_memory, result_35, array</column>
<column name="result_36_address0">out, 10, ap_memory, result_36, array</column>
<column name="result_36_ce0">out, 1, ap_memory, result_36, array</column>
<column name="result_36_we0">out, 1, ap_memory, result_36, array</column>
<column name="result_36_d0">out, 32, ap_memory, result_36, array</column>
<column name="result_36_q0">in, 32, ap_memory, result_36, array</column>
<column name="result_36_address1">out, 10, ap_memory, result_36, array</column>
<column name="result_36_ce1">out, 1, ap_memory, result_36, array</column>
<column name="result_36_q1">in, 32, ap_memory, result_36, array</column>
<column name="result_37_address0">out, 10, ap_memory, result_37, array</column>
<column name="result_37_ce0">out, 1, ap_memory, result_37, array</column>
<column name="result_37_we0">out, 1, ap_memory, result_37, array</column>
<column name="result_37_d0">out, 32, ap_memory, result_37, array</column>
<column name="result_37_q0">in, 32, ap_memory, result_37, array</column>
<column name="result_37_address1">out, 10, ap_memory, result_37, array</column>
<column name="result_37_ce1">out, 1, ap_memory, result_37, array</column>
<column name="result_37_q1">in, 32, ap_memory, result_37, array</column>
<column name="result_38_address0">out, 10, ap_memory, result_38, array</column>
<column name="result_38_ce0">out, 1, ap_memory, result_38, array</column>
<column name="result_38_we0">out, 1, ap_memory, result_38, array</column>
<column name="result_38_d0">out, 32, ap_memory, result_38, array</column>
<column name="result_38_q0">in, 32, ap_memory, result_38, array</column>
<column name="result_38_address1">out, 10, ap_memory, result_38, array</column>
<column name="result_38_ce1">out, 1, ap_memory, result_38, array</column>
<column name="result_38_q1">in, 32, ap_memory, result_38, array</column>
<column name="result_39_address0">out, 10, ap_memory, result_39, array</column>
<column name="result_39_ce0">out, 1, ap_memory, result_39, array</column>
<column name="result_39_we0">out, 1, ap_memory, result_39, array</column>
<column name="result_39_d0">out, 32, ap_memory, result_39, array</column>
<column name="result_39_q0">in, 32, ap_memory, result_39, array</column>
<column name="result_39_address1">out, 10, ap_memory, result_39, array</column>
<column name="result_39_ce1">out, 1, ap_memory, result_39, array</column>
<column name="result_39_q1">in, 32, ap_memory, result_39, array</column>
<column name="result_40_address0">out, 10, ap_memory, result_40, array</column>
<column name="result_40_ce0">out, 1, ap_memory, result_40, array</column>
<column name="result_40_we0">out, 1, ap_memory, result_40, array</column>
<column name="result_40_d0">out, 32, ap_memory, result_40, array</column>
<column name="result_40_q0">in, 32, ap_memory, result_40, array</column>
<column name="result_40_address1">out, 10, ap_memory, result_40, array</column>
<column name="result_40_ce1">out, 1, ap_memory, result_40, array</column>
<column name="result_40_q1">in, 32, ap_memory, result_40, array</column>
<column name="result_41_address0">out, 10, ap_memory, result_41, array</column>
<column name="result_41_ce0">out, 1, ap_memory, result_41, array</column>
<column name="result_41_we0">out, 1, ap_memory, result_41, array</column>
<column name="result_41_d0">out, 32, ap_memory, result_41, array</column>
<column name="result_41_q0">in, 32, ap_memory, result_41, array</column>
<column name="result_41_address1">out, 10, ap_memory, result_41, array</column>
<column name="result_41_ce1">out, 1, ap_memory, result_41, array</column>
<column name="result_41_q1">in, 32, ap_memory, result_41, array</column>
<column name="result_42_address0">out, 10, ap_memory, result_42, array</column>
<column name="result_42_ce0">out, 1, ap_memory, result_42, array</column>
<column name="result_42_we0">out, 1, ap_memory, result_42, array</column>
<column name="result_42_d0">out, 32, ap_memory, result_42, array</column>
<column name="result_42_q0">in, 32, ap_memory, result_42, array</column>
<column name="result_42_address1">out, 10, ap_memory, result_42, array</column>
<column name="result_42_ce1">out, 1, ap_memory, result_42, array</column>
<column name="result_42_q1">in, 32, ap_memory, result_42, array</column>
<column name="result_43_address0">out, 10, ap_memory, result_43, array</column>
<column name="result_43_ce0">out, 1, ap_memory, result_43, array</column>
<column name="result_43_we0">out, 1, ap_memory, result_43, array</column>
<column name="result_43_d0">out, 32, ap_memory, result_43, array</column>
<column name="result_43_q0">in, 32, ap_memory, result_43, array</column>
<column name="result_43_address1">out, 10, ap_memory, result_43, array</column>
<column name="result_43_ce1">out, 1, ap_memory, result_43, array</column>
<column name="result_43_q1">in, 32, ap_memory, result_43, array</column>
<column name="result_44_address0">out, 10, ap_memory, result_44, array</column>
<column name="result_44_ce0">out, 1, ap_memory, result_44, array</column>
<column name="result_44_we0">out, 1, ap_memory, result_44, array</column>
<column name="result_44_d0">out, 32, ap_memory, result_44, array</column>
<column name="result_44_q0">in, 32, ap_memory, result_44, array</column>
<column name="result_44_address1">out, 10, ap_memory, result_44, array</column>
<column name="result_44_ce1">out, 1, ap_memory, result_44, array</column>
<column name="result_44_q1">in, 32, ap_memory, result_44, array</column>
<column name="result_45_address0">out, 10, ap_memory, result_45, array</column>
<column name="result_45_ce0">out, 1, ap_memory, result_45, array</column>
<column name="result_45_we0">out, 1, ap_memory, result_45, array</column>
<column name="result_45_d0">out, 32, ap_memory, result_45, array</column>
<column name="result_45_q0">in, 32, ap_memory, result_45, array</column>
<column name="result_45_address1">out, 10, ap_memory, result_45, array</column>
<column name="result_45_ce1">out, 1, ap_memory, result_45, array</column>
<column name="result_45_q1">in, 32, ap_memory, result_45, array</column>
<column name="result_46_address0">out, 10, ap_memory, result_46, array</column>
<column name="result_46_ce0">out, 1, ap_memory, result_46, array</column>
<column name="result_46_we0">out, 1, ap_memory, result_46, array</column>
<column name="result_46_d0">out, 32, ap_memory, result_46, array</column>
<column name="result_46_q0">in, 32, ap_memory, result_46, array</column>
<column name="result_46_address1">out, 10, ap_memory, result_46, array</column>
<column name="result_46_ce1">out, 1, ap_memory, result_46, array</column>
<column name="result_46_q1">in, 32, ap_memory, result_46, array</column>
<column name="result_47_address0">out, 10, ap_memory, result_47, array</column>
<column name="result_47_ce0">out, 1, ap_memory, result_47, array</column>
<column name="result_47_we0">out, 1, ap_memory, result_47, array</column>
<column name="result_47_d0">out, 32, ap_memory, result_47, array</column>
<column name="result_47_q0">in, 32, ap_memory, result_47, array</column>
<column name="result_47_address1">out, 10, ap_memory, result_47, array</column>
<column name="result_47_ce1">out, 1, ap_memory, result_47, array</column>
<column name="result_47_q1">in, 32, ap_memory, result_47, array</column>
<column name="result_48_address0">out, 10, ap_memory, result_48, array</column>
<column name="result_48_ce0">out, 1, ap_memory, result_48, array</column>
<column name="result_48_we0">out, 1, ap_memory, result_48, array</column>
<column name="result_48_d0">out, 32, ap_memory, result_48, array</column>
<column name="result_48_q0">in, 32, ap_memory, result_48, array</column>
<column name="result_48_address1">out, 10, ap_memory, result_48, array</column>
<column name="result_48_ce1">out, 1, ap_memory, result_48, array</column>
<column name="result_48_q1">in, 32, ap_memory, result_48, array</column>
<column name="result_49_address0">out, 10, ap_memory, result_49, array</column>
<column name="result_49_ce0">out, 1, ap_memory, result_49, array</column>
<column name="result_49_we0">out, 1, ap_memory, result_49, array</column>
<column name="result_49_d0">out, 32, ap_memory, result_49, array</column>
<column name="result_49_q0">in, 32, ap_memory, result_49, array</column>
<column name="result_49_address1">out, 10, ap_memory, result_49, array</column>
<column name="result_49_ce1">out, 1, ap_memory, result_49, array</column>
<column name="result_49_q1">in, 32, ap_memory, result_49, array</column>
<column name="result_50_address0">out, 10, ap_memory, result_50, array</column>
<column name="result_50_ce0">out, 1, ap_memory, result_50, array</column>
<column name="result_50_we0">out, 1, ap_memory, result_50, array</column>
<column name="result_50_d0">out, 32, ap_memory, result_50, array</column>
<column name="result_50_q0">in, 32, ap_memory, result_50, array</column>
<column name="result_50_address1">out, 10, ap_memory, result_50, array</column>
<column name="result_50_ce1">out, 1, ap_memory, result_50, array</column>
<column name="result_50_q1">in, 32, ap_memory, result_50, array</column>
<column name="result_51_address0">out, 10, ap_memory, result_51, array</column>
<column name="result_51_ce0">out, 1, ap_memory, result_51, array</column>
<column name="result_51_we0">out, 1, ap_memory, result_51, array</column>
<column name="result_51_d0">out, 32, ap_memory, result_51, array</column>
<column name="result_51_q0">in, 32, ap_memory, result_51, array</column>
<column name="result_51_address1">out, 10, ap_memory, result_51, array</column>
<column name="result_51_ce1">out, 1, ap_memory, result_51, array</column>
<column name="result_51_q1">in, 32, ap_memory, result_51, array</column>
<column name="result_52_address0">out, 10, ap_memory, result_52, array</column>
<column name="result_52_ce0">out, 1, ap_memory, result_52, array</column>
<column name="result_52_we0">out, 1, ap_memory, result_52, array</column>
<column name="result_52_d0">out, 32, ap_memory, result_52, array</column>
<column name="result_52_q0">in, 32, ap_memory, result_52, array</column>
<column name="result_52_address1">out, 10, ap_memory, result_52, array</column>
<column name="result_52_ce1">out, 1, ap_memory, result_52, array</column>
<column name="result_52_q1">in, 32, ap_memory, result_52, array</column>
<column name="result_53_address0">out, 10, ap_memory, result_53, array</column>
<column name="result_53_ce0">out, 1, ap_memory, result_53, array</column>
<column name="result_53_we0">out, 1, ap_memory, result_53, array</column>
<column name="result_53_d0">out, 32, ap_memory, result_53, array</column>
<column name="result_53_q0">in, 32, ap_memory, result_53, array</column>
<column name="result_53_address1">out, 10, ap_memory, result_53, array</column>
<column name="result_53_ce1">out, 1, ap_memory, result_53, array</column>
<column name="result_53_q1">in, 32, ap_memory, result_53, array</column>
<column name="result_54_address0">out, 10, ap_memory, result_54, array</column>
<column name="result_54_ce0">out, 1, ap_memory, result_54, array</column>
<column name="result_54_we0">out, 1, ap_memory, result_54, array</column>
<column name="result_54_d0">out, 32, ap_memory, result_54, array</column>
<column name="result_54_q0">in, 32, ap_memory, result_54, array</column>
<column name="result_54_address1">out, 10, ap_memory, result_54, array</column>
<column name="result_54_ce1">out, 1, ap_memory, result_54, array</column>
<column name="result_54_q1">in, 32, ap_memory, result_54, array</column>
<column name="result_55_address0">out, 10, ap_memory, result_55, array</column>
<column name="result_55_ce0">out, 1, ap_memory, result_55, array</column>
<column name="result_55_we0">out, 1, ap_memory, result_55, array</column>
<column name="result_55_d0">out, 32, ap_memory, result_55, array</column>
<column name="result_55_q0">in, 32, ap_memory, result_55, array</column>
<column name="result_55_address1">out, 10, ap_memory, result_55, array</column>
<column name="result_55_ce1">out, 1, ap_memory, result_55, array</column>
<column name="result_55_q1">in, 32, ap_memory, result_55, array</column>
<column name="result_56_address0">out, 10, ap_memory, result_56, array</column>
<column name="result_56_ce0">out, 1, ap_memory, result_56, array</column>
<column name="result_56_we0">out, 1, ap_memory, result_56, array</column>
<column name="result_56_d0">out, 32, ap_memory, result_56, array</column>
<column name="result_56_q0">in, 32, ap_memory, result_56, array</column>
<column name="result_56_address1">out, 10, ap_memory, result_56, array</column>
<column name="result_56_ce1">out, 1, ap_memory, result_56, array</column>
<column name="result_56_q1">in, 32, ap_memory, result_56, array</column>
<column name="result_57_address0">out, 10, ap_memory, result_57, array</column>
<column name="result_57_ce0">out, 1, ap_memory, result_57, array</column>
<column name="result_57_we0">out, 1, ap_memory, result_57, array</column>
<column name="result_57_d0">out, 32, ap_memory, result_57, array</column>
<column name="result_57_q0">in, 32, ap_memory, result_57, array</column>
<column name="result_57_address1">out, 10, ap_memory, result_57, array</column>
<column name="result_57_ce1">out, 1, ap_memory, result_57, array</column>
<column name="result_57_q1">in, 32, ap_memory, result_57, array</column>
<column name="result_58_address0">out, 10, ap_memory, result_58, array</column>
<column name="result_58_ce0">out, 1, ap_memory, result_58, array</column>
<column name="result_58_we0">out, 1, ap_memory, result_58, array</column>
<column name="result_58_d0">out, 32, ap_memory, result_58, array</column>
<column name="result_58_q0">in, 32, ap_memory, result_58, array</column>
<column name="result_58_address1">out, 10, ap_memory, result_58, array</column>
<column name="result_58_ce1">out, 1, ap_memory, result_58, array</column>
<column name="result_58_q1">in, 32, ap_memory, result_58, array</column>
<column name="result_59_address0">out, 10, ap_memory, result_59, array</column>
<column name="result_59_ce0">out, 1, ap_memory, result_59, array</column>
<column name="result_59_we0">out, 1, ap_memory, result_59, array</column>
<column name="result_59_d0">out, 32, ap_memory, result_59, array</column>
<column name="result_59_q0">in, 32, ap_memory, result_59, array</column>
<column name="result_59_address1">out, 10, ap_memory, result_59, array</column>
<column name="result_59_ce1">out, 1, ap_memory, result_59, array</column>
<column name="result_59_q1">in, 32, ap_memory, result_59, array</column>
<column name="result_60_address0">out, 10, ap_memory, result_60, array</column>
<column name="result_60_ce0">out, 1, ap_memory, result_60, array</column>
<column name="result_60_we0">out, 1, ap_memory, result_60, array</column>
<column name="result_60_d0">out, 32, ap_memory, result_60, array</column>
<column name="result_60_q0">in, 32, ap_memory, result_60, array</column>
<column name="result_60_address1">out, 10, ap_memory, result_60, array</column>
<column name="result_60_ce1">out, 1, ap_memory, result_60, array</column>
<column name="result_60_q1">in, 32, ap_memory, result_60, array</column>
<column name="result_61_address0">out, 10, ap_memory, result_61, array</column>
<column name="result_61_ce0">out, 1, ap_memory, result_61, array</column>
<column name="result_61_we0">out, 1, ap_memory, result_61, array</column>
<column name="result_61_d0">out, 32, ap_memory, result_61, array</column>
<column name="result_61_q0">in, 32, ap_memory, result_61, array</column>
<column name="result_61_address1">out, 10, ap_memory, result_61, array</column>
<column name="result_61_ce1">out, 1, ap_memory, result_61, array</column>
<column name="result_61_q1">in, 32, ap_memory, result_61, array</column>
<column name="result_62_address0">out, 10, ap_memory, result_62, array</column>
<column name="result_62_ce0">out, 1, ap_memory, result_62, array</column>
<column name="result_62_we0">out, 1, ap_memory, result_62, array</column>
<column name="result_62_d0">out, 32, ap_memory, result_62, array</column>
<column name="result_62_q0">in, 32, ap_memory, result_62, array</column>
<column name="result_62_address1">out, 10, ap_memory, result_62, array</column>
<column name="result_62_ce1">out, 1, ap_memory, result_62, array</column>
<column name="result_62_q1">in, 32, ap_memory, result_62, array</column>
<column name="result_63_address0">out, 10, ap_memory, result_63, array</column>
<column name="result_63_ce0">out, 1, ap_memory, result_63, array</column>
<column name="result_63_we0">out, 1, ap_memory, result_63, array</column>
<column name="result_63_d0">out, 32, ap_memory, result_63, array</column>
<column name="result_63_q0">in, 32, ap_memory, result_63, array</column>
<column name="result_63_address1">out, 10, ap_memory, result_63, array</column>
<column name="result_63_ce1">out, 1, ap_memory, result_63, array</column>
<column name="result_63_q1">in, 32, ap_memory, result_63, array</column>
</table>
</item>
</section>
</profile>
