<profile>

<section name = "Vivado HLS Report for 'kernel_correlation_base'" level="0">
<item name = "Date">Fri Jan 27 18:27:52 2023
</item>
<item name = "Version">2019.2 (Build 2704478 on Wed Nov 06 22:10:23 MST 2019)</item>
<item name = "Project">correlation_medium</item>
<item name = "Solution">base</item>
<item name = "Product family">zynq</item>
<item name = "Target device">xc7z045-ffg900-2</item>
</section>

<section name = "Performance Estimates" level="0">
<item name = "Timing">
<section name = "" level="1">
<item name = "Summary"><table name="" hasTotal="0">
<keys size="4">Clock, Target, Estimated, Uncertainty</keys>
<column name="ap_clk">10.00 ns, 9.478 ns, 1.25 ns</column>
</table>
</item>
</section>
</item>
<item name = "Latency">
<section name = "" level="1">
<item name = "Summary"><table name="" hasTotal="0">
<keys size="8">, min, max, min, max, min, max, Type</keys>
<column name="">3378579, 136653105, 33.786 ms, 1.367 sec, 3378579, 136653105, none</column>
</table>
</item>
<item name = "Detail">
<section name = "" level="1">
<item name = "Instance"><table name="" hasTotal="0">
<keys size="9">Instance, Module, min, max, min, max, min, max, Type</keys>
</table>
</item>
<item name = "Loop"><table name="" hasTotal="0">
<keys size="8">Loop Name, min, max, Latency, achieved, target, Count, Pipelined</keys>
<column name="- Loop 1">377760, 377760, 1574, -, -, 240, no</column>
<column name=" + Loop 1.1">1560, 1560, 6, -, -, 260, no</column>
<column name="- Loop 2">817440, 817440, 3406, -, -, 240, no</column>
<column name=" + Loop 2.1">3380, 3380, 13, -, -, 260, no</column>
<column name="- Loop 3">1622920, 1622920, 6242, -, -, 260, no</column>
<column name=" + Loop 3.1">6240, 6240, 26, -, -, 240, no</column>
<column name="- Loop 4">560455, 133834981, 2345 ~ 559979, -, -, 239, no</column>
<column name=" + Loop 4.1">2343, 559977, 2343, -, -, 1 ~ 239, no</column>
<column name="  ++ Loop 4.1.1">2340, 2340, 9, -, -, 260, no</column>
</table>
</item>
</section>
</item>
</section>
</item>
</section>

<section name = "Utilization Estimates" level="0">
<item name = "Summary"><table name="" hasTotal="1">
<keys size="6">Name, BRAM_18K, DSP48E, FF, LUT, URAM</keys>
<column name="DSP">-, -, -, -, -</column>
<column name="Expression">-, -, 0, 433, -</column>
<column name="FIFO">-, -, -, -, -</column>
<column name="Instance">-, 5, 1331, 2561, -</column>
<column name="Memory">-, -, -, -, -</column>
<column name="Multiplexer">-, -, -, 89, -</column>
<column name="Register">-, -, 780, -, -</column>
<specialColumn name="Available">1090, 900, 437200, 218600, 0</specialColumn>
<specialColumn name="Utilization (%)">0, ~0, ~0, 1, 0</specialColumn>
</table>
</item>
<item name = "Detail">
<section name = "" level="1">
<item name = "Instance"><table name="" hasTotal="1">
<keys size="7">Instance, Module, BRAM_18K, DSP48E, FF, LUT, URAM</keys>
<column name="kernel_correlatiobkb_U1">kernel_correlatiobkb, 0, 2, 227, 404, 0</column>
<column name="kernel_correlatiocud_U2">kernel_correlatiocud, 0, 3, 128, 320, 0</column>
<column name="kernel_correlatiodEe_U3">kernel_correlatiodEe, 0, 0, 563, 991, 0</column>
<column name="kernel_correlatioeOg_U4">kernel_correlatioeOg, 0, 0, 66, 239, 0</column>
<column name="kernel_correlatiofYi_U5">kernel_correlatiofYi, 0, 0, 347, 607, 0</column>
</table>
</item>
<item name = "DSP48E"><table name="" hasTotal="0">
<keys size="3">Instance, Module, Expression</keys>
</table>
</item>
<item name = "Memory"><table name="" hasTotal="1">
<keys size="10">Memory, Module, BRAM_18K, FF, LUT, URAM, Words, Bits, Banks, W*Bits*Banks</keys>
</table>
</item>
<item name = "FIFO"><table name="" hasTotal="1">
<keys size="8">Name, BRAM_18K, FF, LUT, URAM, Depth, Bits, Size:D*B</keys>
</table>
</item>
<item name = "Expression"><table name="" hasTotal="1">
<keys size="7">Variable Name, Operation, DSP48E, FF, LUT, Bitwidth P0, Bitwidth P1</keys>
<column name="add_ln40_fu_485_p2">+, 0, 0, 17, 17, 17</column>
<column name="add_ln47_fu_555_p2">+, 0, 0, 17, 17, 17</column>
<column name="add_ln59_fu_670_p2">+, 0, 0, 17, 17, 17</column>
<column name="add_ln65_fu_736_p2">+, 0, 0, 17, 17, 17</column>
<column name="add_ln67_fu_763_p2">+, 0, 0, 17, 17, 17</column>
<column name="add_ln69_1_fu_861_p2">+, 0, 0, 17, 17, 17</column>
<column name="add_ln69_fu_851_p2">+, 0, 0, 17, 17, 17</column>
<column name="add_ln70_fu_803_p2">+, 0, 0, 17, 17, 17</column>
<column name="i_5_fu_622_p2">+, 0, 0, 9, 9, 1</column>
<column name="i_7_fu_523_p2">+, 0, 0, 9, 9, 1</column>
<column name="i_8_fu_696_p2">+, 0, 0, 8, 8, 1</column>
<column name="i_fu_453_p2">+, 0, 0, 9, 9, 1</column>
<column name="j_3_fu_501_p2">+, 0, 0, 8, 8, 1</column>
<column name="j_4_fu_660_p2">+, 0, 0, 8, 8, 1</column>
<column name="j_5_fu_747_p2">+, 0, 0, 32, 32, 1</column>
<column name="j_fu_432_p2">+, 0, 0, 8, 8, 1</column>
<column name="k_fu_819_p2">+, 0, 0, 9, 9, 1</column>
<column name="sub_ln40_fu_479_p2">-, 0, 0, 17, 17, 17</column>
<column name="sub_ln47_fu_549_p2">-, 0, 0, 17, 17, 17</column>
<column name="sub_ln59_fu_648_p2">-, 0, 0, 17, 17, 17</column>
<column name="sub_ln65_fu_730_p2">-, 0, 0, 17, 17, 17</column>
<column name="sub_ln69_fu_845_p2">-, 0, 0, 17, 17, 17</column>
<column name="sub_ln70_fu_797_p2">-, 0, 0, 17, 17, 17</column>
<column name="and_ln53_fu_601_p2">and, 0, 0, 1, 1, 1</column>
<column name="icmp_ln37_fu_426_p2">icmp, 0, 0, 4, 8, 6</column>
<column name="icmp_ln39_fu_447_p2">icmp, 0, 0, 5, 9, 9</column>
<column name="icmp_ln44_fu_495_p2">icmp, 0, 0, 4, 8, 6</column>
<column name="icmp_ln46_fu_517_p2">icmp, 0, 0, 5, 9, 9</column>
<column name="icmp_ln53_1_fu_589_p2">icmp, 0, 0, 9, 23, 1</column>
<column name="icmp_ln53_fu_583_p2">icmp, 0, 0, 4, 8, 2</column>
<column name="icmp_ln57_fu_616_p2">icmp, 0, 0, 5, 9, 9</column>
<column name="icmp_ln58_fu_654_p2">icmp, 0, 0, 4, 8, 6</column>
<column name="icmp_ln64_fu_690_p2">icmp, 0, 0, 4, 8, 6</column>
<column name="icmp_ln66_fu_753_p2">icmp, 0, 0, 12, 32, 8</column>
<column name="icmp_ln68_fu_813_p2">icmp, 0, 0, 5, 9, 9</column>
<column name="or_ln53_fu_595_p2">or, 0, 0, 1, 1, 1</column>
<column name="stddev_d0">select, 0, 0, 32, 1, 30</column>
</table>
</item>
<item name = "Multiplexer"><table name="" hasTotal="1">
<keys size="5">Name, LUT, Input Size, Bits, Total Bits</keys>
<column name="ap_NS_fsm">11, 98, 1, 98</column>
<column name="corr_address0">4, 5, 16, 80</column>
<column name="corr_d0">3, 4, 32, 128</column>
<column name="data_address0">4, 5, 16, 80</column>
<column name="empty_4_reg_233">3, 2, 32, 64</column>
<column name="empty_7_reg_268">3, 2, 32, 64</column>
<column name="grp_fu_359_opcode">3, 3, 2, 6</column>
<column name="grp_fu_359_p0">4, 5, 32, 160</column>
<column name="grp_fu_359_p1">3, 4, 32, 128</column>
<column name="grp_fu_366_p0">3, 4, 32, 128</column>
<column name="grp_fu_366_p1">3, 4, 32, 128</column>
<column name="grp_fu_370_p0">3, 4, 32, 128</column>
<column name="grp_fu_370_p1">3, 3, 32, 96</column>
<column name="grp_fu_381_p1">3, 3, 32, 96</column>
<column name="i_0_reg_245">3, 2, 9, 18</column>
<column name="i_1_reg_280">3, 2, 9, 18</column>
<column name="i_2_reg_291">3, 2, 9, 18</column>
<column name="i_3_reg_314">3, 2, 8, 16</column>
<column name="j_0_reg_222">3, 2, 8, 16</column>
<column name="j_1_reg_256">3, 2, 8, 16</column>
<column name="j_2_reg_302">3, 2, 8, 16</column>
<column name="j_3_in_reg_325">3, 2, 32, 64</column>
<column name="k_0_reg_348">3, 2, 9, 18</column>
<column name="mean_address0">3, 4, 8, 32</column>
<column name="stddev_address0">3, 3, 8, 24</column>
<column name="storemerge_reg_334">3, 2, 32, 64</column>
</table>
</item>
<item name = "Register"><table name="" hasTotal="1">
<keys size="5">Name, FF, LUT, Bits, Const Bits</keys>
<column name="ap_CS_fsm">97, 0, 97, 0</column>
<column name="corr_addr_2_reg_1032">16, 0, 16, 0</column>
<column name="corr_addr_3_reg_1037">16, 0, 16, 0</column>
<column name="data_addr_2_reg_975">16, 0, 16, 0</column>
<column name="data_load_4_reg_1060">32, 0, 32, 0</column>
<column name="empty_4_reg_233">32, 0, 32, 0</column>
<column name="empty_7_reg_268">32, 0, 32, 0</column>
<column name="i_0_reg_245">9, 0, 9, 0</column>
<column name="i_1_reg_280">9, 0, 9, 0</column>
<column name="i_2_reg_291">9, 0, 9, 0</column>
<column name="i_3_reg_314">8, 0, 8, 0</column>
<column name="i_5_reg_957">9, 0, 9, 0</column>
<column name="i_7_reg_939">9, 0, 9, 0</column>
<column name="i_8_reg_1003">8, 0, 8, 0</column>
<column name="i_reg_903">9, 0, 9, 0</column>
<column name="j_0_reg_222">8, 0, 8, 0</column>
<column name="j_1_reg_256">8, 0, 8, 0</column>
<column name="j_2_reg_302">8, 0, 8, 0</column>
<column name="j_3_in_reg_325">32, 0, 32, 0</column>
<column name="j_3_reg_916">8, 0, 8, 0</column>
<column name="j_4_reg_970">8, 0, 8, 0</column>
<column name="j_5_reg_1019">32, 0, 32, 0</column>
<column name="j_reg_885">8, 0, 8, 0</column>
<column name="k_0_reg_348">9, 0, 9, 0</column>
<column name="k_reg_1045">9, 0, 9, 0</column>
<column name="mean_addr_reg_895">8, 0, 8, 0</column>
<column name="reg_386">32, 0, 32, 0</column>
<column name="reg_393">32, 0, 32, 0</column>
<column name="reg_402">32, 0, 32, 0</column>
<column name="reg_409">32, 0, 32, 0</column>
<column name="reg_414">32, 0, 32, 0</column>
<column name="reg_420">32, 0, 32, 0</column>
<column name="stddev_addr_reg_921">8, 0, 8, 0</column>
<column name="stddev_load_reg_990">32, 0, 32, 0</column>
<column name="storemerge_reg_334">32, 0, 32, 0</column>
<column name="sub_ln59_reg_962">13, 0, 17, 4</column>
<column name="sub_ln65_reg_1014">13, 0, 17, 4</column>
<column name="trunc_ln67_reg_1027">17, 0, 17, 0</column>
<column name="zext_ln38_1_reg_890">8, 0, 17, 9</column>
<column name="zext_ln45_1_reg_931">8, 0, 17, 9</column>
<column name="zext_ln65_reg_1008">8, 0, 17, 9</column>
</table>
</item>
</section>
</item>
</section>

<section name = "Interface" level="0">
<item name = "Summary"><table name="" hasTotal="0">
<keys size="6">RTL Ports, Dir, Bits, Protocol, Source Object, C Type</keys>
<column name="ap_clk">in, 1, ap_ctrl_hs, kernel_correlation_base, return value</column>
<column name="ap_rst">in, 1, ap_ctrl_hs, kernel_correlation_base, return value</column>
<column name="ap_start">in, 1, ap_ctrl_hs, kernel_correlation_base, return value</column>
<column name="ap_done">out, 1, ap_ctrl_hs, kernel_correlation_base, return value</column>
<column name="ap_idle">out, 1, ap_ctrl_hs, kernel_correlation_base, return value</column>
<column name="ap_ready">out, 1, ap_ctrl_hs, kernel_correlation_base, return value</column>
<column name="m">in, 32, ap_none, m, scalar</column>
<column name="n">in, 32, ap_none, n, scalar</column>
<column name="float_n">in, 32, ap_none, float_n, scalar</column>
<column name="data_address0">out, 16, ap_memory, data, array</column>
<column name="data_ce0">out, 1, ap_memory, data, array</column>
<column name="data_we0">out, 1, ap_memory, data, array</column>
<column name="data_d0">out, 32, ap_memory, data, array</column>
<column name="data_q0">in, 32, ap_memory, data, array</column>
<column name="data_address1">out, 16, ap_memory, data, array</column>
<column name="data_ce1">out, 1, ap_memory, data, array</column>
<column name="data_q1">in, 32, ap_memory, data, array</column>
<column name="corr_address0">out, 16, ap_memory, corr, array</column>
<column name="corr_ce0">out, 1, ap_memory, corr, array</column>
<column name="corr_we0">out, 1, ap_memory, corr, array</column>
<column name="corr_d0">out, 32, ap_memory, corr, array</column>
<column name="mean_address0">out, 8, ap_memory, mean, array</column>
<column name="mean_ce0">out, 1, ap_memory, mean, array</column>
<column name="mean_we0">out, 1, ap_memory, mean, array</column>
<column name="mean_d0">out, 32, ap_memory, mean, array</column>
<column name="mean_q0">in, 32, ap_memory, mean, array</column>
<column name="stddev_address0">out, 8, ap_memory, stddev, array</column>
<column name="stddev_ce0">out, 1, ap_memory, stddev, array</column>
<column name="stddev_we0">out, 1, ap_memory, stddev, array</column>
<column name="stddev_d0">out, 32, ap_memory, stddev, array</column>
<column name="stddev_q0">in, 32, ap_memory, stddev, array</column>
</table>
</item>
</section>
</profile>
