<annotationInfo>
<annotationInfo>
<item  id="21" filename="AutoScaleDSE_Artifact/0.GA_Exp_Table_6/2.3mm_small/base.cpp" linenumber="37" name="icmp_ln37" contextFuncName="kernel_correlation_base" moduleName="kernel_correlation_base" rtlName="icmp_ln37_fu_426_p2" latency="0" BRAM="-1" DSP="-1" FF="0" LUT="4" fileDirectory="C:\Users\GregRoom\Desktop"><\/item>
<item  id="23" filename="AutoScaleDSE_Artifact/0.GA_Exp_Table_6/2.3mm_small/base.cpp" linenumber="37" name="j" contextFuncName="kernel_correlation_base" moduleName="kernel_correlation_base" rtlName="j_fu_432_p2" latency="0" BRAM="-1" DSP="-1" FF="0" LUT="8" fileDirectory="C:\Users\GregRoom\Desktop"><\/item>
<item  id="26" filename="AutoScaleDSE_Artifact/0.GA_Exp_Table_6/2.3mm_small/base.cpp" linenumber="38" name="zext_ln38" contextFuncName="kernel_correlation_base" moduleName="kernel_correlation_base" rtlName="zext_ln38_fu_438_p1" latency="0" BRAM="-1" DSP="-1" FF="-1" LUT="-1" fileDirectory="C:\Users\GregRoom\Desktop"><\/item>
<item  id="27" filename="AutoScaleDSE_Artifact/0.GA_Exp_Table_6/2.3mm_small/base.cpp" linenumber="38" name="zext_ln38_1" contextFuncName="kernel_correlation_base" moduleName="kernel_correlation_base" rtlName="zext_ln38_1_fu_443_p1" latency="0" BRAM="-1" DSP="-1" FF="-1" LUT="-1" fileDirectory="C:\Users\GregRoom\Desktop"><\/item>
<item  id="33" filename="AutoScaleDSE_Artifact/0.GA_Exp_Table_6/2.3mm_small/base.cpp" linenumber="39" name="icmp_ln39" contextFuncName="kernel_correlation_base" moduleName="kernel_correlation_base" rtlName="icmp_ln39_fu_447_p2" latency="0" BRAM="-1" DSP="-1" FF="0" LUT="5" fileDirectory="C:\Users\GregRoom\Desktop"><\/item>
<item  id="35" filename="AutoScaleDSE_Artifact/0.GA_Exp_Table_6/2.3mm_small/base.cpp" linenumber="39" name="i" contextFuncName="kernel_correlation_base" moduleName="kernel_correlation_base" rtlName="i_fu_453_p2" latency="0" BRAM="-1" DSP="-1" FF="0" LUT="9" fileDirectory="C:\Users\GregRoom\Desktop"><\/item>
<item  id="38" filename="AutoScaleDSE_Artifact/0.GA_Exp_Table_6/2.3mm_small/base.cpp" linenumber="40" name="tmp_14" contextFuncName="kernel_correlation_base" moduleName="kernel_correlation_base" rtlName="tmp_14_fu_459_p3" latency="0" BRAM="-1" DSP="-1" FF="-1" LUT="-1" fileDirectory="C:\Users\GregRoom\Desktop"><\/item>
<item  id="39" filename="AutoScaleDSE_Artifact/0.GA_Exp_Table_6/2.3mm_small/base.cpp" linenumber="40" name="tmp_15" contextFuncName="kernel_correlation_base" moduleName="kernel_correlation_base" rtlName="tmp_15_fu_467_p3" latency="0" BRAM="-1" DSP="-1" FF="-1" LUT="-1" fileDirectory="C:\Users\GregRoom\Desktop"><\/item>
<item  id="40" filename="AutoScaleDSE_Artifact/0.GA_Exp_Table_6/2.3mm_small/base.cpp" linenumber="40" name="zext_ln40" contextFuncName="kernel_correlation_base" moduleName="kernel_correlation_base" rtlName="zext_ln40_fu_475_p1" latency="0" BRAM="-1" DSP="-1" FF="-1" LUT="-1" fileDirectory="C:\Users\GregRoom\Desktop"><\/item>
<item  id="41" filename="AutoScaleDSE_Artifact/0.GA_Exp_Table_6/2.3mm_small/base.cpp" linenumber="40" name="sub_ln40" contextFuncName="kernel_correlation_base" moduleName="kernel_correlation_base" rtlName="sub_ln40_fu_479_p2" latency="0" BRAM="-1" DSP="-1" FF="0" LUT="17" fileDirectory="C:\Users\GregRoom\Desktop"><\/item>
<item  id="42" filename="AutoScaleDSE_Artifact/0.GA_Exp_Table_6/2.3mm_small/base.cpp" linenumber="40" name="add_ln40" contextFuncName="kernel_correlation_base" moduleName="kernel_correlation_base" rtlName="add_ln40_fu_485_p2" latency="0" BRAM="-1" DSP="-1" FF="0" LUT="17" fileDirectory="C:\Users\GregRoom\Desktop"><\/item>
<item  id="43" filename="AutoScaleDSE_Artifact/0.GA_Exp_Table_6/2.3mm_small/base.cpp" linenumber="40" name="sext_ln40" contextFuncName="kernel_correlation_base" moduleName="kernel_correlation_base" rtlName="sext_ln40_fu_490_p1" latency="0" BRAM="-1" DSP="-1" FF="-1" LUT="-1" fileDirectory="C:\Users\GregRoom\Desktop"><\/item>
<item  id="46" filename="AutoScaleDSE_Artifact/0.GA_Exp_Table_6/2.3mm_small/base.cpp" linenumber="40" name="tmp_1" contextFuncName="kernel_correlation_base" moduleName="kernel_correlation_base" rtlName="kernel_correlatiobkb_U1" latency="3" BRAM="-1" DSP="-1" FF="-1" LUT="-1" fileDirectory="C:\Users\GregRoom\Desktop"><\/item>
<item  id="49" filename="AutoScaleDSE_Artifact/0.GA_Exp_Table_6/2.3mm_small/base.cpp" linenumber="41" name="tmp" contextFuncName="kernel_correlation_base" moduleName="kernel_correlation_base" rtlName="kernel_correlatiodEe_U3" latency="11" BRAM="-1" DSP="-1" FF="-1" LUT="-1" fileDirectory="C:\Users\GregRoom\Desktop"><\/item>
<item  id="56" filename="AutoScaleDSE_Artifact/0.GA_Exp_Table_6/2.3mm_small/base.cpp" linenumber="44" name="icmp_ln44" contextFuncName="kernel_correlation_base" moduleName="kernel_correlation_base" rtlName="icmp_ln44_fu_495_p2" latency="0" BRAM="-1" DSP="-1" FF="0" LUT="4" fileDirectory="C:\Users\GregRoom\Desktop"><\/item>
<item  id="58" filename="AutoScaleDSE_Artifact/0.GA_Exp_Table_6/2.3mm_small/base.cpp" linenumber="44" name="j_3" contextFuncName="kernel_correlation_base" moduleName="kernel_correlation_base" rtlName="j_3_fu_501_p2" latency="0" BRAM="-1" DSP="-1" FF="0" LUT="8" fileDirectory="C:\Users\GregRoom\Desktop"><\/item>
<item  id="61" filename="AutoScaleDSE_Artifact/0.GA_Exp_Table_6/2.3mm_small/base.cpp" linenumber="45" name="zext_ln45" contextFuncName="kernel_correlation_base" moduleName="kernel_correlation_base" rtlName="zext_ln45_fu_507_p1" latency="0" BRAM="-1" DSP="-1" FF="-1" LUT="-1" fileDirectory="C:\Users\GregRoom\Desktop"><\/item>
<item  id="62" filename="AutoScaleDSE_Artifact/0.GA_Exp_Table_6/2.3mm_small/base.cpp" linenumber="45" name="zext_ln45_1" contextFuncName="kernel_correlation_base" moduleName="kernel_correlation_base" rtlName="zext_ln45_1_fu_513_p1" latency="0" BRAM="-1" DSP="-1" FF="-1" LUT="-1" fileDirectory="C:\Users\GregRoom\Desktop"><\/item>
<item  id="70" filename="AutoScaleDSE_Artifact/0.GA_Exp_Table_6/2.3mm_small/base.cpp" linenumber="46" name="icmp_ln46" contextFuncName="kernel_correlation_base" moduleName="kernel_correlation_base" rtlName="icmp_ln46_fu_517_p2" latency="0" BRAM="-1" DSP="-1" FF="0" LUT="5" fileDirectory="C:\Users\GregRoom\Desktop"><\/item>
<item  id="72" filename="AutoScaleDSE_Artifact/0.GA_Exp_Table_6/2.3mm_small/base.cpp" linenumber="46" name="i_7" contextFuncName="kernel_correlation_base" moduleName="kernel_correlation_base" rtlName="i_7_fu_523_p2" latency="0" BRAM="-1" DSP="-1" FF="0" LUT="9" fileDirectory="C:\Users\GregRoom\Desktop"><\/item>
<item  id="75" filename="AutoScaleDSE_Artifact/0.GA_Exp_Table_6/2.3mm_small/base.cpp" linenumber="47" name="tmp_18" contextFuncName="kernel_correlation_base" moduleName="kernel_correlation_base" rtlName="tmp_18_fu_529_p3" latency="0" BRAM="-1" DSP="-1" FF="-1" LUT="-1" fileDirectory="C:\Users\GregRoom\Desktop"><\/item>
<item  id="76" filename="AutoScaleDSE_Artifact/0.GA_Exp_Table_6/2.3mm_small/base.cpp" linenumber="47" name="tmp_19" contextFuncName="kernel_correlation_base" moduleName="kernel_correlation_base" rtlName="tmp_19_fu_537_p3" latency="0" BRAM="-1" DSP="-1" FF="-1" LUT="-1" fileDirectory="C:\Users\GregRoom\Desktop"><\/item>
<item  id="77" filename="AutoScaleDSE_Artifact/0.GA_Exp_Table_6/2.3mm_small/base.cpp" linenumber="47" name="zext_ln47" contextFuncName="kernel_correlation_base" moduleName="kernel_correlation_base" rtlName="zext_ln47_fu_545_p1" latency="0" BRAM="-1" DSP="-1" FF="-1" LUT="-1" fileDirectory="C:\Users\GregRoom\Desktop"><\/item>
<item  id="78" filename="AutoScaleDSE_Artifact/0.GA_Exp_Table_6/2.3mm_small/base.cpp" linenumber="47" name="sub_ln47" contextFuncName="kernel_correlation_base" moduleName="kernel_correlation_base" rtlName="sub_ln47_fu_549_p2" latency="0" BRAM="-1" DSP="-1" FF="0" LUT="17" fileDirectory="C:\Users\GregRoom\Desktop"><\/item>
<item  id="79" filename="AutoScaleDSE_Artifact/0.GA_Exp_Table_6/2.3mm_small/base.cpp" linenumber="47" name="add_ln47" contextFuncName="kernel_correlation_base" moduleName="kernel_correlation_base" rtlName="add_ln47_fu_555_p2" latency="0" BRAM="-1" DSP="-1" FF="0" LUT="17" fileDirectory="C:\Users\GregRoom\Desktop"><\/item>
<item  id="80" filename="AutoScaleDSE_Artifact/0.GA_Exp_Table_6/2.3mm_small/base.cpp" linenumber="47" name="sext_ln47" contextFuncName="kernel_correlation_base" moduleName="kernel_correlation_base" rtlName="sext_ln47_fu_560_p1" latency="0" BRAM="-1" DSP="-1" FF="-1" LUT="-1" fileDirectory="C:\Users\GregRoom\Desktop"><\/item>
<item  id="83" filename="AutoScaleDSE_Artifact/0.GA_Exp_Table_6/2.3mm_small/base.cpp" linenumber="47" name="tmp_5" contextFuncName="kernel_correlation_base" moduleName="kernel_correlation_base" rtlName="kernel_correlatiobkb_U1" latency="3" BRAM="-1" DSP="-1" FF="-1" LUT="-1" fileDirectory="C:\Users\GregRoom\Desktop"><\/item>
<item  id="84" filename="AutoScaleDSE_Artifact/0.GA_Exp_Table_6/2.3mm_small/base.cpp" linenumber="47" name="tmp_6" contextFuncName="kernel_correlation_base" moduleName="kernel_correlation_base" rtlName="kernel_correlatiocud_U2" latency="2" BRAM="-1" DSP="-1" FF="-1" LUT="-1" fileDirectory="C:\Users\GregRoom\Desktop"><\/item>
<item  id="85" filename="AutoScaleDSE_Artifact/0.GA_Exp_Table_6/2.3mm_small/base.cpp" linenumber="47" name="tmp_7" contextFuncName="kernel_correlation_base" moduleName="kernel_correlation_base" rtlName="kernel_correlatiobkb_U1" latency="3" BRAM="-1" DSP="-1" FF="-1" LUT="-1" fileDirectory="C:\Users\GregRoom\Desktop"><\/item>
<item  id="88" filename="AutoScaleDSE_Artifact/0.GA_Exp_Table_6/2.3mm_small/base.cpp" linenumber="48" name="tmp_2" contextFuncName="kernel_correlation_base" moduleName="kernel_correlation_base" rtlName="kernel_correlatiodEe_U3" latency="11" BRAM="-1" DSP="-1" FF="-1" LUT="-1" fileDirectory="C:\Users\GregRoom\Desktop"><\/item>
<item  id="89" filename="AutoScaleDSE_Artifact/0.GA_Exp_Table_6/2.3mm_small/base.cpp" linenumber="49" name="tmp_3" contextFuncName="kernel_correlation_base" moduleName="kernel_correlation_base" rtlName="kernel_correlatiofYi_U5" latency="9" BRAM="-1" DSP="-1" FF="-1" LUT="-1" fileDirectory="C:\Users\GregRoom\Desktop"><\/item>
<item  id="90" filename="AutoScaleDSE_Artifact/0.GA_Exp_Table_6/2.3mm_small/base.cpp" linenumber="53" name="bitcast_ln53" contextFuncName="kernel_correlation_base" moduleName="kernel_correlation_base" rtlName="bitcast_ln53_fu_565_p1" latency="0" BRAM="-1" DSP="-1" FF="-1" LUT="-1" fileDirectory="C:\Users\GregRoom\Desktop"><\/item>
<item  id="91" filename="AutoScaleDSE_Artifact/0.GA_Exp_Table_6/2.3mm_small/base.cpp" linenumber="53" name="tmp_4" contextFuncName="kernel_correlation_base" moduleName="kernel_correlation_base" rtlName="tmp_4_fu_569_p4" latency="0" BRAM="-1" DSP="-1" FF="-1" LUT="-1" fileDirectory="C:\Users\GregRoom\Desktop"><\/item>
<item  id="92" filename="AutoScaleDSE_Artifact/0.GA_Exp_Table_6/2.3mm_small/base.cpp" linenumber="53" name="trunc_ln53" contextFuncName="kernel_correlation_base" moduleName="kernel_correlation_base" rtlName="trunc_ln53_fu_579_p1" latency="0" BRAM="-1" DSP="-1" FF="-1" LUT="-1" fileDirectory="C:\Users\GregRoom\Desktop"><\/item>
<item  id="93" filename="AutoScaleDSE_Artifact/0.GA_Exp_Table_6/2.3mm_small/base.cpp" linenumber="53" name="icmp_ln53" contextFuncName="kernel_correlation_base" moduleName="kernel_correlation_base" rtlName="icmp_ln53_fu_583_p2" latency="0" BRAM="-1" DSP="-1" FF="0" LUT="4" fileDirectory="C:\Users\GregRoom\Desktop"><\/item>
<item  id="94" filename="AutoScaleDSE_Artifact/0.GA_Exp_Table_6/2.3mm_small/base.cpp" linenumber="53" name="icmp_ln53_1" contextFuncName="kernel_correlation_base" moduleName="kernel_correlation_base" rtlName="icmp_ln53_1_fu_589_p2" latency="0" BRAM="-1" DSP="-1" FF="0" LUT="9" fileDirectory="C:\Users\GregRoom\Desktop"><\/item>
<item  id="95" filename="AutoScaleDSE_Artifact/0.GA_Exp_Table_6/2.3mm_small/base.cpp" linenumber="53" name="or_ln53" contextFuncName="kernel_correlation_base" moduleName="kernel_correlation_base" rtlName="or_ln53_fu_595_p2" latency="0" BRAM="-1" DSP="-1" FF="0" LUT="1" fileDirectory="C:\Users\GregRoom\Desktop"><\/item>
<item  id="96" filename="AutoScaleDSE_Artifact/0.GA_Exp_Table_6/2.3mm_small/base.cpp" linenumber="53" name="tmp_13" contextFuncName="kernel_correlation_base" moduleName="kernel_correlation_base" rtlName="kernel_correlatioeOg_U4" latency="1" BRAM="-1" DSP="-1" FF="-1" LUT="-1" fileDirectory="C:\Users\GregRoom\Desktop"><\/item>
<item  id="97" filename="AutoScaleDSE_Artifact/0.GA_Exp_Table_6/2.3mm_small/base.cpp" linenumber="53" name="and_ln53" contextFuncName="kernel_correlation_base" moduleName="kernel_correlation_base" rtlName="and_ln53_fu_601_p2" latency="0" BRAM="-1" DSP="-1" FF="0" LUT="1" fileDirectory="C:\Users\GregRoom\Desktop"><\/item>
<item  id="98" filename="AutoScaleDSE_Artifact/0.GA_Exp_Table_6/2.3mm_small/base.cpp" linenumber="53" name="select_ln53" contextFuncName="kernel_correlation_base" moduleName="kernel_correlation_base" rtlName="stddev_d0" latency="0" BRAM="-1" DSP="-1" FF="0" LUT="32" fileDirectory="C:\Users\GregRoom\Desktop"><\/item>
<item  id="105" filename="AutoScaleDSE_Artifact/0.GA_Exp_Table_6/2.3mm_small/base.cpp" linenumber="57" name="icmp_ln57" contextFuncName="kernel_correlation_base" moduleName="kernel_correlation_base" rtlName="icmp_ln57_fu_616_p2" latency="0" BRAM="-1" DSP="-1" FF="0" LUT="5" fileDirectory="C:\Users\GregRoom\Desktop"><\/item>
<item  id="107" filename="AutoScaleDSE_Artifact/0.GA_Exp_Table_6/2.3mm_small/base.cpp" linenumber="57" name="i_5" contextFuncName="kernel_correlation_base" moduleName="kernel_correlation_base" rtlName="i_5_fu_622_p2" latency="0" BRAM="-1" DSP="-1" FF="0" LUT="9" fileDirectory="C:\Users\GregRoom\Desktop"><\/item>
<item  id="110" filename="AutoScaleDSE_Artifact/0.GA_Exp_Table_6/2.3mm_small/base.cpp" linenumber="59" name="tmp_16" contextFuncName="kernel_correlation_base" moduleName="kernel_correlation_base" rtlName="tmp_16_fu_628_p3" latency="0" BRAM="-1" DSP="-1" FF="-1" LUT="-1" fileDirectory="C:\Users\GregRoom\Desktop"><\/item>
<item  id="111" filename="AutoScaleDSE_Artifact/0.GA_Exp_Table_6/2.3mm_small/base.cpp" linenumber="59" name="tmp_17" contextFuncName="kernel_correlation_base" moduleName="kernel_correlation_base" rtlName="tmp_17_fu_636_p3" latency="0" BRAM="-1" DSP="-1" FF="-1" LUT="-1" fileDirectory="C:\Users\GregRoom\Desktop"><\/item>
<item  id="112" filename="AutoScaleDSE_Artifact/0.GA_Exp_Table_6/2.3mm_small/base.cpp" linenumber="59" name="zext_ln59" contextFuncName="kernel_correlation_base" moduleName="kernel_correlation_base" rtlName="zext_ln59_fu_644_p1" latency="0" BRAM="-1" DSP="-1" FF="-1" LUT="-1" fileDirectory="C:\Users\GregRoom\Desktop"><\/item>
<item  id="113" filename="AutoScaleDSE_Artifact/0.GA_Exp_Table_6/2.3mm_small/base.cpp" linenumber="59" name="sub_ln59" contextFuncName="kernel_correlation_base" moduleName="kernel_correlation_base" rtlName="sub_ln59_fu_648_p2" latency="0" BRAM="-1" DSP="-1" FF="0" LUT="17" fileDirectory="C:\Users\GregRoom\Desktop"><\/item>
<item  id="117" filename="AutoScaleDSE_Artifact/0.GA_Exp_Table_6/2.3mm_small/base.cpp" linenumber="58" name="icmp_ln58" contextFuncName="kernel_correlation_base" moduleName="kernel_correlation_base" rtlName="icmp_ln58_fu_654_p2" latency="0" BRAM="-1" DSP="-1" FF="0" LUT="4" fileDirectory="C:\Users\GregRoom\Desktop"><\/item>
<item  id="119" filename="AutoScaleDSE_Artifact/0.GA_Exp_Table_6/2.3mm_small/base.cpp" linenumber="58" name="j_4" contextFuncName="kernel_correlation_base" moduleName="kernel_correlation_base" rtlName="j_4_fu_660_p2" latency="0" BRAM="-1" DSP="-1" FF="0" LUT="8" fileDirectory="C:\Users\GregRoom\Desktop"><\/item>
<item  id="122" filename="AutoScaleDSE_Artifact/0.GA_Exp_Table_6/2.3mm_small/base.cpp" linenumber="59" name="zext_ln59_1" contextFuncName="kernel_correlation_base" moduleName="kernel_correlation_base" rtlName="zext_ln59_1_fu_680_p1" latency="0" BRAM="-1" DSP="-1" FF="-1" LUT="-1" fileDirectory="C:\Users\GregRoom\Desktop"><\/item>
<item  id="123" filename="AutoScaleDSE_Artifact/0.GA_Exp_Table_6/2.3mm_small/base.cpp" linenumber="59" name="zext_ln59_2" contextFuncName="kernel_correlation_base" moduleName="kernel_correlation_base" rtlName="zext_ln59_2_fu_666_p1" latency="0" BRAM="-1" DSP="-1" FF="-1" LUT="-1" fileDirectory="C:\Users\GregRoom\Desktop"><\/item>
<item  id="124" filename="AutoScaleDSE_Artifact/0.GA_Exp_Table_6/2.3mm_small/base.cpp" linenumber="59" name="add_ln59" contextFuncName="kernel_correlation_base" moduleName="kernel_correlation_base" rtlName="add_ln59_fu_670_p2" latency="0" BRAM="-1" DSP="-1" FF="0" LUT="17" fileDirectory="C:\Users\GregRoom\Desktop"><\/item>
<item  id="125" filename="AutoScaleDSE_Artifact/0.GA_Exp_Table_6/2.3mm_small/base.cpp" linenumber="59" name="sext_ln59" contextFuncName="kernel_correlation_base" moduleName="kernel_correlation_base" rtlName="sext_ln59_fu_675_p1" latency="0" BRAM="-1" DSP="-1" FF="-1" LUT="-1" fileDirectory="C:\Users\GregRoom\Desktop"><\/item>
<item  id="130" filename="AutoScaleDSE_Artifact/0.GA_Exp_Table_6/2.3mm_small/base.cpp" linenumber="59" name="tmp_8" contextFuncName="kernel_correlation_base" moduleName="kernel_correlation_base" rtlName="kernel_correlatiobkb_U1" latency="3" BRAM="-1" DSP="-1" FF="-1" LUT="-1" fileDirectory="C:\Users\GregRoom\Desktop"><\/item>
<item  id="131" filename="AutoScaleDSE_Artifact/0.GA_Exp_Table_6/2.3mm_small/base.cpp" linenumber="60" name="tmp_9" contextFuncName="kernel_correlation_base" moduleName="kernel_correlation_base" rtlName="kernel_correlatiofYi_U5" latency="9" BRAM="-1" DSP="-1" FF="-1" LUT="-1" fileDirectory="C:\Users\GregRoom\Desktop"><\/item>
<item  id="134" filename="AutoScaleDSE_Artifact/0.GA_Exp_Table_6/2.3mm_small/base.cpp" linenumber="60" name="tmp_s" contextFuncName="kernel_correlation_base" moduleName="kernel_correlation_base" rtlName="kernel_correlatiocud_U2" latency="2" BRAM="-1" DSP="-1" FF="-1" LUT="-1" fileDirectory="C:\Users\GregRoom\Desktop"><\/item>
<item  id="135" filename="AutoScaleDSE_Artifact/0.GA_Exp_Table_6/2.3mm_small/base.cpp" linenumber="60" name="tmp_10" contextFuncName="kernel_correlation_base" moduleName="kernel_correlation_base" rtlName="kernel_correlatiodEe_U3" latency="11" BRAM="-1" DSP="-1" FF="-1" LUT="-1" fileDirectory="C:\Users\GregRoom\Desktop"><\/item>
<item  id="144" filename="AutoScaleDSE_Artifact/0.GA_Exp_Table_6/2.3mm_small/base.cpp" linenumber="64" name="zext_ln64" contextFuncName="kernel_correlation_base" moduleName="kernel_correlation_base" rtlName="zext_ln64_fu_686_p1" latency="0" BRAM="-1" DSP="-1" FF="-1" LUT="-1" fileDirectory="C:\Users\GregRoom\Desktop"><\/item>
<item  id="145" filename="AutoScaleDSE_Artifact/0.GA_Exp_Table_6/2.3mm_small/base.cpp" linenumber="64" name="icmp_ln64" contextFuncName="kernel_correlation_base" moduleName="kernel_correlation_base" rtlName="icmp_ln64_fu_690_p2" latency="0" BRAM="-1" DSP="-1" FF="0" LUT="4" fileDirectory="C:\Users\GregRoom\Desktop"><\/item>
<item  id="147" filename="AutoScaleDSE_Artifact/0.GA_Exp_Table_6/2.3mm_small/base.cpp" linenumber="64" name="i_8" contextFuncName="kernel_correlation_base" moduleName="kernel_correlation_base" rtlName="i_8_fu_696_p2" latency="0" BRAM="-1" DSP="-1" FF="0" LUT="8" fileDirectory="C:\Users\GregRoom\Desktop"><\/item>
<item  id="150" filename="AutoScaleDSE_Artifact/0.GA_Exp_Table_6/2.3mm_small/base.cpp" linenumber="65" name="zext_ln65" contextFuncName="kernel_correlation_base" moduleName="kernel_correlation_base" rtlName="zext_ln65_fu_702_p1" latency="0" BRAM="-1" DSP="-1" FF="-1" LUT="-1" fileDirectory="C:\Users\GregRoom\Desktop"><\/item>
<item  id="151" filename="AutoScaleDSE_Artifact/0.GA_Exp_Table_6/2.3mm_small/base.cpp" linenumber="65" name="tmp_20" contextFuncName="kernel_correlation_base" moduleName="kernel_correlation_base" rtlName="tmp_20_fu_706_p3" latency="0" BRAM="-1" DSP="-1" FF="-1" LUT="-1" fileDirectory="C:\Users\GregRoom\Desktop"><\/item>
<item  id="152" filename="AutoScaleDSE_Artifact/0.GA_Exp_Table_6/2.3mm_small/base.cpp" linenumber="65" name="zext_ln65_1" contextFuncName="kernel_correlation_base" moduleName="kernel_correlation_base" rtlName="zext_ln65_1_fu_714_p1" latency="0" BRAM="-1" DSP="-1" FF="-1" LUT="-1" fileDirectory="C:\Users\GregRoom\Desktop"><\/item>
<item  id="153" filename="AutoScaleDSE_Artifact/0.GA_Exp_Table_6/2.3mm_small/base.cpp" linenumber="65" name="tmp_21" contextFuncName="kernel_correlation_base" moduleName="kernel_correlation_base" rtlName="tmp_21_fu_718_p3" latency="0" BRAM="-1" DSP="-1" FF="-1" LUT="-1" fileDirectory="C:\Users\GregRoom\Desktop"><\/item>
<item  id="154" filename="AutoScaleDSE_Artifact/0.GA_Exp_Table_6/2.3mm_small/base.cpp" linenumber="65" name="zext_ln65_2" contextFuncName="kernel_correlation_base" moduleName="kernel_correlation_base" rtlName="zext_ln65_2_fu_726_p1" latency="0" BRAM="-1" DSP="-1" FF="-1" LUT="-1" fileDirectory="C:\Users\GregRoom\Desktop"><\/item>
<item  id="155" filename="AutoScaleDSE_Artifact/0.GA_Exp_Table_6/2.3mm_small/base.cpp" linenumber="65" name="sub_ln65" contextFuncName="kernel_correlation_base" moduleName="kernel_correlation_base" rtlName="sub_ln65_fu_730_p2" latency="0" BRAM="-1" DSP="-1" FF="0" LUT="17" fileDirectory="C:\Users\GregRoom\Desktop"><\/item>
<item  id="156" filename="AutoScaleDSE_Artifact/0.GA_Exp_Table_6/2.3mm_small/base.cpp" linenumber="65" name="add_ln65" contextFuncName="kernel_correlation_base" moduleName="kernel_correlation_base" rtlName="add_ln65_fu_736_p2" latency="0" BRAM="-1" DSP="-1" FF="0" LUT="17" fileDirectory="C:\Users\GregRoom\Desktop"><\/item>
<item  id="157" filename="AutoScaleDSE_Artifact/0.GA_Exp_Table_6/2.3mm_small/base.cpp" linenumber="65" name="sext_ln65" contextFuncName="kernel_correlation_base" moduleName="kernel_correlation_base" rtlName="sext_ln65_fu_742_p1" latency="0" BRAM="-1" DSP="-1" FF="-1" LUT="-1" fileDirectory="C:\Users\GregRoom\Desktop"><\/item>
<item  id="163" filename="AutoScaleDSE_Artifact/0.GA_Exp_Table_6/2.3mm_small/base.cpp" linenumber="66" name="j_5" contextFuncName="kernel_correlation_base" moduleName="kernel_correlation_base" rtlName="j_5_fu_747_p2" latency="0" BRAM="-1" DSP="-1" FF="0" LUT="32" fileDirectory="C:\Users\GregRoom\Desktop"><\/item>
<item  id="164" filename="AutoScaleDSE_Artifact/0.GA_Exp_Table_6/2.3mm_small/base.cpp" linenumber="66" name="icmp_ln66" contextFuncName="kernel_correlation_base" moduleName="kernel_correlation_base" rtlName="icmp_ln66_fu_753_p2" latency="0" BRAM="-1" DSP="-1" FF="0" LUT="12" fileDirectory="C:\Users\GregRoom\Desktop"><\/item>
<item  id="168" filename="AutoScaleDSE_Artifact/0.GA_Exp_Table_6/2.3mm_small/base.cpp" linenumber="67" name="trunc_ln67" contextFuncName="kernel_correlation_base" moduleName="kernel_correlation_base" rtlName="trunc_ln67_fu_759_p1" latency="0" BRAM="-1" DSP="-1" FF="-1" LUT="-1" fileDirectory="C:\Users\GregRoom\Desktop"><\/item>
<item  id="169" filename="AutoScaleDSE_Artifact/0.GA_Exp_Table_6/2.3mm_small/base.cpp" linenumber="67" name="add_ln67" contextFuncName="kernel_correlation_base" moduleName="kernel_correlation_base" rtlName="add_ln67_fu_763_p2" latency="0" BRAM="-1" DSP="-1" FF="0" LUT="17" fileDirectory="C:\Users\GregRoom\Desktop"><\/item>
<item  id="170" filename="AutoScaleDSE_Artifact/0.GA_Exp_Table_6/2.3mm_small/base.cpp" linenumber="67" name="sext_ln67" contextFuncName="kernel_correlation_base" moduleName="kernel_correlation_base" rtlName="sext_ln67_fu_768_p1" latency="0" BRAM="-1" DSP="-1" FF="-1" LUT="-1" fileDirectory="C:\Users\GregRoom\Desktop"><\/item>
<item  id="172" filename="AutoScaleDSE_Artifact/0.GA_Exp_Table_6/2.3mm_small/base.cpp" linenumber="70" name="trunc_ln70" contextFuncName="kernel_correlation_base" moduleName="kernel_correlation_base" rtlName="trunc_ln70_fu_773_p1" latency="0" BRAM="-1" DSP="-1" FF="-1" LUT="-1" fileDirectory="C:\Users\GregRoom\Desktop"><\/item>
<item  id="173" filename="AutoScaleDSE_Artifact/0.GA_Exp_Table_6/2.3mm_small/base.cpp" linenumber="70" name="sext_ln70_cast" contextFuncName="kernel_correlation_base" moduleName="kernel_correlation_base" rtlName="sext_ln70_cast_fu_777_p3" latency="0" BRAM="-1" DSP="-1" FF="-1" LUT="-1" fileDirectory="C:\Users\GregRoom\Desktop"><\/item>
<item  id="174" filename="AutoScaleDSE_Artifact/0.GA_Exp_Table_6/2.3mm_small/base.cpp" linenumber="70" name="trunc_ln70_1" contextFuncName="kernel_correlation_base" moduleName="kernel_correlation_base" rtlName="trunc_ln70_1_fu_785_p1" latency="0" BRAM="-1" DSP="-1" FF="-1" LUT="-1" fileDirectory="C:\Users\GregRoom\Desktop"><\/item>
<item  id="175" filename="AutoScaleDSE_Artifact/0.GA_Exp_Table_6/2.3mm_small/base.cpp" linenumber="70" name="sext_ln70_1_cast" contextFuncName="kernel_correlation_base" moduleName="kernel_correlation_base" rtlName="sext_ln70_1_cast_fu_789_p3" latency="0" BRAM="-1" DSP="-1" FF="-1" LUT="-1" fileDirectory="C:\Users\GregRoom\Desktop"><\/item>
<item  id="176" filename="AutoScaleDSE_Artifact/0.GA_Exp_Table_6/2.3mm_small/base.cpp" linenumber="70" name="sub_ln70" contextFuncName="kernel_correlation_base" moduleName="kernel_correlation_base" rtlName="sub_ln70_fu_797_p2" latency="0" BRAM="-1" DSP="-1" FF="0" LUT="17" fileDirectory="C:\Users\GregRoom\Desktop"><\/item>
<item  id="177" filename="AutoScaleDSE_Artifact/0.GA_Exp_Table_6/2.3mm_small/base.cpp" linenumber="70" name="add_ln70" contextFuncName="kernel_correlation_base" moduleName="kernel_correlation_base" rtlName="add_ln70_fu_803_p2" latency="0" BRAM="-1" DSP="-1" FF="0" LUT="17" fileDirectory="C:\Users\GregRoom\Desktop"><\/item>
<item  id="178" filename="AutoScaleDSE_Artifact/0.GA_Exp_Table_6/2.3mm_small/base.cpp" linenumber="70" name="sext_ln70" contextFuncName="kernel_correlation_base" moduleName="kernel_correlation_base" rtlName="sext_ln70_fu_808_p1" latency="0" BRAM="-1" DSP="-1" FF="-1" LUT="-1" fileDirectory="C:\Users\GregRoom\Desktop"><\/item>
<item  id="185" filename="AutoScaleDSE_Artifact/0.GA_Exp_Table_6/2.3mm_small/base.cpp" linenumber="68" name="icmp_ln68" contextFuncName="kernel_correlation_base" moduleName="kernel_correlation_base" rtlName="icmp_ln68_fu_813_p2" latency="0" BRAM="-1" DSP="-1" FF="0" LUT="5" fileDirectory="C:\Users\GregRoom\Desktop"><\/item>
<item  id="187" filename="AutoScaleDSE_Artifact/0.GA_Exp_Table_6/2.3mm_small/base.cpp" linenumber="68" name="k" contextFuncName="kernel_correlation_base" moduleName="kernel_correlation_base" rtlName="k_fu_819_p2" latency="0" BRAM="-1" DSP="-1" FF="0" LUT="9" fileDirectory="C:\Users\GregRoom\Desktop"><\/item>
<item  id="190" filename="AutoScaleDSE_Artifact/0.GA_Exp_Table_6/2.3mm_small/base.cpp" linenumber="69" name="tmp_22" contextFuncName="kernel_correlation_base" moduleName="kernel_correlation_base" rtlName="tmp_22_fu_825_p3" latency="0" BRAM="-1" DSP="-1" FF="-1" LUT="-1" fileDirectory="C:\Users\GregRoom\Desktop"><\/item>
<item  id="191" filename="AutoScaleDSE_Artifact/0.GA_Exp_Table_6/2.3mm_small/base.cpp" linenumber="69" name="tmp_23" contextFuncName="kernel_correlation_base" moduleName="kernel_correlation_base" rtlName="tmp_23_fu_833_p3" latency="0" BRAM="-1" DSP="-1" FF="-1" LUT="-1" fileDirectory="C:\Users\GregRoom\Desktop"><\/item>
<item  id="192" filename="AutoScaleDSE_Artifact/0.GA_Exp_Table_6/2.3mm_small/base.cpp" linenumber="69" name="zext_ln69" contextFuncName="kernel_correlation_base" moduleName="kernel_correlation_base" rtlName="zext_ln69_fu_841_p1" latency="0" BRAM="-1" DSP="-1" FF="-1" LUT="-1" fileDirectory="C:\Users\GregRoom\Desktop"><\/item>
<item  id="193" filename="AutoScaleDSE_Artifact/0.GA_Exp_Table_6/2.3mm_small/base.cpp" linenumber="69" name="sub_ln69" contextFuncName="kernel_correlation_base" moduleName="kernel_correlation_base" rtlName="sub_ln69_fu_845_p2" latency="0" BRAM="-1" DSP="-1" FF="0" LUT="17" fileDirectory="C:\Users\GregRoom\Desktop"><\/item>
<item  id="194" filename="AutoScaleDSE_Artifact/0.GA_Exp_Table_6/2.3mm_small/base.cpp" linenumber="69" name="add_ln69" contextFuncName="kernel_correlation_base" moduleName="kernel_correlation_base" rtlName="add_ln69_fu_851_p2" latency="0" BRAM="-1" DSP="-1" FF="0" LUT="17" fileDirectory="C:\Users\GregRoom\Desktop"><\/item>
<item  id="195" filename="AutoScaleDSE_Artifact/0.GA_Exp_Table_6/2.3mm_small/base.cpp" linenumber="69" name="sext_ln69" contextFuncName="kernel_correlation_base" moduleName="kernel_correlation_base" rtlName="sext_ln69_fu_856_p1" latency="0" BRAM="-1" DSP="-1" FF="-1" LUT="-1" fileDirectory="C:\Users\GregRoom\Desktop"><\/item>
<item  id="197" filename="AutoScaleDSE_Artifact/0.GA_Exp_Table_6/2.3mm_small/base.cpp" linenumber="69" name="add_ln69_1" contextFuncName="kernel_correlation_base" moduleName="kernel_correlation_base" rtlName="add_ln69_1_fu_861_p2" latency="0" BRAM="-1" DSP="-1" FF="0" LUT="17" fileDirectory="C:\Users\GregRoom\Desktop"><\/item>
<item  id="198" filename="AutoScaleDSE_Artifact/0.GA_Exp_Table_6/2.3mm_small/base.cpp" linenumber="69" name="sext_ln69_1" contextFuncName="kernel_correlation_base" moduleName="kernel_correlation_base" rtlName="sext_ln69_1_fu_866_p1" latency="0" BRAM="-1" DSP="-1" FF="-1" LUT="-1" fileDirectory="C:\Users\GregRoom\Desktop"><\/item>
<item  id="202" filename="AutoScaleDSE_Artifact/0.GA_Exp_Table_6/2.3mm_small/base.cpp" linenumber="69" name="tmp_11" contextFuncName="kernel_correlation_base" moduleName="kernel_correlation_base" rtlName="kernel_correlatiocud_U2" latency="2" BRAM="-1" DSP="-1" FF="-1" LUT="-1" fileDirectory="C:\Users\GregRoom\Desktop"><\/item>
<item  id="203" filename="AutoScaleDSE_Artifact/0.GA_Exp_Table_6/2.3mm_small/base.cpp" linenumber="69" name="tmp_12" contextFuncName="kernel_correlation_base" moduleName="kernel_correlation_base" rtlName="kernel_correlatiobkb_U1" latency="3" BRAM="-1" DSP="-1" FF="-1" LUT="-1" fileDirectory="C:\Users\GregRoom\Desktop"><\/item>
<\/annotationInfo>
</annotationInfo>
