<profile>

<section name = "Vivado HLS Report for 'kernel_correlation_base'" level="0">
<item name = "Date">Fri Jan 27 18:27:52 2023
</item>
<item name = "Version">2019.2 (Build 2704478 on Wed Nov 06 22:10:23 MST 2019)</item>
<item name = "Project">correlation_medium</item>
<item name = "Solution">base</item>
<item name = "Product family">zynq</item>
<item name = "Target device">xc7z045-ffg900-2</item>
</section>

<section name = "Performance Estimates" level="0">
<item name = "Timing">
<section name = "" level="1">
<item name = "Summary"><table name="" hasTotal="0">
<keys size="4">Clock, Target, Estimated, Uncertainty</keys>
<column name="ap_clk">10.00 ns, 8.682 ns, 1.25 ns</column>
</table>
</item>
</section>
</item>
<item name = "Latency">
<section name = "" level="1">
<item name = "Summary"><table name="" hasTotal="0">
<keys size="8">, min, max, min, max, min, max, Type</keys>
<column name="">3378579, 136653105, 33.786 ms, 1.367 sec, 3378579, 136653105, none</column>
</table>
</item>
<item name = "Detail">
<section name = "" level="1">
<item name = "Instance"><table name="" hasTotal="0">
<keys size="9">Instance, Module, min, max, min, max, min, max, Type</keys>
</table>
</item>
<item name = "Loop"><table name="" hasTotal="0">
<keys size="8">Loop Name, min, max, Latency, achieved, target, Count, Pipelined</keys>
<column name="- Loop 1">377760, 377760, 1574, -, -, 240, no</column>
<column name=" + Loop 1.1">1560, 1560, 6, -, -, 260, no</column>
<column name="- Loop 2">817440, 817440, 3406, -, -, 240, no</column>
<column name=" + Loop 2.1">3380, 3380, 13, -, -, 260, no</column>
<column name="- Loop 3">1622920, 1622920, 6242, -, -, 260, no</column>
<column name=" + Loop 3.1">6240, 6240, 26, -, -, 240, no</column>
<column name="- Loop 4">560455, 133834981, 2345 ~ 559979, -, -, 239, no</column>
<column name=" + Loop 4.1">2343, 559977, 2343, -, -, 1 ~ 239, no</column>
<column name="  ++ Loop 4.1.1">2340, 2340, 9, -, -, 260, no</column>
</table>
</item>
</section>
</item>
</section>
</item>
</section>
</profile>
