<stg><name>diagonal_store</name>


<trans_list>

<trans id="52" from="1" to="2">
<condition id="-1">
<or_exp><and_exp></and_exp></or_exp>
</condition>
</trans>

<trans id="53" from="2" to="3">
<condition id="-1">
<or_exp><and_exp><literal name="icmp_ln21" val="0"/>
</and_exp></or_exp>
</condition>
</trans>

<trans id="55" from="3" to="4">
<condition id="-1">
<or_exp><and_exp></and_exp></or_exp>
</condition>
</trans>

<trans id="56" from="4" to="5">
<condition id="-1">
<or_exp><and_exp><literal name="icmp_ln22" val="0"/>
</and_exp></or_exp>
</condition>
</trans>

<trans id="57" from="4" to="7">
<condition id="-1">
<or_exp><and_exp><literal name="icmp_ln22" val="1"/>
</and_exp></or_exp>
</condition>
</trans>

<trans id="59" from="5" to="6">
<condition id="-1">
<or_exp><and_exp></and_exp></or_exp>
</condition>
</trans>

<trans id="60" from="6" to="4">
<condition id="-1">
<or_exp><and_exp></and_exp></or_exp>
</condition>
</trans>

<trans id="62" from="7" to="8">
<condition id="-1">
<or_exp><and_exp></and_exp></or_exp>
</condition>
</trans>

<trans id="63" from="8" to="9">
<condition id="-1">
<or_exp><and_exp></and_exp></or_exp>
</condition>
</trans>

<trans id="64" from="9" to="10">
<condition id="-1">
<or_exp><and_exp></and_exp></or_exp>
</condition>
</trans>

<trans id="65" from="10" to="2">
<condition id="-1">
<or_exp><and_exp></and_exp></or_exp>
</condition>
</trans>
</trans_list>



<state_list>

<state id="1" st_id="1">

<operation id="11" st_id="1" stage="1" lat="1">
<core>NULL</core>
<MemPortIdVec></MemPortIdVec>
<condition id="-1">
<or_exp><and_exp></and_exp></or_exp>
</condition>

<Node id="5" bw="8" op_0_bw="8" op_1_bw="8">
<![CDATA[
:0  %offset_read = call i8 @_ssdm_op_Read.ap_auto.i8(i8 %offset)

]]></Node>
<StgValue><ssdm name="offset_read"/></StgValue>
</operation>

<operation id="12" st_id="1" stage="1" lat="1">
<core>NULL</core>
<MemPortIdVec></MemPortIdVec>
<condition id="-1">
<or_exp><and_exp></and_exp></or_exp>
</condition>

<Node id="6" bw="30" op_0_bw="30" op_1_bw="30">
<![CDATA[
:1  %result_offset_read = call i30 @_ssdm_op_Read.ap_auto.i30(i30 %result_offset)

]]></Node>
<StgValue><ssdm name="result_offset_read"/></StgValue>
</operation>

<operation id="13" st_id="1" stage="1" lat="1">
<core>NULL</core>
<MemPortIdVec></MemPortIdVec>
<condition id="-1">
<or_exp><and_exp></and_exp></or_exp>
</condition>

<Node id="7" bw="0" op_0_bw="0" op_1_bw="32" op_2_bw="0" op_3_bw="32" op_4_bw="32" op_5_bw="0" op_6_bw="32" op_7_bw="32" op_8_bw="0" op_9_bw="0" op_10_bw="0" op_11_bw="32" op_12_bw="32" op_13_bw="32" op_14_bw="32" op_15_bw="0" op_16_bw="0">
<![CDATA[
:2  call void (...)* @_ssdm_op_SpecInterface(float* %result, [6 x i8]* @p_str3, i32 0, i32 0, [1 x i8]* @p_str4, i32 0, i32 0, [5 x i8]* @p_str5, [6 x i8]* @p_str6, [1 x i8]* @p_str4, i32 16, i32 16, i32 16, i32 16, [1 x i8]* @p_str4, [1 x i8]* @p_str4)

]]></Node>
<StgValue><ssdm name="specinterface_ln0"/></StgValue>
</operation>

<operation id="14" st_id="1" stage="1" lat="1">
<core>NULL</core>
<MemPortIdVec></MemPortIdVec>
<condition id="-1">
<or_exp><and_exp></and_exp></or_exp>
</condition>

<Node id="8" bw="31" op_0_bw="30">
<![CDATA[
:3  %zext_ln21_1 = zext i30 %result_offset_read to i31

]]></Node>
<StgValue><ssdm name="zext_ln21_1"/></StgValue>
</operation>

<operation id="15" st_id="1" stage="1" lat="1">
<core>NULL</core>
<MemPortIdVec></MemPortIdVec>
<condition id="-1">
<or_exp><and_exp></and_exp></or_exp>
</condition>

<Node id="9" bw="0" op_0_bw="0">
<![CDATA[
:4  br label %1

]]></Node>
<StgValue><ssdm name="br_ln21"/></StgValue>
</operation>
</state>

<state id="2" st_id="2">

<operation id="16" st_id="2" stage="1" lat="1">
<core>NULL</core>
<MemPortIdVec></MemPortIdVec>
<condition id="-1">
<or_exp><and_exp></and_exp></or_exp>
</condition>

<Node id="11" bw="5" op_0_bw="5" op_1_bw="0" op_2_bw="5" op_3_bw="0">
<![CDATA[
:0  %i_0 = phi i5 [ 0, %0 ], [ %i, %3 ]

]]></Node>
<StgValue><ssdm name="i_0"/></StgValue>
</operation>

<operation id="17" st_id="2" stage="1" lat="1">
<core>NULL</core>
<MemPortIdVec></MemPortIdVec>
<condition id="-1">
<or_exp><and_exp></and_exp></or_exp>
</condition>

<Node id="12" bw="8" op_0_bw="5">
<![CDATA[
:1  %zext_ln21 = zext i5 %i_0 to i8

]]></Node>
<StgValue><ssdm name="zext_ln21"/></StgValue>
</operation>

<operation id="18" st_id="2" stage="1" lat="1">
<core>Cmp</core>
<MemPortIdVec></MemPortIdVec>
<condition id="-1">
<or_exp><and_exp></and_exp></or_exp>
</condition>

<Node id="13" bw="1" op_0_bw="5" op_1_bw="5">
<![CDATA[
:2  %icmp_ln21 = icmp eq i5 %i_0, -16

]]></Node>
<StgValue><ssdm name="icmp_ln21"/></StgValue>
</operation>

<operation id="19" st_id="2" stage="1" lat="1">
<core>NULL</core>
<MemPortIdVec></MemPortIdVec>
<condition id="-1">
<or_exp><and_exp></and_exp></or_exp>
</condition>

<Node id="14" bw="32" op_0_bw="32" op_1_bw="64" op_2_bw="64" op_3_bw="64">
<![CDATA[
:3  %empty = call i32 (...)* @_ssdm_op_SpecLoopTripCount(i64 16, i64 16, i64 16)

]]></Node>
<StgValue><ssdm name="empty"/></StgValue>
</operation>

<operation id="20" st_id="2" stage="1" lat="1">
<core>AddSub</core>
<MemPortIdVec></MemPortIdVec>
<condition id="-1">
<or_exp><and_exp></and_exp></or_exp>
</condition>

<Node id="15" bw="5" op_0_bw="5" op_1_bw="5">
<![CDATA[
:4  %i = add i5 %i_0, 1

]]></Node>
<StgValue><ssdm name="i"/></StgValue>
</operation>

<operation id="21" st_id="2" stage="1" lat="1">
<core>NULL</core>
<MemPortIdVec></MemPortIdVec>
<condition id="-1">
<or_exp><and_exp></and_exp></or_exp>
</condition>

<Node id="16" bw="0" op_0_bw="1" op_1_bw="0" op_2_bw="0">
<![CDATA[
:5  br i1 %icmp_ln21, label %4, label %.preheader.preheader

]]></Node>
<StgValue><ssdm name="br_ln21"/></StgValue>
</operation>

<operation id="22" st_id="2" stage="1" lat="1">
<core>NULL</core>
<MemPortIdVec></MemPortIdVec>
<condition id="-1">
<or_exp><and_exp><literal name="icmp_ln21" val="0"/>
</and_exp></or_exp>
</condition>

<Node id="18" bw="4" op_0_bw="5">
<![CDATA[
.preheader.preheader:0  %trunc_ln23 = trunc i5 %i_0 to i4

]]></Node>
<StgValue><ssdm name="trunc_ln23"/></StgValue>
</operation>

<operation id="23" st_id="2" stage="1" lat="1">
<core>AddSub</core>
<MemPortIdVec></MemPortIdVec>
<condition id="-1">
<or_exp><and_exp><literal name="icmp_ln21" val="0"/>
</and_exp></or_exp>
</condition>

<Node id="20" bw="8" op_0_bw="8" op_1_bw="8">
<![CDATA[
.preheader.preheader:2  %add_ln23 = add i8 %zext_ln21, %offset_read

]]></Node>
<StgValue><ssdm name="add_ln23"/></StgValue>
</operation>

<operation id="24" st_id="2" stage="1" lat="1">
<core>NULL</core>
<MemPortIdVec></MemPortIdVec>
<condition id="-1">
<or_exp><and_exp><literal name="icmp_ln21" val="0"/>
</and_exp></or_exp>
</condition>

<Node id="21" bw="16" op_0_bw="16" op_1_bw="8" op_2_bw="8">
<![CDATA[
.preheader.preheader:3  %tmp_s = call i16 @_ssdm_op_BitConcatenate.i16.i8.i8(i8 %add_ln23, i8 %offset_read)

]]></Node>
<StgValue><ssdm name="tmp_s"/></StgValue>
</operation>

<operation id="25" st_id="2" stage="1" lat="1">
<core>NULL</core>
<MemPortIdVec></MemPortIdVec>
<condition id="-1">
<or_exp><and_exp><literal name="icmp_ln21" val="0"/>
</and_exp></or_exp>
</condition>

<Node id="22" bw="31" op_0_bw="16">
<![CDATA[
.preheader.preheader:4  %zext_ln23 = zext i16 %tmp_s to i31

]]></Node>
<StgValue><ssdm name="zext_ln23"/></StgValue>
</operation>

<operation id="26" st_id="2" stage="1" lat="1">
<core>AddSub</core>
<MemPortIdVec></MemPortIdVec>
<condition id="-1">
<or_exp><and_exp><literal name="icmp_ln21" val="0"/>
</and_exp></or_exp>
</condition>

<Node id="23" bw="31" op_0_bw="31" op_1_bw="31">
<![CDATA[
.preheader.preheader:5  %add_ln23_2 = add i31 %zext_ln23, %zext_ln21_1

]]></Node>
<StgValue><ssdm name="add_ln23_2"/></StgValue>
</operation>

<operation id="27" st_id="2" stage="1" lat="1">
<core>NULL</core>
<MemPortIdVec></MemPortIdVec>
<condition id="-1">
<or_exp><and_exp><literal name="icmp_ln21" val="1"/>
</and_exp></or_exp>
</condition>

<Node id="46" bw="0">
<![CDATA[
:0  ret void

]]></Node>
<StgValue><ssdm name="ret_ln26"/></StgValue>
</operation>
</state>

<state id="3" st_id="3">

<operation id="28" st_id="3" stage="1" lat="1">
<core>NULL</core>
<MemPortIdVec></MemPortIdVec>
<condition id="-1">
<or_exp><and_exp></and_exp></or_exp>
</condition>

<Node id="19" bw="8" op_0_bw="8" op_1_bw="4" op_2_bw="4">
<![CDATA[
.preheader.preheader:1  %shl_ln = call i8 @_ssdm_op_BitConcatenate.i8.i4.i4(i4 %trunc_ln23, i4 0)

]]></Node>
<StgValue><ssdm name="shl_ln"/></StgValue>
</operation>

<operation id="29" st_id="3" stage="1" lat="1">
<core>NULL</core>
<MemPortIdVec></MemPortIdVec>
<condition id="-1">
<or_exp><and_exp></and_exp></or_exp>
</condition>

<Node id="24" bw="64" op_0_bw="31">
<![CDATA[
.preheader.preheader:6  %zext_ln23_2 = zext i31 %add_ln23_2 to i64

]]></Node>
<StgValue><ssdm name="zext_ln23_2"/></StgValue>
</operation>

<operation id="30" st_id="3" stage="1" lat="1">
<core>NULL</core>
<MemPortIdVec></MemPortIdVec>
<condition id="-1">
<or_exp><and_exp></and_exp></or_exp>
</condition>

<Node id="25" bw="32" op_0_bw="32" op_1_bw="32">
<![CDATA[
.preheader.preheader:7  %result_addr = getelementptr float* %result, i64 %zext_ln23_2

]]></Node>
<StgValue><ssdm name="result_addr"/></StgValue>
</operation>

<operation id="31" st_id="3" stage="1" lat="1">
<core>m_axi</core>
<MemPortIdVec></MemPortIdVec>
<condition id="-1">
<or_exp><and_exp></and_exp></or_exp>
</condition>

<Node id="26" bw="1" op_0_bw="1" op_1_bw="32" op_2_bw="32">
<![CDATA[
.preheader.preheader:8  %result_addr_wr_req = call i1 @_ssdm_op_WriteReq.m_axi.floatP(float* %result_addr, i32 16)

]]></Node>
<StgValue><ssdm name="result_addr_wr_req"/></StgValue>
</operation>

<operation id="32" st_id="3" stage="1" lat="1">
<core>NULL</core>
<MemPortIdVec></MemPortIdVec>
<condition id="-1">
<or_exp><and_exp></and_exp></or_exp>
</condition>

<Node id="27" bw="0" op_0_bw="0">
<![CDATA[
.preheader.preheader:9  br label %.preheader

]]></Node>
<StgValue><ssdm name="br_ln22"/></StgValue>
</operation>
</state>

<state id="4" st_id="4">

<operation id="33" st_id="4" stage="1" lat="1">
<core>NULL</core>
<MemPortIdVec></MemPortIdVec>
<condition id="-1">
<or_exp><and_exp></and_exp></or_exp>
</condition>

<Node id="29" bw="5" op_0_bw="5" op_1_bw="0" op_2_bw="5" op_3_bw="0">
<![CDATA[
.preheader:0  %j_0 = phi i5 [ %j, %2 ], [ 0, %.preheader.preheader ]

]]></Node>
<StgValue><ssdm name="j_0"/></StgValue>
</operation>

<operation id="34" st_id="4" stage="1" lat="1">
<core>NULL</core>
<MemPortIdVec></MemPortIdVec>
<condition id="-1">
<or_exp><and_exp></and_exp></or_exp>
</condition>

<Node id="30" bw="8" op_0_bw="5">
<![CDATA[
.preheader:1  %zext_ln22 = zext i5 %j_0 to i8

]]></Node>
<StgValue><ssdm name="zext_ln22"/></StgValue>
</operation>

<operation id="35" st_id="4" stage="1" lat="1">
<core>Cmp</core>
<MemPortIdVec></MemPortIdVec>
<condition id="-1">
<or_exp><and_exp></and_exp></or_exp>
</condition>

<Node id="31" bw="1" op_0_bw="5" op_1_bw="5">
<![CDATA[
.preheader:2  %icmp_ln22 = icmp eq i5 %j_0, -16

]]></Node>
<StgValue><ssdm name="icmp_ln22"/></StgValue>
</operation>

<operation id="36" st_id="4" stage="1" lat="1">
<core>NULL</core>
<MemPortIdVec></MemPortIdVec>
<condition id="-1">
<or_exp><and_exp></and_exp></or_exp>
</condition>

<Node id="32" bw="32" op_0_bw="32" op_1_bw="64" op_2_bw="64" op_3_bw="64">
<![CDATA[
.preheader:3  %empty_37 = call i32 (...)* @_ssdm_op_SpecLoopTripCount(i64 16, i64 16, i64 16)

]]></Node>
<StgValue><ssdm name="empty_37"/></StgValue>
</operation>

<operation id="37" st_id="4" stage="1" lat="1">
<core>AddSub</core>
<MemPortIdVec></MemPortIdVec>
<condition id="-1">
<or_exp><and_exp></and_exp></or_exp>
</condition>

<Node id="33" bw="5" op_0_bw="5" op_1_bw="5">
<![CDATA[
.preheader:4  %j = add i5 %j_0, 1

]]></Node>
<StgValue><ssdm name="j"/></StgValue>
</operation>

<operation id="38" st_id="4" stage="1" lat="1">
<core>NULL</core>
<MemPortIdVec></MemPortIdVec>
<condition id="-1">
<or_exp><and_exp></and_exp></or_exp>
</condition>

<Node id="34" bw="0" op_0_bw="1" op_1_bw="0" op_2_bw="0">
<![CDATA[
.preheader:5  br i1 %icmp_ln22, label %3, label %2

]]></Node>
<StgValue><ssdm name="br_ln22"/></StgValue>
</operation>

<operation id="39" st_id="4" stage="1" lat="1">
<core>AddSub</core>
<MemPortIdVec></MemPortIdVec>
<condition id="-1">
<or_exp><and_exp><literal name="icmp_ln22" val="0"/>
</and_exp></or_exp>
</condition>

<Node id="36" bw="8" op_0_bw="8" op_1_bw="8">
<![CDATA[
:0  %add_ln23_1 = add i8 %zext_ln22, %shl_ln

]]></Node>
<StgValue><ssdm name="add_ln23_1"/></StgValue>
</operation>

<operation id="40" st_id="4" stage="1" lat="1">
<core>NULL</core>
<MemPortIdVec></MemPortIdVec>
<condition id="-1">
<or_exp><and_exp><literal name="icmp_ln22" val="0"/>
</and_exp></or_exp>
</condition>

<Node id="37" bw="64" op_0_bw="8">
<![CDATA[
:1  %zext_ln23_1 = zext i8 %add_ln23_1 to i64

]]></Node>
<StgValue><ssdm name="zext_ln23_1"/></StgValue>
</operation>

<operation id="41" st_id="4" stage="1" lat="1">
<core>NULL</core>
<MemPortIdVec></MemPortIdVec>
<condition id="-1">
<or_exp><and_exp><literal name="icmp_ln22" val="0"/>
</and_exp></or_exp>
</condition>

<Node id="38" bw="8" op_0_bw="32" op_1_bw="64" op_2_bw="64">
<![CDATA[
:2  %buffer_addr = getelementptr [256 x float]* %buffer_r, i64 0, i64 %zext_ln23_1

]]></Node>
<StgValue><ssdm name="buffer_addr"/></StgValue>
</operation>

<operation id="42" st_id="4" stage="2" lat="2">
<core>RAM</core>
<MemPortIdVec>0 </MemPortIdVec>
<condition id="-1">
<or_exp><and_exp><literal name="icmp_ln22" val="0"/>
</and_exp></or_exp>
</condition>

<Node id="39" bw="32" op_0_bw="8">
<![CDATA[
:3  %buffer_load = load float* %buffer_addr, align 4

]]></Node>
<StgValue><ssdm name="buffer_load"/></StgValue>
</operation>

<operation id="43" st_id="4" stage="5" lat="5">
<core>m_axi</core>
<MemPortIdVec></MemPortIdVec>
<condition id="-1">
<or_exp><and_exp><literal name="icmp_ln22" val="1"/>
</and_exp></or_exp>
</condition>

<Node id="43" bw="1" op_0_bw="1" op_1_bw="32">
<![CDATA[
:0  %result_addr_wr_resp = call i1 @_ssdm_op_WriteResp.m_axi.floatP(float* %result_addr)

]]></Node>
<StgValue><ssdm name="result_addr_wr_resp"/></StgValue>
</operation>
</state>

<state id="5" st_id="5">

<operation id="44" st_id="5" stage="1" lat="2">
<core>RAM</core>
<MemPortIdVec>0 </MemPortIdVec>
<condition id="-1">
<or_exp><and_exp></and_exp></or_exp>
</condition>

<Node id="39" bw="32" op_0_bw="8">
<![CDATA[
:3  %buffer_load = load float* %buffer_addr, align 4

]]></Node>
<StgValue><ssdm name="buffer_load"/></StgValue>
</operation>
</state>

<state id="6" st_id="6">

<operation id="45" st_id="6" stage="1" lat="1">
<core>m_axi</core>
<MemPortIdVec></MemPortIdVec>
<condition id="-1">
<or_exp><and_exp></and_exp></or_exp>
</condition>

<Node id="40" bw="0" op_0_bw="0" op_1_bw="32" op_2_bw="32" op_3_bw="4" op_4_bw="1">
<![CDATA[
:4  call void @_ssdm_op_Write.m_axi.floatP(float* %result_addr, float %buffer_load, i4 -1)

]]></Node>
<StgValue><ssdm name="write_ln23"/></StgValue>
</operation>

<operation id="46" st_id="6" stage="1" lat="1">
<core>NULL</core>
<MemPortIdVec></MemPortIdVec>
<condition id="-1">
<or_exp><and_exp></and_exp></or_exp>
</condition>

<Node id="41" bw="0" op_0_bw="0">
<![CDATA[
:5  br label %.preheader

]]></Node>
<StgValue><ssdm name="br_ln22"/></StgValue>
</operation>
</state>

<state id="7" st_id="7">

<operation id="47" st_id="7" stage="4" lat="5">
<core>m_axi</core>
<MemPortIdVec></MemPortIdVec>
<condition id="-1">
<or_exp><and_exp></and_exp></or_exp>
</condition>

<Node id="43" bw="1" op_0_bw="1" op_1_bw="32">
<![CDATA[
:0  %result_addr_wr_resp = call i1 @_ssdm_op_WriteResp.m_axi.floatP(float* %result_addr)

]]></Node>
<StgValue><ssdm name="result_addr_wr_resp"/></StgValue>
</operation>
</state>

<state id="8" st_id="8">

<operation id="48" st_id="8" stage="3" lat="5">
<core>m_axi</core>
<MemPortIdVec></MemPortIdVec>
<condition id="-1">
<or_exp><and_exp></and_exp></or_exp>
</condition>

<Node id="43" bw="1" op_0_bw="1" op_1_bw="32">
<![CDATA[
:0  %result_addr_wr_resp = call i1 @_ssdm_op_WriteResp.m_axi.floatP(float* %result_addr)

]]></Node>
<StgValue><ssdm name="result_addr_wr_resp"/></StgValue>
</operation>
</state>

<state id="9" st_id="9">

<operation id="49" st_id="9" stage="2" lat="5">
<core>m_axi</core>
<MemPortIdVec></MemPortIdVec>
<condition id="-1">
<or_exp><and_exp></and_exp></or_exp>
</condition>

<Node id="43" bw="1" op_0_bw="1" op_1_bw="32">
<![CDATA[
:0  %result_addr_wr_resp = call i1 @_ssdm_op_WriteResp.m_axi.floatP(float* %result_addr)

]]></Node>
<StgValue><ssdm name="result_addr_wr_resp"/></StgValue>
</operation>
</state>

<state id="10" st_id="10">

<operation id="50" st_id="10" stage="1" lat="5">
<core>m_axi</core>
<MemPortIdVec></MemPortIdVec>
<condition id="-1">
<or_exp><and_exp></and_exp></or_exp>
</condition>

<Node id="43" bw="1" op_0_bw="1" op_1_bw="32">
<![CDATA[
:0  %result_addr_wr_resp = call i1 @_ssdm_op_WriteResp.m_axi.floatP(float* %result_addr)

]]></Node>
<StgValue><ssdm name="result_addr_wr_resp"/></StgValue>
</operation>

<operation id="51" st_id="10" stage="1" lat="1">
<core>NULL</core>
<MemPortIdVec></MemPortIdVec>
<condition id="-1">
<or_exp><and_exp></and_exp></or_exp>
</condition>

<Node id="44" bw="0" op_0_bw="0">
<![CDATA[
:1  br label %1

]]></Node>
<StgValue><ssdm name="br_ln21"/></StgValue>
</operation>
</state>
</state_list>


<ports>
<port id="66" name="result" dir="1" iftype="4">
<core>NULL</core><StgValue><ssdm name="result"/></StgValue>
</port>
<port id="67" name="result_offset" dir="0" iftype="0">
<core>NULL</core><StgValue><ssdm name="result_offset"/></StgValue>
</port>
<port id="68" name="buffer_r" dir="0" iftype="1">
<core>RAM</core><StgValue><ssdm name="buffer_r"/><MemPortTyVec>1 3 </MemPortTyVec>
</StgValue>
</port>
<port id="69" name="offset" dir="0" iftype="0">
<core>NULL</core><StgValue><ssdm name="offset"/></StgValue>
</port>
</ports>


<dataflows>
<dataflow id="71" from="_ssdm_op_Read.ap_auto.i8" to="offset_read" fromId="70" toId="11">
</dataflow>
<dataflow id="72" from="offset" to="offset_read" fromId="69" toId="11">
</dataflow>
<dataflow id="74" from="_ssdm_op_Read.ap_auto.i30" to="result_offset_read" fromId="73" toId="12">
</dataflow>
<dataflow id="75" from="result_offset" to="result_offset_read" fromId="67" toId="12">
</dataflow>
<dataflow id="77" from="_ssdm_op_SpecInterface" to="specinterface_ln0" fromId="76" toId="13">
</dataflow>
<dataflow id="78" from="result" to="specinterface_ln0" fromId="66" toId="13">
</dataflow>
<dataflow id="80" from="p_str3" to="specinterface_ln0" fromId="79" toId="13">
</dataflow>
<dataflow id="82" from="StgValue_81" to="specinterface_ln0" fromId="81" toId="13">
</dataflow>
<dataflow id="83" from="StgValue_81" to="specinterface_ln0" fromId="81" toId="13">
</dataflow>
<dataflow id="85" from="p_str4" to="specinterface_ln0" fromId="84" toId="13">
</dataflow>
<dataflow id="86" from="StgValue_81" to="specinterface_ln0" fromId="81" toId="13">
</dataflow>
<dataflow id="87" from="StgValue_81" to="specinterface_ln0" fromId="81" toId="13">
</dataflow>
<dataflow id="89" from="p_str5" to="specinterface_ln0" fromId="88" toId="13">
</dataflow>
<dataflow id="91" from="p_str6" to="specinterface_ln0" fromId="90" toId="13">
</dataflow>
<dataflow id="92" from="p_str4" to="specinterface_ln0" fromId="84" toId="13">
</dataflow>
<dataflow id="94" from="StgValue_93" to="specinterface_ln0" fromId="93" toId="13">
</dataflow>
<dataflow id="95" from="StgValue_93" to="specinterface_ln0" fromId="93" toId="13">
</dataflow>
<dataflow id="96" from="StgValue_93" to="specinterface_ln0" fromId="93" toId="13">
</dataflow>
<dataflow id="97" from="StgValue_93" to="specinterface_ln0" fromId="93" toId="13">
</dataflow>
<dataflow id="98" from="p_str4" to="specinterface_ln0" fromId="84" toId="13">
</dataflow>
<dataflow id="99" from="p_str4" to="specinterface_ln0" fromId="84" toId="13">
</dataflow>
<dataflow id="100" from="result_offset_read" to="zext_ln21_1" fromId="12" toId="14">
</dataflow>
<dataflow id="102" from="StgValue_101" to="i_0" fromId="101" toId="16">
<condition id="-1">
<or_exp><and_exp></and_exp></or_exp>
</condition>
</dataflow>
<dataflow id="103" from="br_ln21" to="i_0" fromId="15" toId="16">
</dataflow>
<dataflow id="104" from="i" to="i_0" fromId="20" toId="16">
<BackEdge/>
<condition id="-1">
<or_exp><and_exp></and_exp></or_exp>
</condition>
</dataflow>
<dataflow id="105" from="br_ln21" to="i_0" fromId="51" toId="16">
<BackEdge/>
</dataflow>
<dataflow id="106" from="i_0" to="zext_ln21" fromId="16" toId="17">
</dataflow>
<dataflow id="107" from="i_0" to="icmp_ln21" fromId="16" toId="18">
</dataflow>
<dataflow id="109" from="StgValue_108" to="icmp_ln21" fromId="108" toId="18">
</dataflow>
<dataflow id="111" from="_ssdm_op_SpecLoopTripCount" to="empty" fromId="110" toId="19">
</dataflow>
<dataflow id="113" from="StgValue_112" to="empty" fromId="112" toId="19">
</dataflow>
<dataflow id="114" from="StgValue_112" to="empty" fromId="112" toId="19">
</dataflow>
<dataflow id="115" from="StgValue_112" to="empty" fromId="112" toId="19">
</dataflow>
<dataflow id="116" from="i_0" to="i" fromId="16" toId="20">
</dataflow>
<dataflow id="118" from="StgValue_117" to="i" fromId="117" toId="20">
</dataflow>
<dataflow id="119" from="icmp_ln21" to="br_ln21" fromId="18" toId="21">
</dataflow>
<dataflow id="120" from="i_0" to="trunc_ln23" fromId="16" toId="22">
</dataflow>
<dataflow id="121" from="zext_ln21" to="add_ln23" fromId="17" toId="23">
</dataflow>
<dataflow id="122" from="offset_read" to="add_ln23" fromId="11" toId="23">
</dataflow>
<dataflow id="124" from="_ssdm_op_BitConcatenate.i16.i8.i8" to="tmp_s" fromId="123" toId="24">
</dataflow>
<dataflow id="125" from="add_ln23" to="tmp_s" fromId="23" toId="24">
</dataflow>
<dataflow id="126" from="offset_read" to="tmp_s" fromId="11" toId="24">
</dataflow>
<dataflow id="127" from="tmp_s" to="zext_ln23" fromId="24" toId="25">
</dataflow>
<dataflow id="128" from="zext_ln23" to="add_ln23_2" fromId="25" toId="26">
</dataflow>
<dataflow id="129" from="zext_ln21_1" to="add_ln23_2" fromId="14" toId="26">
</dataflow>
<dataflow id="131" from="_ssdm_op_BitConcatenate.i8.i4.i4" to="shl_ln" fromId="130" toId="28">
</dataflow>
<dataflow id="132" from="trunc_ln23" to="shl_ln" fromId="22" toId="28">
</dataflow>
<dataflow id="134" from="StgValue_133" to="shl_ln" fromId="133" toId="28">
</dataflow>
<dataflow id="135" from="add_ln23_2" to="zext_ln23_2" fromId="26" toId="29">
</dataflow>
<dataflow id="136" from="result" to="result_addr" fromId="66" toId="30">
</dataflow>
<dataflow id="137" from="zext_ln23_2" to="result_addr" fromId="29" toId="30">
</dataflow>
<dataflow id="139" from="_ssdm_op_WriteReq.m_axi.floatP" to="result_addr_wr_req" fromId="138" toId="31">
</dataflow>
<dataflow id="140" from="result_addr" to="result_addr_wr_req" fromId="30" toId="31">
</dataflow>
<dataflow id="141" from="StgValue_93" to="result_addr_wr_req" fromId="93" toId="31">
</dataflow>
<dataflow id="142" from="j" to="j_0" fromId="37" toId="33">
<BackEdge/>
<condition id="-1">
<or_exp><and_exp></and_exp></or_exp>
</condition>
</dataflow>
<dataflow id="143" from="br_ln22" to="j_0" fromId="46" toId="33">
<BackEdge/>
</dataflow>
<dataflow id="144" from="StgValue_101" to="j_0" fromId="101" toId="33">
<condition id="-1">
<or_exp><and_exp></and_exp></or_exp>
</condition>
</dataflow>
<dataflow id="145" from="br_ln22" to="j_0" fromId="32" toId="33">
</dataflow>
<dataflow id="146" from="j_0" to="zext_ln22" fromId="33" toId="34">
</dataflow>
<dataflow id="147" from="j_0" to="icmp_ln22" fromId="33" toId="35">
</dataflow>
<dataflow id="148" from="StgValue_108" to="icmp_ln22" fromId="108" toId="35">
</dataflow>
<dataflow id="149" from="_ssdm_op_SpecLoopTripCount" to="empty_37" fromId="110" toId="36">
</dataflow>
<dataflow id="150" from="StgValue_112" to="empty_37" fromId="112" toId="36">
</dataflow>
<dataflow id="151" from="StgValue_112" to="empty_37" fromId="112" toId="36">
</dataflow>
<dataflow id="152" from="StgValue_112" to="empty_37" fromId="112" toId="36">
</dataflow>
<dataflow id="153" from="j_0" to="j" fromId="33" toId="37">
</dataflow>
<dataflow id="154" from="StgValue_117" to="j" fromId="117" toId="37">
</dataflow>
<dataflow id="155" from="icmp_ln22" to="br_ln22" fromId="35" toId="38">
</dataflow>
<dataflow id="156" from="zext_ln22" to="add_ln23_1" fromId="34" toId="39">
</dataflow>
<dataflow id="157" from="shl_ln" to="add_ln23_1" fromId="28" toId="39">
</dataflow>
<dataflow id="158" from="add_ln23_1" to="zext_ln23_1" fromId="39" toId="40">
</dataflow>
<dataflow id="159" from="buffer_r" to="buffer_addr" fromId="68" toId="41">
</dataflow>
<dataflow id="161" from="StgValue_160" to="buffer_addr" fromId="160" toId="41">
</dataflow>
<dataflow id="162" from="zext_ln23_1" to="buffer_addr" fromId="40" toId="41">
</dataflow>
<dataflow id="163" from="buffer_addr" to="buffer_load" fromId="41" toId="42">
</dataflow>
<dataflow id="165" from="_ssdm_op_WriteResp.m_axi.floatP" to="result_addr_wr_resp" fromId="164" toId="43">
</dataflow>
<dataflow id="166" from="result_addr" to="result_addr_wr_resp" fromId="30" toId="43">
</dataflow>
<dataflow id="167" from="buffer_addr" to="buffer_load" fromId="41" toId="44">
</dataflow>
<dataflow id="169" from="_ssdm_op_Write.m_axi.floatP" to="write_ln23" fromId="168" toId="45">
</dataflow>
<dataflow id="170" from="result_addr" to="write_ln23" fromId="30" toId="45">
</dataflow>
<dataflow id="171" from="buffer_load" to="write_ln23" fromId="44" toId="45">
</dataflow>
<dataflow id="173" from="StgValue_172" to="write_ln23" fromId="172" toId="45">
</dataflow>
<dataflow id="174" from="_ssdm_op_WriteResp.m_axi.floatP" to="result_addr_wr_resp" fromId="164" toId="47">
</dataflow>
<dataflow id="175" from="result_addr" to="result_addr_wr_resp" fromId="30" toId="47">
</dataflow>
<dataflow id="176" from="_ssdm_op_WriteResp.m_axi.floatP" to="result_addr_wr_resp" fromId="164" toId="48">
</dataflow>
<dataflow id="177" from="result_addr" to="result_addr_wr_resp" fromId="30" toId="48">
</dataflow>
<dataflow id="178" from="_ssdm_op_WriteResp.m_axi.floatP" to="result_addr_wr_resp" fromId="164" toId="49">
</dataflow>
<dataflow id="179" from="result_addr" to="result_addr_wr_resp" fromId="30" toId="49">
</dataflow>
<dataflow id="180" from="_ssdm_op_WriteResp.m_axi.floatP" to="result_addr_wr_resp" fromId="164" toId="50">
</dataflow>
<dataflow id="181" from="result_addr" to="result_addr_wr_resp" fromId="30" toId="50">
</dataflow>
<dataflow id="182" from="icmp_ln21" to="StgValue_2" fromId="18" toId="2">
</dataflow>
<dataflow id="183" from="icmp_ln22" to="StgValue_4" fromId="35" toId="4">
</dataflow>
</dataflows>


</stg>
