<profile>

<section name = "Vivado HLS Report for 'diagonal_store'" level="0">
<item name = "Date">Thu Jan 26 13:39:33 2023
</item>
<item name = "Version">2019.2 (Build 2704478 on Wed Nov 06 22:10:23 MST 2019)</item>
<item name = "Project">lud</item>
<item name = "Solution">base_tiled</item>
<item name = "Product family">zynq</item>
<item name = "Target device">xc7z045-ffg900-2</item>
</section>

<section name = "Performance Estimates" level="0">
<item name = "Timing">
<section name = "" level="1">
<item name = "Summary"><table name="" hasTotal="0">
<keys size="4">Clock, Target, Estimated, Uncertainty</keys>
<column name="ap_clk">10.00 ns, 8.750 ns, 1.25 ns</column>
</table>
</item>
</section>
</item>
<item name = "Latency">
<section name = "" level="1">
<item name = "Summary"><table name="" hasTotal="0">
<keys size="8">, min, max, min, max, min, max, Type</keys>
<column name="">881, 881, 8.810 us, 8.810 us, 881, 881, none</column>
</table>
</item>
<item name = "Detail">
<section name = "" level="1">
<item name = "Instance"><table name="" hasTotal="0">
<keys size="9">Instance, Module, min, max, min, max, min, max, Type</keys>
</table>
</item>
<item name = "Loop"><table name="" hasTotal="0">
<keys size="8">Loop Name, min, max, Latency, achieved, target, Count, Pipelined</keys>
<column name="- Loop 1">880, 880, 55, -, -, 16, no</column>
<column name=" + Loop 1.1">48, 48, 3, -, -, 16, no</column>
</table>
</item>
</section>
</item>
</section>
</item>
</section>

<section name = "Utilization Estimates" level="0">
<item name = "Summary"><table name="" hasTotal="1">
<keys size="6">Name, BRAM_18K, DSP48E, FF, LUT, URAM</keys>
<column name="DSP">-, -, -, -, -</column>
<column name="Expression">-, -, 0, 67, -</column>
<column name="FIFO">-, -, -, -, -</column>
<column name="Instance">-, -, -, -, -</column>
<column name="Memory">-, -, -, -, -</column>
<column name="Multiplexer">-, -, -, 21, -</column>
<column name="Register">-, -, 131, -, -</column>
<specialColumn name="Available">1090, 900, 437200, 218600, 0</specialColumn>
<specialColumn name="Utilization (%)">0, 0, ~0, ~0, 0</specialColumn>
</table>
</item>
<item name = "Detail">
<section name = "" level="1">
<item name = "Instance"><table name="" hasTotal="1">
<keys size="7">Instance, Module, BRAM_18K, DSP48E, FF, LUT, URAM</keys>
</table>
</item>
<item name = "DSP48E"><table name="" hasTotal="0">
<keys size="3">Instance, Module, Expression</keys>
</table>
</item>
<item name = "Memory"><table name="" hasTotal="1">
<keys size="10">Memory, Module, BRAM_18K, FF, LUT, URAM, Words, Bits, Banks, W*Bits*Banks</keys>
</table>
</item>
<item name = "FIFO"><table name="" hasTotal="1">
<keys size="8">Name, BRAM_18K, FF, LUT, URAM, Depth, Bits, Size:D*B</keys>
</table>
</item>
<item name = "Expression"><table name="" hasTotal="1">
<keys size="7">Variable Name, Operation, DSP48E, FF, LUT, Bitwidth P0, Bitwidth P1</keys>
<column name="add_ln23_1_fu_193_p2">+, 0, 0, 8, 8, 8</column>
<column name="add_ln23_2_fu_155_p2">+, 0, 0, 31, 31, 31</column>
<column name="add_ln23_fu_139_p2">+, 0, 0, 8, 8, 8</column>
<column name="i_fu_129_p2">+, 0, 0, 7, 5, 1</column>
<column name="j_fu_187_p2">+, 0, 0, 7, 5, 1</column>
<column name="icmp_ln21_fu_123_p2">icmp, 0, 0, 3, 5, 6</column>
<column name="icmp_ln22_fu_181_p2">icmp, 0, 0, 3, 5, 6</column>
</table>
</item>
<item name = "Multiplexer"><table name="" hasTotal="1">
<keys size="5">Name, LUT, Input Size, Bits, Total Bits</keys>
<column name="ap_NS_fsm">6, 11, 1, 11</column>
<column name="i_0_reg_93">3, 2, 5, 10</column>
<column name="j_0_reg_104">3, 2, 5, 10</column>
<column name="result_blk_n_AW">3, 2, 1, 2</column>
<column name="result_blk_n_B">3, 2, 1, 2</column>
<column name="result_blk_n_W">3, 2, 1, 2</column>
</table>
</item>
<item name = "Register"><table name="" hasTotal="1">
<keys size="5">Name, FF, LUT, Bits, Const Bits</keys>
<column name="add_ln23_2_reg_227">31, 0, 31, 0</column>
<column name="ap_CS_fsm">10, 0, 10, 0</column>
<column name="buffer_load_reg_256">32, 0, 32, 0</column>
<column name="i_0_reg_93">5, 0, 5, 0</column>
<column name="i_reg_217">5, 0, 5, 0</column>
<column name="j_0_reg_104">5, 0, 5, 0</column>
<column name="j_reg_246">5, 0, 5, 0</column>
<column name="shl_ln_reg_232">4, 0, 8, 4</column>
<column name="trunc_ln23_reg_222">4, 0, 4, 0</column>
<column name="zext_ln21_1_reg_209">30, 0, 31, 1</column>
</table>
</item>
</section>
</item>
</section>

<section name = "Interface" level="0">
<item name = "Summary"><table name="" hasTotal="0">
<keys size="6">RTL Ports, Dir, Bits, Protocol, Source Object, C Type</keys>
<column name="ap_clk">in, 1, ap_ctrl_hs, diagonal_store, return value</column>
<column name="ap_rst">in, 1, ap_ctrl_hs, diagonal_store, return value</column>
<column name="ap_start">in, 1, ap_ctrl_hs, diagonal_store, return value</column>
<column name="ap_done">out, 1, ap_ctrl_hs, diagonal_store, return value</column>
<column name="ap_idle">out, 1, ap_ctrl_hs, diagonal_store, return value</column>
<column name="ap_ready">out, 1, ap_ctrl_hs, diagonal_store, return value</column>
<column name="m_axi_result_AWVALID">out, 1, m_axi, result, pointer</column>
<column name="m_axi_result_AWREADY">in, 1, m_axi, result, pointer</column>
<column name="m_axi_result_AWADDR">out, 32, m_axi, result, pointer</column>
<column name="m_axi_result_AWID">out, 1, m_axi, result, pointer</column>
<column name="m_axi_result_AWLEN">out, 32, m_axi, result, pointer</column>
<column name="m_axi_result_AWSIZE">out, 3, m_axi, result, pointer</column>
<column name="m_axi_result_AWBURST">out, 2, m_axi, result, pointer</column>
<column name="m_axi_result_AWLOCK">out, 2, m_axi, result, pointer</column>
<column name="m_axi_result_AWCACHE">out, 4, m_axi, result, pointer</column>
<column name="m_axi_result_AWPROT">out, 3, m_axi, result, pointer</column>
<column name="m_axi_result_AWQOS">out, 4, m_axi, result, pointer</column>
<column name="m_axi_result_AWREGION">out, 4, m_axi, result, pointer</column>
<column name="m_axi_result_AWUSER">out, 1, m_axi, result, pointer</column>
<column name="m_axi_result_WVALID">out, 1, m_axi, result, pointer</column>
<column name="m_axi_result_WREADY">in, 1, m_axi, result, pointer</column>
<column name="m_axi_result_WDATA">out, 32, m_axi, result, pointer</column>
<column name="m_axi_result_WSTRB">out, 4, m_axi, result, pointer</column>
<column name="m_axi_result_WLAST">out, 1, m_axi, result, pointer</column>
<column name="m_axi_result_WID">out, 1, m_axi, result, pointer</column>
<column name="m_axi_result_WUSER">out, 1, m_axi, result, pointer</column>
<column name="m_axi_result_ARVALID">out, 1, m_axi, result, pointer</column>
<column name="m_axi_result_ARREADY">in, 1, m_axi, result, pointer</column>
<column name="m_axi_result_ARADDR">out, 32, m_axi, result, pointer</column>
<column name="m_axi_result_ARID">out, 1, m_axi, result, pointer</column>
<column name="m_axi_result_ARLEN">out, 32, m_axi, result, pointer</column>
<column name="m_axi_result_ARSIZE">out, 3, m_axi, result, pointer</column>
<column name="m_axi_result_ARBURST">out, 2, m_axi, result, pointer</column>
<column name="m_axi_result_ARLOCK">out, 2, m_axi, result, pointer</column>
<column name="m_axi_result_ARCACHE">out, 4, m_axi, result, pointer</column>
<column name="m_axi_result_ARPROT">out, 3, m_axi, result, pointer</column>
<column name="m_axi_result_ARQOS">out, 4, m_axi, result, pointer</column>
<column name="m_axi_result_ARREGION">out, 4, m_axi, result, pointer</column>
<column name="m_axi_result_ARUSER">out, 1, m_axi, result, pointer</column>
<column name="m_axi_result_RVALID">in, 1, m_axi, result, pointer</column>
<column name="m_axi_result_RREADY">out, 1, m_axi, result, pointer</column>
<column name="m_axi_result_RDATA">in, 32, m_axi, result, pointer</column>
<column name="m_axi_result_RLAST">in, 1, m_axi, result, pointer</column>
<column name="m_axi_result_RID">in, 1, m_axi, result, pointer</column>
<column name="m_axi_result_RUSER">in, 1, m_axi, result, pointer</column>
<column name="m_axi_result_RRESP">in, 2, m_axi, result, pointer</column>
<column name="m_axi_result_BVALID">in, 1, m_axi, result, pointer</column>
<column name="m_axi_result_BREADY">out, 1, m_axi, result, pointer</column>
<column name="m_axi_result_BRESP">in, 2, m_axi, result, pointer</column>
<column name="m_axi_result_BID">in, 1, m_axi, result, pointer</column>
<column name="m_axi_result_BUSER">in, 1, m_axi, result, pointer</column>
<column name="result_offset">in, 30, ap_none, result_offset, scalar</column>
<column name="buffer_r_address0">out, 8, ap_memory, buffer_r, array</column>
<column name="buffer_r_ce0">out, 1, ap_memory, buffer_r, array</column>
<column name="buffer_r_q0">in, 32, ap_memory, buffer_r, array</column>
<column name="offset">in, 8, ap_none, offset, scalar</column>
</table>
</item>
</section>
</profile>
