<stg><name>diagonal_load</name>


<trans_list>

<trans id="53" from="1" to="2">
<condition id="-1">
<or_exp><and_exp></and_exp></or_exp>
</condition>
</trans>

<trans id="54" from="2" to="3">
<condition id="-1">
<or_exp><and_exp><literal name="icmp_ln12" val="0"/>
</and_exp></or_exp>
</condition>
</trans>

<trans id="56" from="3" to="4">
<condition id="-1">
<or_exp><and_exp></and_exp></or_exp>
</condition>
</trans>

<trans id="57" from="4" to="5">
<condition id="-1">
<or_exp><and_exp></and_exp></or_exp>
</condition>
</trans>

<trans id="58" from="5" to="6">
<condition id="-1">
<or_exp><and_exp></and_exp></or_exp>
</condition>
</trans>

<trans id="59" from="6" to="7">
<condition id="-1">
<or_exp><and_exp></and_exp></or_exp>
</condition>
</trans>

<trans id="60" from="7" to="8">
<condition id="-1">
<or_exp><and_exp></and_exp></or_exp>
</condition>
</trans>

<trans id="61" from="8" to="9">
<condition id="-1">
<or_exp><and_exp></and_exp></or_exp>
</condition>
</trans>

<trans id="62" from="9" to="10">
<condition id="-1">
<or_exp><and_exp></and_exp></or_exp>
</condition>
</trans>

<trans id="63" from="10" to="11">
<condition id="-1">
<or_exp><and_exp><literal name="icmp_ln13" val="0"/>
</and_exp></or_exp>
</condition>
</trans>

<trans id="66" from="10" to="2">
<condition id="-1">
<or_exp><and_exp><literal name="icmp_ln13" val="1"/>
</and_exp></or_exp>
</condition>
</trans>

<trans id="65" from="11" to="10">
<condition id="-1">
<or_exp><and_exp></and_exp></or_exp>
</condition>
</trans>
</trans_list>



<state_list>

<state id="1" st_id="1">

<operation id="12" st_id="1" stage="1" lat="1">
<core>NULL</core>
<MemPortIdVec></MemPortIdVec>
<condition id="-1">
<or_exp><and_exp></and_exp></or_exp>
</condition>

<Node id="5" bw="8" op_0_bw="8" op_1_bw="8">
<![CDATA[
:0  %offset_read = call i8 @_ssdm_op_Read.ap_auto.i8(i8 %offset)

]]></Node>
<StgValue><ssdm name="offset_read"/></StgValue>
</operation>

<operation id="13" st_id="1" stage="1" lat="1">
<core>NULL</core>
<MemPortIdVec></MemPortIdVec>
<condition id="-1">
<or_exp><and_exp></and_exp></or_exp>
</condition>

<Node id="6" bw="30" op_0_bw="30" op_1_bw="30">
<![CDATA[
:1  %result_offset_read = call i30 @_ssdm_op_Read.ap_auto.i30(i30 %result_offset)

]]></Node>
<StgValue><ssdm name="result_offset_read"/></StgValue>
</operation>

<operation id="14" st_id="1" stage="1" lat="1">
<core>NULL</core>
<MemPortIdVec></MemPortIdVec>
<condition id="-1">
<or_exp><and_exp></and_exp></or_exp>
</condition>

<Node id="7" bw="0" op_0_bw="0" op_1_bw="32" op_2_bw="0" op_3_bw="32" op_4_bw="32" op_5_bw="0" op_6_bw="32" op_7_bw="32" op_8_bw="0" op_9_bw="0" op_10_bw="0" op_11_bw="32" op_12_bw="32" op_13_bw="32" op_14_bw="32" op_15_bw="0" op_16_bw="0">
<![CDATA[
:2  call void (...)* @_ssdm_op_SpecInterface(float* %result, [6 x i8]* @p_str3, i32 0, i32 0, [1 x i8]* @p_str4, i32 0, i32 0, [5 x i8]* @p_str5, [6 x i8]* @p_str6, [1 x i8]* @p_str4, i32 16, i32 16, i32 16, i32 16, [1 x i8]* @p_str4, [1 x i8]* @p_str4)

]]></Node>
<StgValue><ssdm name="specinterface_ln0"/></StgValue>
</operation>

<operation id="15" st_id="1" stage="1" lat="1">
<core>NULL</core>
<MemPortIdVec></MemPortIdVec>
<condition id="-1">
<or_exp><and_exp></and_exp></or_exp>
</condition>

<Node id="8" bw="31" op_0_bw="30">
<![CDATA[
:3  %zext_ln12_1 = zext i30 %result_offset_read to i31

]]></Node>
<StgValue><ssdm name="zext_ln12_1"/></StgValue>
</operation>

<operation id="16" st_id="1" stage="1" lat="1">
<core>NULL</core>
<MemPortIdVec></MemPortIdVec>
<condition id="-1">
<or_exp><and_exp></and_exp></or_exp>
</condition>

<Node id="9" bw="0" op_0_bw="0">
<![CDATA[
:4  br label %.loopexit

]]></Node>
<StgValue><ssdm name="br_ln12"/></StgValue>
</operation>
</state>

<state id="2" st_id="2">

<operation id="17" st_id="2" stage="1" lat="1">
<core>NULL</core>
<MemPortIdVec></MemPortIdVec>
<condition id="-1">
<or_exp><and_exp></and_exp></or_exp>
</condition>

<Node id="11" bw="5" op_0_bw="5" op_1_bw="0" op_2_bw="5" op_3_bw="0">
<![CDATA[
.loopexit:0  %i_0 = phi i5 [ 0, %0 ], [ %i, %.loopexit.loopexit ]

]]></Node>
<StgValue><ssdm name="i_0"/></StgValue>
</operation>

<operation id="18" st_id="2" stage="1" lat="1">
<core>NULL</core>
<MemPortIdVec></MemPortIdVec>
<condition id="-1">
<or_exp><and_exp></and_exp></or_exp>
</condition>

<Node id="12" bw="8" op_0_bw="5">
<![CDATA[
.loopexit:1  %zext_ln12 = zext i5 %i_0 to i8

]]></Node>
<StgValue><ssdm name="zext_ln12"/></StgValue>
</operation>

<operation id="19" st_id="2" stage="1" lat="1">
<core>Cmp</core>
<MemPortIdVec></MemPortIdVec>
<condition id="-1">
<or_exp><and_exp></and_exp></or_exp>
</condition>

<Node id="13" bw="1" op_0_bw="5" op_1_bw="5">
<![CDATA[
.loopexit:2  %icmp_ln12 = icmp eq i5 %i_0, -16

]]></Node>
<StgValue><ssdm name="icmp_ln12"/></StgValue>
</operation>

<operation id="20" st_id="2" stage="1" lat="1">
<core>NULL</core>
<MemPortIdVec></MemPortIdVec>
<condition id="-1">
<or_exp><and_exp></and_exp></or_exp>
</condition>

<Node id="14" bw="32" op_0_bw="32" op_1_bw="64" op_2_bw="64" op_3_bw="64">
<![CDATA[
.loopexit:3  %empty = call i32 (...)* @_ssdm_op_SpecLoopTripCount(i64 16, i64 16, i64 16)

]]></Node>
<StgValue><ssdm name="empty"/></StgValue>
</operation>

<operation id="21" st_id="2" stage="1" lat="1">
<core>AddSub</core>
<MemPortIdVec></MemPortIdVec>
<condition id="-1">
<or_exp><and_exp></and_exp></or_exp>
</condition>

<Node id="15" bw="5" op_0_bw="5" op_1_bw="5">
<![CDATA[
.loopexit:4  %i = add i5 %i_0, 1

]]></Node>
<StgValue><ssdm name="i"/></StgValue>
</operation>

<operation id="22" st_id="2" stage="1" lat="1">
<core>NULL</core>
<MemPortIdVec></MemPortIdVec>
<condition id="-1">
<or_exp><and_exp></and_exp></or_exp>
</condition>

<Node id="16" bw="0" op_0_bw="1" op_1_bw="0" op_2_bw="0">
<![CDATA[
.loopexit:5  br i1 %icmp_ln12, label %2, label %.preheader.preheader

]]></Node>
<StgValue><ssdm name="br_ln12"/></StgValue>
</operation>

<operation id="23" st_id="2" stage="1" lat="1">
<core>AddSub</core>
<MemPortIdVec></MemPortIdVec>
<condition id="-1">
<or_exp><and_exp><literal name="icmp_ln12" val="0"/>
</and_exp></or_exp>
</condition>

<Node id="18" bw="8" op_0_bw="8" op_1_bw="8">
<![CDATA[
.preheader.preheader:0  %add_ln14 = add i8 %zext_ln12, %offset_read

]]></Node>
<StgValue><ssdm name="add_ln14"/></StgValue>
</operation>

<operation id="24" st_id="2" stage="1" lat="1">
<core>NULL</core>
<MemPortIdVec></MemPortIdVec>
<condition id="-1">
<or_exp><and_exp><literal name="icmp_ln12" val="0"/>
</and_exp></or_exp>
</condition>

<Node id="19" bw="4" op_0_bw="5">
<![CDATA[
.preheader.preheader:1  %trunc_ln14 = trunc i5 %i_0 to i4

]]></Node>
<StgValue><ssdm name="trunc_ln14"/></StgValue>
</operation>

<operation id="25" st_id="2" stage="1" lat="1">
<core>NULL</core>
<MemPortIdVec></MemPortIdVec>
<condition id="-1">
<or_exp><and_exp><literal name="icmp_ln12" val="0"/>
</and_exp></or_exp>
</condition>

<Node id="21" bw="16" op_0_bw="16" op_1_bw="8" op_2_bw="8">
<![CDATA[
.preheader.preheader:3  %tmp_s = call i16 @_ssdm_op_BitConcatenate.i16.i8.i8(i8 %add_ln14, i8 %offset_read)

]]></Node>
<StgValue><ssdm name="tmp_s"/></StgValue>
</operation>

<operation id="26" st_id="2" stage="1" lat="1">
<core>NULL</core>
<MemPortIdVec></MemPortIdVec>
<condition id="-1">
<or_exp><and_exp><literal name="icmp_ln12" val="0"/>
</and_exp></or_exp>
</condition>

<Node id="22" bw="31" op_0_bw="16">
<![CDATA[
.preheader.preheader:4  %zext_ln14 = zext i16 %tmp_s to i31

]]></Node>
<StgValue><ssdm name="zext_ln14"/></StgValue>
</operation>

<operation id="27" st_id="2" stage="1" lat="1">
<core>AddSub</core>
<MemPortIdVec></MemPortIdVec>
<condition id="-1">
<or_exp><and_exp><literal name="icmp_ln12" val="0"/>
</and_exp></or_exp>
</condition>

<Node id="23" bw="31" op_0_bw="31" op_1_bw="31">
<![CDATA[
.preheader.preheader:5  %add_ln14_1 = add i31 %zext_ln14, %zext_ln12_1

]]></Node>
<StgValue><ssdm name="add_ln14_1"/></StgValue>
</operation>

<operation id="28" st_id="2" stage="1" lat="1">
<core>NULL</core>
<MemPortIdVec></MemPortIdVec>
<condition id="-1">
<or_exp><and_exp><literal name="icmp_ln12" val="1"/>
</and_exp></or_exp>
</condition>

<Node id="45" bw="0">
<![CDATA[
:0  ret void

]]></Node>
<StgValue><ssdm name="ret_ln17"/></StgValue>
</operation>
</state>

<state id="3" st_id="3">

<operation id="29" st_id="3" stage="1" lat="1">
<core>NULL</core>
<MemPortIdVec></MemPortIdVec>
<condition id="-1">
<or_exp><and_exp></and_exp></or_exp>
</condition>

<Node id="24" bw="64" op_0_bw="31">
<![CDATA[
.preheader.preheader:6  %zext_ln14_2 = zext i31 %add_ln14_1 to i64

]]></Node>
<StgValue><ssdm name="zext_ln14_2"/></StgValue>
</operation>

<operation id="30" st_id="3" stage="1" lat="1">
<core>NULL</core>
<MemPortIdVec></MemPortIdVec>
<condition id="-1">
<or_exp><and_exp></and_exp></or_exp>
</condition>

<Node id="25" bw="32" op_0_bw="32" op_1_bw="32">
<![CDATA[
.preheader.preheader:7  %result_addr = getelementptr float* %result, i64 %zext_ln14_2

]]></Node>
<StgValue><ssdm name="result_addr"/></StgValue>
</operation>

<operation id="31" st_id="3" stage="7" lat="7">
<core>m_axi</core>
<MemPortIdVec></MemPortIdVec>
<condition id="-1">
<or_exp><and_exp></and_exp></or_exp>
</condition>

<Node id="26" bw="1" op_0_bw="1" op_1_bw="32" op_2_bw="32">
<![CDATA[
.preheader.preheader:8  %result_addr_rd_req = call i1 @_ssdm_op_ReadReq.m_axi.floatP(float* %result_addr, i32 16)

]]></Node>
<StgValue><ssdm name="result_addr_rd_req"/></StgValue>
</operation>
</state>

<state id="4" st_id="4">

<operation id="32" st_id="4" stage="6" lat="7">
<core>m_axi</core>
<MemPortIdVec></MemPortIdVec>
<condition id="-1">
<or_exp><and_exp></and_exp></or_exp>
</condition>

<Node id="26" bw="1" op_0_bw="1" op_1_bw="32" op_2_bw="32">
<![CDATA[
.preheader.preheader:8  %result_addr_rd_req = call i1 @_ssdm_op_ReadReq.m_axi.floatP(float* %result_addr, i32 16)

]]></Node>
<StgValue><ssdm name="result_addr_rd_req"/></StgValue>
</operation>
</state>

<state id="5" st_id="5">

<operation id="33" st_id="5" stage="5" lat="7">
<core>m_axi</core>
<MemPortIdVec></MemPortIdVec>
<condition id="-1">
<or_exp><and_exp></and_exp></or_exp>
</condition>

<Node id="26" bw="1" op_0_bw="1" op_1_bw="32" op_2_bw="32">
<![CDATA[
.preheader.preheader:8  %result_addr_rd_req = call i1 @_ssdm_op_ReadReq.m_axi.floatP(float* %result_addr, i32 16)

]]></Node>
<StgValue><ssdm name="result_addr_rd_req"/></StgValue>
</operation>
</state>

<state id="6" st_id="6">

<operation id="34" st_id="6" stage="4" lat="7">
<core>m_axi</core>
<MemPortIdVec></MemPortIdVec>
<condition id="-1">
<or_exp><and_exp></and_exp></or_exp>
</condition>

<Node id="26" bw="1" op_0_bw="1" op_1_bw="32" op_2_bw="32">
<![CDATA[
.preheader.preheader:8  %result_addr_rd_req = call i1 @_ssdm_op_ReadReq.m_axi.floatP(float* %result_addr, i32 16)

]]></Node>
<StgValue><ssdm name="result_addr_rd_req"/></StgValue>
</operation>
</state>

<state id="7" st_id="7">

<operation id="35" st_id="7" stage="3" lat="7">
<core>m_axi</core>
<MemPortIdVec></MemPortIdVec>
<condition id="-1">
<or_exp><and_exp></and_exp></or_exp>
</condition>

<Node id="26" bw="1" op_0_bw="1" op_1_bw="32" op_2_bw="32">
<![CDATA[
.preheader.preheader:8  %result_addr_rd_req = call i1 @_ssdm_op_ReadReq.m_axi.floatP(float* %result_addr, i32 16)

]]></Node>
<StgValue><ssdm name="result_addr_rd_req"/></StgValue>
</operation>
</state>

<state id="8" st_id="8">

<operation id="36" st_id="8" stage="2" lat="7">
<core>m_axi</core>
<MemPortIdVec></MemPortIdVec>
<condition id="-1">
<or_exp><and_exp></and_exp></or_exp>
</condition>

<Node id="26" bw="1" op_0_bw="1" op_1_bw="32" op_2_bw="32">
<![CDATA[
.preheader.preheader:8  %result_addr_rd_req = call i1 @_ssdm_op_ReadReq.m_axi.floatP(float* %result_addr, i32 16)

]]></Node>
<StgValue><ssdm name="result_addr_rd_req"/></StgValue>
</operation>
</state>

<state id="9" st_id="9">

<operation id="37" st_id="9" stage="1" lat="1">
<core>NULL</core>
<MemPortIdVec></MemPortIdVec>
<condition id="-1">
<or_exp><and_exp></and_exp></or_exp>
</condition>

<Node id="20" bw="8" op_0_bw="8" op_1_bw="4" op_2_bw="4">
<![CDATA[
.preheader.preheader:2  %shl_ln = call i8 @_ssdm_op_BitConcatenate.i8.i4.i4(i4 %trunc_ln14, i4 0)

]]></Node>
<StgValue><ssdm name="shl_ln"/></StgValue>
</operation>

<operation id="38" st_id="9" stage="1" lat="7">
<core>m_axi</core>
<MemPortIdVec></MemPortIdVec>
<condition id="-1">
<or_exp><and_exp></and_exp></or_exp>
</condition>

<Node id="26" bw="1" op_0_bw="1" op_1_bw="32" op_2_bw="32">
<![CDATA[
.preheader.preheader:8  %result_addr_rd_req = call i1 @_ssdm_op_ReadReq.m_axi.floatP(float* %result_addr, i32 16)

]]></Node>
<StgValue><ssdm name="result_addr_rd_req"/></StgValue>
</operation>

<operation id="39" st_id="9" stage="1" lat="1">
<core>NULL</core>
<MemPortIdVec></MemPortIdVec>
<condition id="-1">
<or_exp><and_exp></and_exp></or_exp>
</condition>

<Node id="27" bw="0" op_0_bw="0">
<![CDATA[
.preheader.preheader:9  br label %.preheader

]]></Node>
<StgValue><ssdm name="br_ln13"/></StgValue>
</operation>
</state>

<state id="10" st_id="10">

<operation id="40" st_id="10" stage="1" lat="1">
<core>NULL</core>
<MemPortIdVec></MemPortIdVec>
<condition id="-1">
<or_exp><and_exp></and_exp></or_exp>
</condition>

<Node id="29" bw="5" op_0_bw="5" op_1_bw="0" op_2_bw="5" op_3_bw="0">
<![CDATA[
.preheader:0  %j_0 = phi i5 [ %j, %1 ], [ 0, %.preheader.preheader ]

]]></Node>
<StgValue><ssdm name="j_0"/></StgValue>
</operation>

<operation id="41" st_id="10" stage="1" lat="1">
<core>NULL</core>
<MemPortIdVec></MemPortIdVec>
<condition id="-1">
<or_exp><and_exp></and_exp></or_exp>
</condition>

<Node id="30" bw="8" op_0_bw="5">
<![CDATA[
.preheader:1  %zext_ln13 = zext i5 %j_0 to i8

]]></Node>
<StgValue><ssdm name="zext_ln13"/></StgValue>
</operation>

<operation id="42" st_id="10" stage="1" lat="1">
<core>Cmp</core>
<MemPortIdVec></MemPortIdVec>
<condition id="-1">
<or_exp><and_exp></and_exp></or_exp>
</condition>

<Node id="31" bw="1" op_0_bw="5" op_1_bw="5">
<![CDATA[
.preheader:2  %icmp_ln13 = icmp eq i5 %j_0, -16

]]></Node>
<StgValue><ssdm name="icmp_ln13"/></StgValue>
</operation>

<operation id="43" st_id="10" stage="1" lat="1">
<core>NULL</core>
<MemPortIdVec></MemPortIdVec>
<condition id="-1">
<or_exp><and_exp></and_exp></or_exp>
</condition>

<Node id="32" bw="32" op_0_bw="32" op_1_bw="64" op_2_bw="64" op_3_bw="64">
<![CDATA[
.preheader:3  %empty_38 = call i32 (...)* @_ssdm_op_SpecLoopTripCount(i64 16, i64 16, i64 16)

]]></Node>
<StgValue><ssdm name="empty_38"/></StgValue>
</operation>

<operation id="44" st_id="10" stage="1" lat="1">
<core>AddSub</core>
<MemPortIdVec></MemPortIdVec>
<condition id="-1">
<or_exp><and_exp></and_exp></or_exp>
</condition>

<Node id="33" bw="5" op_0_bw="5" op_1_bw="5">
<![CDATA[
.preheader:4  %j = add i5 %j_0, 1

]]></Node>
<StgValue><ssdm name="j"/></StgValue>
</operation>

<operation id="45" st_id="10" stage="1" lat="1">
<core>NULL</core>
<MemPortIdVec></MemPortIdVec>
<condition id="-1">
<or_exp><and_exp></and_exp></or_exp>
</condition>

<Node id="34" bw="0" op_0_bw="1" op_1_bw="0" op_2_bw="0">
<![CDATA[
.preheader:5  br i1 %icmp_ln13, label %.loopexit.loopexit, label %1

]]></Node>
<StgValue><ssdm name="br_ln13"/></StgValue>
</operation>

<operation id="46" st_id="10" stage="1" lat="1">
<core>m_axi</core>
<MemPortIdVec></MemPortIdVec>
<condition id="-1">
<or_exp><and_exp><literal name="icmp_ln13" val="0"/>
</and_exp></or_exp>
</condition>

<Node id="36" bw="32" op_0_bw="32" op_1_bw="32" op_2_bw="1">
<![CDATA[
:0  %result_addr_read = call float @_ssdm_op_Read.m_axi.floatP(float* %result_addr)

]]></Node>
<StgValue><ssdm name="result_addr_read"/></StgValue>
</operation>

<operation id="47" st_id="10" stage="1" lat="1">
<core>AddSub</core>
<MemPortIdVec></MemPortIdVec>
<condition id="-1">
<or_exp><and_exp><literal name="icmp_ln13" val="0"/>
</and_exp></or_exp>
</condition>

<Node id="37" bw="8" op_0_bw="8" op_1_bw="8">
<![CDATA[
:1  %add_ln14_2 = add i8 %zext_ln13, %shl_ln

]]></Node>
<StgValue><ssdm name="add_ln14_2"/></StgValue>
</operation>

<operation id="48" st_id="10" stage="1" lat="1">
<core>NULL</core>
<MemPortIdVec></MemPortIdVec>
<condition id="-1">
<or_exp><and_exp><literal name="icmp_ln13" val="1"/>
</and_exp></or_exp>
</condition>

<Node id="43" bw="0" op_0_bw="0">
<![CDATA[
.loopexit.loopexit:0  br label %.loopexit

]]></Node>
<StgValue><ssdm name="br_ln0"/></StgValue>
</operation>
</state>

<state id="11" st_id="11">

<operation id="49" st_id="11" stage="1" lat="1">
<core>NULL</core>
<MemPortIdVec></MemPortIdVec>
<condition id="-1">
<or_exp><and_exp></and_exp></or_exp>
</condition>

<Node id="38" bw="64" op_0_bw="8">
<![CDATA[
:2  %zext_ln14_1 = zext i8 %add_ln14_2 to i64

]]></Node>
<StgValue><ssdm name="zext_ln14_1"/></StgValue>
</operation>

<operation id="50" st_id="11" stage="1" lat="1">
<core>NULL</core>
<MemPortIdVec></MemPortIdVec>
<condition id="-1">
<or_exp><and_exp></and_exp></or_exp>
</condition>

<Node id="39" bw="8" op_0_bw="32" op_1_bw="64" op_2_bw="64">
<![CDATA[
:3  %buffer_addr = getelementptr [256 x float]* %buffer_r, i64 0, i64 %zext_ln14_1

]]></Node>
<StgValue><ssdm name="buffer_addr"/></StgValue>
</operation>

<operation id="51" st_id="11" stage="1" lat="1">
<core>RAM</core>
<MemPortIdVec>0 </MemPortIdVec>
<condition id="-1">
<or_exp><and_exp></and_exp></or_exp>
</condition>

<Node id="40" bw="0" op_0_bw="32" op_1_bw="8">
<![CDATA[
:4  store float %result_addr_read, float* %buffer_addr, align 4

]]></Node>
<StgValue><ssdm name="store_ln14"/></StgValue>
</operation>

<operation id="52" st_id="11" stage="1" lat="1">
<core>NULL</core>
<MemPortIdVec></MemPortIdVec>
<condition id="-1">
<or_exp><and_exp></and_exp></or_exp>
</condition>

<Node id="41" bw="0" op_0_bw="0">
<![CDATA[
:5  br label %.preheader

]]></Node>
<StgValue><ssdm name="br_ln13"/></StgValue>
</operation>
</state>
</state_list>


<ports>
<port id="67" name="result" dir="0" iftype="4">
<core>NULL</core><StgValue><ssdm name="result"/></StgValue>
</port>
<port id="68" name="result_offset" dir="0" iftype="0">
<core>NULL</core><StgValue><ssdm name="result_offset"/></StgValue>
</port>
<port id="69" name="buffer_r" dir="1" iftype="1">
<core>RAM</core><StgValue><ssdm name="buffer_r"/><MemPortTyVec>0 3 </MemPortTyVec>
</StgValue>
</port>
<port id="70" name="offset" dir="0" iftype="0">
<core>NULL</core><StgValue><ssdm name="offset"/></StgValue>
</port>
</ports>


<dataflows>
<dataflow id="72" from="_ssdm_op_Read.ap_auto.i8" to="offset_read" fromId="71" toId="12">
</dataflow>
<dataflow id="73" from="offset" to="offset_read" fromId="70" toId="12">
</dataflow>
<dataflow id="75" from="_ssdm_op_Read.ap_auto.i30" to="result_offset_read" fromId="74" toId="13">
</dataflow>
<dataflow id="76" from="result_offset" to="result_offset_read" fromId="68" toId="13">
</dataflow>
<dataflow id="78" from="_ssdm_op_SpecInterface" to="specinterface_ln0" fromId="77" toId="14">
</dataflow>
<dataflow id="79" from="result" to="specinterface_ln0" fromId="67" toId="14">
</dataflow>
<dataflow id="81" from="p_str3" to="specinterface_ln0" fromId="80" toId="14">
</dataflow>
<dataflow id="83" from="StgValue_82" to="specinterface_ln0" fromId="82" toId="14">
</dataflow>
<dataflow id="84" from="StgValue_82" to="specinterface_ln0" fromId="82" toId="14">
</dataflow>
<dataflow id="86" from="p_str4" to="specinterface_ln0" fromId="85" toId="14">
</dataflow>
<dataflow id="87" from="StgValue_82" to="specinterface_ln0" fromId="82" toId="14">
</dataflow>
<dataflow id="88" from="StgValue_82" to="specinterface_ln0" fromId="82" toId="14">
</dataflow>
<dataflow id="90" from="p_str5" to="specinterface_ln0" fromId="89" toId="14">
</dataflow>
<dataflow id="92" from="p_str6" to="specinterface_ln0" fromId="91" toId="14">
</dataflow>
<dataflow id="93" from="p_str4" to="specinterface_ln0" fromId="85" toId="14">
</dataflow>
<dataflow id="95" from="StgValue_94" to="specinterface_ln0" fromId="94" toId="14">
</dataflow>
<dataflow id="96" from="StgValue_94" to="specinterface_ln0" fromId="94" toId="14">
</dataflow>
<dataflow id="97" from="StgValue_94" to="specinterface_ln0" fromId="94" toId="14">
</dataflow>
<dataflow id="98" from="StgValue_94" to="specinterface_ln0" fromId="94" toId="14">
</dataflow>
<dataflow id="99" from="p_str4" to="specinterface_ln0" fromId="85" toId="14">
</dataflow>
<dataflow id="100" from="p_str4" to="specinterface_ln0" fromId="85" toId="14">
</dataflow>
<dataflow id="101" from="result_offset_read" to="zext_ln12_1" fromId="13" toId="15">
</dataflow>
<dataflow id="103" from="StgValue_102" to="i_0" fromId="102" toId="17">
<condition id="-1">
<or_exp><and_exp></and_exp></or_exp>
</condition>
</dataflow>
<dataflow id="104" from="br_ln12" to="i_0" fromId="16" toId="17">
</dataflow>
<dataflow id="105" from="i" to="i_0" fromId="21" toId="17">
<BackEdge/>
<condition id="-1">
<or_exp><and_exp><literal name="icmp_ln13" val="1"/>
</and_exp></or_exp>
</condition>
</dataflow>
<dataflow id="106" from="br_ln0" to="i_0" fromId="48" toId="17">
<BackEdge/>
</dataflow>
<dataflow id="107" from="i_0" to="zext_ln12" fromId="17" toId="18">
</dataflow>
<dataflow id="108" from="i_0" to="icmp_ln12" fromId="17" toId="19">
</dataflow>
<dataflow id="110" from="StgValue_109" to="icmp_ln12" fromId="109" toId="19">
</dataflow>
<dataflow id="112" from="_ssdm_op_SpecLoopTripCount" to="empty" fromId="111" toId="20">
</dataflow>
<dataflow id="114" from="StgValue_113" to="empty" fromId="113" toId="20">
</dataflow>
<dataflow id="115" from="StgValue_113" to="empty" fromId="113" toId="20">
</dataflow>
<dataflow id="116" from="StgValue_113" to="empty" fromId="113" toId="20">
</dataflow>
<dataflow id="117" from="i_0" to="i" fromId="17" toId="21">
</dataflow>
<dataflow id="119" from="StgValue_118" to="i" fromId="118" toId="21">
</dataflow>
<dataflow id="120" from="icmp_ln12" to="br_ln12" fromId="19" toId="22">
</dataflow>
<dataflow id="121" from="zext_ln12" to="add_ln14" fromId="18" toId="23">
</dataflow>
<dataflow id="122" from="offset_read" to="add_ln14" fromId="12" toId="23">
</dataflow>
<dataflow id="123" from="i_0" to="trunc_ln14" fromId="17" toId="24">
</dataflow>
<dataflow id="125" from="_ssdm_op_BitConcatenate.i16.i8.i8" to="tmp_s" fromId="124" toId="25">
</dataflow>
<dataflow id="126" from="add_ln14" to="tmp_s" fromId="23" toId="25">
</dataflow>
<dataflow id="127" from="offset_read" to="tmp_s" fromId="12" toId="25">
</dataflow>
<dataflow id="128" from="tmp_s" to="zext_ln14" fromId="25" toId="26">
</dataflow>
<dataflow id="129" from="zext_ln14" to="add_ln14_1" fromId="26" toId="27">
</dataflow>
<dataflow id="130" from="zext_ln12_1" to="add_ln14_1" fromId="15" toId="27">
</dataflow>
<dataflow id="131" from="add_ln14_1" to="zext_ln14_2" fromId="27" toId="29">
</dataflow>
<dataflow id="132" from="result" to="result_addr" fromId="67" toId="30">
</dataflow>
<dataflow id="133" from="zext_ln14_2" to="result_addr" fromId="29" toId="30">
</dataflow>
<dataflow id="135" from="_ssdm_op_ReadReq.m_axi.floatP" to="result_addr_rd_req" fromId="134" toId="31">
</dataflow>
<dataflow id="136" from="result_addr" to="result_addr_rd_req" fromId="30" toId="31">
</dataflow>
<dataflow id="137" from="StgValue_94" to="result_addr_rd_req" fromId="94" toId="31">
</dataflow>
<dataflow id="138" from="_ssdm_op_ReadReq.m_axi.floatP" to="result_addr_rd_req" fromId="134" toId="32">
</dataflow>
<dataflow id="139" from="result_addr" to="result_addr_rd_req" fromId="30" toId="32">
</dataflow>
<dataflow id="140" from="StgValue_94" to="result_addr_rd_req" fromId="94" toId="32">
</dataflow>
<dataflow id="141" from="_ssdm_op_ReadReq.m_axi.floatP" to="result_addr_rd_req" fromId="134" toId="33">
</dataflow>
<dataflow id="142" from="result_addr" to="result_addr_rd_req" fromId="30" toId="33">
</dataflow>
<dataflow id="143" from="StgValue_94" to="result_addr_rd_req" fromId="94" toId="33">
</dataflow>
<dataflow id="144" from="_ssdm_op_ReadReq.m_axi.floatP" to="result_addr_rd_req" fromId="134" toId="34">
</dataflow>
<dataflow id="145" from="result_addr" to="result_addr_rd_req" fromId="30" toId="34">
</dataflow>
<dataflow id="146" from="StgValue_94" to="result_addr_rd_req" fromId="94" toId="34">
</dataflow>
<dataflow id="147" from="_ssdm_op_ReadReq.m_axi.floatP" to="result_addr_rd_req" fromId="134" toId="35">
</dataflow>
<dataflow id="148" from="result_addr" to="result_addr_rd_req" fromId="30" toId="35">
</dataflow>
<dataflow id="149" from="StgValue_94" to="result_addr_rd_req" fromId="94" toId="35">
</dataflow>
<dataflow id="150" from="_ssdm_op_ReadReq.m_axi.floatP" to="result_addr_rd_req" fromId="134" toId="36">
</dataflow>
<dataflow id="151" from="result_addr" to="result_addr_rd_req" fromId="30" toId="36">
</dataflow>
<dataflow id="152" from="StgValue_94" to="result_addr_rd_req" fromId="94" toId="36">
</dataflow>
<dataflow id="154" from="_ssdm_op_BitConcatenate.i8.i4.i4" to="shl_ln" fromId="153" toId="37">
</dataflow>
<dataflow id="155" from="trunc_ln14" to="shl_ln" fromId="24" toId="37">
</dataflow>
<dataflow id="157" from="StgValue_156" to="shl_ln" fromId="156" toId="37">
</dataflow>
<dataflow id="158" from="_ssdm_op_ReadReq.m_axi.floatP" to="result_addr_rd_req" fromId="134" toId="38">
</dataflow>
<dataflow id="159" from="result_addr" to="result_addr_rd_req" fromId="30" toId="38">
</dataflow>
<dataflow id="160" from="StgValue_94" to="result_addr_rd_req" fromId="94" toId="38">
</dataflow>
<dataflow id="161" from="j" to="j_0" fromId="44" toId="40">
<BackEdge/>
<condition id="-1">
<or_exp><and_exp></and_exp></or_exp>
</condition>
</dataflow>
<dataflow id="162" from="br_ln13" to="j_0" fromId="52" toId="40">
<BackEdge/>
</dataflow>
<dataflow id="163" from="StgValue_102" to="j_0" fromId="102" toId="40">
<condition id="-1">
<or_exp><and_exp></and_exp></or_exp>
</condition>
</dataflow>
<dataflow id="164" from="br_ln13" to="j_0" fromId="39" toId="40">
</dataflow>
<dataflow id="165" from="j_0" to="zext_ln13" fromId="40" toId="41">
</dataflow>
<dataflow id="166" from="j_0" to="icmp_ln13" fromId="40" toId="42">
</dataflow>
<dataflow id="167" from="StgValue_109" to="icmp_ln13" fromId="109" toId="42">
</dataflow>
<dataflow id="168" from="_ssdm_op_SpecLoopTripCount" to="empty_38" fromId="111" toId="43">
</dataflow>
<dataflow id="169" from="StgValue_113" to="empty_38" fromId="113" toId="43">
</dataflow>
<dataflow id="170" from="StgValue_113" to="empty_38" fromId="113" toId="43">
</dataflow>
<dataflow id="171" from="StgValue_113" to="empty_38" fromId="113" toId="43">
</dataflow>
<dataflow id="172" from="j_0" to="j" fromId="40" toId="44">
</dataflow>
<dataflow id="173" from="StgValue_118" to="j" fromId="118" toId="44">
</dataflow>
<dataflow id="174" from="icmp_ln13" to="br_ln13" fromId="42" toId="45">
</dataflow>
<dataflow id="176" from="_ssdm_op_Read.m_axi.floatP" to="result_addr_read" fromId="175" toId="46">
</dataflow>
<dataflow id="177" from="result_addr" to="result_addr_read" fromId="30" toId="46">
</dataflow>
<dataflow id="178" from="zext_ln13" to="add_ln14_2" fromId="41" toId="47">
</dataflow>
<dataflow id="179" from="shl_ln" to="add_ln14_2" fromId="37" toId="47">
</dataflow>
<dataflow id="180" from="add_ln14_2" to="zext_ln14_1" fromId="47" toId="49">
</dataflow>
<dataflow id="181" from="buffer_r" to="buffer_addr" fromId="69" toId="50">
</dataflow>
<dataflow id="183" from="StgValue_182" to="buffer_addr" fromId="182" toId="50">
</dataflow>
<dataflow id="184" from="zext_ln14_1" to="buffer_addr" fromId="49" toId="50">
</dataflow>
<dataflow id="185" from="result_addr_read" to="store_ln14" fromId="46" toId="51">
</dataflow>
<dataflow id="186" from="buffer_addr" to="store_ln14" fromId="50" toId="51">
</dataflow>
<dataflow id="187" from="icmp_ln12" to="StgValue_2" fromId="19" toId="2">
</dataflow>
<dataflow id="188" from="icmp_ln13" to="StgValue_10" fromId="42" toId="10">
</dataflow>
</dataflows>


</stg>
