<stg><name>internal_load</name>


<trans_list>

<trans id="199" from="1" to="2">
<condition id="-1">
<or_exp><and_exp></and_exp></or_exp>
</condition>
</trans>

<trans id="200" from="2" to="3">
<condition id="-1">
<or_exp><and_exp></and_exp></or_exp>
</condition>
</trans>

<trans id="201" from="3" to="4">
<condition id="-1">
<or_exp><and_exp></and_exp></or_exp>
</condition>
</trans>

<trans id="202" from="4" to="5">
<condition id="-1">
<or_exp><and_exp></and_exp></or_exp>
</condition>
</trans>

<trans id="203" from="5" to="6">
<condition id="-1">
<or_exp><and_exp></and_exp></or_exp>
</condition>
</trans>

<trans id="204" from="6" to="7">
<condition id="-1">
<or_exp><and_exp></and_exp></or_exp>
</condition>
</trans>

<trans id="205" from="7" to="8">
<condition id="-1">
<or_exp><and_exp></and_exp></or_exp>
</condition>
</trans>

<trans id="206" from="8" to="9">
<condition id="-1">
<or_exp><and_exp></and_exp></or_exp>
</condition>
</trans>

<trans id="207" from="9" to="10">
<condition id="-1">
<or_exp><and_exp></and_exp></or_exp>
</condition>
</trans>

<trans id="208" from="10" to="11">
<condition id="-1">
<or_exp><and_exp></and_exp></or_exp>
</condition>
</trans>

<trans id="209" from="11" to="12">
<condition id="-1">
<or_exp><and_exp></and_exp></or_exp>
</condition>
</trans>

<trans id="210" from="12" to="13">
<condition id="-1">
<or_exp><and_exp></and_exp></or_exp>
</condition>
</trans>

<trans id="211" from="13" to="14">
<condition id="-1">
<or_exp><and_exp><literal name="icmp_ln163" val="0"/>
</and_exp></or_exp>
</condition>
</trans>

<trans id="224" from="13" to="23">
<condition id="-1">
<or_exp><and_exp><literal name="icmp_ln163" val="1"/>
</and_exp></or_exp>
</condition>
</trans>

<trans id="213" from="14" to="15">
<condition id="-1">
<or_exp><and_exp></and_exp></or_exp>
</condition>
</trans>

<trans id="214" from="15" to="16">
<condition id="-1">
<or_exp><and_exp></and_exp></or_exp>
</condition>
</trans>

<trans id="215" from="16" to="17">
<condition id="-1">
<or_exp><and_exp></and_exp></or_exp>
</condition>
</trans>

<trans id="216" from="17" to="18">
<condition id="-1">
<or_exp><and_exp></and_exp></or_exp>
</condition>
</trans>

<trans id="217" from="18" to="19">
<condition id="-1">
<or_exp><and_exp></and_exp></or_exp>
</condition>
</trans>

<trans id="218" from="19" to="20">
<condition id="-1">
<or_exp><and_exp></and_exp></or_exp>
</condition>
</trans>

<trans id="219" from="20" to="21">
<condition id="-1">
<or_exp><and_exp></and_exp></or_exp>
</condition>
</trans>

<trans id="220" from="21" to="22">
<condition id="-1">
<or_exp><and_exp><literal name="icmp_ln164" val="0"/>
</and_exp></or_exp>
</condition>
</trans>

<trans id="223" from="21" to="13">
<condition id="-1">
<or_exp><and_exp><literal name="icmp_ln164" val="1"/>
</and_exp></or_exp>
</condition>
</trans>

<trans id="222" from="22" to="21">
<condition id="-1">
<or_exp><and_exp></and_exp></or_exp>
</condition>
</trans>

<trans id="225" from="23" to="24">
<condition id="-1">
<or_exp><and_exp><literal name="icmp_ln168" val="0"/>
</and_exp></or_exp>
</condition>
</trans>

<trans id="238" from="23" to="33">
<condition id="-1">
<or_exp><and_exp><literal name="icmp_ln168" val="1"/>
</and_exp></or_exp>
</condition>
</trans>

<trans id="227" from="24" to="25">
<condition id="-1">
<or_exp><and_exp></and_exp></or_exp>
</condition>
</trans>

<trans id="228" from="25" to="26">
<condition id="-1">
<or_exp><and_exp></and_exp></or_exp>
</condition>
</trans>

<trans id="229" from="26" to="27">
<condition id="-1">
<or_exp><and_exp></and_exp></or_exp>
</condition>
</trans>

<trans id="230" from="27" to="28">
<condition id="-1">
<or_exp><and_exp></and_exp></or_exp>
</condition>
</trans>

<trans id="231" from="28" to="29">
<condition id="-1">
<or_exp><and_exp></and_exp></or_exp>
</condition>
</trans>

<trans id="232" from="29" to="30">
<condition id="-1">
<or_exp><and_exp></and_exp></or_exp>
</condition>
</trans>

<trans id="233" from="30" to="31">
<condition id="-1">
<or_exp><and_exp></and_exp></or_exp>
</condition>
</trans>

<trans id="234" from="31" to="32">
<condition id="-1">
<or_exp><and_exp><literal name="icmp_ln169" val="0"/>
</and_exp></or_exp>
</condition>
</trans>

<trans id="237" from="31" to="23">
<condition id="-1">
<or_exp><and_exp><literal name="icmp_ln169" val="1"/>
</and_exp></or_exp>
</condition>
</trans>

<trans id="236" from="32" to="31">
<condition id="-1">
<or_exp><and_exp></and_exp></or_exp>
</condition>
</trans>

<trans id="239" from="33" to="34">
<condition id="-1">
<or_exp><and_exp><literal name="icmp_ln174" val="0"/>
</and_exp></or_exp>
</condition>
</trans>

<trans id="241" from="34" to="35">
<condition id="-1">
<or_exp><and_exp></and_exp></or_exp>
</condition>
</trans>

<trans id="242" from="35" to="36">
<condition id="-1">
<or_exp><and_exp></and_exp></or_exp>
</condition>
</trans>

<trans id="243" from="36" to="37">
<condition id="-1">
<or_exp><and_exp></and_exp></or_exp>
</condition>
</trans>

<trans id="244" from="37" to="38">
<condition id="-1">
<or_exp><and_exp></and_exp></or_exp>
</condition>
</trans>

<trans id="245" from="38" to="39">
<condition id="-1">
<or_exp><and_exp></and_exp></or_exp>
</condition>
</trans>

<trans id="246" from="39" to="40">
<condition id="-1">
<or_exp><and_exp></and_exp></or_exp>
</condition>
</trans>

<trans id="247" from="40" to="41">
<condition id="-1">
<or_exp><and_exp></and_exp></or_exp>
</condition>
</trans>

<trans id="248" from="41" to="42">
<condition id="-1">
<or_exp><and_exp><literal name="icmp_ln175" val="0"/>
</and_exp></or_exp>
</condition>
</trans>

<trans id="251" from="41" to="33">
<condition id="-1">
<or_exp><and_exp><literal name="icmp_ln175" val="1"/>
</and_exp></or_exp>
</condition>
</trans>

<trans id="250" from="42" to="41">
<condition id="-1">
<or_exp><and_exp></and_exp></or_exp>
</condition>
</trans>
</trans_list>



<state_list>

<state id="1" st_id="1">

<operation id="43" st_id="1" stage="1" lat="1">
<core>NULL</core>
<MemPortIdVec></MemPortIdVec>
<condition id="-1">
<or_exp><and_exp></and_exp></or_exp>
</condition>

<Node id="9" bw="4" op_0_bw="4" op_1_bw="4">
<![CDATA[
:0  %chunk_num_read = call i4 @_ssdm_op_Read.ap_auto.i4(i4 %chunk_num)

]]></Node>
<StgValue><ssdm name="chunk_num_read"/></StgValue>
</operation>

<operation id="44" st_id="1" stage="1" lat="1">
<core>NULL</core>
<MemPortIdVec></MemPortIdVec>
<condition id="-1">
<or_exp><and_exp></and_exp></or_exp>
</condition>

<Node id="10" bw="8" op_0_bw="8" op_1_bw="8">
<![CDATA[
:1  %chunk_idx_read = call i8 @_ssdm_op_Read.ap_auto.i8(i8 %chunk_idx)

]]></Node>
<StgValue><ssdm name="chunk_idx_read"/></StgValue>
</operation>

<operation id="45" st_id="1" stage="1" lat="1">
<core>NULL</core>
<MemPortIdVec></MemPortIdVec>
<condition id="-1">
<or_exp><and_exp></and_exp></or_exp>
</condition>

<Node id="15" bw="8" op_0_bw="4">
<![CDATA[
:6  %zext_ln160 = zext i4 %chunk_num_read to i8

]]></Node>
<StgValue><ssdm name="zext_ln160"/></StgValue>
</operation>

<operation id="46" st_id="1" stage="12" lat="12">
<core>DivnS_SEQ</core>
<MemPortIdVec></MemPortIdVec>
<condition id="-1">
<or_exp><and_exp></and_exp></or_exp>
</condition>

<Node id="16" bw="8" op_0_bw="8" op_1_bw="8">
<![CDATA[
:7  %udiv_ln160 = udiv i8 %chunk_idx_read, %zext_ln160

]]></Node>
<StgValue><ssdm name="udiv_ln160"/></StgValue>
</operation>

<operation id="47" st_id="1" stage="12" lat="12">
<core>DivnS_SEQ</core>
<MemPortIdVec></MemPortIdVec>
<condition id="-1">
<or_exp><and_exp></and_exp></or_exp>
</condition>

<Node id="20" bw="8" op_0_bw="8" op_1_bw="8">
<![CDATA[
:11  %urem_ln161 = urem i8 %chunk_idx_read, %zext_ln160

]]></Node>
<StgValue><ssdm name="urem_ln161"/></StgValue>
</operation>
</state>

<state id="2" st_id="2">

<operation id="48" st_id="2" stage="11" lat="12">
<core>DivnS_SEQ</core>
<MemPortIdVec></MemPortIdVec>
<condition id="-1">
<or_exp><and_exp></and_exp></or_exp>
</condition>

<Node id="16" bw="8" op_0_bw="8" op_1_bw="8">
<![CDATA[
:7  %udiv_ln160 = udiv i8 %chunk_idx_read, %zext_ln160

]]></Node>
<StgValue><ssdm name="udiv_ln160"/></StgValue>
</operation>

<operation id="49" st_id="2" stage="11" lat="12">
<core>DivnS_SEQ</core>
<MemPortIdVec></MemPortIdVec>
<condition id="-1">
<or_exp><and_exp></and_exp></or_exp>
</condition>

<Node id="20" bw="8" op_0_bw="8" op_1_bw="8">
<![CDATA[
:11  %urem_ln161 = urem i8 %chunk_idx_read, %zext_ln160

]]></Node>
<StgValue><ssdm name="urem_ln161"/></StgValue>
</operation>
</state>

<state id="3" st_id="3">

<operation id="50" st_id="3" stage="10" lat="12">
<core>DivnS_SEQ</core>
<MemPortIdVec></MemPortIdVec>
<condition id="-1">
<or_exp><and_exp></and_exp></or_exp>
</condition>

<Node id="16" bw="8" op_0_bw="8" op_1_bw="8">
<![CDATA[
:7  %udiv_ln160 = udiv i8 %chunk_idx_read, %zext_ln160

]]></Node>
<StgValue><ssdm name="udiv_ln160"/></StgValue>
</operation>

<operation id="51" st_id="3" stage="10" lat="12">
<core>DivnS_SEQ</core>
<MemPortIdVec></MemPortIdVec>
<condition id="-1">
<or_exp><and_exp></and_exp></or_exp>
</condition>

<Node id="20" bw="8" op_0_bw="8" op_1_bw="8">
<![CDATA[
:11  %urem_ln161 = urem i8 %chunk_idx_read, %zext_ln160

]]></Node>
<StgValue><ssdm name="urem_ln161"/></StgValue>
</operation>
</state>

<state id="4" st_id="4">

<operation id="52" st_id="4" stage="9" lat="12">
<core>DivnS_SEQ</core>
<MemPortIdVec></MemPortIdVec>
<condition id="-1">
<or_exp><and_exp></and_exp></or_exp>
</condition>

<Node id="16" bw="8" op_0_bw="8" op_1_bw="8">
<![CDATA[
:7  %udiv_ln160 = udiv i8 %chunk_idx_read, %zext_ln160

]]></Node>
<StgValue><ssdm name="udiv_ln160"/></StgValue>
</operation>

<operation id="53" st_id="4" stage="9" lat="12">
<core>DivnS_SEQ</core>
<MemPortIdVec></MemPortIdVec>
<condition id="-1">
<or_exp><and_exp></and_exp></or_exp>
</condition>

<Node id="20" bw="8" op_0_bw="8" op_1_bw="8">
<![CDATA[
:11  %urem_ln161 = urem i8 %chunk_idx_read, %zext_ln160

]]></Node>
<StgValue><ssdm name="urem_ln161"/></StgValue>
</operation>
</state>

<state id="5" st_id="5">

<operation id="54" st_id="5" stage="8" lat="12">
<core>DivnS_SEQ</core>
<MemPortIdVec></MemPortIdVec>
<condition id="-1">
<or_exp><and_exp></and_exp></or_exp>
</condition>

<Node id="16" bw="8" op_0_bw="8" op_1_bw="8">
<![CDATA[
:7  %udiv_ln160 = udiv i8 %chunk_idx_read, %zext_ln160

]]></Node>
<StgValue><ssdm name="udiv_ln160"/></StgValue>
</operation>

<operation id="55" st_id="5" stage="8" lat="12">
<core>DivnS_SEQ</core>
<MemPortIdVec></MemPortIdVec>
<condition id="-1">
<or_exp><and_exp></and_exp></or_exp>
</condition>

<Node id="20" bw="8" op_0_bw="8" op_1_bw="8">
<![CDATA[
:11  %urem_ln161 = urem i8 %chunk_idx_read, %zext_ln160

]]></Node>
<StgValue><ssdm name="urem_ln161"/></StgValue>
</operation>
</state>

<state id="6" st_id="6">

<operation id="56" st_id="6" stage="7" lat="12">
<core>DivnS_SEQ</core>
<MemPortIdVec></MemPortIdVec>
<condition id="-1">
<or_exp><and_exp></and_exp></or_exp>
</condition>

<Node id="16" bw="8" op_0_bw="8" op_1_bw="8">
<![CDATA[
:7  %udiv_ln160 = udiv i8 %chunk_idx_read, %zext_ln160

]]></Node>
<StgValue><ssdm name="udiv_ln160"/></StgValue>
</operation>

<operation id="57" st_id="6" stage="7" lat="12">
<core>DivnS_SEQ</core>
<MemPortIdVec></MemPortIdVec>
<condition id="-1">
<or_exp><and_exp></and_exp></or_exp>
</condition>

<Node id="20" bw="8" op_0_bw="8" op_1_bw="8">
<![CDATA[
:11  %urem_ln161 = urem i8 %chunk_idx_read, %zext_ln160

]]></Node>
<StgValue><ssdm name="urem_ln161"/></StgValue>
</operation>
</state>

<state id="7" st_id="7">

<operation id="58" st_id="7" stage="6" lat="12">
<core>DivnS_SEQ</core>
<MemPortIdVec></MemPortIdVec>
<condition id="-1">
<or_exp><and_exp></and_exp></or_exp>
</condition>

<Node id="16" bw="8" op_0_bw="8" op_1_bw="8">
<![CDATA[
:7  %udiv_ln160 = udiv i8 %chunk_idx_read, %zext_ln160

]]></Node>
<StgValue><ssdm name="udiv_ln160"/></StgValue>
</operation>

<operation id="59" st_id="7" stage="6" lat="12">
<core>DivnS_SEQ</core>
<MemPortIdVec></MemPortIdVec>
<condition id="-1">
<or_exp><and_exp></and_exp></or_exp>
</condition>

<Node id="20" bw="8" op_0_bw="8" op_1_bw="8">
<![CDATA[
:11  %urem_ln161 = urem i8 %chunk_idx_read, %zext_ln160

]]></Node>
<StgValue><ssdm name="urem_ln161"/></StgValue>
</operation>
</state>

<state id="8" st_id="8">

<operation id="60" st_id="8" stage="5" lat="12">
<core>DivnS_SEQ</core>
<MemPortIdVec></MemPortIdVec>
<condition id="-1">
<or_exp><and_exp></and_exp></or_exp>
</condition>

<Node id="16" bw="8" op_0_bw="8" op_1_bw="8">
<![CDATA[
:7  %udiv_ln160 = udiv i8 %chunk_idx_read, %zext_ln160

]]></Node>
<StgValue><ssdm name="udiv_ln160"/></StgValue>
</operation>

<operation id="61" st_id="8" stage="5" lat="12">
<core>DivnS_SEQ</core>
<MemPortIdVec></MemPortIdVec>
<condition id="-1">
<or_exp><and_exp></and_exp></or_exp>
</condition>

<Node id="20" bw="8" op_0_bw="8" op_1_bw="8">
<![CDATA[
:11  %urem_ln161 = urem i8 %chunk_idx_read, %zext_ln160

]]></Node>
<StgValue><ssdm name="urem_ln161"/></StgValue>
</operation>
</state>

<state id="9" st_id="9">

<operation id="62" st_id="9" stage="4" lat="12">
<core>DivnS_SEQ</core>
<MemPortIdVec></MemPortIdVec>
<condition id="-1">
<or_exp><and_exp></and_exp></or_exp>
</condition>

<Node id="16" bw="8" op_0_bw="8" op_1_bw="8">
<![CDATA[
:7  %udiv_ln160 = udiv i8 %chunk_idx_read, %zext_ln160

]]></Node>
<StgValue><ssdm name="udiv_ln160"/></StgValue>
</operation>

<operation id="63" st_id="9" stage="4" lat="12">
<core>DivnS_SEQ</core>
<MemPortIdVec></MemPortIdVec>
<condition id="-1">
<or_exp><and_exp></and_exp></or_exp>
</condition>

<Node id="20" bw="8" op_0_bw="8" op_1_bw="8">
<![CDATA[
:11  %urem_ln161 = urem i8 %chunk_idx_read, %zext_ln160

]]></Node>
<StgValue><ssdm name="urem_ln161"/></StgValue>
</operation>
</state>

<state id="10" st_id="10">

<operation id="64" st_id="10" stage="3" lat="12">
<core>DivnS_SEQ</core>
<MemPortIdVec></MemPortIdVec>
<condition id="-1">
<or_exp><and_exp></and_exp></or_exp>
</condition>

<Node id="16" bw="8" op_0_bw="8" op_1_bw="8">
<![CDATA[
:7  %udiv_ln160 = udiv i8 %chunk_idx_read, %zext_ln160

]]></Node>
<StgValue><ssdm name="udiv_ln160"/></StgValue>
</operation>

<operation id="65" st_id="10" stage="3" lat="12">
<core>DivnS_SEQ</core>
<MemPortIdVec></MemPortIdVec>
<condition id="-1">
<or_exp><and_exp></and_exp></or_exp>
</condition>

<Node id="20" bw="8" op_0_bw="8" op_1_bw="8">
<![CDATA[
:11  %urem_ln161 = urem i8 %chunk_idx_read, %zext_ln160

]]></Node>
<StgValue><ssdm name="urem_ln161"/></StgValue>
</operation>
</state>

<state id="11" st_id="11">

<operation id="66" st_id="11" stage="2" lat="12">
<core>DivnS_SEQ</core>
<MemPortIdVec></MemPortIdVec>
<condition id="-1">
<or_exp><and_exp></and_exp></or_exp>
</condition>

<Node id="16" bw="8" op_0_bw="8" op_1_bw="8">
<![CDATA[
:7  %udiv_ln160 = udiv i8 %chunk_idx_read, %zext_ln160

]]></Node>
<StgValue><ssdm name="udiv_ln160"/></StgValue>
</operation>

<operation id="67" st_id="11" stage="2" lat="12">
<core>DivnS_SEQ</core>
<MemPortIdVec></MemPortIdVec>
<condition id="-1">
<or_exp><and_exp></and_exp></or_exp>
</condition>

<Node id="20" bw="8" op_0_bw="8" op_1_bw="8">
<![CDATA[
:11  %urem_ln161 = urem i8 %chunk_idx_read, %zext_ln160

]]></Node>
<StgValue><ssdm name="urem_ln161"/></StgValue>
</operation>
</state>

<state id="12" st_id="12">

<operation id="68" st_id="12" stage="1" lat="1">
<core>NULL</core>
<MemPortIdVec></MemPortIdVec>
<condition id="-1">
<or_exp><and_exp></and_exp></or_exp>
</condition>

<Node id="11" bw="8" op_0_bw="8" op_1_bw="8">
<![CDATA[
:2  %offset_read = call i8 @_ssdm_op_Read.ap_auto.i8(i8 %offset)

]]></Node>
<StgValue><ssdm name="offset_read"/></StgValue>
</operation>

<operation id="69" st_id="12" stage="1" lat="1">
<core>NULL</core>
<MemPortIdVec></MemPortIdVec>
<condition id="-1">
<or_exp><and_exp></and_exp></or_exp>
</condition>

<Node id="12" bw="30" op_0_bw="30" op_1_bw="30">
<![CDATA[
:3  %result_offset_read = call i30 @_ssdm_op_Read.ap_auto.i30(i30 %result_offset)

]]></Node>
<StgValue><ssdm name="result_offset_read"/></StgValue>
</operation>

<operation id="70" st_id="12" stage="1" lat="1">
<core>NULL</core>
<MemPortIdVec></MemPortIdVec>
<condition id="-1">
<or_exp><and_exp></and_exp></or_exp>
</condition>

<Node id="13" bw="32" op_0_bw="30">
<![CDATA[
:4  %result_offset_cast = zext i30 %result_offset_read to i32

]]></Node>
<StgValue><ssdm name="result_offset_cast"/></StgValue>
</operation>

<operation id="71" st_id="12" stage="1" lat="1">
<core>NULL</core>
<MemPortIdVec></MemPortIdVec>
<condition id="-1">
<or_exp><and_exp></and_exp></or_exp>
</condition>

<Node id="14" bw="0" op_0_bw="0" op_1_bw="32" op_2_bw="0" op_3_bw="32" op_4_bw="32" op_5_bw="0" op_6_bw="32" op_7_bw="32" op_8_bw="0" op_9_bw="0" op_10_bw="0" op_11_bw="32" op_12_bw="32" op_13_bw="32" op_14_bw="32" op_15_bw="0" op_16_bw="0">
<![CDATA[
:5  call void (...)* @_ssdm_op_SpecInterface(float* %result, [6 x i8]* @p_str3, i32 0, i32 0, [1 x i8]* @p_str4, i32 0, i32 0, [5 x i8]* @p_str5, [6 x i8]* @p_str6, [1 x i8]* @p_str4, i32 16, i32 16, i32 16, i32 16, [1 x i8]* @p_str4, [1 x i8]* @p_str4)

]]></Node>
<StgValue><ssdm name="specinterface_ln0"/></StgValue>
</operation>

<operation id="72" st_id="12" stage="1" lat="12">
<core>DivnS_SEQ</core>
<MemPortIdVec></MemPortIdVec>
<condition id="-1">
<or_exp><and_exp></and_exp></or_exp>
</condition>

<Node id="16" bw="8" op_0_bw="8" op_1_bw="8">
<![CDATA[
:7  %udiv_ln160 = udiv i8 %chunk_idx_read, %zext_ln160

]]></Node>
<StgValue><ssdm name="udiv_ln160"/></StgValue>
</operation>

<operation id="73" st_id="12" stage="1" lat="1">
<core>NULL</core>
<MemPortIdVec></MemPortIdVec>
<condition id="-1">
<or_exp><and_exp></and_exp></or_exp>
</condition>

<Node id="17" bw="12" op_0_bw="12" op_1_bw="8" op_2_bw="4">
<![CDATA[
:8  %tmp_s = call i12 @_ssdm_op_BitConcatenate.i12.i8.i4(i8 %udiv_ln160, i4 0)

]]></Node>
<StgValue><ssdm name="tmp_s"/></StgValue>
</operation>

<operation id="74" st_id="12" stage="1" lat="1">
<core>NULL</core>
<MemPortIdVec></MemPortIdVec>
<condition id="-1">
<or_exp><and_exp></and_exp></or_exp>
</condition>

<Node id="18" bw="13" op_0_bw="12">
<![CDATA[
:9  %zext_ln161 = zext i12 %tmp_s to i13

]]></Node>
<StgValue><ssdm name="zext_ln161"/></StgValue>
</operation>

<operation id="75" st_id="12" stage="1" lat="1">
<core>NULL</core>
<MemPortIdVec></MemPortIdVec>
<condition id="-1">
<or_exp><and_exp></and_exp></or_exp>
</condition>

<Node id="19" bw="13" op_0_bw="8">
<![CDATA[
:10  %zext_ln161_1 = zext i8 %offset_read to i13

]]></Node>
<StgValue><ssdm name="zext_ln161_1"/></StgValue>
</operation>

<operation id="76" st_id="12" stage="1" lat="12">
<core>DivnS_SEQ</core>
<MemPortIdVec></MemPortIdVec>
<condition id="-1">
<or_exp><and_exp></and_exp></or_exp>
</condition>

<Node id="20" bw="8" op_0_bw="8" op_1_bw="8">
<![CDATA[
:11  %urem_ln161 = urem i8 %chunk_idx_read, %zext_ln160

]]></Node>
<StgValue><ssdm name="urem_ln161"/></StgValue>
</operation>

<operation id="77" st_id="12" stage="1" lat="1">
<core>NULL</core>
<MemPortIdVec></MemPortIdVec>
<condition id="-1">
<or_exp><and_exp></and_exp></or_exp>
</condition>

<Node id="21" bw="8" op_0_bw="8" op_1_bw="8">
<![CDATA[
:12  %shl_ln161 = shl i8 %urem_ln161, 4

]]></Node>
<StgValue><ssdm name="shl_ln161"/></StgValue>
</operation>

<operation id="78" st_id="12" stage="1" lat="1">
<core>AddSub</core>
<MemPortIdVec></MemPortIdVec>
<condition id="-1">
<or_exp><and_exp></and_exp></or_exp>
</condition>

<Node id="22" bw="8" op_0_bw="8" op_1_bw="8">
<![CDATA[
:13  %add_ln161 = add i8 16, %shl_ln161

]]></Node>
<StgValue><ssdm name="add_ln161"/></StgValue>
</operation>

<operation id="79" st_id="12" stage="1" lat="1">
<core>NULL</core>
<MemPortIdVec></MemPortIdVec>
<condition id="-1">
<or_exp><and_exp></and_exp></or_exp>
</condition>

<Node id="23" bw="9" op_0_bw="8">
<![CDATA[
:14  %zext_ln161_2 = zext i8 %add_ln161 to i9

]]></Node>
<StgValue><ssdm name="zext_ln161_2"/></StgValue>
</operation>

<operation id="80" st_id="12" stage="1" lat="1">
<core>NULL</core>
<MemPortIdVec></MemPortIdVec>
<condition id="-1">
<or_exp><and_exp></and_exp></or_exp>
</condition>

<Node id="24" bw="9" op_0_bw="8">
<![CDATA[
:15  %zext_ln161_3 = zext i8 %offset_read to i9

]]></Node>
<StgValue><ssdm name="zext_ln161_3"/></StgValue>
</operation>

<operation id="81" st_id="12" stage="1" lat="1">
<core>AddSub</core>
<MemPortIdVec></MemPortIdVec>
<condition id="-1">
<or_exp><and_exp></and_exp></or_exp>
</condition>

<Node id="25" bw="9" op_0_bw="9" op_1_bw="9">
<![CDATA[
:16  %j_global = add i9 %zext_ln161_2, %zext_ln161_3

]]></Node>
<StgValue><ssdm name="j_global"/></StgValue>
</operation>

<operation id="82" st_id="12" stage="1" lat="1">
<core>NULL</core>
<MemPortIdVec></MemPortIdVec>
<condition id="-1">
<or_exp><and_exp></and_exp></or_exp>
</condition>

<Node id="26" bw="23" op_0_bw="9">
<![CDATA[
:17  %zext_ln161_4 = zext i9 %j_global to i23

]]></Node>
<StgValue><ssdm name="zext_ln161_4"/></StgValue>
</operation>

<operation id="83" st_id="12" stage="1" lat="1">
<core>NULL</core>
<MemPortIdVec></MemPortIdVec>
<condition id="-1">
<or_exp><and_exp></and_exp></or_exp>
</condition>

<Node id="27" bw="16" op_0_bw="9">
<![CDATA[
:18  %zext_ln161_5 = zext i9 %j_global to i16

]]></Node>
<StgValue><ssdm name="zext_ln161_5"/></StgValue>
</operation>

<operation id="84" st_id="12" stage="1" lat="1">
<core>NULL</core>
<MemPortIdVec></MemPortIdVec>
<condition id="-1">
<or_exp><and_exp></and_exp></or_exp>
</condition>

<Node id="28" bw="31" op_0_bw="30">
<![CDATA[
:19  %zext_ln163_1 = zext i30 %result_offset_read to i31

]]></Node>
<StgValue><ssdm name="zext_ln163_1"/></StgValue>
</operation>

<operation id="85" st_id="12" stage="1" lat="1">
<core>NULL</core>
<MemPortIdVec></MemPortIdVec>
<condition id="-1">
<or_exp><and_exp></and_exp></or_exp>
</condition>

<Node id="29" bw="0" op_0_bw="0">
<![CDATA[
:20  br label %.loopexit

]]></Node>
<StgValue><ssdm name="br_ln163"/></StgValue>
</operation>
</state>

<state id="13" st_id="13">

<operation id="86" st_id="13" stage="1" lat="1">
<core>NULL</core>
<MemPortIdVec></MemPortIdVec>
<condition id="-1">
<or_exp><and_exp></and_exp></or_exp>
</condition>

<Node id="31" bw="5" op_0_bw="5" op_1_bw="0" op_2_bw="5" op_3_bw="0">
<![CDATA[
.loopexit:0  %i_0 = phi i5 [ 0, %0 ], [ %i, %.loopexit.loopexit ]

]]></Node>
<StgValue><ssdm name="i_0"/></StgValue>
</operation>

<operation id="87" st_id="13" stage="1" lat="1">
<core>NULL</core>
<MemPortIdVec></MemPortIdVec>
<condition id="-1">
<or_exp><and_exp></and_exp></or_exp>
</condition>

<Node id="32" bw="8" op_0_bw="5">
<![CDATA[
.loopexit:1  %zext_ln163 = zext i5 %i_0 to i8

]]></Node>
<StgValue><ssdm name="zext_ln163"/></StgValue>
</operation>

<operation id="88" st_id="13" stage="1" lat="1">
<core>Cmp</core>
<MemPortIdVec></MemPortIdVec>
<condition id="-1">
<or_exp><and_exp></and_exp></or_exp>
</condition>

<Node id="33" bw="1" op_0_bw="5" op_1_bw="5">
<![CDATA[
.loopexit:2  %icmp_ln163 = icmp eq i5 %i_0, -16

]]></Node>
<StgValue><ssdm name="icmp_ln163"/></StgValue>
</operation>

<operation id="89" st_id="13" stage="1" lat="1">
<core>NULL</core>
<MemPortIdVec></MemPortIdVec>
<condition id="-1">
<or_exp><and_exp></and_exp></or_exp>
</condition>

<Node id="34" bw="32" op_0_bw="32" op_1_bw="64" op_2_bw="64" op_3_bw="64">
<![CDATA[
.loopexit:3  %empty = call i32 (...)* @_ssdm_op_SpecLoopTripCount(i64 16, i64 16, i64 16)

]]></Node>
<StgValue><ssdm name="empty"/></StgValue>
</operation>

<operation id="90" st_id="13" stage="1" lat="1">
<core>AddSub</core>
<MemPortIdVec></MemPortIdVec>
<condition id="-1">
<or_exp><and_exp></and_exp></or_exp>
</condition>

<Node id="35" bw="5" op_0_bw="5" op_1_bw="5">
<![CDATA[
.loopexit:4  %i = add i5 %i_0, 1

]]></Node>
<StgValue><ssdm name="i"/></StgValue>
</operation>

<operation id="91" st_id="13" stage="1" lat="1">
<core>NULL</core>
<MemPortIdVec></MemPortIdVec>
<condition id="-1">
<or_exp><and_exp></and_exp></or_exp>
</condition>

<Node id="36" bw="0" op_0_bw="1" op_1_bw="0" op_2_bw="0">
<![CDATA[
.loopexit:5  br i1 %icmp_ln163, label %.preheader3.preheader, label %.preheader4.preheader

]]></Node>
<StgValue><ssdm name="br_ln163"/></StgValue>
</operation>

<operation id="92" st_id="13" stage="1" lat="1">
<core>AddSub</core>
<MemPortIdVec></MemPortIdVec>
<condition id="-1">
<or_exp><and_exp><literal name="icmp_ln163" val="0"/>
</and_exp></or_exp>
</condition>

<Node id="38" bw="8" op_0_bw="8" op_1_bw="8">
<![CDATA[
.preheader4.preheader:0  %add_ln165 = add i8 %zext_ln163, %offset_read

]]></Node>
<StgValue><ssdm name="add_ln165"/></StgValue>
</operation>

<operation id="93" st_id="13" stage="1" lat="1">
<core>NULL</core>
<MemPortIdVec></MemPortIdVec>
<condition id="-1">
<or_exp><and_exp><literal name="icmp_ln163" val="0"/>
</and_exp></or_exp>
</condition>

<Node id="39" bw="4" op_0_bw="5">
<![CDATA[
.preheader4.preheader:1  %trunc_ln165 = trunc i5 %i_0 to i4

]]></Node>
<StgValue><ssdm name="trunc_ln165"/></StgValue>
</operation>

<operation id="94" st_id="13" stage="1" lat="1">
<core>NULL</core>
<MemPortIdVec></MemPortIdVec>
<condition id="-1">
<or_exp><and_exp><literal name="icmp_ln163" val="0"/>
</and_exp></or_exp>
</condition>

<Node id="41" bw="16" op_0_bw="16" op_1_bw="8" op_2_bw="8">
<![CDATA[
.preheader4.preheader:3  %tmp = call i16 @_ssdm_op_BitConcatenate.i16.i8.i8(i8 %add_ln165, i8 0)

]]></Node>
<StgValue><ssdm name="tmp"/></StgValue>
</operation>

<operation id="95" st_id="13" stage="1" lat="1">
<core>AddSub</core>
<MemPortIdVec></MemPortIdVec>
<condition id="-1">
<or_exp><and_exp><literal name="icmp_ln163" val="0"/>
</and_exp></or_exp>
</condition>

<Node id="42" bw="16" op_0_bw="16" op_1_bw="16">
<![CDATA[
.preheader4.preheader:4  %add_ln165_1 = add i16 %tmp, %zext_ln161_5

]]></Node>
<StgValue><ssdm name="add_ln165_1"/></StgValue>
</operation>

<operation id="96" st_id="13" stage="1" lat="1">
<core>NULL</core>
<MemPortIdVec></MemPortIdVec>
<condition id="-1">
<or_exp><and_exp><literal name="icmp_ln163" val="0"/>
</and_exp></or_exp>
</condition>

<Node id="43" bw="31" op_0_bw="16">
<![CDATA[
.preheader4.preheader:5  %zext_ln165 = zext i16 %add_ln165_1 to i31

]]></Node>
<StgValue><ssdm name="zext_ln165"/></StgValue>
</operation>

<operation id="97" st_id="13" stage="1" lat="1">
<core>AddSub</core>
<MemPortIdVec></MemPortIdVec>
<condition id="-1">
<or_exp><and_exp><literal name="icmp_ln163" val="0"/>
</and_exp></or_exp>
</condition>

<Node id="44" bw="31" op_0_bw="31" op_1_bw="31">
<![CDATA[
.preheader4.preheader:6  %add_ln165_2 = add i31 %zext_ln165, %zext_ln163_1

]]></Node>
<StgValue><ssdm name="add_ln165_2"/></StgValue>
</operation>

<operation id="98" st_id="13" stage="1" lat="1">
<core>TAddSub</core>
<MemPortIdVec></MemPortIdVec>
<condition id="-1">
<or_exp><and_exp><literal name="icmp_ln163" val="1"/>
</and_exp></or_exp>
</condition>

<Node id="66" bw="13" op_0_bw="13" op_1_bw="13">
<![CDATA[
.preheader3.preheader:0  %add_ln170_1 = add i13 %zext_ln161, 16

]]></Node>
<StgValue><ssdm name="add_ln170_1"/></StgValue>
</operation>

<operation id="99" st_id="13" stage="1" lat="1">
<core>TAddSub</core>
<MemPortIdVec></MemPortIdVec>
<condition id="-1">
<or_exp><and_exp><literal name="icmp_ln163" val="1"/>
</and_exp></or_exp>
</condition>

<Node id="67" bw="13" op_0_bw="13" op_1_bw="13">
<![CDATA[
.preheader3.preheader:1  %add_ln170 = add i13 %zext_ln161_1, %add_ln170_1

]]></Node>
<StgValue><ssdm name="add_ln170"/></StgValue>
</operation>

<operation id="100" st_id="13" stage="1" lat="1">
<core>NULL</core>
<MemPortIdVec></MemPortIdVec>
<condition id="-1">
<or_exp><and_exp><literal name="icmp_ln163" val="1"/>
</and_exp></or_exp>
</condition>

<Node id="68" bw="0" op_0_bw="0">
<![CDATA[
.preheader3.preheader:2  br label %.preheader3

]]></Node>
<StgValue><ssdm name="br_ln168"/></StgValue>
</operation>
</state>

<state id="14" st_id="14">

<operation id="101" st_id="14" stage="1" lat="1">
<core>NULL</core>
<MemPortIdVec></MemPortIdVec>
<condition id="-1">
<or_exp><and_exp></and_exp></or_exp>
</condition>

<Node id="45" bw="64" op_0_bw="31">
<![CDATA[
.preheader4.preheader:7  %zext_ln165_2 = zext i31 %add_ln165_2 to i64

]]></Node>
<StgValue><ssdm name="zext_ln165_2"/></StgValue>
</operation>

<operation id="102" st_id="14" stage="1" lat="1">
<core>NULL</core>
<MemPortIdVec></MemPortIdVec>
<condition id="-1">
<or_exp><and_exp></and_exp></or_exp>
</condition>

<Node id="46" bw="32" op_0_bw="32" op_1_bw="64">
<![CDATA[
.preheader4.preheader:8  %result_addr = getelementptr float* %result, i64 %zext_ln165_2

]]></Node>
<StgValue><ssdm name="result_addr"/></StgValue>
</operation>

<operation id="103" st_id="14" stage="7" lat="7">
<core>m_axi</core>
<MemPortIdVec></MemPortIdVec>
<condition id="-1">
<or_exp><and_exp></and_exp></or_exp>
</condition>

<Node id="47" bw="1" op_0_bw="1" op_1_bw="32" op_2_bw="32">
<![CDATA[
.preheader4.preheader:9  %result_addr_rd_req = call i1 @_ssdm_op_ReadReq.m_axi.floatP(float* %result_addr, i32 16)

]]></Node>
<StgValue><ssdm name="result_addr_rd_req"/></StgValue>
</operation>
</state>

<state id="15" st_id="15">

<operation id="104" st_id="15" stage="6" lat="7">
<core>m_axi</core>
<MemPortIdVec></MemPortIdVec>
<condition id="-1">
<or_exp><and_exp></and_exp></or_exp>
</condition>

<Node id="47" bw="1" op_0_bw="1" op_1_bw="32" op_2_bw="32">
<![CDATA[
.preheader4.preheader:9  %result_addr_rd_req = call i1 @_ssdm_op_ReadReq.m_axi.floatP(float* %result_addr, i32 16)

]]></Node>
<StgValue><ssdm name="result_addr_rd_req"/></StgValue>
</operation>
</state>

<state id="16" st_id="16">

<operation id="105" st_id="16" stage="5" lat="7">
<core>m_axi</core>
<MemPortIdVec></MemPortIdVec>
<condition id="-1">
<or_exp><and_exp></and_exp></or_exp>
</condition>

<Node id="47" bw="1" op_0_bw="1" op_1_bw="32" op_2_bw="32">
<![CDATA[
.preheader4.preheader:9  %result_addr_rd_req = call i1 @_ssdm_op_ReadReq.m_axi.floatP(float* %result_addr, i32 16)

]]></Node>
<StgValue><ssdm name="result_addr_rd_req"/></StgValue>
</operation>
</state>

<state id="17" st_id="17">

<operation id="106" st_id="17" stage="4" lat="7">
<core>m_axi</core>
<MemPortIdVec></MemPortIdVec>
<condition id="-1">
<or_exp><and_exp></and_exp></or_exp>
</condition>

<Node id="47" bw="1" op_0_bw="1" op_1_bw="32" op_2_bw="32">
<![CDATA[
.preheader4.preheader:9  %result_addr_rd_req = call i1 @_ssdm_op_ReadReq.m_axi.floatP(float* %result_addr, i32 16)

]]></Node>
<StgValue><ssdm name="result_addr_rd_req"/></StgValue>
</operation>
</state>

<state id="18" st_id="18">

<operation id="107" st_id="18" stage="3" lat="7">
<core>m_axi</core>
<MemPortIdVec></MemPortIdVec>
<condition id="-1">
<or_exp><and_exp></and_exp></or_exp>
</condition>

<Node id="47" bw="1" op_0_bw="1" op_1_bw="32" op_2_bw="32">
<![CDATA[
.preheader4.preheader:9  %result_addr_rd_req = call i1 @_ssdm_op_ReadReq.m_axi.floatP(float* %result_addr, i32 16)

]]></Node>
<StgValue><ssdm name="result_addr_rd_req"/></StgValue>
</operation>
</state>

<state id="19" st_id="19">

<operation id="108" st_id="19" stage="2" lat="7">
<core>m_axi</core>
<MemPortIdVec></MemPortIdVec>
<condition id="-1">
<or_exp><and_exp></and_exp></or_exp>
</condition>

<Node id="47" bw="1" op_0_bw="1" op_1_bw="32" op_2_bw="32">
<![CDATA[
.preheader4.preheader:9  %result_addr_rd_req = call i1 @_ssdm_op_ReadReq.m_axi.floatP(float* %result_addr, i32 16)

]]></Node>
<StgValue><ssdm name="result_addr_rd_req"/></StgValue>
</operation>
</state>

<state id="20" st_id="20">

<operation id="109" st_id="20" stage="1" lat="1">
<core>NULL</core>
<MemPortIdVec></MemPortIdVec>
<condition id="-1">
<or_exp><and_exp></and_exp></or_exp>
</condition>

<Node id="40" bw="8" op_0_bw="8" op_1_bw="4" op_2_bw="4">
<![CDATA[
.preheader4.preheader:2  %shl_ln = call i8 @_ssdm_op_BitConcatenate.i8.i4.i4(i4 %trunc_ln165, i4 0)

]]></Node>
<StgValue><ssdm name="shl_ln"/></StgValue>
</operation>

<operation id="110" st_id="20" stage="1" lat="7">
<core>m_axi</core>
<MemPortIdVec></MemPortIdVec>
<condition id="-1">
<or_exp><and_exp></and_exp></or_exp>
</condition>

<Node id="47" bw="1" op_0_bw="1" op_1_bw="32" op_2_bw="32">
<![CDATA[
.preheader4.preheader:9  %result_addr_rd_req = call i1 @_ssdm_op_ReadReq.m_axi.floatP(float* %result_addr, i32 16)

]]></Node>
<StgValue><ssdm name="result_addr_rd_req"/></StgValue>
</operation>

<operation id="111" st_id="20" stage="1" lat="1">
<core>NULL</core>
<MemPortIdVec></MemPortIdVec>
<condition id="-1">
<or_exp><and_exp></and_exp></or_exp>
</condition>

<Node id="48" bw="0" op_0_bw="0">
<![CDATA[
.preheader4.preheader:10  br label %.preheader4

]]></Node>
<StgValue><ssdm name="br_ln164"/></StgValue>
</operation>
</state>

<state id="21" st_id="21">

<operation id="112" st_id="21" stage="1" lat="1">
<core>NULL</core>
<MemPortIdVec></MemPortIdVec>
<condition id="-1">
<or_exp><and_exp></and_exp></or_exp>
</condition>

<Node id="50" bw="5" op_0_bw="5" op_1_bw="0" op_2_bw="5" op_3_bw="0">
<![CDATA[
.preheader4:0  %j_0 = phi i5 [ %j, %1 ], [ 0, %.preheader4.preheader ]

]]></Node>
<StgValue><ssdm name="j_0"/></StgValue>
</operation>

<operation id="113" st_id="21" stage="1" lat="1">
<core>NULL</core>
<MemPortIdVec></MemPortIdVec>
<condition id="-1">
<or_exp><and_exp></and_exp></or_exp>
</condition>

<Node id="51" bw="8" op_0_bw="5">
<![CDATA[
.preheader4:1  %zext_ln164 = zext i5 %j_0 to i8

]]></Node>
<StgValue><ssdm name="zext_ln164"/></StgValue>
</operation>

<operation id="114" st_id="21" stage="1" lat="1">
<core>Cmp</core>
<MemPortIdVec></MemPortIdVec>
<condition id="-1">
<or_exp><and_exp></and_exp></or_exp>
</condition>

<Node id="52" bw="1" op_0_bw="5" op_1_bw="5">
<![CDATA[
.preheader4:2  %icmp_ln164 = icmp eq i5 %j_0, -16

]]></Node>
<StgValue><ssdm name="icmp_ln164"/></StgValue>
</operation>

<operation id="115" st_id="21" stage="1" lat="1">
<core>NULL</core>
<MemPortIdVec></MemPortIdVec>
<condition id="-1">
<or_exp><and_exp></and_exp></or_exp>
</condition>

<Node id="53" bw="32" op_0_bw="32" op_1_bw="64" op_2_bw="64" op_3_bw="64">
<![CDATA[
.preheader4:3  %empty_32 = call i32 (...)* @_ssdm_op_SpecLoopTripCount(i64 16, i64 16, i64 16)

]]></Node>
<StgValue><ssdm name="empty_32"/></StgValue>
</operation>

<operation id="116" st_id="21" stage="1" lat="1">
<core>AddSub</core>
<MemPortIdVec></MemPortIdVec>
<condition id="-1">
<or_exp><and_exp></and_exp></or_exp>
</condition>

<Node id="54" bw="5" op_0_bw="5" op_1_bw="5">
<![CDATA[
.preheader4:4  %j = add i5 %j_0, 1

]]></Node>
<StgValue><ssdm name="j"/></StgValue>
</operation>

<operation id="117" st_id="21" stage="1" lat="1">
<core>NULL</core>
<MemPortIdVec></MemPortIdVec>
<condition id="-1">
<or_exp><and_exp></and_exp></or_exp>
</condition>

<Node id="55" bw="0" op_0_bw="1" op_1_bw="0" op_2_bw="0">
<![CDATA[
.preheader4:5  br i1 %icmp_ln164, label %.loopexit.loopexit, label %1

]]></Node>
<StgValue><ssdm name="br_ln164"/></StgValue>
</operation>

<operation id="118" st_id="21" stage="1" lat="1">
<core>m_axi</core>
<MemPortIdVec></MemPortIdVec>
<condition id="-1">
<or_exp><and_exp><literal name="icmp_ln164" val="0"/>
</and_exp></or_exp>
</condition>

<Node id="57" bw="32" op_0_bw="32" op_1_bw="32" op_2_bw="1">
<![CDATA[
:0  %result_addr_read = call float @_ssdm_op_Read.m_axi.floatP(float* %result_addr)

]]></Node>
<StgValue><ssdm name="result_addr_read"/></StgValue>
</operation>

<operation id="119" st_id="21" stage="1" lat="1">
<core>AddSub</core>
<MemPortIdVec></MemPortIdVec>
<condition id="-1">
<or_exp><and_exp><literal name="icmp_ln164" val="0"/>
</and_exp></or_exp>
</condition>

<Node id="58" bw="8" op_0_bw="8" op_1_bw="8">
<![CDATA[
:1  %add_ln165_3 = add i8 %zext_ln164, %shl_ln

]]></Node>
<StgValue><ssdm name="add_ln165_3"/></StgValue>
</operation>

<operation id="120" st_id="21" stage="1" lat="1">
<core>NULL</core>
<MemPortIdVec></MemPortIdVec>
<condition id="-1">
<or_exp><and_exp><literal name="icmp_ln164" val="1"/>
</and_exp></or_exp>
</condition>

<Node id="64" bw="0" op_0_bw="0">
<![CDATA[
.loopexit.loopexit:0  br label %.loopexit

]]></Node>
<StgValue><ssdm name="br_ln0"/></StgValue>
</operation>
</state>

<state id="22" st_id="22">

<operation id="121" st_id="22" stage="1" lat="1">
<core>NULL</core>
<MemPortIdVec></MemPortIdVec>
<condition id="-1">
<or_exp><and_exp></and_exp></or_exp>
</condition>

<Node id="59" bw="64" op_0_bw="8">
<![CDATA[
:2  %zext_ln165_1 = zext i8 %add_ln165_3 to i64

]]></Node>
<StgValue><ssdm name="zext_ln165_1"/></StgValue>
</operation>

<operation id="122" st_id="22" stage="1" lat="1">
<core>NULL</core>
<MemPortIdVec></MemPortIdVec>
<condition id="-1">
<or_exp><and_exp></and_exp></or_exp>
</condition>

<Node id="60" bw="8" op_0_bw="32" op_1_bw="64" op_2_bw="64">
<![CDATA[
:3  %top_addr = getelementptr [256 x float]* %top, i64 0, i64 %zext_ln165_1

]]></Node>
<StgValue><ssdm name="top_addr"/></StgValue>
</operation>

<operation id="123" st_id="22" stage="1" lat="1">
<core>RAM</core>
<MemPortIdVec></MemPortIdVec>
<condition id="-1">
<or_exp><and_exp></and_exp></or_exp>
</condition>

<Node id="61" bw="0" op_0_bw="32" op_1_bw="8">
<![CDATA[
:4  store float %result_addr_read, float* %top_addr, align 4

]]></Node>
<StgValue><ssdm name="store_ln165"/></StgValue>
</operation>

<operation id="124" st_id="22" stage="1" lat="1">
<core>NULL</core>
<MemPortIdVec></MemPortIdVec>
<condition id="-1">
<or_exp><and_exp></and_exp></or_exp>
</condition>

<Node id="62" bw="0" op_0_bw="0">
<![CDATA[
:5  br label %.preheader4

]]></Node>
<StgValue><ssdm name="br_ln164"/></StgValue>
</operation>
</state>

<state id="23" st_id="23">

<operation id="125" st_id="23" stage="1" lat="1">
<core>NULL</core>
<MemPortIdVec></MemPortIdVec>
<condition id="-1">
<or_exp><and_exp></and_exp></or_exp>
</condition>

<Node id="70" bw="5" op_0_bw="5" op_1_bw="0" op_2_bw="5" op_3_bw="0">
<![CDATA[
.preheader3:0  %i_1 = phi i5 [ 0, %.preheader3.preheader ], [ %i_6, %.preheader3.loopexit ]

]]></Node>
<StgValue><ssdm name="i_1"/></StgValue>
</operation>

<operation id="126" st_id="23" stage="1" lat="1">
<core>Cmp</core>
<MemPortIdVec></MemPortIdVec>
<condition id="-1">
<or_exp><and_exp></and_exp></or_exp>
</condition>

<Node id="71" bw="1" op_0_bw="5" op_1_bw="5">
<![CDATA[
.preheader3:1  %icmp_ln168 = icmp eq i5 %i_1, -16

]]></Node>
<StgValue><ssdm name="icmp_ln168"/></StgValue>
</operation>

<operation id="127" st_id="23" stage="1" lat="1">
<core>NULL</core>
<MemPortIdVec></MemPortIdVec>
<condition id="-1">
<or_exp><and_exp></and_exp></or_exp>
</condition>

<Node id="72" bw="32" op_0_bw="32" op_1_bw="64" op_2_bw="64" op_3_bw="64">
<![CDATA[
.preheader3:2  %empty_33 = call i32 (...)* @_ssdm_op_SpecLoopTripCount(i64 16, i64 16, i64 16)

]]></Node>
<StgValue><ssdm name="empty_33"/></StgValue>
</operation>

<operation id="128" st_id="23" stage="1" lat="1">
<core>AddSub</core>
<MemPortIdVec></MemPortIdVec>
<condition id="-1">
<or_exp><and_exp></and_exp></or_exp>
</condition>

<Node id="73" bw="5" op_0_bw="5" op_1_bw="5">
<![CDATA[
.preheader3:3  %i_6 = add i5 %i_1, 1

]]></Node>
<StgValue><ssdm name="i_6"/></StgValue>
</operation>

<operation id="129" st_id="23" stage="1" lat="1">
<core>NULL</core>
<MemPortIdVec></MemPortIdVec>
<condition id="-1">
<or_exp><and_exp></and_exp></or_exp>
</condition>

<Node id="74" bw="0" op_0_bw="1" op_1_bw="0" op_2_bw="0">
<![CDATA[
.preheader3:4  br i1 %icmp_ln168, label %.preheader1.preheader, label %.preheader2.preheader

]]></Node>
<StgValue><ssdm name="br_ln168"/></StgValue>
</operation>

<operation id="130" st_id="23" stage="1" lat="1">
<core>NULL</core>
<MemPortIdVec></MemPortIdVec>
<condition id="-1">
<or_exp><and_exp><literal name="icmp_ln168" val="0"/>
</and_exp></or_exp>
</condition>

<Node id="76" bw="13" op_0_bw="5">
<![CDATA[
.preheader2.preheader:0  %zext_ln170 = zext i5 %i_1 to i13

]]></Node>
<StgValue><ssdm name="zext_ln170"/></StgValue>
</operation>

<operation id="131" st_id="23" stage="1" lat="1">
<core>AddSub</core>
<MemPortIdVec></MemPortIdVec>
<condition id="-1">
<or_exp><and_exp><literal name="icmp_ln168" val="0"/>
</and_exp></or_exp>
</condition>

<Node id="77" bw="13" op_0_bw="13" op_1_bw="13">
<![CDATA[
.preheader2.preheader:1  %add_ln170_2 = add i13 %add_ln170, %zext_ln170

]]></Node>
<StgValue><ssdm name="add_ln170_2"/></StgValue>
</operation>

<operation id="132" st_id="23" stage="1" lat="1">
<core>NULL</core>
<MemPortIdVec></MemPortIdVec>
<condition id="-1">
<or_exp><and_exp><literal name="icmp_ln168" val="0"/>
</and_exp></or_exp>
</condition>

<Node id="78" bw="4" op_0_bw="5">
<![CDATA[
.preheader2.preheader:2  %trunc_ln170 = trunc i5 %i_1 to i4

]]></Node>
<StgValue><ssdm name="trunc_ln170"/></StgValue>
</operation>

<operation id="133" st_id="23" stage="1" lat="1">
<core>NULL</core>
<MemPortIdVec></MemPortIdVec>
<condition id="-1">
<or_exp><and_exp><literal name="icmp_ln168" val="0"/>
</and_exp></or_exp>
</condition>

<Node id="80" bw="21" op_0_bw="21" op_1_bw="13" op_2_bw="8">
<![CDATA[
.preheader2.preheader:4  %tmp_1 = call i21 @_ssdm_op_BitConcatenate.i21.i13.i8(i13 %add_ln170_2, i8 %offset_read)

]]></Node>
<StgValue><ssdm name="tmp_1"/></StgValue>
</operation>

<operation id="134" st_id="23" stage="1" lat="1">
<core>NULL</core>
<MemPortIdVec></MemPortIdVec>
<condition id="-1">
<or_exp><and_exp><literal name="icmp_ln168" val="0"/>
</and_exp></or_exp>
</condition>

<Node id="81" bw="32" op_0_bw="21">
<![CDATA[
.preheader2.preheader:5  %zext_ln170_2 = zext i21 %tmp_1 to i32

]]></Node>
<StgValue><ssdm name="zext_ln170_2"/></StgValue>
</operation>

<operation id="135" st_id="23" stage="1" lat="1">
<core>AddSub</core>
<MemPortIdVec></MemPortIdVec>
<condition id="-1">
<or_exp><and_exp><literal name="icmp_ln168" val="0"/>
</and_exp></or_exp>
</condition>

<Node id="82" bw="32" op_0_bw="32" op_1_bw="32">
<![CDATA[
.preheader2.preheader:6  %add_ln170_4 = add i32 %result_offset_cast, %zext_ln170_2

]]></Node>
<StgValue><ssdm name="add_ln170_4"/></StgValue>
</operation>

<operation id="136" st_id="23" stage="1" lat="1">
<core>NULL</core>
<MemPortIdVec></MemPortIdVec>
<condition id="-1">
<or_exp><and_exp><literal name="icmp_ln168" val="1"/>
</and_exp></or_exp>
</condition>

<Node id="104" bw="0" op_0_bw="0">
<![CDATA[
.preheader1.preheader:0  br label %.preheader1

]]></Node>
<StgValue><ssdm name="br_ln174"/></StgValue>
</operation>
</state>

<state id="24" st_id="24">

<operation id="137" st_id="24" stage="1" lat="1">
<core>NULL</core>
<MemPortIdVec></MemPortIdVec>
<condition id="-1">
<or_exp><and_exp></and_exp></or_exp>
</condition>

<Node id="83" bw="64" op_0_bw="32">
<![CDATA[
.preheader2.preheader:7  %zext_ln170_3 = zext i32 %add_ln170_4 to i64

]]></Node>
<StgValue><ssdm name="zext_ln170_3"/></StgValue>
</operation>

<operation id="138" st_id="24" stage="1" lat="1">
<core>NULL</core>
<MemPortIdVec></MemPortIdVec>
<condition id="-1">
<or_exp><and_exp></and_exp></or_exp>
</condition>

<Node id="84" bw="32" op_0_bw="32" op_1_bw="64">
<![CDATA[
.preheader2.preheader:8  %result_addr_3 = getelementptr float* %result, i64 %zext_ln170_3

]]></Node>
<StgValue><ssdm name="result_addr_3"/></StgValue>
</operation>

<operation id="139" st_id="24" stage="7" lat="7">
<core>m_axi</core>
<MemPortIdVec></MemPortIdVec>
<condition id="-1">
<or_exp><and_exp></and_exp></or_exp>
</condition>

<Node id="85" bw="1" op_0_bw="1" op_1_bw="32" op_2_bw="32">
<![CDATA[
.preheader2.preheader:9  %result_addr_6_rd_req = call i1 @_ssdm_op_ReadReq.m_axi.floatP(float* %result_addr_3, i32 16)

]]></Node>
<StgValue><ssdm name="result_addr_6_rd_req"/></StgValue>
</operation>
</state>

<state id="25" st_id="25">

<operation id="140" st_id="25" stage="6" lat="7">
<core>m_axi</core>
<MemPortIdVec></MemPortIdVec>
<condition id="-1">
<or_exp><and_exp></and_exp></or_exp>
</condition>

<Node id="85" bw="1" op_0_bw="1" op_1_bw="32" op_2_bw="32">
<![CDATA[
.preheader2.preheader:9  %result_addr_6_rd_req = call i1 @_ssdm_op_ReadReq.m_axi.floatP(float* %result_addr_3, i32 16)

]]></Node>
<StgValue><ssdm name="result_addr_6_rd_req"/></StgValue>
</operation>
</state>

<state id="26" st_id="26">

<operation id="141" st_id="26" stage="5" lat="7">
<core>m_axi</core>
<MemPortIdVec></MemPortIdVec>
<condition id="-1">
<or_exp><and_exp></and_exp></or_exp>
</condition>

<Node id="85" bw="1" op_0_bw="1" op_1_bw="32" op_2_bw="32">
<![CDATA[
.preheader2.preheader:9  %result_addr_6_rd_req = call i1 @_ssdm_op_ReadReq.m_axi.floatP(float* %result_addr_3, i32 16)

]]></Node>
<StgValue><ssdm name="result_addr_6_rd_req"/></StgValue>
</operation>
</state>

<state id="27" st_id="27">

<operation id="142" st_id="27" stage="4" lat="7">
<core>m_axi</core>
<MemPortIdVec></MemPortIdVec>
<condition id="-1">
<or_exp><and_exp></and_exp></or_exp>
</condition>

<Node id="85" bw="1" op_0_bw="1" op_1_bw="32" op_2_bw="32">
<![CDATA[
.preheader2.preheader:9  %result_addr_6_rd_req = call i1 @_ssdm_op_ReadReq.m_axi.floatP(float* %result_addr_3, i32 16)

]]></Node>
<StgValue><ssdm name="result_addr_6_rd_req"/></StgValue>
</operation>
</state>

<state id="28" st_id="28">

<operation id="143" st_id="28" stage="3" lat="7">
<core>m_axi</core>
<MemPortIdVec></MemPortIdVec>
<condition id="-1">
<or_exp><and_exp></and_exp></or_exp>
</condition>

<Node id="85" bw="1" op_0_bw="1" op_1_bw="32" op_2_bw="32">
<![CDATA[
.preheader2.preheader:9  %result_addr_6_rd_req = call i1 @_ssdm_op_ReadReq.m_axi.floatP(float* %result_addr_3, i32 16)

]]></Node>
<StgValue><ssdm name="result_addr_6_rd_req"/></StgValue>
</operation>
</state>

<state id="29" st_id="29">

<operation id="144" st_id="29" stage="2" lat="7">
<core>m_axi</core>
<MemPortIdVec></MemPortIdVec>
<condition id="-1">
<or_exp><and_exp></and_exp></or_exp>
</condition>

<Node id="85" bw="1" op_0_bw="1" op_1_bw="32" op_2_bw="32">
<![CDATA[
.preheader2.preheader:9  %result_addr_6_rd_req = call i1 @_ssdm_op_ReadReq.m_axi.floatP(float* %result_addr_3, i32 16)

]]></Node>
<StgValue><ssdm name="result_addr_6_rd_req"/></StgValue>
</operation>
</state>

<state id="30" st_id="30">

<operation id="145" st_id="30" stage="1" lat="1">
<core>NULL</core>
<MemPortIdVec></MemPortIdVec>
<condition id="-1">
<or_exp><and_exp></and_exp></or_exp>
</condition>

<Node id="79" bw="8" op_0_bw="8" op_1_bw="4" op_2_bw="4">
<![CDATA[
.preheader2.preheader:3  %shl_ln1 = call i8 @_ssdm_op_BitConcatenate.i8.i4.i4(i4 %trunc_ln170, i4 0)

]]></Node>
<StgValue><ssdm name="shl_ln1"/></StgValue>
</operation>

<operation id="146" st_id="30" stage="1" lat="7">
<core>m_axi</core>
<MemPortIdVec></MemPortIdVec>
<condition id="-1">
<or_exp><and_exp></and_exp></or_exp>
</condition>

<Node id="85" bw="1" op_0_bw="1" op_1_bw="32" op_2_bw="32">
<![CDATA[
.preheader2.preheader:9  %result_addr_6_rd_req = call i1 @_ssdm_op_ReadReq.m_axi.floatP(float* %result_addr_3, i32 16)

]]></Node>
<StgValue><ssdm name="result_addr_6_rd_req"/></StgValue>
</operation>

<operation id="147" st_id="30" stage="1" lat="1">
<core>NULL</core>
<MemPortIdVec></MemPortIdVec>
<condition id="-1">
<or_exp><and_exp></and_exp></or_exp>
</condition>

<Node id="86" bw="0" op_0_bw="0">
<![CDATA[
.preheader2.preheader:10  br label %.preheader2

]]></Node>
<StgValue><ssdm name="br_ln169"/></StgValue>
</operation>
</state>

<state id="31" st_id="31">

<operation id="148" st_id="31" stage="1" lat="1">
<core>NULL</core>
<MemPortIdVec></MemPortIdVec>
<condition id="-1">
<or_exp><and_exp></and_exp></or_exp>
</condition>

<Node id="88" bw="5" op_0_bw="5" op_1_bw="0" op_2_bw="5" op_3_bw="0">
<![CDATA[
.preheader2:0  %j_1 = phi i5 [ %j_8, %2 ], [ 0, %.preheader2.preheader ]

]]></Node>
<StgValue><ssdm name="j_1"/></StgValue>
</operation>

<operation id="149" st_id="31" stage="1" lat="1">
<core>NULL</core>
<MemPortIdVec></MemPortIdVec>
<condition id="-1">
<or_exp><and_exp></and_exp></or_exp>
</condition>

<Node id="89" bw="8" op_0_bw="5">
<![CDATA[
.preheader2:1  %zext_ln169 = zext i5 %j_1 to i8

]]></Node>
<StgValue><ssdm name="zext_ln169"/></StgValue>
</operation>

<operation id="150" st_id="31" stage="1" lat="1">
<core>Cmp</core>
<MemPortIdVec></MemPortIdVec>
<condition id="-1">
<or_exp><and_exp></and_exp></or_exp>
</condition>

<Node id="90" bw="1" op_0_bw="5" op_1_bw="5">
<![CDATA[
.preheader2:2  %icmp_ln169 = icmp eq i5 %j_1, -16

]]></Node>
<StgValue><ssdm name="icmp_ln169"/></StgValue>
</operation>

<operation id="151" st_id="31" stage="1" lat="1">
<core>NULL</core>
<MemPortIdVec></MemPortIdVec>
<condition id="-1">
<or_exp><and_exp></and_exp></or_exp>
</condition>

<Node id="91" bw="32" op_0_bw="32" op_1_bw="64" op_2_bw="64" op_3_bw="64">
<![CDATA[
.preheader2:3  %empty_34 = call i32 (...)* @_ssdm_op_SpecLoopTripCount(i64 16, i64 16, i64 16)

]]></Node>
<StgValue><ssdm name="empty_34"/></StgValue>
</operation>

<operation id="152" st_id="31" stage="1" lat="1">
<core>AddSub</core>
<MemPortIdVec></MemPortIdVec>
<condition id="-1">
<or_exp><and_exp></and_exp></or_exp>
</condition>

<Node id="92" bw="5" op_0_bw="5" op_1_bw="5">
<![CDATA[
.preheader2:4  %j_8 = add i5 %j_1, 1

]]></Node>
<StgValue><ssdm name="j_8"/></StgValue>
</operation>

<operation id="153" st_id="31" stage="1" lat="1">
<core>NULL</core>
<MemPortIdVec></MemPortIdVec>
<condition id="-1">
<or_exp><and_exp></and_exp></or_exp>
</condition>

<Node id="93" bw="0" op_0_bw="1" op_1_bw="0" op_2_bw="0">
<![CDATA[
.preheader2:5  br i1 %icmp_ln169, label %.preheader3.loopexit, label %2

]]></Node>
<StgValue><ssdm name="br_ln169"/></StgValue>
</operation>

<operation id="154" st_id="31" stage="1" lat="1">
<core>m_axi</core>
<MemPortIdVec></MemPortIdVec>
<condition id="-1">
<or_exp><and_exp><literal name="icmp_ln169" val="0"/>
</and_exp></or_exp>
</condition>

<Node id="95" bw="32" op_0_bw="32" op_1_bw="32" op_2_bw="1">
<![CDATA[
:0  %result_addr_3_read = call float @_ssdm_op_Read.m_axi.floatP(float* %result_addr_3)

]]></Node>
<StgValue><ssdm name="result_addr_3_read"/></StgValue>
</operation>

<operation id="155" st_id="31" stage="1" lat="1">
<core>AddSub</core>
<MemPortIdVec></MemPortIdVec>
<condition id="-1">
<or_exp><and_exp><literal name="icmp_ln169" val="0"/>
</and_exp></or_exp>
</condition>

<Node id="96" bw="8" op_0_bw="8" op_1_bw="8">
<![CDATA[
:1  %add_ln170_3 = add i8 %zext_ln169, %shl_ln1

]]></Node>
<StgValue><ssdm name="add_ln170_3"/></StgValue>
</operation>

<operation id="156" st_id="31" stage="1" lat="1">
<core>NULL</core>
<MemPortIdVec></MemPortIdVec>
<condition id="-1">
<or_exp><and_exp><literal name="icmp_ln169" val="1"/>
</and_exp></or_exp>
</condition>

<Node id="102" bw="0" op_0_bw="0">
<![CDATA[
.preheader3.loopexit:0  br label %.preheader3

]]></Node>
<StgValue><ssdm name="br_ln0"/></StgValue>
</operation>
</state>

<state id="32" st_id="32">

<operation id="157" st_id="32" stage="1" lat="1">
<core>NULL</core>
<MemPortIdVec></MemPortIdVec>
<condition id="-1">
<or_exp><and_exp></and_exp></or_exp>
</condition>

<Node id="97" bw="64" op_0_bw="8">
<![CDATA[
:2  %zext_ln170_1 = zext i8 %add_ln170_3 to i64

]]></Node>
<StgValue><ssdm name="zext_ln170_1"/></StgValue>
</operation>

<operation id="158" st_id="32" stage="1" lat="1">
<core>NULL</core>
<MemPortIdVec></MemPortIdVec>
<condition id="-1">
<or_exp><and_exp></and_exp></or_exp>
</condition>

<Node id="98" bw="8" op_0_bw="32" op_1_bw="64" op_2_bw="64">
<![CDATA[
:3  %left_addr = getelementptr [256 x float]* %left_r, i64 0, i64 %zext_ln170_1

]]></Node>
<StgValue><ssdm name="left_addr"/></StgValue>
</operation>

<operation id="159" st_id="32" stage="1" lat="1">
<core>RAM</core>
<MemPortIdVec></MemPortIdVec>
<condition id="-1">
<or_exp><and_exp></and_exp></or_exp>
</condition>

<Node id="99" bw="0" op_0_bw="32" op_1_bw="8">
<![CDATA[
:4  store float %result_addr_3_read, float* %left_addr, align 4

]]></Node>
<StgValue><ssdm name="store_ln170"/></StgValue>
</operation>

<operation id="160" st_id="32" stage="1" lat="1">
<core>NULL</core>
<MemPortIdVec></MemPortIdVec>
<condition id="-1">
<or_exp><and_exp></and_exp></or_exp>
</condition>

<Node id="100" bw="0" op_0_bw="0">
<![CDATA[
:5  br label %.preheader2

]]></Node>
<StgValue><ssdm name="br_ln169"/></StgValue>
</operation>
</state>

<state id="33" st_id="33">

<operation id="161" st_id="33" stage="1" lat="1">
<core>NULL</core>
<MemPortIdVec></MemPortIdVec>
<condition id="-1">
<or_exp><and_exp></and_exp></or_exp>
</condition>

<Node id="106" bw="5" op_0_bw="5" op_1_bw="0" op_2_bw="5" op_3_bw="0">
<![CDATA[
.preheader1:0  %i_2 = phi i5 [ %i_7, %.preheader1.loopexit ], [ 0, %.preheader1.preheader ]

]]></Node>
<StgValue><ssdm name="i_2"/></StgValue>
</operation>

<operation id="162" st_id="33" stage="1" lat="1">
<core>Cmp</core>
<MemPortIdVec></MemPortIdVec>
<condition id="-1">
<or_exp><and_exp></and_exp></or_exp>
</condition>

<Node id="107" bw="1" op_0_bw="5" op_1_bw="5">
<![CDATA[
.preheader1:1  %icmp_ln174 = icmp eq i5 %i_2, -16

]]></Node>
<StgValue><ssdm name="icmp_ln174"/></StgValue>
</operation>

<operation id="163" st_id="33" stage="1" lat="1">
<core>NULL</core>
<MemPortIdVec></MemPortIdVec>
<condition id="-1">
<or_exp><and_exp></and_exp></or_exp>
</condition>

<Node id="108" bw="32" op_0_bw="32" op_1_bw="64" op_2_bw="64" op_3_bw="64">
<![CDATA[
.preheader1:2  %empty_35 = call i32 (...)* @_ssdm_op_SpecLoopTripCount(i64 16, i64 16, i64 16)

]]></Node>
<StgValue><ssdm name="empty_35"/></StgValue>
</operation>

<operation id="164" st_id="33" stage="1" lat="1">
<core>AddSub</core>
<MemPortIdVec></MemPortIdVec>
<condition id="-1">
<or_exp><and_exp></and_exp></or_exp>
</condition>

<Node id="109" bw="5" op_0_bw="5" op_1_bw="5">
<![CDATA[
.preheader1:3  %i_7 = add i5 %i_2, 1

]]></Node>
<StgValue><ssdm name="i_7"/></StgValue>
</operation>

<operation id="165" st_id="33" stage="1" lat="1">
<core>NULL</core>
<MemPortIdVec></MemPortIdVec>
<condition id="-1">
<or_exp><and_exp></and_exp></or_exp>
</condition>

<Node id="110" bw="0" op_0_bw="1" op_1_bw="0" op_2_bw="0">
<![CDATA[
.preheader1:4  br i1 %icmp_ln174, label %4, label %.preheader.preheader

]]></Node>
<StgValue><ssdm name="br_ln174"/></StgValue>
</operation>

<operation id="166" st_id="33" stage="1" lat="1">
<core>NULL</core>
<MemPortIdVec></MemPortIdVec>
<condition id="-1">
<or_exp><and_exp><literal name="icmp_ln174" val="0"/>
</and_exp></or_exp>
</condition>

<Node id="112" bw="13" op_0_bw="5">
<![CDATA[
.preheader.preheader:0  %zext_ln176 = zext i5 %i_2 to i13

]]></Node>
<StgValue><ssdm name="zext_ln176"/></StgValue>
</operation>

<operation id="167" st_id="33" stage="1" lat="1">
<core>AddSub</core>
<MemPortIdVec></MemPortIdVec>
<condition id="-1">
<or_exp><and_exp><literal name="icmp_ln174" val="0"/>
</and_exp></or_exp>
</condition>

<Node id="113" bw="13" op_0_bw="13" op_1_bw="13">
<![CDATA[
.preheader.preheader:1  %add_ln176 = add i13 %add_ln170, %zext_ln176

]]></Node>
<StgValue><ssdm name="add_ln176"/></StgValue>
</operation>

<operation id="168" st_id="33" stage="1" lat="1">
<core>NULL</core>
<MemPortIdVec></MemPortIdVec>
<condition id="-1">
<or_exp><and_exp><literal name="icmp_ln174" val="0"/>
</and_exp></or_exp>
</condition>

<Node id="114" bw="4" op_0_bw="5">
<![CDATA[
.preheader.preheader:2  %trunc_ln176 = trunc i5 %i_2 to i4

]]></Node>
<StgValue><ssdm name="trunc_ln176"/></StgValue>
</operation>

<operation id="169" st_id="33" stage="1" lat="1">
<core>NULL</core>
<MemPortIdVec></MemPortIdVec>
<condition id="-1">
<or_exp><and_exp><literal name="icmp_ln174" val="0"/>
</and_exp></or_exp>
</condition>

<Node id="116" bw="21" op_0_bw="21" op_1_bw="13" op_2_bw="8">
<![CDATA[
.preheader.preheader:4  %tmp_2 = call i21 @_ssdm_op_BitConcatenate.i21.i13.i8(i13 %add_ln176, i8 0)

]]></Node>
<StgValue><ssdm name="tmp_2"/></StgValue>
</operation>

<operation id="170" st_id="33" stage="1" lat="1">
<core>NULL</core>
<MemPortIdVec></MemPortIdVec>
<condition id="-1">
<or_exp><and_exp><literal name="icmp_ln174" val="0"/>
</and_exp></or_exp>
</condition>

<Node id="117" bw="23" op_0_bw="21">
<![CDATA[
.preheader.preheader:5  %zext_ln176_2 = zext i21 %tmp_2 to i23

]]></Node>
<StgValue><ssdm name="zext_ln176_2"/></StgValue>
</operation>

<operation id="171" st_id="33" stage="1" lat="1">
<core>AddSub</core>
<MemPortIdVec></MemPortIdVec>
<condition id="-1">
<or_exp><and_exp><literal name="icmp_ln174" val="0"/>
</and_exp></or_exp>
</condition>

<Node id="118" bw="23" op_0_bw="23" op_1_bw="23">
<![CDATA[
.preheader.preheader:6  %add_ln176_1 = add i23 %zext_ln176_2, %zext_ln161_4

]]></Node>
<StgValue><ssdm name="add_ln176_1"/></StgValue>
</operation>

<operation id="172" st_id="33" stage="1" lat="1">
<core>NULL</core>
<MemPortIdVec></MemPortIdVec>
<condition id="-1">
<or_exp><and_exp><literal name="icmp_ln174" val="0"/>
</and_exp></or_exp>
</condition>

<Node id="119" bw="32" op_0_bw="23">
<![CDATA[
.preheader.preheader:7  %zext_ln176_3 = zext i23 %add_ln176_1 to i32

]]></Node>
<StgValue><ssdm name="zext_ln176_3"/></StgValue>
</operation>

<operation id="173" st_id="33" stage="1" lat="1">
<core>AddSub</core>
<MemPortIdVec></MemPortIdVec>
<condition id="-1">
<or_exp><and_exp><literal name="icmp_ln174" val="0"/>
</and_exp></or_exp>
</condition>

<Node id="120" bw="32" op_0_bw="32" op_1_bw="32">
<![CDATA[
.preheader.preheader:8  %add_ln176_2 = add i32 %result_offset_cast, %zext_ln176_3

]]></Node>
<StgValue><ssdm name="add_ln176_2"/></StgValue>
</operation>

<operation id="174" st_id="33" stage="1" lat="1">
<core>NULL</core>
<MemPortIdVec></MemPortIdVec>
<condition id="-1">
<or_exp><and_exp><literal name="icmp_ln174" val="1"/>
</and_exp></or_exp>
</condition>

<Node id="142" bw="0">
<![CDATA[
:0  ret void

]]></Node>
<StgValue><ssdm name="ret_ln179"/></StgValue>
</operation>
</state>

<state id="34" st_id="34">

<operation id="175" st_id="34" stage="1" lat="1">
<core>NULL</core>
<MemPortIdVec></MemPortIdVec>
<condition id="-1">
<or_exp><and_exp></and_exp></or_exp>
</condition>

<Node id="121" bw="64" op_0_bw="32">
<![CDATA[
.preheader.preheader:9  %zext_ln176_4 = zext i32 %add_ln176_2 to i64

]]></Node>
<StgValue><ssdm name="zext_ln176_4"/></StgValue>
</operation>

<operation id="176" st_id="34" stage="1" lat="1">
<core>NULL</core>
<MemPortIdVec></MemPortIdVec>
<condition id="-1">
<or_exp><and_exp></and_exp></or_exp>
</condition>

<Node id="122" bw="32" op_0_bw="32" op_1_bw="64">
<![CDATA[
.preheader.preheader:10  %result_addr_4 = getelementptr float* %result, i64 %zext_ln176_4

]]></Node>
<StgValue><ssdm name="result_addr_4"/></StgValue>
</operation>

<operation id="177" st_id="34" stage="7" lat="7">
<core>m_axi</core>
<MemPortIdVec></MemPortIdVec>
<condition id="-1">
<or_exp><and_exp></and_exp></or_exp>
</condition>

<Node id="123" bw="1" op_0_bw="1" op_1_bw="32" op_2_bw="32">
<![CDATA[
.preheader.preheader:11  %result_addr_8_rd_req = call i1 @_ssdm_op_ReadReq.m_axi.floatP(float* %result_addr_4, i32 16)

]]></Node>
<StgValue><ssdm name="result_addr_8_rd_req"/></StgValue>
</operation>
</state>

<state id="35" st_id="35">

<operation id="178" st_id="35" stage="6" lat="7">
<core>m_axi</core>
<MemPortIdVec></MemPortIdVec>
<condition id="-1">
<or_exp><and_exp></and_exp></or_exp>
</condition>

<Node id="123" bw="1" op_0_bw="1" op_1_bw="32" op_2_bw="32">
<![CDATA[
.preheader.preheader:11  %result_addr_8_rd_req = call i1 @_ssdm_op_ReadReq.m_axi.floatP(float* %result_addr_4, i32 16)

]]></Node>
<StgValue><ssdm name="result_addr_8_rd_req"/></StgValue>
</operation>
</state>

<state id="36" st_id="36">

<operation id="179" st_id="36" stage="5" lat="7">
<core>m_axi</core>
<MemPortIdVec></MemPortIdVec>
<condition id="-1">
<or_exp><and_exp></and_exp></or_exp>
</condition>

<Node id="123" bw="1" op_0_bw="1" op_1_bw="32" op_2_bw="32">
<![CDATA[
.preheader.preheader:11  %result_addr_8_rd_req = call i1 @_ssdm_op_ReadReq.m_axi.floatP(float* %result_addr_4, i32 16)

]]></Node>
<StgValue><ssdm name="result_addr_8_rd_req"/></StgValue>
</operation>
</state>

<state id="37" st_id="37">

<operation id="180" st_id="37" stage="4" lat="7">
<core>m_axi</core>
<MemPortIdVec></MemPortIdVec>
<condition id="-1">
<or_exp><and_exp></and_exp></or_exp>
</condition>

<Node id="123" bw="1" op_0_bw="1" op_1_bw="32" op_2_bw="32">
<![CDATA[
.preheader.preheader:11  %result_addr_8_rd_req = call i1 @_ssdm_op_ReadReq.m_axi.floatP(float* %result_addr_4, i32 16)

]]></Node>
<StgValue><ssdm name="result_addr_8_rd_req"/></StgValue>
</operation>
</state>

<state id="38" st_id="38">

<operation id="181" st_id="38" stage="3" lat="7">
<core>m_axi</core>
<MemPortIdVec></MemPortIdVec>
<condition id="-1">
<or_exp><and_exp></and_exp></or_exp>
</condition>

<Node id="123" bw="1" op_0_bw="1" op_1_bw="32" op_2_bw="32">
<![CDATA[
.preheader.preheader:11  %result_addr_8_rd_req = call i1 @_ssdm_op_ReadReq.m_axi.floatP(float* %result_addr_4, i32 16)

]]></Node>
<StgValue><ssdm name="result_addr_8_rd_req"/></StgValue>
</operation>
</state>

<state id="39" st_id="39">

<operation id="182" st_id="39" stage="2" lat="7">
<core>m_axi</core>
<MemPortIdVec></MemPortIdVec>
<condition id="-1">
<or_exp><and_exp></and_exp></or_exp>
</condition>

<Node id="123" bw="1" op_0_bw="1" op_1_bw="32" op_2_bw="32">
<![CDATA[
.preheader.preheader:11  %result_addr_8_rd_req = call i1 @_ssdm_op_ReadReq.m_axi.floatP(float* %result_addr_4, i32 16)

]]></Node>
<StgValue><ssdm name="result_addr_8_rd_req"/></StgValue>
</operation>
</state>

<state id="40" st_id="40">

<operation id="183" st_id="40" stage="1" lat="1">
<core>NULL</core>
<MemPortIdVec></MemPortIdVec>
<condition id="-1">
<or_exp><and_exp></and_exp></or_exp>
</condition>

<Node id="115" bw="8" op_0_bw="8" op_1_bw="4" op_2_bw="4">
<![CDATA[
.preheader.preheader:3  %shl_ln2 = call i8 @_ssdm_op_BitConcatenate.i8.i4.i4(i4 %trunc_ln176, i4 0)

]]></Node>
<StgValue><ssdm name="shl_ln2"/></StgValue>
</operation>

<operation id="184" st_id="40" stage="1" lat="7">
<core>m_axi</core>
<MemPortIdVec></MemPortIdVec>
<condition id="-1">
<or_exp><and_exp></and_exp></or_exp>
</condition>

<Node id="123" bw="1" op_0_bw="1" op_1_bw="32" op_2_bw="32">
<![CDATA[
.preheader.preheader:11  %result_addr_8_rd_req = call i1 @_ssdm_op_ReadReq.m_axi.floatP(float* %result_addr_4, i32 16)

]]></Node>
<StgValue><ssdm name="result_addr_8_rd_req"/></StgValue>
</operation>

<operation id="185" st_id="40" stage="1" lat="1">
<core>NULL</core>
<MemPortIdVec></MemPortIdVec>
<condition id="-1">
<or_exp><and_exp></and_exp></or_exp>
</condition>

<Node id="124" bw="0" op_0_bw="0">
<![CDATA[
.preheader.preheader:12  br label %.preheader

]]></Node>
<StgValue><ssdm name="br_ln175"/></StgValue>
</operation>
</state>

<state id="41" st_id="41">

<operation id="186" st_id="41" stage="1" lat="1">
<core>NULL</core>
<MemPortIdVec></MemPortIdVec>
<condition id="-1">
<or_exp><and_exp></and_exp></or_exp>
</condition>

<Node id="126" bw="5" op_0_bw="5" op_1_bw="0" op_2_bw="5" op_3_bw="0">
<![CDATA[
.preheader:0  %j_2 = phi i5 [ %j_9, %3 ], [ 0, %.preheader.preheader ]

]]></Node>
<StgValue><ssdm name="j_2"/></StgValue>
</operation>

<operation id="187" st_id="41" stage="1" lat="1">
<core>NULL</core>
<MemPortIdVec></MemPortIdVec>
<condition id="-1">
<or_exp><and_exp></and_exp></or_exp>
</condition>

<Node id="127" bw="8" op_0_bw="5">
<![CDATA[
.preheader:1  %zext_ln175 = zext i5 %j_2 to i8

]]></Node>
<StgValue><ssdm name="zext_ln175"/></StgValue>
</operation>

<operation id="188" st_id="41" stage="1" lat="1">
<core>Cmp</core>
<MemPortIdVec></MemPortIdVec>
<condition id="-1">
<or_exp><and_exp></and_exp></or_exp>
</condition>

<Node id="128" bw="1" op_0_bw="5" op_1_bw="5">
<![CDATA[
.preheader:2  %icmp_ln175 = icmp eq i5 %j_2, -16

]]></Node>
<StgValue><ssdm name="icmp_ln175"/></StgValue>
</operation>

<operation id="189" st_id="41" stage="1" lat="1">
<core>NULL</core>
<MemPortIdVec></MemPortIdVec>
<condition id="-1">
<or_exp><and_exp></and_exp></or_exp>
</condition>

<Node id="129" bw="32" op_0_bw="32" op_1_bw="64" op_2_bw="64" op_3_bw="64">
<![CDATA[
.preheader:3  %empty_36 = call i32 (...)* @_ssdm_op_SpecLoopTripCount(i64 16, i64 16, i64 16)

]]></Node>
<StgValue><ssdm name="empty_36"/></StgValue>
</operation>

<operation id="190" st_id="41" stage="1" lat="1">
<core>AddSub</core>
<MemPortIdVec></MemPortIdVec>
<condition id="-1">
<or_exp><and_exp></and_exp></or_exp>
</condition>

<Node id="130" bw="5" op_0_bw="5" op_1_bw="5">
<![CDATA[
.preheader:4  %j_9 = add i5 %j_2, 1

]]></Node>
<StgValue><ssdm name="j_9"/></StgValue>
</operation>

<operation id="191" st_id="41" stage="1" lat="1">
<core>NULL</core>
<MemPortIdVec></MemPortIdVec>
<condition id="-1">
<or_exp><and_exp></and_exp></or_exp>
</condition>

<Node id="131" bw="0" op_0_bw="1" op_1_bw="0" op_2_bw="0">
<![CDATA[
.preheader:5  br i1 %icmp_ln175, label %.preheader1.loopexit, label %3

]]></Node>
<StgValue><ssdm name="br_ln175"/></StgValue>
</operation>

<operation id="192" st_id="41" stage="1" lat="1">
<core>m_axi</core>
<MemPortIdVec></MemPortIdVec>
<condition id="-1">
<or_exp><and_exp><literal name="icmp_ln175" val="0"/>
</and_exp></or_exp>
</condition>

<Node id="133" bw="32" op_0_bw="32" op_1_bw="32" op_2_bw="1">
<![CDATA[
:0  %result_addr_4_read = call float @_ssdm_op_Read.m_axi.floatP(float* %result_addr_4)

]]></Node>
<StgValue><ssdm name="result_addr_4_read"/></StgValue>
</operation>

<operation id="193" st_id="41" stage="1" lat="1">
<core>AddSub</core>
<MemPortIdVec></MemPortIdVec>
<condition id="-1">
<or_exp><and_exp><literal name="icmp_ln175" val="0"/>
</and_exp></or_exp>
</condition>

<Node id="134" bw="8" op_0_bw="8" op_1_bw="8">
<![CDATA[
:1  %add_ln176_3 = add i8 %zext_ln175, %shl_ln2

]]></Node>
<StgValue><ssdm name="add_ln176_3"/></StgValue>
</operation>

<operation id="194" st_id="41" stage="1" lat="1">
<core>NULL</core>
<MemPortIdVec></MemPortIdVec>
<condition id="-1">
<or_exp><and_exp><literal name="icmp_ln175" val="1"/>
</and_exp></or_exp>
</condition>

<Node id="140" bw="0" op_0_bw="0">
<![CDATA[
.preheader1.loopexit:0  br label %.preheader1

]]></Node>
<StgValue><ssdm name="br_ln0"/></StgValue>
</operation>
</state>

<state id="42" st_id="42">

<operation id="195" st_id="42" stage="1" lat="1">
<core>NULL</core>
<MemPortIdVec></MemPortIdVec>
<condition id="-1">
<or_exp><and_exp></and_exp></or_exp>
</condition>

<Node id="135" bw="64" op_0_bw="8">
<![CDATA[
:2  %zext_ln176_1 = zext i8 %add_ln176_3 to i64

]]></Node>
<StgValue><ssdm name="zext_ln176_1"/></StgValue>
</operation>

<operation id="196" st_id="42" stage="1" lat="1">
<core>NULL</core>
<MemPortIdVec></MemPortIdVec>
<condition id="-1">
<or_exp><and_exp></and_exp></or_exp>
</condition>

<Node id="136" bw="8" op_0_bw="32" op_1_bw="64" op_2_bw="64">
<![CDATA[
:3  %inner_addr = getelementptr [256 x float]* %inner, i64 0, i64 %zext_ln176_1

]]></Node>
<StgValue><ssdm name="inner_addr"/></StgValue>
</operation>

<operation id="197" st_id="42" stage="1" lat="1">
<core>RAM</core>
<MemPortIdVec></MemPortIdVec>
<condition id="-1">
<or_exp><and_exp></and_exp></or_exp>
</condition>

<Node id="137" bw="0" op_0_bw="32" op_1_bw="8">
<![CDATA[
:4  store float %result_addr_4_read, float* %inner_addr, align 4

]]></Node>
<StgValue><ssdm name="store_ln176"/></StgValue>
</operation>

<operation id="198" st_id="42" stage="1" lat="1">
<core>NULL</core>
<MemPortIdVec></MemPortIdVec>
<condition id="-1">
<or_exp><and_exp></and_exp></or_exp>
</condition>

<Node id="138" bw="0" op_0_bw="0">
<![CDATA[
:5  br label %.preheader

]]></Node>
<StgValue><ssdm name="br_ln175"/></StgValue>
</operation>
</state>
</state_list>


<ports>
</ports>


<dataflows>
</dataflows>


</stg>
