<profile>

<section name = "Vivado HLS Report for 'internal_load'" level="0">
<item name = "Date">Thu Jan 26 13:39:35 2023
</item>
<item name = "Version">2019.2 (Build 2704478 on Wed Nov 06 22:10:23 MST 2019)</item>
<item name = "Project">lud</item>
<item name = "Solution">base_tiled</item>
<item name = "Product family">zynq</item>
<item name = "Target device">xc7z045-ffg900-2</item>
</section>

<section name = "Performance Estimates" level="0">
<item name = "Timing">
<section name = "" level="1">
<item name = "Summary"><table name="" hasTotal="0">
<keys size="4">Clock, Target, Estimated, Uncertainty</keys>
<column name="ap_clk">10.00 ns, 8.750 ns, 1.25 ns</column>
</table>
</item>
</section>
</item>
<item name = "Latency">
<section name = "" level="1">
<item name = "Summary"><table name="" hasTotal="0">
<keys size="8">, min, max, min, max, min, max, Type</keys>
<column name="">1982, 1982, 19.820 us, 19.820 us, 1982, 1982, none</column>
</table>
</item>
<item name = "Detail">
<section name = "" level="1">
<item name = "Instance"><table name="" hasTotal="0">
<keys size="9">Instance, Module, min, max, min, max, min, max, Type</keys>
</table>
</item>
<item name = "Loop"><table name="" hasTotal="0">
<keys size="8">Loop Name, min, max, Latency, achieved, target, Count, Pipelined</keys>
<column name="- Loop 1">656, 656, 41, -, -, 16, no</column>
<column name=" + Loop 1.1">32, 32, 2, -, -, 16, no</column>
<column name="- Loop 2">656, 656, 41, -, -, 16, no</column>
<column name=" + Loop 2.1">32, 32, 2, -, -, 16, no</column>
<column name="- Loop 3">656, 656, 41, -, -, 16, no</column>
<column name=" + Loop 3.1">32, 32, 2, -, -, 16, no</column>
</table>
</item>
</section>
</item>
</section>
</item>
</section>

<section name = "Utilization Estimates" level="0">
<item name = "Summary"><table name="" hasTotal="1">
<keys size="6">Name, BRAM_18K, DSP48E, FF, LUT, URAM</keys>
<column name="DSP">-, -, -, -, -</column>
<column name="Expression">-, -, 0, 298, -</column>
<column name="FIFO">-, -, -, -, -</column>
<column name="Instance">-, -, 212, 88, -</column>
<column name="Memory">-, -, -, -, -</column>
<column name="Multiplexer">-, -, -, 38, -</column>
<column name="Register">-, -, 448, -, -</column>
<specialColumn name="Available">1090, 900, 437200, 218600, 0</specialColumn>
<specialColumn name="Utilization (%)">0, 0, ~0, ~0, 0</specialColumn>
</table>
</item>
<item name = "Detail">
<section name = "" level="1">
<item name = "Instance"><table name="" hasTotal="1">
<keys size="7">Instance, Module, BRAM_18K, DSP48E, FF, LUT, URAM</keys>
<column name="workload_based_tifYi_U41">workload_based_tifYi, 0, 0, 106, 44, 0</column>
<column name="workload_based_tig8j_U42">workload_based_tig8j, 0, 0, 106, 44, 0</column>
</table>
</item>
<item name = "DSP48E"><table name="" hasTotal="0">
<keys size="3">Instance, Module, Expression</keys>
</table>
</item>
<item name = "Memory"><table name="" hasTotal="1">
<keys size="10">Memory, Module, BRAM_18K, FF, LUT, URAM, Words, Bits, Banks, W*Bits*Banks</keys>
</table>
</item>
<item name = "FIFO"><table name="" hasTotal="1">
<keys size="8">Name, BRAM_18K, FF, LUT, URAM, Depth, Bits, Size:D*B</keys>
</table>
</item>
<item name = "Expression"><table name="" hasTotal="1">
<keys size="7">Variable Name, Operation, DSP48E, FF, LUT, Bitwidth P0, Bitwidth P1</keys>
<column name="add_ln161_fu_277_p2">+, 0, 0, 8, 5, 8</column>
<column name="add_ln165_1_fu_342_p2">+, 0, 0, 16, 16, 16</column>
<column name="add_ln165_2_fu_351_p2">+, 0, 0, 31, 31, 31</column>
<column name="add_ln165_3_fu_399_p2">+, 0, 0, 8, 8, 8</column>
<column name="add_ln165_fu_325_p2">+, 0, 0, 8, 8, 8</column>
<column name="add_ln170_1_fu_356_p2">+, 0, 0, 13, 13, 5</column>
<column name="add_ln170_2_fu_424_p2">+, 0, 0, 13, 13, 13</column>
<column name="add_ln170_3_fu_482_p2">+, 0, 0, 8, 8, 8</column>
<column name="add_ln170_4_fu_444_p2">+, 0, 0, 32, 32, 32</column>
<column name="add_ln170_fu_361_p2">+, 0, 0, 13, 13, 13</column>
<column name="add_ln176_1_fu_528_p2">+, 0, 0, 23, 23, 23</column>
<column name="add_ln176_2_fu_537_p2">+, 0, 0, 32, 32, 32</column>
<column name="add_ln176_3_fu_575_p2">+, 0, 0, 8, 8, 8</column>
<column name="add_ln176_fu_507_p2">+, 0, 0, 13, 13, 13</column>
<column name="i_6_fu_414_p2">+, 0, 0, 7, 5, 1</column>
<column name="i_7_fu_497_p2">+, 0, 0, 7, 5, 1</column>
<column name="i_fu_319_p2">+, 0, 0, 7, 5, 1</column>
<column name="j_8_fu_476_p2">+, 0, 0, 7, 5, 1</column>
<column name="j_9_fu_569_p2">+, 0, 0, 7, 5, 1</column>
<column name="j_fu_393_p2">+, 0, 0, 7, 5, 1</column>
<column name="j_global_fu_291_p2">+, 0, 0, 9, 9, 9</column>
<column name="ap_block_state21">and, 0, 0, 1, 1, 1</column>
<column name="ap_block_state31">and, 0, 0, 1, 1, 1</column>
<column name="ap_block_state41">and, 0, 0, 1, 1, 1</column>
<column name="icmp_ln163_fu_313_p2">icmp, 0, 0, 3, 5, 6</column>
<column name="icmp_ln164_fu_387_p2">icmp, 0, 0, 3, 5, 6</column>
<column name="icmp_ln168_fu_408_p2">icmp, 0, 0, 3, 5, 6</column>
<column name="icmp_ln169_fu_470_p2">icmp, 0, 0, 3, 5, 6</column>
<column name="icmp_ln174_fu_491_p2">icmp, 0, 0, 3, 5, 6</column>
<column name="icmp_ln175_fu_563_p2">icmp, 0, 0, 3, 5, 6</column>
</table>
</item>
<item name = "Multiplexer"><table name="" hasTotal="1">
<keys size="5">Name, LUT, Input Size, Bits, Total Bits</keys>
<column name="ap_NS_fsm">11, 43, 1, 43</column>
<column name="i_0_reg_169">3, 2, 5, 10</column>
<column name="i_1_reg_191">3, 2, 5, 10</column>
<column name="i_2_reg_213">3, 2, 5, 10</column>
<column name="j_0_reg_180">3, 2, 5, 10</column>
<column name="j_1_reg_202">3, 2, 5, 10</column>
<column name="j_2_reg_224">3, 2, 5, 10</column>
<column name="m_axi_result_ARADDR">3, 4, 32, 128</column>
<column name="result_blk_n_AR">3, 2, 1, 2</column>
<column name="result_blk_n_R">3, 2, 1, 2</column>
</table>
</item>
<item name = "Register"><table name="" hasTotal="1">
<keys size="5">Name, FF, LUT, Bits, Const Bits</keys>
<column name="add_ln165_2_reg_646">31, 0, 31, 0</column>
<column name="add_ln165_3_reg_681">8, 0, 8, 0</column>
<column name="add_ln170_3_reg_728">8, 0, 8, 0</column>
<column name="add_ln170_4_reg_699">32, 0, 32, 0</column>
<column name="add_ln170_reg_651">13, 0, 13, 0</column>
<column name="add_ln176_2_reg_746">32, 0, 32, 0</column>
<column name="add_ln176_3_reg_775">8, 0, 8, 0</column>
<column name="ap_CS_fsm">42, 0, 42, 0</column>
<column name="i_0_reg_169">5, 0, 5, 0</column>
<column name="i_1_reg_191">5, 0, 5, 0</column>
<column name="i_2_reg_213">5, 0, 5, 0</column>
<column name="i_6_reg_689">5, 0, 5, 0</column>
<column name="i_7_reg_736">5, 0, 5, 0</column>
<column name="i_reg_636">5, 0, 5, 0</column>
<column name="j_0_reg_180">5, 0, 5, 0</column>
<column name="j_1_reg_202">5, 0, 5, 0</column>
<column name="j_2_reg_224">5, 0, 5, 0</column>
<column name="j_8_reg_718">5, 0, 5, 0</column>
<column name="j_9_reg_765">5, 0, 5, 0</column>
<column name="j_reg_671">5, 0, 5, 0</column>
<column name="result_addr_3_read_reg_723">32, 0, 32, 0</column>
<column name="result_addr_4_read_reg_770">32, 0, 32, 0</column>
<column name="result_addr_read_reg_676">32, 0, 32, 0</column>
<column name="result_offset_cast_reg_602">30, 0, 32, 2</column>
<column name="shl_ln1_reg_710">4, 0, 8, 4</column>
<column name="shl_ln2_reg_757">4, 0, 8, 4</column>
<column name="shl_ln_reg_663">4, 0, 8, 4</column>
<column name="trunc_ln165_reg_641">4, 0, 4, 0</column>
<column name="trunc_ln170_reg_694">4, 0, 4, 0</column>
<column name="trunc_ln176_reg_741">4, 0, 4, 0</column>
<column name="zext_ln161_1_reg_613">8, 0, 13, 5</column>
<column name="zext_ln161_4_reg_618">9, 0, 23, 14</column>
<column name="zext_ln161_5_reg_623">9, 0, 16, 7</column>
<column name="zext_ln161_reg_608">8, 0, 13, 5</column>
<column name="zext_ln163_1_reg_628">30, 0, 31, 1</column>
</table>
</item>
</section>
</item>
</section>

<section name = "Interface" level="0">
<item name = "Summary"><table name="" hasTotal="0">
<keys size="6">RTL Ports, Dir, Bits, Protocol, Source Object, C Type</keys>
<column name="ap_clk">in, 1, ap_ctrl_hs, internal_load, return value</column>
<column name="ap_rst">in, 1, ap_ctrl_hs, internal_load, return value</column>
<column name="ap_start">in, 1, ap_ctrl_hs, internal_load, return value</column>
<column name="ap_done">out, 1, ap_ctrl_hs, internal_load, return value</column>
<column name="ap_idle">out, 1, ap_ctrl_hs, internal_load, return value</column>
<column name="ap_ready">out, 1, ap_ctrl_hs, internal_load, return value</column>
<column name="m_axi_result_AWVALID">out, 1, m_axi, result, pointer</column>
<column name="m_axi_result_AWREADY">in, 1, m_axi, result, pointer</column>
<column name="m_axi_result_AWADDR">out, 32, m_axi, result, pointer</column>
<column name="m_axi_result_AWID">out, 1, m_axi, result, pointer</column>
<column name="m_axi_result_AWLEN">out, 32, m_axi, result, pointer</column>
<column name="m_axi_result_AWSIZE">out, 3, m_axi, result, pointer</column>
<column name="m_axi_result_AWBURST">out, 2, m_axi, result, pointer</column>
<column name="m_axi_result_AWLOCK">out, 2, m_axi, result, pointer</column>
<column name="m_axi_result_AWCACHE">out, 4, m_axi, result, pointer</column>
<column name="m_axi_result_AWPROT">out, 3, m_axi, result, pointer</column>
<column name="m_axi_result_AWQOS">out, 4, m_axi, result, pointer</column>
<column name="m_axi_result_AWREGION">out, 4, m_axi, result, pointer</column>
<column name="m_axi_result_AWUSER">out, 1, m_axi, result, pointer</column>
<column name="m_axi_result_WVALID">out, 1, m_axi, result, pointer</column>
<column name="m_axi_result_WREADY">in, 1, m_axi, result, pointer</column>
<column name="m_axi_result_WDATA">out, 32, m_axi, result, pointer</column>
<column name="m_axi_result_WSTRB">out, 4, m_axi, result, pointer</column>
<column name="m_axi_result_WLAST">out, 1, m_axi, result, pointer</column>
<column name="m_axi_result_WID">out, 1, m_axi, result, pointer</column>
<column name="m_axi_result_WUSER">out, 1, m_axi, result, pointer</column>
<column name="m_axi_result_ARVALID">out, 1, m_axi, result, pointer</column>
<column name="m_axi_result_ARREADY">in, 1, m_axi, result, pointer</column>
<column name="m_axi_result_ARADDR">out, 32, m_axi, result, pointer</column>
<column name="m_axi_result_ARID">out, 1, m_axi, result, pointer</column>
<column name="m_axi_result_ARLEN">out, 32, m_axi, result, pointer</column>
<column name="m_axi_result_ARSIZE">out, 3, m_axi, result, pointer</column>
<column name="m_axi_result_ARBURST">out, 2, m_axi, result, pointer</column>
<column name="m_axi_result_ARLOCK">out, 2, m_axi, result, pointer</column>
<column name="m_axi_result_ARCACHE">out, 4, m_axi, result, pointer</column>
<column name="m_axi_result_ARPROT">out, 3, m_axi, result, pointer</column>
<column name="m_axi_result_ARQOS">out, 4, m_axi, result, pointer</column>
<column name="m_axi_result_ARREGION">out, 4, m_axi, result, pointer</column>
<column name="m_axi_result_ARUSER">out, 1, m_axi, result, pointer</column>
<column name="m_axi_result_RVALID">in, 1, m_axi, result, pointer</column>
<column name="m_axi_result_RREADY">out, 1, m_axi, result, pointer</column>
<column name="m_axi_result_RDATA">in, 32, m_axi, result, pointer</column>
<column name="m_axi_result_RLAST">in, 1, m_axi, result, pointer</column>
<column name="m_axi_result_RID">in, 1, m_axi, result, pointer</column>
<column name="m_axi_result_RUSER">in, 1, m_axi, result, pointer</column>
<column name="m_axi_result_RRESP">in, 2, m_axi, result, pointer</column>
<column name="m_axi_result_BVALID">in, 1, m_axi, result, pointer</column>
<column name="m_axi_result_BREADY">out, 1, m_axi, result, pointer</column>
<column name="m_axi_result_BRESP">in, 2, m_axi, result, pointer</column>
<column name="m_axi_result_BID">in, 1, m_axi, result, pointer</column>
<column name="m_axi_result_BUSER">in, 1, m_axi, result, pointer</column>
<column name="result_offset">in, 30, ap_none, result_offset, scalar</column>
<column name="top_address0">out, 8, ap_memory, top, array</column>
<column name="top_ce0">out, 1, ap_memory, top, array</column>
<column name="top_we0">out, 1, ap_memory, top, array</column>
<column name="top_d0">out, 32, ap_memory, top, array</column>
<column name="left_r_address0">out, 8, ap_memory, left_r, array</column>
<column name="left_r_ce0">out, 1, ap_memory, left_r, array</column>
<column name="left_r_we0">out, 1, ap_memory, left_r, array</column>
<column name="left_r_d0">out, 32, ap_memory, left_r, array</column>
<column name="inner_address0">out, 8, ap_memory, inner, array</column>
<column name="inner_ce0">out, 1, ap_memory, inner, array</column>
<column name="inner_we0">out, 1, ap_memory, inner, array</column>
<column name="inner_d0">out, 32, ap_memory, inner, array</column>
<column name="offset">in, 8, ap_none, offset, scalar</column>
<column name="chunk_idx">in, 8, ap_none, chunk_idx, scalar</column>
<column name="chunk_num">in, 4, ap_none, chunk_num, scalar</column>
</table>
</item>
</section>
</profile>
