<stg><name>internal_store</name>


<trans_list>

<trans id="103" from="1" to="2">
<condition id="-1">
<or_exp><and_exp></and_exp></or_exp>
</condition>
</trans>

<trans id="104" from="2" to="3">
<condition id="-1">
<or_exp><and_exp></and_exp></or_exp>
</condition>
</trans>

<trans id="105" from="3" to="4">
<condition id="-1">
<or_exp><and_exp></and_exp></or_exp>
</condition>
</trans>

<trans id="106" from="4" to="5">
<condition id="-1">
<or_exp><and_exp></and_exp></or_exp>
</condition>
</trans>

<trans id="107" from="5" to="6">
<condition id="-1">
<or_exp><and_exp></and_exp></or_exp>
</condition>
</trans>

<trans id="108" from="6" to="7">
<condition id="-1">
<or_exp><and_exp></and_exp></or_exp>
</condition>
</trans>

<trans id="109" from="7" to="8">
<condition id="-1">
<or_exp><and_exp></and_exp></or_exp>
</condition>
</trans>

<trans id="110" from="8" to="9">
<condition id="-1">
<or_exp><and_exp></and_exp></or_exp>
</condition>
</trans>

<trans id="111" from="9" to="10">
<condition id="-1">
<or_exp><and_exp></and_exp></or_exp>
</condition>
</trans>

<trans id="112" from="10" to="11">
<condition id="-1">
<or_exp><and_exp></and_exp></or_exp>
</condition>
</trans>

<trans id="113" from="11" to="12">
<condition id="-1">
<or_exp><and_exp></and_exp></or_exp>
</condition>
</trans>

<trans id="114" from="12" to="13">
<condition id="-1">
<or_exp><and_exp></and_exp></or_exp>
</condition>
</trans>

<trans id="115" from="13" to="14">
<condition id="-1">
<or_exp><and_exp><literal name="icmp_ln188" val="0"/>
</and_exp></or_exp>
</condition>
</trans>

<trans id="116" from="14" to="15">
<condition id="-1">
<or_exp><and_exp><literal name="icmp_ln189" val="0"/>
</and_exp></or_exp>
</condition>
</trans>

<trans id="125" from="14" to="13">
<condition id="-1">
<or_exp><and_exp><literal name="icmp_ln189" val="1"/>
</and_exp></or_exp>
</condition>
</trans>

<trans id="118" from="15" to="16">
<condition id="-1">
<or_exp><and_exp></and_exp></or_exp>
</condition>
</trans>

<trans id="119" from="16" to="17">
<condition id="-1">
<or_exp><and_exp></and_exp></or_exp>
</condition>
</trans>

<trans id="120" from="17" to="18">
<condition id="-1">
<or_exp><and_exp></and_exp></or_exp>
</condition>
</trans>

<trans id="121" from="18" to="19">
<condition id="-1">
<or_exp><and_exp></and_exp></or_exp>
</condition>
</trans>

<trans id="122" from="19" to="20">
<condition id="-1">
<or_exp><and_exp></and_exp></or_exp>
</condition>
</trans>

<trans id="123" from="20" to="21">
<condition id="-1">
<or_exp><and_exp></and_exp></or_exp>
</condition>
</trans>

<trans id="124" from="21" to="14">
<condition id="-1">
<or_exp><and_exp></and_exp></or_exp>
</condition>
</trans>
</trans_list>



<state_list>

<state id="1" st_id="1">

<operation id="22" st_id="1" stage="1" lat="1">
<core>NULL</core>
<MemPortIdVec></MemPortIdVec>
<condition id="-1">
<or_exp><and_exp></and_exp></or_exp>
</condition>

<Node id="7" bw="4" op_0_bw="4" op_1_bw="4">
<![CDATA[
:0  %chunk_num_read = call i4 @_ssdm_op_Read.ap_auto.i4(i4 %chunk_num)

]]></Node>
<StgValue><ssdm name="chunk_num_read"/></StgValue>
</operation>

<operation id="23" st_id="1" stage="1" lat="1">
<core>NULL</core>
<MemPortIdVec></MemPortIdVec>
<condition id="-1">
<or_exp><and_exp></and_exp></or_exp>
</condition>

<Node id="8" bw="8" op_0_bw="8" op_1_bw="8">
<![CDATA[
:1  %chunk_idx_read = call i8 @_ssdm_op_Read.ap_auto.i8(i8 %chunk_idx)

]]></Node>
<StgValue><ssdm name="chunk_idx_read"/></StgValue>
</operation>

<operation id="24" st_id="1" stage="1" lat="1">
<core>NULL</core>
<MemPortIdVec></MemPortIdVec>
<condition id="-1">
<or_exp><and_exp></and_exp></or_exp>
</condition>

<Node id="13" bw="8" op_0_bw="4">
<![CDATA[
:6  %zext_ln185 = zext i4 %chunk_num_read to i8

]]></Node>
<StgValue><ssdm name="zext_ln185"/></StgValue>
</operation>

<operation id="25" st_id="1" stage="12" lat="12">
<core>DivnS_SEQ</core>
<MemPortIdVec></MemPortIdVec>
<condition id="-1">
<or_exp><and_exp></and_exp></or_exp>
</condition>

<Node id="14" bw="8" op_0_bw="8" op_1_bw="8">
<![CDATA[
:7  %udiv_ln185 = udiv i8 %chunk_idx_read, %zext_ln185

]]></Node>
<StgValue><ssdm name="udiv_ln185"/></StgValue>
</operation>

<operation id="26" st_id="1" stage="12" lat="12">
<core>DivnS_SEQ</core>
<MemPortIdVec></MemPortIdVec>
<condition id="-1">
<or_exp><and_exp></and_exp></or_exp>
</condition>

<Node id="17" bw="8" op_0_bw="8" op_1_bw="8">
<![CDATA[
:10  %urem_ln186 = urem i8 %chunk_idx_read, %zext_ln185

]]></Node>
<StgValue><ssdm name="urem_ln186"/></StgValue>
</operation>
</state>

<state id="2" st_id="2">

<operation id="27" st_id="2" stage="11" lat="12">
<core>DivnS_SEQ</core>
<MemPortIdVec></MemPortIdVec>
<condition id="-1">
<or_exp><and_exp></and_exp></or_exp>
</condition>

<Node id="14" bw="8" op_0_bw="8" op_1_bw="8">
<![CDATA[
:7  %udiv_ln185 = udiv i8 %chunk_idx_read, %zext_ln185

]]></Node>
<StgValue><ssdm name="udiv_ln185"/></StgValue>
</operation>

<operation id="28" st_id="2" stage="11" lat="12">
<core>DivnS_SEQ</core>
<MemPortIdVec></MemPortIdVec>
<condition id="-1">
<or_exp><and_exp></and_exp></or_exp>
</condition>

<Node id="17" bw="8" op_0_bw="8" op_1_bw="8">
<![CDATA[
:10  %urem_ln186 = urem i8 %chunk_idx_read, %zext_ln185

]]></Node>
<StgValue><ssdm name="urem_ln186"/></StgValue>
</operation>
</state>

<state id="3" st_id="3">

<operation id="29" st_id="3" stage="10" lat="12">
<core>DivnS_SEQ</core>
<MemPortIdVec></MemPortIdVec>
<condition id="-1">
<or_exp><and_exp></and_exp></or_exp>
</condition>

<Node id="14" bw="8" op_0_bw="8" op_1_bw="8">
<![CDATA[
:7  %udiv_ln185 = udiv i8 %chunk_idx_read, %zext_ln185

]]></Node>
<StgValue><ssdm name="udiv_ln185"/></StgValue>
</operation>

<operation id="30" st_id="3" stage="10" lat="12">
<core>DivnS_SEQ</core>
<MemPortIdVec></MemPortIdVec>
<condition id="-1">
<or_exp><and_exp></and_exp></or_exp>
</condition>

<Node id="17" bw="8" op_0_bw="8" op_1_bw="8">
<![CDATA[
:10  %urem_ln186 = urem i8 %chunk_idx_read, %zext_ln185

]]></Node>
<StgValue><ssdm name="urem_ln186"/></StgValue>
</operation>
</state>

<state id="4" st_id="4">

<operation id="31" st_id="4" stage="9" lat="12">
<core>DivnS_SEQ</core>
<MemPortIdVec></MemPortIdVec>
<condition id="-1">
<or_exp><and_exp></and_exp></or_exp>
</condition>

<Node id="14" bw="8" op_0_bw="8" op_1_bw="8">
<![CDATA[
:7  %udiv_ln185 = udiv i8 %chunk_idx_read, %zext_ln185

]]></Node>
<StgValue><ssdm name="udiv_ln185"/></StgValue>
</operation>

<operation id="32" st_id="4" stage="9" lat="12">
<core>DivnS_SEQ</core>
<MemPortIdVec></MemPortIdVec>
<condition id="-1">
<or_exp><and_exp></and_exp></or_exp>
</condition>

<Node id="17" bw="8" op_0_bw="8" op_1_bw="8">
<![CDATA[
:10  %urem_ln186 = urem i8 %chunk_idx_read, %zext_ln185

]]></Node>
<StgValue><ssdm name="urem_ln186"/></StgValue>
</operation>
</state>

<state id="5" st_id="5">

<operation id="33" st_id="5" stage="8" lat="12">
<core>DivnS_SEQ</core>
<MemPortIdVec></MemPortIdVec>
<condition id="-1">
<or_exp><and_exp></and_exp></or_exp>
</condition>

<Node id="14" bw="8" op_0_bw="8" op_1_bw="8">
<![CDATA[
:7  %udiv_ln185 = udiv i8 %chunk_idx_read, %zext_ln185

]]></Node>
<StgValue><ssdm name="udiv_ln185"/></StgValue>
</operation>

<operation id="34" st_id="5" stage="8" lat="12">
<core>DivnS_SEQ</core>
<MemPortIdVec></MemPortIdVec>
<condition id="-1">
<or_exp><and_exp></and_exp></or_exp>
</condition>

<Node id="17" bw="8" op_0_bw="8" op_1_bw="8">
<![CDATA[
:10  %urem_ln186 = urem i8 %chunk_idx_read, %zext_ln185

]]></Node>
<StgValue><ssdm name="urem_ln186"/></StgValue>
</operation>
</state>

<state id="6" st_id="6">

<operation id="35" st_id="6" stage="7" lat="12">
<core>DivnS_SEQ</core>
<MemPortIdVec></MemPortIdVec>
<condition id="-1">
<or_exp><and_exp></and_exp></or_exp>
</condition>

<Node id="14" bw="8" op_0_bw="8" op_1_bw="8">
<![CDATA[
:7  %udiv_ln185 = udiv i8 %chunk_idx_read, %zext_ln185

]]></Node>
<StgValue><ssdm name="udiv_ln185"/></StgValue>
</operation>

<operation id="36" st_id="6" stage="7" lat="12">
<core>DivnS_SEQ</core>
<MemPortIdVec></MemPortIdVec>
<condition id="-1">
<or_exp><and_exp></and_exp></or_exp>
</condition>

<Node id="17" bw="8" op_0_bw="8" op_1_bw="8">
<![CDATA[
:10  %urem_ln186 = urem i8 %chunk_idx_read, %zext_ln185

]]></Node>
<StgValue><ssdm name="urem_ln186"/></StgValue>
</operation>
</state>

<state id="7" st_id="7">

<operation id="37" st_id="7" stage="6" lat="12">
<core>DivnS_SEQ</core>
<MemPortIdVec></MemPortIdVec>
<condition id="-1">
<or_exp><and_exp></and_exp></or_exp>
</condition>

<Node id="14" bw="8" op_0_bw="8" op_1_bw="8">
<![CDATA[
:7  %udiv_ln185 = udiv i8 %chunk_idx_read, %zext_ln185

]]></Node>
<StgValue><ssdm name="udiv_ln185"/></StgValue>
</operation>

<operation id="38" st_id="7" stage="6" lat="12">
<core>DivnS_SEQ</core>
<MemPortIdVec></MemPortIdVec>
<condition id="-1">
<or_exp><and_exp></and_exp></or_exp>
</condition>

<Node id="17" bw="8" op_0_bw="8" op_1_bw="8">
<![CDATA[
:10  %urem_ln186 = urem i8 %chunk_idx_read, %zext_ln185

]]></Node>
<StgValue><ssdm name="urem_ln186"/></StgValue>
</operation>
</state>

<state id="8" st_id="8">

<operation id="39" st_id="8" stage="5" lat="12">
<core>DivnS_SEQ</core>
<MemPortIdVec></MemPortIdVec>
<condition id="-1">
<or_exp><and_exp></and_exp></or_exp>
</condition>

<Node id="14" bw="8" op_0_bw="8" op_1_bw="8">
<![CDATA[
:7  %udiv_ln185 = udiv i8 %chunk_idx_read, %zext_ln185

]]></Node>
<StgValue><ssdm name="udiv_ln185"/></StgValue>
</operation>

<operation id="40" st_id="8" stage="5" lat="12">
<core>DivnS_SEQ</core>
<MemPortIdVec></MemPortIdVec>
<condition id="-1">
<or_exp><and_exp></and_exp></or_exp>
</condition>

<Node id="17" bw="8" op_0_bw="8" op_1_bw="8">
<![CDATA[
:10  %urem_ln186 = urem i8 %chunk_idx_read, %zext_ln185

]]></Node>
<StgValue><ssdm name="urem_ln186"/></StgValue>
</operation>
</state>

<state id="9" st_id="9">

<operation id="41" st_id="9" stage="4" lat="12">
<core>DivnS_SEQ</core>
<MemPortIdVec></MemPortIdVec>
<condition id="-1">
<or_exp><and_exp></and_exp></or_exp>
</condition>

<Node id="14" bw="8" op_0_bw="8" op_1_bw="8">
<![CDATA[
:7  %udiv_ln185 = udiv i8 %chunk_idx_read, %zext_ln185

]]></Node>
<StgValue><ssdm name="udiv_ln185"/></StgValue>
</operation>

<operation id="42" st_id="9" stage="4" lat="12">
<core>DivnS_SEQ</core>
<MemPortIdVec></MemPortIdVec>
<condition id="-1">
<or_exp><and_exp></and_exp></or_exp>
</condition>

<Node id="17" bw="8" op_0_bw="8" op_1_bw="8">
<![CDATA[
:10  %urem_ln186 = urem i8 %chunk_idx_read, %zext_ln185

]]></Node>
<StgValue><ssdm name="urem_ln186"/></StgValue>
</operation>
</state>

<state id="10" st_id="10">

<operation id="43" st_id="10" stage="3" lat="12">
<core>DivnS_SEQ</core>
<MemPortIdVec></MemPortIdVec>
<condition id="-1">
<or_exp><and_exp></and_exp></or_exp>
</condition>

<Node id="14" bw="8" op_0_bw="8" op_1_bw="8">
<![CDATA[
:7  %udiv_ln185 = udiv i8 %chunk_idx_read, %zext_ln185

]]></Node>
<StgValue><ssdm name="udiv_ln185"/></StgValue>
</operation>

<operation id="44" st_id="10" stage="3" lat="12">
<core>DivnS_SEQ</core>
<MemPortIdVec></MemPortIdVec>
<condition id="-1">
<or_exp><and_exp></and_exp></or_exp>
</condition>

<Node id="17" bw="8" op_0_bw="8" op_1_bw="8">
<![CDATA[
:10  %urem_ln186 = urem i8 %chunk_idx_read, %zext_ln185

]]></Node>
<StgValue><ssdm name="urem_ln186"/></StgValue>
</operation>
</state>

<state id="11" st_id="11">

<operation id="45" st_id="11" stage="2" lat="12">
<core>DivnS_SEQ</core>
<MemPortIdVec></MemPortIdVec>
<condition id="-1">
<or_exp><and_exp></and_exp></or_exp>
</condition>

<Node id="14" bw="8" op_0_bw="8" op_1_bw="8">
<![CDATA[
:7  %udiv_ln185 = udiv i8 %chunk_idx_read, %zext_ln185

]]></Node>
<StgValue><ssdm name="udiv_ln185"/></StgValue>
</operation>

<operation id="46" st_id="11" stage="2" lat="12">
<core>DivnS_SEQ</core>
<MemPortIdVec></MemPortIdVec>
<condition id="-1">
<or_exp><and_exp></and_exp></or_exp>
</condition>

<Node id="17" bw="8" op_0_bw="8" op_1_bw="8">
<![CDATA[
:10  %urem_ln186 = urem i8 %chunk_idx_read, %zext_ln185

]]></Node>
<StgValue><ssdm name="urem_ln186"/></StgValue>
</operation>
</state>

<state id="12" st_id="12">

<operation id="47" st_id="12" stage="1" lat="1">
<core>NULL</core>
<MemPortIdVec></MemPortIdVec>
<condition id="-1">
<or_exp><and_exp></and_exp></or_exp>
</condition>

<Node id="9" bw="8" op_0_bw="8" op_1_bw="8">
<![CDATA[
:2  %offset_read = call i8 @_ssdm_op_Read.ap_auto.i8(i8 %offset)

]]></Node>
<StgValue><ssdm name="offset_read"/></StgValue>
</operation>

<operation id="48" st_id="12" stage="1" lat="1">
<core>NULL</core>
<MemPortIdVec></MemPortIdVec>
<condition id="-1">
<or_exp><and_exp></and_exp></or_exp>
</condition>

<Node id="10" bw="30" op_0_bw="30" op_1_bw="30">
<![CDATA[
:3  %result_offset_read = call i30 @_ssdm_op_Read.ap_auto.i30(i30 %result_offset)

]]></Node>
<StgValue><ssdm name="result_offset_read"/></StgValue>
</operation>

<operation id="49" st_id="12" stage="1" lat="1">
<core>NULL</core>
<MemPortIdVec></MemPortIdVec>
<condition id="-1">
<or_exp><and_exp></and_exp></or_exp>
</condition>

<Node id="11" bw="32" op_0_bw="30">
<![CDATA[
:4  %result_offset_cast = zext i30 %result_offset_read to i32

]]></Node>
<StgValue><ssdm name="result_offset_cast"/></StgValue>
</operation>

<operation id="50" st_id="12" stage="1" lat="1">
<core>NULL</core>
<MemPortIdVec></MemPortIdVec>
<condition id="-1">
<or_exp><and_exp></and_exp></or_exp>
</condition>

<Node id="12" bw="0" op_0_bw="0" op_1_bw="32" op_2_bw="0" op_3_bw="32" op_4_bw="32" op_5_bw="0" op_6_bw="32" op_7_bw="32" op_8_bw="0" op_9_bw="0" op_10_bw="0" op_11_bw="32" op_12_bw="32" op_13_bw="32" op_14_bw="32" op_15_bw="0" op_16_bw="0">
<![CDATA[
:5  call void (...)* @_ssdm_op_SpecInterface(float* %result, [6 x i8]* @p_str3, i32 0, i32 0, [1 x i8]* @p_str4, i32 0, i32 0, [5 x i8]* @p_str5, [6 x i8]* @p_str6, [1 x i8]* @p_str4, i32 16, i32 16, i32 16, i32 16, [1 x i8]* @p_str4, [1 x i8]* @p_str4)

]]></Node>
<StgValue><ssdm name="specinterface_ln0"/></StgValue>
</operation>

<operation id="51" st_id="12" stage="1" lat="12">
<core>DivnS_SEQ</core>
<MemPortIdVec></MemPortIdVec>
<condition id="-1">
<or_exp><and_exp></and_exp></or_exp>
</condition>

<Node id="14" bw="8" op_0_bw="8" op_1_bw="8">
<![CDATA[
:7  %udiv_ln185 = udiv i8 %chunk_idx_read, %zext_ln185

]]></Node>
<StgValue><ssdm name="udiv_ln185"/></StgValue>
</operation>

<operation id="52" st_id="12" stage="1" lat="1">
<core>NULL</core>
<MemPortIdVec></MemPortIdVec>
<condition id="-1">
<or_exp><and_exp></and_exp></or_exp>
</condition>

<Node id="15" bw="12" op_0_bw="12" op_1_bw="8" op_2_bw="4">
<![CDATA[
:8  %tmp_s = call i12 @_ssdm_op_BitConcatenate.i12.i8.i4(i8 %udiv_ln185, i4 0)

]]></Node>
<StgValue><ssdm name="tmp_s"/></StgValue>
</operation>

<operation id="53" st_id="12" stage="1" lat="1">
<core>NULL</core>
<MemPortIdVec></MemPortIdVec>
<condition id="-1">
<or_exp><and_exp></and_exp></or_exp>
</condition>

<Node id="16" bw="13" op_0_bw="12">
<![CDATA[
:9  %zext_ln186 = zext i12 %tmp_s to i13

]]></Node>
<StgValue><ssdm name="zext_ln186"/></StgValue>
</operation>

<operation id="54" st_id="12" stage="1" lat="12">
<core>DivnS_SEQ</core>
<MemPortIdVec></MemPortIdVec>
<condition id="-1">
<or_exp><and_exp></and_exp></or_exp>
</condition>

<Node id="17" bw="8" op_0_bw="8" op_1_bw="8">
<![CDATA[
:10  %urem_ln186 = urem i8 %chunk_idx_read, %zext_ln185

]]></Node>
<StgValue><ssdm name="urem_ln186"/></StgValue>
</operation>

<operation id="55" st_id="12" stage="1" lat="1">
<core>NULL</core>
<MemPortIdVec></MemPortIdVec>
<condition id="-1">
<or_exp><and_exp></and_exp></or_exp>
</condition>

<Node id="18" bw="8" op_0_bw="8" op_1_bw="8">
<![CDATA[
:11  %shl_ln186 = shl i8 %urem_ln186, 4

]]></Node>
<StgValue><ssdm name="shl_ln186"/></StgValue>
</operation>

<operation id="56" st_id="12" stage="1" lat="1">
<core>NULL</core>
<MemPortIdVec></MemPortIdVec>
<condition id="-1">
<or_exp><and_exp></and_exp></or_exp>
</condition>

<Node id="19" bw="9" op_0_bw="8">
<![CDATA[
:12  %zext_ln186_1 = zext i8 %shl_ln186 to i9

]]></Node>
<StgValue><ssdm name="zext_ln186_1"/></StgValue>
</operation>

<operation id="57" st_id="12" stage="1" lat="1">
<core>NULL</core>
<MemPortIdVec></MemPortIdVec>
<condition id="-1">
<or_exp><and_exp></and_exp></or_exp>
</condition>

<Node id="20" bw="13" op_0_bw="8">
<![CDATA[
:13  %zext_ln190 = zext i8 %offset_read to i13

]]></Node>
<StgValue><ssdm name="zext_ln190"/></StgValue>
</operation>

<operation id="58" st_id="12" stage="1" lat="1">
<core>AddSub</core>
<MemPortIdVec></MemPortIdVec>
<condition id="-1">
<or_exp><and_exp></and_exp></or_exp>
</condition>

<Node id="21" bw="13" op_0_bw="13" op_1_bw="13">
<![CDATA[
:14  %add_ln190 = add i13 %zext_ln186, %zext_ln190

]]></Node>
<StgValue><ssdm name="add_ln190"/></StgValue>
</operation>

<operation id="59" st_id="12" stage="1" lat="1">
<core>NULL</core>
<MemPortIdVec></MemPortIdVec>
<condition id="-1">
<or_exp><and_exp></and_exp></or_exp>
</condition>

<Node id="22" bw="9" op_0_bw="8">
<![CDATA[
:15  %zext_ln190_2 = zext i8 %offset_read to i9

]]></Node>
<StgValue><ssdm name="zext_ln190_2"/></StgValue>
</operation>

<operation id="60" st_id="12" stage="1" lat="1">
<core>AddSub</core>
<MemPortIdVec></MemPortIdVec>
<condition id="-1">
<or_exp><and_exp></and_exp></or_exp>
</condition>

<Node id="23" bw="9" op_0_bw="9" op_1_bw="9">
<![CDATA[
:16  %add_ln190_4 = add i9 %zext_ln186_1, %zext_ln190_2

]]></Node>
<StgValue><ssdm name="add_ln190_4"/></StgValue>
</operation>

<operation id="61" st_id="12" stage="1" lat="1">
<core>NULL</core>
<MemPortIdVec></MemPortIdVec>
<condition id="-1">
<or_exp><and_exp></and_exp></or_exp>
</condition>

<Node id="24" bw="23" op_0_bw="9">
<![CDATA[
:17  %zext_ln190_3 = zext i9 %add_ln190_4 to i23

]]></Node>
<StgValue><ssdm name="zext_ln190_3"/></StgValue>
</operation>

<operation id="62" st_id="12" stage="1" lat="1">
<core>NULL</core>
<MemPortIdVec></MemPortIdVec>
<condition id="-1">
<or_exp><and_exp></and_exp></or_exp>
</condition>

<Node id="25" bw="0" op_0_bw="0">
<![CDATA[
:18  br label %.loopexit

]]></Node>
<StgValue><ssdm name="br_ln188"/></StgValue>
</operation>
</state>

<state id="13" st_id="13">

<operation id="63" st_id="13" stage="1" lat="1">
<core>NULL</core>
<MemPortIdVec></MemPortIdVec>
<condition id="-1">
<or_exp><and_exp></and_exp></or_exp>
</condition>

<Node id="27" bw="5" op_0_bw="5" op_1_bw="0" op_2_bw="5" op_3_bw="0">
<![CDATA[
.loopexit:0  %i_0 = phi i5 [ 0, %0 ], [ %i, %.loopexit.loopexit ]

]]></Node>
<StgValue><ssdm name="i_0"/></StgValue>
</operation>

<operation id="64" st_id="13" stage="1" lat="1">
<core>Cmp</core>
<MemPortIdVec></MemPortIdVec>
<condition id="-1">
<or_exp><and_exp></and_exp></or_exp>
</condition>

<Node id="28" bw="1" op_0_bw="5" op_1_bw="5">
<![CDATA[
.loopexit:1  %icmp_ln188 = icmp eq i5 %i_0, -16

]]></Node>
<StgValue><ssdm name="icmp_ln188"/></StgValue>
</operation>

<operation id="65" st_id="13" stage="1" lat="1">
<core>NULL</core>
<MemPortIdVec></MemPortIdVec>
<condition id="-1">
<or_exp><and_exp></and_exp></or_exp>
</condition>

<Node id="29" bw="32" op_0_bw="32" op_1_bw="64" op_2_bw="64" op_3_bw="64">
<![CDATA[
.loopexit:2  %empty = call i32 (...)* @_ssdm_op_SpecLoopTripCount(i64 16, i64 16, i64 16)

]]></Node>
<StgValue><ssdm name="empty"/></StgValue>
</operation>

<operation id="66" st_id="13" stage="1" lat="1">
<core>AddSub</core>
<MemPortIdVec></MemPortIdVec>
<condition id="-1">
<or_exp><and_exp></and_exp></or_exp>
</condition>

<Node id="30" bw="5" op_0_bw="5" op_1_bw="5">
<![CDATA[
.loopexit:3  %i = add i5 %i_0, 1

]]></Node>
<StgValue><ssdm name="i"/></StgValue>
</operation>

<operation id="67" st_id="13" stage="1" lat="1">
<core>NULL</core>
<MemPortIdVec></MemPortIdVec>
<condition id="-1">
<or_exp><and_exp></and_exp></or_exp>
</condition>

<Node id="31" bw="0" op_0_bw="1" op_1_bw="0" op_2_bw="0">
<![CDATA[
.loopexit:4  br i1 %icmp_ln188, label %2, label %.preheader.preheader

]]></Node>
<StgValue><ssdm name="br_ln188"/></StgValue>
</operation>

<operation id="68" st_id="13" stage="1" lat="1">
<core>NULL</core>
<MemPortIdVec></MemPortIdVec>
<condition id="-1">
<or_exp><and_exp><literal name="icmp_ln188" val="0"/>
</and_exp></or_exp>
</condition>

<Node id="33" bw="4" op_0_bw="5">
<![CDATA[
.preheader.preheader:0  %trunc_ln190 = trunc i5 %i_0 to i4

]]></Node>
<StgValue><ssdm name="trunc_ln190"/></StgValue>
</operation>

<operation id="69" st_id="13" stage="1" lat="1">
<core>NULL</core>
<MemPortIdVec></MemPortIdVec>
<condition id="-1">
<or_exp><and_exp><literal name="icmp_ln188" val="0"/>
</and_exp></or_exp>
</condition>

<Node id="34" bw="8" op_0_bw="8" op_1_bw="4" op_2_bw="4">
<![CDATA[
.preheader.preheader:1  %shl_ln9 = call i8 @_ssdm_op_BitConcatenate.i8.i4.i4(i4 %trunc_ln190, i4 0)

]]></Node>
<StgValue><ssdm name="shl_ln9"/></StgValue>
</operation>

<operation id="70" st_id="13" stage="1" lat="1">
<core>LogicGate</core>
<MemPortIdVec></MemPortIdVec>
<condition id="-1">
<or_exp><and_exp><literal name="icmp_ln188" val="0"/>
</and_exp></or_exp>
</condition>

<Node id="35" bw="5" op_0_bw="5" op_1_bw="5">
<![CDATA[
.preheader.preheader:2  %xor_ln190 = xor i5 %i_0, -16

]]></Node>
<StgValue><ssdm name="xor_ln190"/></StgValue>
</operation>

<operation id="71" st_id="13" stage="1" lat="1">
<core>NULL</core>
<MemPortIdVec></MemPortIdVec>
<condition id="-1">
<or_exp><and_exp><literal name="icmp_ln188" val="0"/>
</and_exp></or_exp>
</condition>

<Node id="36" bw="13" op_0_bw="5">
<![CDATA[
.preheader.preheader:3  %zext_ln190_4 = zext i5 %xor_ln190 to i13

]]></Node>
<StgValue><ssdm name="zext_ln190_4"/></StgValue>
</operation>

<operation id="72" st_id="13" stage="1" lat="1">
<core>AddSub</core>
<MemPortIdVec></MemPortIdVec>
<condition id="-1">
<or_exp><and_exp><literal name="icmp_ln188" val="0"/>
</and_exp></or_exp>
</condition>

<Node id="37" bw="13" op_0_bw="13" op_1_bw="13">
<![CDATA[
.preheader.preheader:4  %add_ln190_3 = add i13 %zext_ln190_4, %add_ln190

]]></Node>
<StgValue><ssdm name="add_ln190_3"/></StgValue>
</operation>

<operation id="73" st_id="13" stage="1" lat="1">
<core>NULL</core>
<MemPortIdVec></MemPortIdVec>
<condition id="-1">
<or_exp><and_exp><literal name="icmp_ln188" val="0"/>
</and_exp></or_exp>
</condition>

<Node id="38" bw="0" op_0_bw="0">
<![CDATA[
.preheader.preheader:5  br label %.preheader

]]></Node>
<StgValue><ssdm name="br_ln189"/></StgValue>
</operation>

<operation id="74" st_id="13" stage="1" lat="1">
<core>NULL</core>
<MemPortIdVec></MemPortIdVec>
<condition id="-1">
<or_exp><and_exp><literal name="icmp_ln188" val="1"/>
</and_exp></or_exp>
</condition>

<Node id="66" bw="0">
<![CDATA[
:0  ret void

]]></Node>
<StgValue><ssdm name="ret_ln193"/></StgValue>
</operation>
</state>

<state id="14" st_id="14">

<operation id="75" st_id="14" stage="1" lat="1">
<core>NULL</core>
<MemPortIdVec></MemPortIdVec>
<condition id="-1">
<or_exp><and_exp></and_exp></or_exp>
</condition>

<Node id="40" bw="5" op_0_bw="5" op_1_bw="0" op_2_bw="5" op_3_bw="0">
<![CDATA[
.preheader:0  %j_0 = phi i5 [ %j, %1 ], [ 0, %.preheader.preheader ]

]]></Node>
<StgValue><ssdm name="j_0"/></StgValue>
</operation>

<operation id="76" st_id="14" stage="1" lat="1">
<core>NULL</core>
<MemPortIdVec></MemPortIdVec>
<condition id="-1">
<or_exp><and_exp></and_exp></or_exp>
</condition>

<Node id="41" bw="8" op_0_bw="5">
<![CDATA[
.preheader:1  %zext_ln189 = zext i5 %j_0 to i8

]]></Node>
<StgValue><ssdm name="zext_ln189"/></StgValue>
</operation>

<operation id="77" st_id="14" stage="1" lat="1">
<core>Cmp</core>
<MemPortIdVec></MemPortIdVec>
<condition id="-1">
<or_exp><and_exp></and_exp></or_exp>
</condition>

<Node id="42" bw="1" op_0_bw="5" op_1_bw="5">
<![CDATA[
.preheader:2  %icmp_ln189 = icmp eq i5 %j_0, -16

]]></Node>
<StgValue><ssdm name="icmp_ln189"/></StgValue>
</operation>

<operation id="78" st_id="14" stage="1" lat="1">
<core>NULL</core>
<MemPortIdVec></MemPortIdVec>
<condition id="-1">
<or_exp><and_exp></and_exp></or_exp>
</condition>

<Node id="43" bw="32" op_0_bw="32" op_1_bw="64" op_2_bw="64" op_3_bw="64">
<![CDATA[
.preheader:3  %empty_31 = call i32 (...)* @_ssdm_op_SpecLoopTripCount(i64 16, i64 16, i64 16)

]]></Node>
<StgValue><ssdm name="empty_31"/></StgValue>
</operation>

<operation id="79" st_id="14" stage="1" lat="1">
<core>AddSub</core>
<MemPortIdVec></MemPortIdVec>
<condition id="-1">
<or_exp><and_exp></and_exp></or_exp>
</condition>

<Node id="44" bw="5" op_0_bw="5" op_1_bw="5">
<![CDATA[
.preheader:4  %j = add i5 %j_0, 1

]]></Node>
<StgValue><ssdm name="j"/></StgValue>
</operation>

<operation id="80" st_id="14" stage="1" lat="1">
<core>NULL</core>
<MemPortIdVec></MemPortIdVec>
<condition id="-1">
<or_exp><and_exp></and_exp></or_exp>
</condition>

<Node id="45" bw="0" op_0_bw="1" op_1_bw="0" op_2_bw="0">
<![CDATA[
.preheader:5  br i1 %icmp_ln189, label %.loopexit.loopexit, label %1

]]></Node>
<StgValue><ssdm name="br_ln189"/></StgValue>
</operation>

<operation id="81" st_id="14" stage="1" lat="1">
<core>AddSub</core>
<MemPortIdVec></MemPortIdVec>
<condition id="-1">
<or_exp><and_exp><literal name="icmp_ln189" val="0"/>
</and_exp></or_exp>
</condition>

<Node id="47" bw="8" op_0_bw="8" op_1_bw="8">
<![CDATA[
:0  %add_ln190_1 = add i8 %zext_ln189, %shl_ln9

]]></Node>
<StgValue><ssdm name="add_ln190_1"/></StgValue>
</operation>

<operation id="82" st_id="14" stage="1" lat="1">
<core>NULL</core>
<MemPortIdVec></MemPortIdVec>
<condition id="-1">
<or_exp><and_exp><literal name="icmp_ln189" val="0"/>
</and_exp></or_exp>
</condition>

<Node id="48" bw="64" op_0_bw="8">
<![CDATA[
:1  %zext_ln190_1 = zext i8 %add_ln190_1 to i64

]]></Node>
<StgValue><ssdm name="zext_ln190_1"/></StgValue>
</operation>

<operation id="83" st_id="14" stage="1" lat="1">
<core>NULL</core>
<MemPortIdVec></MemPortIdVec>
<condition id="-1">
<or_exp><and_exp><literal name="icmp_ln189" val="0"/>
</and_exp></or_exp>
</condition>

<Node id="49" bw="8" op_0_bw="32" op_1_bw="64" op_2_bw="64">
<![CDATA[
:2  %inner_addr = getelementptr [256 x float]* %inner, i64 0, i64 %zext_ln190_1

]]></Node>
<StgValue><ssdm name="inner_addr"/></StgValue>
</operation>

<operation id="84" st_id="14" stage="2" lat="2">
<core>RAM</core>
<MemPortIdVec></MemPortIdVec>
<condition id="-1">
<or_exp><and_exp><literal name="icmp_ln189" val="0"/>
</and_exp></or_exp>
</condition>

<Node id="50" bw="32" op_0_bw="8">
<![CDATA[
:3  %inner_load = load float* %inner_addr, align 4

]]></Node>
<StgValue><ssdm name="inner_load"/></StgValue>
</operation>

<operation id="85" st_id="14" stage="1" lat="1">
<core>LogicGate</core>
<MemPortIdVec></MemPortIdVec>
<condition id="-1">
<or_exp><and_exp><literal name="icmp_ln189" val="0"/>
</and_exp></or_exp>
</condition>

<Node id="51" bw="5" op_0_bw="5" op_1_bw="5">
<![CDATA[
:4  %xor_ln190_1 = xor i5 %j_0, -16

]]></Node>
<StgValue><ssdm name="xor_ln190_1"/></StgValue>
</operation>

<operation id="86" st_id="14" stage="1" lat="1">
<core>NULL</core>
<MemPortIdVec></MemPortIdVec>
<condition id="-1">
<or_exp><and_exp><literal name="icmp_ln189" val="0"/>
</and_exp></or_exp>
</condition>

<Node id="52" bw="21" op_0_bw="21" op_1_bw="13" op_2_bw="3" op_3_bw="5">
<![CDATA[
:5  %tmp = call i21 @_ssdm_op_BitConcatenate.i21.i13.i3.i5(i13 %add_ln190_3, i3 0, i5 %xor_ln190_1)

]]></Node>
<StgValue><ssdm name="tmp"/></StgValue>
</operation>

<operation id="87" st_id="14" stage="1" lat="1">
<core>NULL</core>
<MemPortIdVec></MemPortIdVec>
<condition id="-1">
<or_exp><and_exp><literal name="icmp_ln189" val="0"/>
</and_exp></or_exp>
</condition>

<Node id="53" bw="23" op_0_bw="21">
<![CDATA[
:6  %zext_ln190_5 = zext i21 %tmp to i23

]]></Node>
<StgValue><ssdm name="zext_ln190_5"/></StgValue>
</operation>

<operation id="88" st_id="14" stage="1" lat="1">
<core>AddSub</core>
<MemPortIdVec></MemPortIdVec>
<condition id="-1">
<or_exp><and_exp><literal name="icmp_ln189" val="0"/>
</and_exp></or_exp>
</condition>

<Node id="54" bw="23" op_0_bw="23" op_1_bw="23">
<![CDATA[
:7  %add_ln190_2 = add i23 %zext_ln190_3, %zext_ln190_5

]]></Node>
<StgValue><ssdm name="add_ln190_2"/></StgValue>
</operation>

<operation id="89" st_id="14" stage="1" lat="1">
<core>NULL</core>
<MemPortIdVec></MemPortIdVec>
<condition id="-1">
<or_exp><and_exp><literal name="icmp_ln189" val="0"/>
</and_exp></or_exp>
</condition>

<Node id="55" bw="32" op_0_bw="23">
<![CDATA[
:8  %zext_ln190_6 = zext i23 %add_ln190_2 to i32

]]></Node>
<StgValue><ssdm name="zext_ln190_6"/></StgValue>
</operation>

<operation id="90" st_id="14" stage="1" lat="1">
<core>AddSub</core>
<MemPortIdVec></MemPortIdVec>
<condition id="-1">
<or_exp><and_exp><literal name="icmp_ln189" val="0"/>
</and_exp></or_exp>
</condition>

<Node id="56" bw="32" op_0_bw="32" op_1_bw="32">
<![CDATA[
:9  %add_ln190_5 = add i32 %zext_ln190_6, %result_offset_cast

]]></Node>
<StgValue><ssdm name="add_ln190_5"/></StgValue>
</operation>

<operation id="91" st_id="14" stage="1" lat="1">
<core>NULL</core>
<MemPortIdVec></MemPortIdVec>
<condition id="-1">
<or_exp><and_exp><literal name="icmp_ln189" val="1"/>
</and_exp></or_exp>
</condition>

<Node id="64" bw="0" op_0_bw="0">
<![CDATA[
.loopexit.loopexit:0  br label %.loopexit

]]></Node>
<StgValue><ssdm name="br_ln0"/></StgValue>
</operation>
</state>

<state id="15" st_id="15">

<operation id="92" st_id="15" stage="1" lat="2">
<core>RAM</core>
<MemPortIdVec></MemPortIdVec>
<condition id="-1">
<or_exp><and_exp></and_exp></or_exp>
</condition>

<Node id="50" bw="32" op_0_bw="8">
<![CDATA[
:3  %inner_load = load float* %inner_addr, align 4

]]></Node>
<StgValue><ssdm name="inner_load"/></StgValue>
</operation>

<operation id="93" st_id="15" stage="1" lat="1">
<core>NULL</core>
<MemPortIdVec></MemPortIdVec>
<condition id="-1">
<or_exp><and_exp></and_exp></or_exp>
</condition>

<Node id="57" bw="64" op_0_bw="32">
<![CDATA[
:10  %zext_ln190_7 = zext i32 %add_ln190_5 to i64

]]></Node>
<StgValue><ssdm name="zext_ln190_7"/></StgValue>
</operation>

<operation id="94" st_id="15" stage="1" lat="1">
<core>NULL</core>
<MemPortIdVec></MemPortIdVec>
<condition id="-1">
<or_exp><and_exp></and_exp></or_exp>
</condition>

<Node id="58" bw="32" op_0_bw="32" op_1_bw="64">
<![CDATA[
:11  %result_addr = getelementptr float* %result, i64 %zext_ln190_7

]]></Node>
<StgValue><ssdm name="result_addr"/></StgValue>
</operation>

<operation id="95" st_id="15" stage="1" lat="1">
<core>m_axi</core>
<MemPortIdVec></MemPortIdVec>
<condition id="-1">
<or_exp><and_exp></and_exp></or_exp>
</condition>

<Node id="59" bw="1" op_0_bw="1" op_1_bw="32" op_2_bw="32">
<![CDATA[
:12  %result_addr_req = call i1 @_ssdm_op_WriteReq.m_axi.floatP(float* %result_addr, i32 1)

]]></Node>
<StgValue><ssdm name="result_addr_req"/></StgValue>
</operation>
</state>

<state id="16" st_id="16">

<operation id="96" st_id="16" stage="1" lat="1">
<core>m_axi</core>
<MemPortIdVec></MemPortIdVec>
<condition id="-1">
<or_exp><and_exp></and_exp></or_exp>
</condition>

<Node id="60" bw="0" op_0_bw="0" op_1_bw="32" op_2_bw="32" op_3_bw="4" op_4_bw="1">
<![CDATA[
:13  call void @_ssdm_op_Write.m_axi.floatP(float* %result_addr, float %inner_load, i4 -1)

]]></Node>
<StgValue><ssdm name="write_ln190"/></StgValue>
</operation>
</state>

<state id="17" st_id="17">

<operation id="97" st_id="17" stage="5" lat="5">
<core>m_axi</core>
<MemPortIdVec></MemPortIdVec>
<condition id="-1">
<or_exp><and_exp></and_exp></or_exp>
</condition>

<Node id="61" bw="1" op_0_bw="1" op_1_bw="32" op_2_bw="0">
<![CDATA[
:14  %result_addr_resp = call i1 @_ssdm_op_WriteResp.m_axi.floatP(float* %result_addr)

]]></Node>
<StgValue><ssdm name="result_addr_resp"/></StgValue>
</operation>
</state>

<state id="18" st_id="18">

<operation id="98" st_id="18" stage="4" lat="5">
<core>m_axi</core>
<MemPortIdVec></MemPortIdVec>
<condition id="-1">
<or_exp><and_exp></and_exp></or_exp>
</condition>

<Node id="61" bw="1" op_0_bw="1" op_1_bw="32" op_2_bw="0">
<![CDATA[
:14  %result_addr_resp = call i1 @_ssdm_op_WriteResp.m_axi.floatP(float* %result_addr)

]]></Node>
<StgValue><ssdm name="result_addr_resp"/></StgValue>
</operation>
</state>

<state id="19" st_id="19">

<operation id="99" st_id="19" stage="3" lat="5">
<core>m_axi</core>
<MemPortIdVec></MemPortIdVec>
<condition id="-1">
<or_exp><and_exp></and_exp></or_exp>
</condition>

<Node id="61" bw="1" op_0_bw="1" op_1_bw="32" op_2_bw="0">
<![CDATA[
:14  %result_addr_resp = call i1 @_ssdm_op_WriteResp.m_axi.floatP(float* %result_addr)

]]></Node>
<StgValue><ssdm name="result_addr_resp"/></StgValue>
</operation>
</state>

<state id="20" st_id="20">

<operation id="100" st_id="20" stage="2" lat="5">
<core>m_axi</core>
<MemPortIdVec></MemPortIdVec>
<condition id="-1">
<or_exp><and_exp></and_exp></or_exp>
</condition>

<Node id="61" bw="1" op_0_bw="1" op_1_bw="32" op_2_bw="0">
<![CDATA[
:14  %result_addr_resp = call i1 @_ssdm_op_WriteResp.m_axi.floatP(float* %result_addr)

]]></Node>
<StgValue><ssdm name="result_addr_resp"/></StgValue>
</operation>
</state>

<state id="21" st_id="21">

<operation id="101" st_id="21" stage="1" lat="5">
<core>m_axi</core>
<MemPortIdVec></MemPortIdVec>
<condition id="-1">
<or_exp><and_exp></and_exp></or_exp>
</condition>

<Node id="61" bw="1" op_0_bw="1" op_1_bw="32" op_2_bw="0">
<![CDATA[
:14  %result_addr_resp = call i1 @_ssdm_op_WriteResp.m_axi.floatP(float* %result_addr)

]]></Node>
<StgValue><ssdm name="result_addr_resp"/></StgValue>
</operation>

<operation id="102" st_id="21" stage="1" lat="1">
<core>NULL</core>
<MemPortIdVec></MemPortIdVec>
<condition id="-1">
<or_exp><and_exp></and_exp></or_exp>
</condition>

<Node id="62" bw="0" op_0_bw="0">
<![CDATA[
:15  br label %.preheader

]]></Node>
<StgValue><ssdm name="br_ln189"/></StgValue>
</operation>
</state>
</state_list>


<ports>
</ports>


<dataflows>
</dataflows>


</stg>
