<stg><name>lud_internal</name>


<trans_list>

<trans id="101" from="1" to="2">
<condition id="-1">
<or_exp><and_exp></and_exp></or_exp>
</condition>
</trans>

<trans id="102" from="2" to="3">
<condition id="-1">
<or_exp><and_exp><literal name="icmp_ln207" val="1"/>
</and_exp></or_exp>
</condition>
</trans>

<trans id="104" from="3" to="4">
<condition id="-1">
<or_exp><and_exp></and_exp></or_exp>
</condition>
</trans>

<trans id="105" from="4" to="21">
<condition id="-1">
<or_exp><and_exp><literal name="icmp_ln210" val="1"/>
</and_exp></or_exp>
</condition>
</trans>

<trans id="106" from="4" to="5">
<condition id="-1">
<or_exp><and_exp><literal name="icmp_ln210" val="0"/>
</and_exp></or_exp>
</condition>
</trans>

<trans id="107" from="5" to="6">
<condition id="-1">
<or_exp><and_exp><literal name="icmp_ln211" val="0"/>
</and_exp></or_exp>
</condition>
</trans>

<trans id="126" from="5" to="4">
<condition id="-1">
<or_exp><and_exp><literal name="icmp_ln211" val="1"/>
</and_exp></or_exp>
</condition>
</trans>

<trans id="108" from="6" to="7">
<condition id="-1">
<or_exp><and_exp><literal name="icmp_ln214" val="0"/>
</and_exp></or_exp>
</condition>
</trans>

<trans id="109" from="6" to="15">
<condition id="-1">
<or_exp><and_exp><literal name="icmp_ln214" val="1"/>
</and_exp></or_exp>
</condition>
</trans>

<trans id="111" from="7" to="8">
<condition id="-1">
<or_exp><and_exp></and_exp></or_exp>
</condition>
</trans>

<trans id="112" from="8" to="9">
<condition id="-1">
<or_exp><and_exp></and_exp></or_exp>
</condition>
</trans>

<trans id="113" from="9" to="10">
<condition id="-1">
<or_exp><and_exp></and_exp></or_exp>
</condition>
</trans>

<trans id="114" from="10" to="11">
<condition id="-1">
<or_exp><and_exp></and_exp></or_exp>
</condition>
</trans>

<trans id="115" from="11" to="12">
<condition id="-1">
<or_exp><and_exp></and_exp></or_exp>
</condition>
</trans>

<trans id="116" from="12" to="13">
<condition id="-1">
<or_exp><and_exp></and_exp></or_exp>
</condition>
</trans>

<trans id="117" from="13" to="14">
<condition id="-1">
<or_exp><and_exp></and_exp></or_exp>
</condition>
</trans>

<trans id="118" from="14" to="6">
<condition id="-1">
<or_exp><and_exp></and_exp></or_exp>
</condition>
</trans>

<trans id="120" from="15" to="16">
<condition id="-1">
<or_exp><and_exp></and_exp></or_exp>
</condition>
</trans>

<trans id="121" from="16" to="17">
<condition id="-1">
<or_exp><and_exp></and_exp></or_exp>
</condition>
</trans>

<trans id="122" from="17" to="18">
<condition id="-1">
<or_exp><and_exp></and_exp></or_exp>
</condition>
</trans>

<trans id="123" from="18" to="19">
<condition id="-1">
<or_exp><and_exp></and_exp></or_exp>
</condition>
</trans>

<trans id="124" from="19" to="20">
<condition id="-1">
<or_exp><and_exp></and_exp></or_exp>
</condition>
</trans>

<trans id="125" from="20" to="5">
<condition id="-1">
<or_exp><and_exp></and_exp></or_exp>
</condition>
</trans>

<trans id="128" from="21" to="2">
<condition id="-1">
<or_exp><and_exp></and_exp></or_exp>
</condition>
</trans>
</trans_list>



<state_list>

<state id="1" st_id="1">

<operation id="22" st_id="1" stage="1" lat="1">
<core>NULL</core>
<MemPortIdVec></MemPortIdVec>
<condition id="-1">
<or_exp><and_exp></and_exp></or_exp>
</condition>

<Node id="7" bw="8" op_0_bw="8" op_1_bw="8">
<![CDATA[
:0  %offset_read = call i8 @_ssdm_op_Read.ap_auto.i8(i8 %offset)

]]></Node>
<StgValue><ssdm name="offset_read"/></StgValue>
</operation>

<operation id="23" st_id="1" stage="1" lat="1">
<core>NULL</core>
<MemPortIdVec></MemPortIdVec>
<condition id="-1">
<or_exp><and_exp></and_exp></or_exp>
</condition>

<Node id="8" bw="30" op_0_bw="30" op_1_bw="30">
<![CDATA[
:1  %result_offset_read = call i30 @_ssdm_op_Read.ap_auto.i30(i30 %result_offset)

]]></Node>
<StgValue><ssdm name="result_offset_read"/></StgValue>
</operation>

<operation id="24" st_id="1" stage="1" lat="1">
<core>NULL</core>
<MemPortIdVec></MemPortIdVec>
<condition id="-1">
<or_exp><and_exp></and_exp></or_exp>
</condition>

<Node id="9" bw="0" op_0_bw="0" op_1_bw="32" op_2_bw="0" op_3_bw="32" op_4_bw="32" op_5_bw="0" op_6_bw="32" op_7_bw="32" op_8_bw="0" op_9_bw="0" op_10_bw="0" op_11_bw="32" op_12_bw="32" op_13_bw="32" op_14_bw="32" op_15_bw="0" op_16_bw="0">
<![CDATA[
:2  call void (...)* @_ssdm_op_SpecInterface(float* %result, [6 x i8]* @p_str3, i32 0, i32 0, [1 x i8]* @p_str4, i32 0, i32 0, [5 x i8]* @p_str5, [6 x i8]* @p_str6, [1 x i8]* @p_str4, i32 16, i32 16, i32 16, i32 16, [1 x i8]* @p_str4, [1 x i8]* @p_str4)

]]></Node>
<StgValue><ssdm name="specinterface_ln0"/></StgValue>
</operation>

<operation id="25" st_id="1" stage="1" lat="1">
<core>NULL</core>
<MemPortIdVec></MemPortIdVec>
<condition id="-1">
<or_exp><and_exp></and_exp></or_exp>
</condition>

<Node id="10" bw="9" op_0_bw="8">
<![CDATA[
:3  %zext_ln199 = zext i8 %offset_read to i9

]]></Node>
<StgValue><ssdm name="zext_ln199"/></StgValue>
</operation>

<operation id="26" st_id="1" stage="1" lat="1">
<core>AddSub</core>
<MemPortIdVec></MemPortIdVec>
<condition id="-1">
<or_exp><and_exp></and_exp></or_exp>
</condition>

<Node id="11" bw="9" op_0_bw="9" op_1_bw="9">
<![CDATA[
:4  %sub_ln199 = sub i9 -256, %zext_ln199

]]></Node>
<StgValue><ssdm name="sub_ln199"/></StgValue>
</operation>

<operation id="27" st_id="1" stage="1" lat="1">
<core>NULL</core>
<MemPortIdVec></MemPortIdVec>
<condition id="-1">
<or_exp><and_exp></and_exp></or_exp>
</condition>

<Node id="12" bw="5" op_0_bw="5" op_1_bw="9" op_2_bw="32" op_3_bw="32">
<![CDATA[
:5  %trunc_ln = call i5 @_ssdm_op_PartSelect.i5.i9.i32.i32(i9 %sub_ln199, i32 4, i32 8)

]]></Node>
<StgValue><ssdm name="trunc_ln"/></StgValue>
</operation>

<operation id="28" st_id="1" stage="1" lat="1">
<core>NULL</core>
<MemPortIdVec></MemPortIdVec>
<condition id="-1">
<or_exp><and_exp></and_exp></or_exp>
</condition>

<Node id="13" bw="4" op_0_bw="4" op_1_bw="9" op_2_bw="32" op_3_bw="32">
<![CDATA[
:6  %trunc_ln199_1 = call i4 @_ssdm_op_PartSelect.i4.i9.i32.i32(i9 %sub_ln199, i32 4, i32 7)

]]></Node>
<StgValue><ssdm name="trunc_ln199_1"/></StgValue>
</operation>

<operation id="29" st_id="1" stage="1" lat="1">
<core>AddSub</core>
<MemPortIdVec></MemPortIdVec>
<condition id="-1">
<or_exp><and_exp></and_exp></or_exp>
</condition>

<Node id="14" bw="5" op_0_bw="5" op_1_bw="5">
<![CDATA[
:7  %chunk_num = add i5 %trunc_ln, -1

]]></Node>
<StgValue><ssdm name="chunk_num"/></StgValue>
</operation>

<operation id="30" st_id="1" stage="1" lat="1">
<core>NULL</core>
<MemPortIdVec></MemPortIdVec>
<condition id="-1">
<or_exp><and_exp></and_exp></or_exp>
</condition>

<Node id="15" bw="9" op_0_bw="5">
<![CDATA[
:8  %zext_ln207 = zext i5 %chunk_num to i9

]]></Node>
<StgValue><ssdm name="zext_ln207"/></StgValue>
</operation>

<operation id="31" st_id="1" stage="1" lat="1">
<core>Mul</core>
<MemPortIdVec></MemPortIdVec>
<condition id="-1">
<or_exp><and_exp></and_exp></or_exp>
</condition>

<Node id="16" bw="9" op_0_bw="9" op_1_bw="9">
<![CDATA[
:9  %mul_ln207 = mul i9 %zext_ln207, %zext_ln207

]]></Node>
<StgValue><ssdm name="mul_ln207"/></StgValue>
</operation>

<operation id="32" st_id="1" stage="1" lat="1">
<core>AddSub</core>
<MemPortIdVec></MemPortIdVec>
<condition id="-1">
<or_exp><and_exp></and_exp></or_exp>
</condition>

<Node id="17" bw="4" op_0_bw="4" op_1_bw="4">
<![CDATA[
:10  %add_ln208 = add i4 %trunc_ln199_1, -1

]]></Node>
<StgValue><ssdm name="add_ln208"/></StgValue>
</operation>

<operation id="33" st_id="1" stage="1" lat="1">
<core>NULL</core>
<MemPortIdVec></MemPortIdVec>
<condition id="-1">
<or_exp><and_exp></and_exp></or_exp>
</condition>

<Node id="18" bw="0" op_0_bw="0">
<![CDATA[
:11  br label %1

]]></Node>
<StgValue><ssdm name="br_ln207"/></StgValue>
</operation>
</state>

<state id="2" st_id="2">

<operation id="34" st_id="2" stage="1" lat="1">
<core>NULL</core>
<MemPortIdVec></MemPortIdVec>
<condition id="-1">
<or_exp><and_exp></and_exp></or_exp>
</condition>

<Node id="20" bw="8" op_0_bw="8" op_1_bw="0" op_2_bw="8" op_3_bw="0">
<![CDATA[
:0  %chunk_idx_0 = phi i8 [ 0, %0 ], [ %chunk_idx, %5 ]

]]></Node>
<StgValue><ssdm name="chunk_idx_0"/></StgValue>
</operation>

<operation id="35" st_id="2" stage="1" lat="1">
<core>NULL</core>
<MemPortIdVec></MemPortIdVec>
<condition id="-1">
<or_exp><and_exp></and_exp></or_exp>
</condition>

<Node id="21" bw="9" op_0_bw="8">
<![CDATA[
:1  %zext_ln207_1 = zext i8 %chunk_idx_0 to i9

]]></Node>
<StgValue><ssdm name="zext_ln207_1"/></StgValue>
</operation>

<operation id="36" st_id="2" stage="1" lat="1">
<core>Cmp</core>
<MemPortIdVec></MemPortIdVec>
<condition id="-1">
<or_exp><and_exp></and_exp></or_exp>
</condition>

<Node id="22" bw="1" op_0_bw="9" op_1_bw="9">
<![CDATA[
:2  %icmp_ln207 = icmp slt i9 %zext_ln207_1, %mul_ln207

]]></Node>
<StgValue><ssdm name="icmp_ln207"/></StgValue>
</operation>

<operation id="37" st_id="2" stage="1" lat="1">
<core>NULL</core>
<MemPortIdVec></MemPortIdVec>
<condition id="-1">
<or_exp><and_exp></and_exp></or_exp>
</condition>

<Node id="23" bw="32" op_0_bw="32" op_1_bw="64" op_2_bw="64" op_3_bw="64">
<![CDATA[
:3  %empty = call i32 (...)* @_ssdm_op_SpecLoopTripCount(i64 0, i64 225, i64 0)

]]></Node>
<StgValue><ssdm name="empty"/></StgValue>
</operation>

<operation id="38" st_id="2" stage="1" lat="1">
<core>AddSub</core>
<MemPortIdVec></MemPortIdVec>
<condition id="-1">
<or_exp><and_exp></and_exp></or_exp>
</condition>

<Node id="24" bw="8" op_0_bw="8" op_1_bw="8">
<![CDATA[
:4  %chunk_idx = add i8 %chunk_idx_0, 1

]]></Node>
<StgValue><ssdm name="chunk_idx"/></StgValue>
</operation>

<operation id="39" st_id="2" stage="1" lat="1">
<core>NULL</core>
<MemPortIdVec></MemPortIdVec>
<condition id="-1">
<or_exp><and_exp></and_exp></or_exp>
</condition>

<Node id="25" bw="0" op_0_bw="1" op_1_bw="0" op_2_bw="0">
<![CDATA[
:5  br i1 %icmp_ln207, label %2, label %6

]]></Node>
<StgValue><ssdm name="br_ln207"/></StgValue>
</operation>

<operation id="40" st_id="2" stage="2" lat="2">
<core></core>
<MemPortIdVec></MemPortIdVec>
<condition id="-1">
<or_exp><and_exp><literal name="icmp_ln207" val="1"/>
</and_exp></or_exp>
</condition>

<Node id="27" bw="0" op_0_bw="0" op_1_bw="32" op_2_bw="30" op_3_bw="32" op_4_bw="32" op_5_bw="32" op_6_bw="8" op_7_bw="8" op_8_bw="4">
<![CDATA[
:0  call fastcc void @internal_load(float* %result, i30 %result_offset_read, [256 x float]* nocapture %top_buffer, [256 x float]* nocapture %left_buffer, [256 x float]* nocapture %inner_buffer, i8 %offset_read, i8 %chunk_idx_0, i4 %add_ln208)

]]></Node>
<StgValue><ssdm name="call_ln208"/></StgValue>
</operation>

<operation id="41" st_id="2" stage="1" lat="1">
<core>NULL</core>
<MemPortIdVec></MemPortIdVec>
<condition id="-1">
<or_exp><and_exp><literal name="icmp_ln207" val="0"/>
</and_exp></or_exp>
</condition>

<Node id="84" bw="0">
<![CDATA[
:0  ret void

]]></Node>
<StgValue><ssdm name="ret_ln223"/></StgValue>
</operation>
</state>

<state id="3" st_id="3">

<operation id="42" st_id="3" stage="1" lat="2">
<core></core>
<MemPortIdVec></MemPortIdVec>
<condition id="-1">
<or_exp><and_exp></and_exp></or_exp>
</condition>

<Node id="27" bw="0" op_0_bw="0" op_1_bw="32" op_2_bw="30" op_3_bw="32" op_4_bw="32" op_5_bw="32" op_6_bw="8" op_7_bw="8" op_8_bw="4">
<![CDATA[
:0  call fastcc void @internal_load(float* %result, i30 %result_offset_read, [256 x float]* nocapture %top_buffer, [256 x float]* nocapture %left_buffer, [256 x float]* nocapture %inner_buffer, i8 %offset_read, i8 %chunk_idx_0, i4 %add_ln208)

]]></Node>
<StgValue><ssdm name="call_ln208"/></StgValue>
</operation>

<operation id="43" st_id="3" stage="1" lat="1">
<core>NULL</core>
<MemPortIdVec></MemPortIdVec>
<condition id="-1">
<or_exp><and_exp></and_exp></or_exp>
</condition>

<Node id="28" bw="0" op_0_bw="0">
<![CDATA[
:1  br label %.loopexit

]]></Node>
<StgValue><ssdm name="br_ln210"/></StgValue>
</operation>
</state>

<state id="4" st_id="4">

<operation id="44" st_id="4" stage="1" lat="1">
<core>NULL</core>
<MemPortIdVec></MemPortIdVec>
<condition id="-1">
<or_exp><and_exp></and_exp></or_exp>
</condition>

<Node id="30" bw="5" op_0_bw="5" op_1_bw="0" op_2_bw="5" op_3_bw="0">
<![CDATA[
.loopexit:0  %i_0 = phi i5 [ 0, %2 ], [ %i, %.loopexit.loopexit ]

]]></Node>
<StgValue><ssdm name="i_0"/></StgValue>
</operation>

<operation id="45" st_id="4" stage="1" lat="1">
<core>Cmp</core>
<MemPortIdVec></MemPortIdVec>
<condition id="-1">
<or_exp><and_exp></and_exp></or_exp>
</condition>

<Node id="31" bw="1" op_0_bw="5" op_1_bw="5">
<![CDATA[
.loopexit:1  %icmp_ln210 = icmp eq i5 %i_0, -16

]]></Node>
<StgValue><ssdm name="icmp_ln210"/></StgValue>
</operation>

<operation id="46" st_id="4" stage="1" lat="1">
<core>NULL</core>
<MemPortIdVec></MemPortIdVec>
<condition id="-1">
<or_exp><and_exp></and_exp></or_exp>
</condition>

<Node id="32" bw="32" op_0_bw="32" op_1_bw="64" op_2_bw="64" op_3_bw="64">
<![CDATA[
.loopexit:2  %empty_22 = call i32 (...)* @_ssdm_op_SpecLoopTripCount(i64 16, i64 16, i64 16)

]]></Node>
<StgValue><ssdm name="empty_22"/></StgValue>
</operation>

<operation id="47" st_id="4" stage="1" lat="1">
<core>AddSub</core>
<MemPortIdVec></MemPortIdVec>
<condition id="-1">
<or_exp><and_exp></and_exp></or_exp>
</condition>

<Node id="33" bw="5" op_0_bw="5" op_1_bw="5">
<![CDATA[
.loopexit:3  %i = add i5 %i_0, 1

]]></Node>
<StgValue><ssdm name="i"/></StgValue>
</operation>

<operation id="48" st_id="4" stage="1" lat="1">
<core>NULL</core>
<MemPortIdVec></MemPortIdVec>
<condition id="-1">
<or_exp><and_exp></and_exp></or_exp>
</condition>

<Node id="34" bw="0" op_0_bw="1" op_1_bw="0" op_2_bw="0">
<![CDATA[
.loopexit:4  br i1 %icmp_ln210, label %5, label %.preheader1.preheader

]]></Node>
<StgValue><ssdm name="br_ln210"/></StgValue>
</operation>

<operation id="49" st_id="4" stage="1" lat="1">
<core>NULL</core>
<MemPortIdVec></MemPortIdVec>
<condition id="-1">
<or_exp><and_exp><literal name="icmp_ln210" val="0"/>
</and_exp></or_exp>
</condition>

<Node id="36" bw="4" op_0_bw="5">
<![CDATA[
.preheader1.preheader:0  %trunc_ln215 = trunc i5 %i_0 to i4

]]></Node>
<StgValue><ssdm name="trunc_ln215"/></StgValue>
</operation>

<operation id="50" st_id="4" stage="1" lat="1">
<core>NULL</core>
<MemPortIdVec></MemPortIdVec>
<condition id="-1">
<or_exp><and_exp><literal name="icmp_ln210" val="0"/>
</and_exp></or_exp>
</condition>

<Node id="37" bw="8" op_0_bw="8" op_1_bw="4" op_2_bw="4">
<![CDATA[
.preheader1.preheader:1  %shl_ln = call i8 @_ssdm_op_BitConcatenate.i8.i4.i4(i4 %trunc_ln215, i4 0)

]]></Node>
<StgValue><ssdm name="shl_ln"/></StgValue>
</operation>

<operation id="51" st_id="4" stage="1" lat="1">
<core>NULL</core>
<MemPortIdVec></MemPortIdVec>
<condition id="-1">
<or_exp><and_exp><literal name="icmp_ln210" val="0"/>
</and_exp></or_exp>
</condition>

<Node id="38" bw="0" op_0_bw="0">
<![CDATA[
.preheader1.preheader:2  br label %.preheader1

]]></Node>
<StgValue><ssdm name="br_ln211"/></StgValue>
</operation>

<operation id="52" st_id="4" stage="2" lat="2">
<core></core>
<MemPortIdVec></MemPortIdVec>
<condition id="-1">
<or_exp><and_exp><literal name="icmp_ln210" val="1"/>
</and_exp></or_exp>
</condition>

<Node id="81" bw="0" op_0_bw="0" op_1_bw="32" op_2_bw="30" op_3_bw="32" op_4_bw="8" op_5_bw="8" op_6_bw="4" op_7_bw="0" op_8_bw="0">
<![CDATA[
:0  call fastcc void @internal_store(float* %result, i30 %result_offset_read, [256 x float]* nocapture %inner_buffer, i8 %offset_read, i8 %chunk_idx_0, i4 %add_ln208)

]]></Node>
<StgValue><ssdm name="call_ln221"/></StgValue>
</operation>
</state>

<state id="5" st_id="5">

<operation id="53" st_id="5" stage="1" lat="1">
<core>NULL</core>
<MemPortIdVec></MemPortIdVec>
<condition id="-1">
<or_exp><and_exp></and_exp></or_exp>
</condition>

<Node id="40" bw="5" op_0_bw="5" op_1_bw="0" op_2_bw="5" op_3_bw="0">
<![CDATA[
.preheader1:0  %j_0 = phi i5 [ %j, %4 ], [ 0, %.preheader1.preheader ]

]]></Node>
<StgValue><ssdm name="j_0"/></StgValue>
</operation>

<operation id="54" st_id="5" stage="1" lat="1">
<core>NULL</core>
<MemPortIdVec></MemPortIdVec>
<condition id="-1">
<or_exp><and_exp></and_exp></or_exp>
</condition>

<Node id="41" bw="8" op_0_bw="5">
<![CDATA[
.preheader1:1  %zext_ln211 = zext i5 %j_0 to i8

]]></Node>
<StgValue><ssdm name="zext_ln211"/></StgValue>
</operation>

<operation id="55" st_id="5" stage="1" lat="1">
<core>Cmp</core>
<MemPortIdVec></MemPortIdVec>
<condition id="-1">
<or_exp><and_exp></and_exp></or_exp>
</condition>

<Node id="42" bw="1" op_0_bw="5" op_1_bw="5">
<![CDATA[
.preheader1:2  %icmp_ln211 = icmp eq i5 %j_0, -16

]]></Node>
<StgValue><ssdm name="icmp_ln211"/></StgValue>
</operation>

<operation id="56" st_id="5" stage="1" lat="1">
<core>NULL</core>
<MemPortIdVec></MemPortIdVec>
<condition id="-1">
<or_exp><and_exp></and_exp></or_exp>
</condition>

<Node id="43" bw="32" op_0_bw="32" op_1_bw="64" op_2_bw="64" op_3_bw="64">
<![CDATA[
.preheader1:3  %empty_23 = call i32 (...)* @_ssdm_op_SpecLoopTripCount(i64 16, i64 16, i64 16)

]]></Node>
<StgValue><ssdm name="empty_23"/></StgValue>
</operation>

<operation id="57" st_id="5" stage="1" lat="1">
<core>AddSub</core>
<MemPortIdVec></MemPortIdVec>
<condition id="-1">
<or_exp><and_exp></and_exp></or_exp>
</condition>

<Node id="44" bw="5" op_0_bw="5" op_1_bw="5">
<![CDATA[
.preheader1:4  %j = add i5 %j_0, 1

]]></Node>
<StgValue><ssdm name="j"/></StgValue>
</operation>

<operation id="58" st_id="5" stage="1" lat="1">
<core>NULL</core>
<MemPortIdVec></MemPortIdVec>
<condition id="-1">
<or_exp><and_exp></and_exp></or_exp>
</condition>

<Node id="45" bw="0" op_0_bw="1" op_1_bw="0" op_2_bw="0">
<![CDATA[
.preheader1:5  br i1 %icmp_ln211, label %.loopexit.loopexit, label %.preheader.preheader

]]></Node>
<StgValue><ssdm name="br_ln211"/></StgValue>
</operation>

<operation id="59" st_id="5" stage="1" lat="1">
<core>NULL</core>
<MemPortIdVec></MemPortIdVec>
<condition id="-1">
<or_exp><and_exp><literal name="icmp_ln211" val="0"/>
</and_exp></or_exp>
</condition>

<Node id="47" bw="0" op_0_bw="0">
<![CDATA[
.preheader.preheader:0  br label %.preheader

]]></Node>
<StgValue><ssdm name="br_ln214"/></StgValue>
</operation>

<operation id="60" st_id="5" stage="1" lat="1">
<core>NULL</core>
<MemPortIdVec></MemPortIdVec>
<condition id="-1">
<or_exp><and_exp><literal name="icmp_ln211" val="1"/>
</and_exp></or_exp>
</condition>

<Node id="79" bw="0" op_0_bw="0">
<![CDATA[
.loopexit.loopexit:0  br label %.loopexit

]]></Node>
<StgValue><ssdm name="br_ln0"/></StgValue>
</operation>
</state>

<state id="6" st_id="6">

<operation id="61" st_id="6" stage="1" lat="1">
<core>NULL</core>
<MemPortIdVec></MemPortIdVec>
<condition id="-1">
<or_exp><and_exp></and_exp></or_exp>
</condition>

<Node id="49" bw="5" op_0_bw="5" op_1_bw="0" op_2_bw="5" op_3_bw="0">
<![CDATA[
.preheader:0  %k_0 = phi i5 [ %k, %3 ], [ 0, %.preheader.preheader ]

]]></Node>
<StgValue><ssdm name="k_0"/></StgValue>
</operation>

<operation id="62" st_id="6" stage="1" lat="1">
<core>NULL</core>
<MemPortIdVec></MemPortIdVec>
<condition id="-1">
<or_exp><and_exp></and_exp></or_exp>
</condition>

<Node id="50" bw="32" op_0_bw="32" op_1_bw="0" op_2_bw="32" op_3_bw="0">
<![CDATA[
.preheader:1  %sum_0 = phi float [ %sum, %3 ], [ 0.000000e+00, %.preheader.preheader ]

]]></Node>
<StgValue><ssdm name="sum_0"/></StgValue>
</operation>

<operation id="63" st_id="6" stage="1" lat="1">
<core>NULL</core>
<MemPortIdVec></MemPortIdVec>
<condition id="-1">
<or_exp><and_exp></and_exp></or_exp>
</condition>

<Node id="51" bw="8" op_0_bw="5">
<![CDATA[
.preheader:2  %zext_ln214 = zext i5 %k_0 to i8

]]></Node>
<StgValue><ssdm name="zext_ln214"/></StgValue>
</operation>

<operation id="64" st_id="6" stage="1" lat="1">
<core>Cmp</core>
<MemPortIdVec></MemPortIdVec>
<condition id="-1">
<or_exp><and_exp></and_exp></or_exp>
</condition>

<Node id="52" bw="1" op_0_bw="5" op_1_bw="5">
<![CDATA[
.preheader:3  %icmp_ln214 = icmp eq i5 %k_0, -16

]]></Node>
<StgValue><ssdm name="icmp_ln214"/></StgValue>
</operation>

<operation id="65" st_id="6" stage="1" lat="1">
<core>NULL</core>
<MemPortIdVec></MemPortIdVec>
<condition id="-1">
<or_exp><and_exp></and_exp></or_exp>
</condition>

<Node id="53" bw="32" op_0_bw="32" op_1_bw="64" op_2_bw="64" op_3_bw="64">
<![CDATA[
.preheader:4  %empty_24 = call i32 (...)* @_ssdm_op_SpecLoopTripCount(i64 16, i64 16, i64 16)

]]></Node>
<StgValue><ssdm name="empty_24"/></StgValue>
</operation>

<operation id="66" st_id="6" stage="1" lat="1">
<core>AddSub</core>
<MemPortIdVec></MemPortIdVec>
<condition id="-1">
<or_exp><and_exp></and_exp></or_exp>
</condition>

<Node id="54" bw="5" op_0_bw="5" op_1_bw="5">
<![CDATA[
.preheader:5  %k = add i5 %k_0, 1

]]></Node>
<StgValue><ssdm name="k"/></StgValue>
</operation>

<operation id="67" st_id="6" stage="1" lat="1">
<core>NULL</core>
<MemPortIdVec></MemPortIdVec>
<condition id="-1">
<or_exp><and_exp></and_exp></or_exp>
</condition>

<Node id="55" bw="0" op_0_bw="1" op_1_bw="0" op_2_bw="0">
<![CDATA[
.preheader:6  br i1 %icmp_ln214, label %4, label %3

]]></Node>
<StgValue><ssdm name="br_ln214"/></StgValue>
</operation>

<operation id="68" st_id="6" stage="1" lat="1">
<core>AddSub</core>
<MemPortIdVec></MemPortIdVec>
<condition id="-1">
<or_exp><and_exp><literal name="icmp_ln214" val="0"/>
</and_exp></or_exp>
</condition>

<Node id="57" bw="8" op_0_bw="8" op_1_bw="8">
<![CDATA[
:0  %add_ln215 = add i8 %zext_ln214, %shl_ln

]]></Node>
<StgValue><ssdm name="add_ln215"/></StgValue>
</operation>

<operation id="69" st_id="6" stage="1" lat="1">
<core>NULL</core>
<MemPortIdVec></MemPortIdVec>
<condition id="-1">
<or_exp><and_exp><literal name="icmp_ln214" val="0"/>
</and_exp></or_exp>
</condition>

<Node id="58" bw="64" op_0_bw="8">
<![CDATA[
:1  %zext_ln215 = zext i8 %add_ln215 to i64

]]></Node>
<StgValue><ssdm name="zext_ln215"/></StgValue>
</operation>

<operation id="70" st_id="6" stage="1" lat="1">
<core>NULL</core>
<MemPortIdVec></MemPortIdVec>
<condition id="-1">
<or_exp><and_exp><literal name="icmp_ln214" val="0"/>
</and_exp></or_exp>
</condition>

<Node id="59" bw="8" op_0_bw="32" op_1_bw="64" op_2_bw="64">
<![CDATA[
:2  %left_buffer_addr = getelementptr [256 x float]* %left_buffer, i64 0, i64 %zext_ln215

]]></Node>
<StgValue><ssdm name="left_buffer_addr"/></StgValue>
</operation>

<operation id="71" st_id="6" stage="2" lat="2">
<core>RAM</core>
<MemPortIdVec>0 </MemPortIdVec>
<condition id="-1">
<or_exp><and_exp><literal name="icmp_ln214" val="0"/>
</and_exp></or_exp>
</condition>

<Node id="60" bw="32" op_0_bw="8">
<![CDATA[
:3  %left_buffer_load = load float* %left_buffer_addr, align 4

]]></Node>
<StgValue><ssdm name="left_buffer_load"/></StgValue>
</operation>

<operation id="72" st_id="6" stage="1" lat="1">
<core>NULL</core>
<MemPortIdVec></MemPortIdVec>
<condition id="-1">
<or_exp><and_exp><literal name="icmp_ln214" val="0"/>
</and_exp></or_exp>
</condition>

<Node id="61" bw="4" op_0_bw="5">
<![CDATA[
:4  %trunc_ln215_1 = trunc i5 %k_0 to i4

]]></Node>
<StgValue><ssdm name="trunc_ln215_1"/></StgValue>
</operation>

<operation id="73" st_id="6" stage="1" lat="1">
<core>NULL</core>
<MemPortIdVec></MemPortIdVec>
<condition id="-1">
<or_exp><and_exp><literal name="icmp_ln214" val="0"/>
</and_exp></or_exp>
</condition>

<Node id="62" bw="8" op_0_bw="8" op_1_bw="4" op_2_bw="4">
<![CDATA[
:5  %shl_ln215_1 = call i8 @_ssdm_op_BitConcatenate.i8.i4.i4(i4 %trunc_ln215_1, i4 0)

]]></Node>
<StgValue><ssdm name="shl_ln215_1"/></StgValue>
</operation>

<operation id="74" st_id="6" stage="1" lat="1">
<core>AddSub</core>
<MemPortIdVec></MemPortIdVec>
<condition id="-1">
<or_exp><and_exp><literal name="icmp_ln214" val="0"/>
</and_exp></or_exp>
</condition>

<Node id="63" bw="8" op_0_bw="8" op_1_bw="8">
<![CDATA[
:6  %add_ln215_1 = add i8 %shl_ln215_1, %zext_ln211

]]></Node>
<StgValue><ssdm name="add_ln215_1"/></StgValue>
</operation>

<operation id="75" st_id="6" stage="1" lat="1">
<core>NULL</core>
<MemPortIdVec></MemPortIdVec>
<condition id="-1">
<or_exp><and_exp><literal name="icmp_ln214" val="0"/>
</and_exp></or_exp>
</condition>

<Node id="64" bw="64" op_0_bw="8">
<![CDATA[
:7  %zext_ln215_1 = zext i8 %add_ln215_1 to i64

]]></Node>
<StgValue><ssdm name="zext_ln215_1"/></StgValue>
</operation>

<operation id="76" st_id="6" stage="1" lat="1">
<core>NULL</core>
<MemPortIdVec></MemPortIdVec>
<condition id="-1">
<or_exp><and_exp><literal name="icmp_ln214" val="0"/>
</and_exp></or_exp>
</condition>

<Node id="65" bw="8" op_0_bw="32" op_1_bw="64" op_2_bw="64">
<![CDATA[
:8  %top_buffer_addr = getelementptr [256 x float]* %top_buffer, i64 0, i64 %zext_ln215_1

]]></Node>
<StgValue><ssdm name="top_buffer_addr"/></StgValue>
</operation>

<operation id="77" st_id="6" stage="2" lat="2">
<core>RAM</core>
<MemPortIdVec>0 </MemPortIdVec>
<condition id="-1">
<or_exp><and_exp><literal name="icmp_ln214" val="0"/>
</and_exp></or_exp>
</condition>

<Node id="66" bw="32" op_0_bw="8">
<![CDATA[
:9  %top_buffer_load = load float* %top_buffer_addr, align 4

]]></Node>
<StgValue><ssdm name="top_buffer_load"/></StgValue>
</operation>

<operation id="78" st_id="6" stage="1" lat="1">
<core>AddSub</core>
<MemPortIdVec></MemPortIdVec>
<condition id="-1">
<or_exp><and_exp><literal name="icmp_ln214" val="1"/>
</and_exp></or_exp>
</condition>

<Node id="71" bw="8" op_0_bw="8" op_1_bw="8">
<![CDATA[
:0  %add_ln217 = add i8 %shl_ln, %zext_ln211

]]></Node>
<StgValue><ssdm name="add_ln217"/></StgValue>
</operation>

<operation id="79" st_id="6" stage="1" lat="1">
<core>NULL</core>
<MemPortIdVec></MemPortIdVec>
<condition id="-1">
<or_exp><and_exp><literal name="icmp_ln214" val="1"/>
</and_exp></or_exp>
</condition>

<Node id="72" bw="64" op_0_bw="8">
<![CDATA[
:1  %zext_ln217 = zext i8 %add_ln217 to i64

]]></Node>
<StgValue><ssdm name="zext_ln217"/></StgValue>
</operation>

<operation id="80" st_id="6" stage="1" lat="1">
<core>NULL</core>
<MemPortIdVec></MemPortIdVec>
<condition id="-1">
<or_exp><and_exp><literal name="icmp_ln214" val="1"/>
</and_exp></or_exp>
</condition>

<Node id="73" bw="8" op_0_bw="32" op_1_bw="64" op_2_bw="64">
<![CDATA[
:2  %inner_buffer_addr = getelementptr [256 x float]* %inner_buffer, i64 0, i64 %zext_ln217

]]></Node>
<StgValue><ssdm name="inner_buffer_addr"/></StgValue>
</operation>

<operation id="81" st_id="6" stage="2" lat="2">
<core>RAM</core>
<MemPortIdVec>0 </MemPortIdVec>
<condition id="-1">
<or_exp><and_exp><literal name="icmp_ln214" val="1"/>
</and_exp></or_exp>
</condition>

<Node id="74" bw="32" op_0_bw="8">
<![CDATA[
:3  %inner_buffer_load = load float* %inner_buffer_addr, align 4

]]></Node>
<StgValue><ssdm name="inner_buffer_load"/></StgValue>
</operation>
</state>

<state id="7" st_id="7">

<operation id="82" st_id="7" stage="1" lat="2">
<core>RAM</core>
<MemPortIdVec>0 </MemPortIdVec>
<condition id="-1">
<or_exp><and_exp></and_exp></or_exp>
</condition>

<Node id="60" bw="32" op_0_bw="8">
<![CDATA[
:3  %left_buffer_load = load float* %left_buffer_addr, align 4

]]></Node>
<StgValue><ssdm name="left_buffer_load"/></StgValue>
</operation>

<operation id="83" st_id="7" stage="1" lat="2">
<core>RAM</core>
<MemPortIdVec>0 </MemPortIdVec>
<condition id="-1">
<or_exp><and_exp></and_exp></or_exp>
</condition>

<Node id="66" bw="32" op_0_bw="8">
<![CDATA[
:9  %top_buffer_load = load float* %top_buffer_addr, align 4

]]></Node>
<StgValue><ssdm name="top_buffer_load"/></StgValue>
</operation>
</state>

<state id="8" st_id="8">

<operation id="84" st_id="8" stage="3" lat="3">
<core>FMul</core>
<MemPortIdVec></MemPortIdVec>
<condition id="-1">
<or_exp><and_exp></and_exp></or_exp>
</condition>

<Node id="67" bw="32" op_0_bw="32" op_1_bw="32">
<![CDATA[
:10  %tmp_7 = fmul float %left_buffer_load, %top_buffer_load

]]></Node>
<StgValue><ssdm name="tmp_7"/></StgValue>
</operation>
</state>

<state id="9" st_id="9">

<operation id="85" st_id="9" stage="2" lat="3">
<core>FMul</core>
<MemPortIdVec></MemPortIdVec>
<condition id="-1">
<or_exp><and_exp></and_exp></or_exp>
</condition>

<Node id="67" bw="32" op_0_bw="32" op_1_bw="32">
<![CDATA[
:10  %tmp_7 = fmul float %left_buffer_load, %top_buffer_load

]]></Node>
<StgValue><ssdm name="tmp_7"/></StgValue>
</operation>
</state>

<state id="10" st_id="10">

<operation id="86" st_id="10" stage="1" lat="3">
<core>FMul</core>
<MemPortIdVec></MemPortIdVec>
<condition id="-1">
<or_exp><and_exp></and_exp></or_exp>
</condition>

<Node id="67" bw="32" op_0_bw="32" op_1_bw="32">
<![CDATA[
:10  %tmp_7 = fmul float %left_buffer_load, %top_buffer_load

]]></Node>
<StgValue><ssdm name="tmp_7"/></StgValue>
</operation>
</state>

<state id="11" st_id="11">

<operation id="87" st_id="11" stage="4" lat="4">
<core>FAddSub</core>
<MemPortIdVec></MemPortIdVec>
<condition id="-1">
<or_exp><and_exp></and_exp></or_exp>
</condition>

<Node id="68" bw="32" op_0_bw="32" op_1_bw="32">
<![CDATA[
:11  %sum = fadd float %sum_0, %tmp_7

]]></Node>
<StgValue><ssdm name="sum"/></StgValue>
</operation>
</state>

<state id="12" st_id="12">

<operation id="88" st_id="12" stage="3" lat="4">
<core>FAddSub</core>
<MemPortIdVec></MemPortIdVec>
<condition id="-1">
<or_exp><and_exp></and_exp></or_exp>
</condition>

<Node id="68" bw="32" op_0_bw="32" op_1_bw="32">
<![CDATA[
:11  %sum = fadd float %sum_0, %tmp_7

]]></Node>
<StgValue><ssdm name="sum"/></StgValue>
</operation>
</state>

<state id="13" st_id="13">

<operation id="89" st_id="13" stage="2" lat="4">
<core>FAddSub</core>
<MemPortIdVec></MemPortIdVec>
<condition id="-1">
<or_exp><and_exp></and_exp></or_exp>
</condition>

<Node id="68" bw="32" op_0_bw="32" op_1_bw="32">
<![CDATA[
:11  %sum = fadd float %sum_0, %tmp_7

]]></Node>
<StgValue><ssdm name="sum"/></StgValue>
</operation>
</state>

<state id="14" st_id="14">

<operation id="90" st_id="14" stage="1" lat="4">
<core>FAddSub</core>
<MemPortIdVec></MemPortIdVec>
<condition id="-1">
<or_exp><and_exp></and_exp></or_exp>
</condition>

<Node id="68" bw="32" op_0_bw="32" op_1_bw="32">
<![CDATA[
:11  %sum = fadd float %sum_0, %tmp_7

]]></Node>
<StgValue><ssdm name="sum"/></StgValue>
</operation>

<operation id="91" st_id="14" stage="1" lat="1">
<core>NULL</core>
<MemPortIdVec></MemPortIdVec>
<condition id="-1">
<or_exp><and_exp></and_exp></or_exp>
</condition>

<Node id="69" bw="0" op_0_bw="0">
<![CDATA[
:12  br label %.preheader

]]></Node>
<StgValue><ssdm name="br_ln214"/></StgValue>
</operation>
</state>

<state id="15" st_id="15">

<operation id="92" st_id="15" stage="1" lat="2">
<core>RAM</core>
<MemPortIdVec>0 </MemPortIdVec>
<condition id="-1">
<or_exp><and_exp></and_exp></or_exp>
</condition>

<Node id="74" bw="32" op_0_bw="8">
<![CDATA[
:3  %inner_buffer_load = load float* %inner_buffer_addr, align 4

]]></Node>
<StgValue><ssdm name="inner_buffer_load"/></StgValue>
</operation>
</state>

<state id="16" st_id="16">

<operation id="93" st_id="16" stage="4" lat="4">
<core>FAddSub</core>
<MemPortIdVec></MemPortIdVec>
<condition id="-1">
<or_exp><and_exp></and_exp></or_exp>
</condition>

<Node id="75" bw="32" op_0_bw="32" op_1_bw="32">
<![CDATA[
:4  %tmp = fsub float %inner_buffer_load, %sum_0

]]></Node>
<StgValue><ssdm name="tmp"/></StgValue>
</operation>
</state>

<state id="17" st_id="17">

<operation id="94" st_id="17" stage="3" lat="4">
<core>FAddSub</core>
<MemPortIdVec></MemPortIdVec>
<condition id="-1">
<or_exp><and_exp></and_exp></or_exp>
</condition>

<Node id="75" bw="32" op_0_bw="32" op_1_bw="32">
<![CDATA[
:4  %tmp = fsub float %inner_buffer_load, %sum_0

]]></Node>
<StgValue><ssdm name="tmp"/></StgValue>
</operation>
</state>

<state id="18" st_id="18">

<operation id="95" st_id="18" stage="2" lat="4">
<core>FAddSub</core>
<MemPortIdVec></MemPortIdVec>
<condition id="-1">
<or_exp><and_exp></and_exp></or_exp>
</condition>

<Node id="75" bw="32" op_0_bw="32" op_1_bw="32">
<![CDATA[
:4  %tmp = fsub float %inner_buffer_load, %sum_0

]]></Node>
<StgValue><ssdm name="tmp"/></StgValue>
</operation>
</state>

<state id="19" st_id="19">

<operation id="96" st_id="19" stage="1" lat="4">
<core>FAddSub</core>
<MemPortIdVec></MemPortIdVec>
<condition id="-1">
<or_exp><and_exp></and_exp></or_exp>
</condition>

<Node id="75" bw="32" op_0_bw="32" op_1_bw="32">
<![CDATA[
:4  %tmp = fsub float %inner_buffer_load, %sum_0

]]></Node>
<StgValue><ssdm name="tmp"/></StgValue>
</operation>
</state>

<state id="20" st_id="20">

<operation id="97" st_id="20" stage="1" lat="1">
<core>RAM</core>
<MemPortIdVec>0 </MemPortIdVec>
<condition id="-1">
<or_exp><and_exp></and_exp></or_exp>
</condition>

<Node id="76" bw="0" op_0_bw="32" op_1_bw="8" op_2_bw="32">
<![CDATA[
:5  store float %tmp, float* %inner_buffer_addr, align 4

]]></Node>
<StgValue><ssdm name="store_ln217"/></StgValue>
</operation>

<operation id="98" st_id="20" stage="1" lat="1">
<core>NULL</core>
<MemPortIdVec></MemPortIdVec>
<condition id="-1">
<or_exp><and_exp></and_exp></or_exp>
</condition>

<Node id="77" bw="0" op_0_bw="0">
<![CDATA[
:6  br label %.preheader1

]]></Node>
<StgValue><ssdm name="br_ln211"/></StgValue>
</operation>
</state>

<state id="21" st_id="21">

<operation id="99" st_id="21" stage="1" lat="2">
<core></core>
<MemPortIdVec></MemPortIdVec>
<condition id="-1">
<or_exp><and_exp></and_exp></or_exp>
</condition>

<Node id="81" bw="0" op_0_bw="0" op_1_bw="32" op_2_bw="30" op_3_bw="32" op_4_bw="8" op_5_bw="8" op_6_bw="4" op_7_bw="0" op_8_bw="0">
<![CDATA[
:0  call fastcc void @internal_store(float* %result, i30 %result_offset_read, [256 x float]* nocapture %inner_buffer, i8 %offset_read, i8 %chunk_idx_0, i4 %add_ln208)

]]></Node>
<StgValue><ssdm name="call_ln221"/></StgValue>
</operation>

<operation id="100" st_id="21" stage="1" lat="1">
<core>NULL</core>
<MemPortIdVec></MemPortIdVec>
<condition id="-1">
<or_exp><and_exp></and_exp></or_exp>
</condition>

<Node id="82" bw="0" op_0_bw="0">
<![CDATA[
:1  br label %1

]]></Node>
<StgValue><ssdm name="br_ln207"/></StgValue>
</operation>
</state>
</state_list>


<ports>
<port id="129" name="result" dir="2" iftype="4">
<core>NULL</core><StgValue><ssdm name="result"/></StgValue>
</port>
<port id="130" name="result_offset" dir="0" iftype="0">
<core>NULL</core><StgValue><ssdm name="result_offset"/></StgValue>
</port>
<port id="131" name="offset" dir="0" iftype="0">
<core>NULL</core><StgValue><ssdm name="offset"/></StgValue>
</port>
<port id="132" name="top_buffer" dir="2" iftype="1">
<core>RAM</core><StgValue><ssdm name="top_buffer"/><MemPortTyVec>2 3 </MemPortTyVec>
</StgValue>
</port>
<port id="133" name="left_buffer" dir="2" iftype="1">
<core>RAM</core><StgValue><ssdm name="left_buffer"/><MemPortTyVec>2 3 </MemPortTyVec>
</StgValue>
</port>
<port id="134" name="inner_buffer" dir="2" iftype="1">
<core>RAM</core><StgValue><ssdm name="inner_buffer"/><MemPortTyVec>2 3 </MemPortTyVec>
</StgValue>
</port>
</ports>


<dataflows>
<dataflow id="136" from="_ssdm_op_Read.ap_auto.i8" to="offset_read" fromId="135" toId="22">
</dataflow>
<dataflow id="137" from="offset" to="offset_read" fromId="131" toId="22">
</dataflow>
<dataflow id="139" from="_ssdm_op_Read.ap_auto.i30" to="result_offset_read" fromId="138" toId="23">
</dataflow>
<dataflow id="140" from="result_offset" to="result_offset_read" fromId="130" toId="23">
</dataflow>
<dataflow id="142" from="_ssdm_op_SpecInterface" to="specinterface_ln0" fromId="141" toId="24">
</dataflow>
<dataflow id="143" from="result" to="specinterface_ln0" fromId="129" toId="24">
</dataflow>
<dataflow id="145" from="p_str3" to="specinterface_ln0" fromId="144" toId="24">
</dataflow>
<dataflow id="147" from="StgValue_146" to="specinterface_ln0" fromId="146" toId="24">
</dataflow>
<dataflow id="148" from="StgValue_146" to="specinterface_ln0" fromId="146" toId="24">
</dataflow>
<dataflow id="150" from="p_str4" to="specinterface_ln0" fromId="149" toId="24">
</dataflow>
<dataflow id="151" from="StgValue_146" to="specinterface_ln0" fromId="146" toId="24">
</dataflow>
<dataflow id="152" from="StgValue_146" to="specinterface_ln0" fromId="146" toId="24">
</dataflow>
<dataflow id="154" from="p_str5" to="specinterface_ln0" fromId="153" toId="24">
</dataflow>
<dataflow id="156" from="p_str6" to="specinterface_ln0" fromId="155" toId="24">
</dataflow>
<dataflow id="157" from="p_str4" to="specinterface_ln0" fromId="149" toId="24">
</dataflow>
<dataflow id="159" from="StgValue_158" to="specinterface_ln0" fromId="158" toId="24">
</dataflow>
<dataflow id="160" from="StgValue_158" to="specinterface_ln0" fromId="158" toId="24">
</dataflow>
<dataflow id="161" from="StgValue_158" to="specinterface_ln0" fromId="158" toId="24">
</dataflow>
<dataflow id="162" from="StgValue_158" to="specinterface_ln0" fromId="158" toId="24">
</dataflow>
<dataflow id="163" from="p_str4" to="specinterface_ln0" fromId="149" toId="24">
</dataflow>
<dataflow id="164" from="p_str4" to="specinterface_ln0" fromId="149" toId="24">
</dataflow>
<dataflow id="165" from="offset_read" to="zext_ln199" fromId="22" toId="25">
</dataflow>
<dataflow id="167" from="StgValue_166" to="sub_ln199" fromId="166" toId="26">
</dataflow>
<dataflow id="168" from="zext_ln199" to="sub_ln199" fromId="25" toId="26">
</dataflow>
<dataflow id="170" from="_ssdm_op_PartSelect.i5.i9.i32.i32" to="trunc_ln" fromId="169" toId="27">
</dataflow>
<dataflow id="171" from="sub_ln199" to="trunc_ln" fromId="26" toId="27">
</dataflow>
<dataflow id="173" from="StgValue_172" to="trunc_ln" fromId="172" toId="27">
</dataflow>
<dataflow id="175" from="StgValue_174" to="trunc_ln" fromId="174" toId="27">
</dataflow>
<dataflow id="177" from="_ssdm_op_PartSelect.i4.i9.i32.i32" to="trunc_ln199_1" fromId="176" toId="28">
</dataflow>
<dataflow id="178" from="sub_ln199" to="trunc_ln199_1" fromId="26" toId="28">
</dataflow>
<dataflow id="179" from="StgValue_172" to="trunc_ln199_1" fromId="172" toId="28">
</dataflow>
<dataflow id="181" from="StgValue_180" to="trunc_ln199_1" fromId="180" toId="28">
</dataflow>
<dataflow id="182" from="trunc_ln" to="chunk_num" fromId="27" toId="29">
</dataflow>
<dataflow id="184" from="StgValue_183" to="chunk_num" fromId="183" toId="29">
</dataflow>
<dataflow id="185" from="chunk_num" to="zext_ln207" fromId="29" toId="30">
</dataflow>
<dataflow id="186" from="zext_ln207" to="mul_ln207" fromId="30" toId="31">
</dataflow>
<dataflow id="187" from="zext_ln207" to="mul_ln207" fromId="30" toId="31">
</dataflow>
<dataflow id="188" from="trunc_ln199_1" to="add_ln208" fromId="28" toId="32">
</dataflow>
<dataflow id="190" from="StgValue_189" to="add_ln208" fromId="189" toId="32">
</dataflow>
<dataflow id="192" from="StgValue_191" to="chunk_idx_0" fromId="191" toId="34">
<condition id="-1">
<or_exp><and_exp></and_exp></or_exp>
</condition>
</dataflow>
<dataflow id="193" from="br_ln207" to="chunk_idx_0" fromId="33" toId="34">
</dataflow>
<dataflow id="194" from="chunk_idx" to="chunk_idx_0" fromId="38" toId="34">
<BackEdge/>
<condition id="-1">
<or_exp><and_exp></and_exp></or_exp>
</condition>
</dataflow>
<dataflow id="195" from="br_ln207" to="chunk_idx_0" fromId="100" toId="34">
<BackEdge/>
</dataflow>
<dataflow id="196" from="chunk_idx_0" to="zext_ln207_1" fromId="34" toId="35">
</dataflow>
<dataflow id="197" from="zext_ln207_1" to="icmp_ln207" fromId="35" toId="36">
</dataflow>
<dataflow id="198" from="mul_ln207" to="icmp_ln207" fromId="31" toId="36">
</dataflow>
<dataflow id="200" from="_ssdm_op_SpecLoopTripCount" to="empty" fromId="199" toId="37">
</dataflow>
<dataflow id="202" from="StgValue_201" to="empty" fromId="201" toId="37">
</dataflow>
<dataflow id="204" from="StgValue_203" to="empty" fromId="203" toId="37">
</dataflow>
<dataflow id="205" from="StgValue_201" to="empty" fromId="201" toId="37">
</dataflow>
<dataflow id="206" from="chunk_idx_0" to="chunk_idx" fromId="34" toId="38">
</dataflow>
<dataflow id="208" from="StgValue_207" to="chunk_idx" fromId="207" toId="38">
</dataflow>
<dataflow id="209" from="icmp_ln207" to="br_ln207" fromId="36" toId="39">
</dataflow>
<dataflow id="211" from="internal_load" to="call_ln208" fromId="210" toId="40">
</dataflow>
<dataflow id="212" from="result" to="call_ln208" fromId="129" toId="40">
</dataflow>
<dataflow id="213" from="result_offset_read" to="call_ln208" fromId="23" toId="40">
</dataflow>
<dataflow id="214" from="top_buffer" to="call_ln208" fromId="132" toId="40">
</dataflow>
<dataflow id="215" from="left_buffer" to="call_ln208" fromId="133" toId="40">
</dataflow>
<dataflow id="216" from="inner_buffer" to="call_ln208" fromId="134" toId="40">
</dataflow>
<dataflow id="217" from="offset_read" to="call_ln208" fromId="22" toId="40">
</dataflow>
<dataflow id="218" from="chunk_idx_0" to="call_ln208" fromId="34" toId="40">
</dataflow>
<dataflow id="219" from="add_ln208" to="call_ln208" fromId="32" toId="40">
</dataflow>
<dataflow id="220" from="internal_load" to="call_ln208" fromId="210" toId="42">
</dataflow>
<dataflow id="221" from="result" to="call_ln208" fromId="129" toId="42">
</dataflow>
<dataflow id="222" from="result_offset_read" to="call_ln208" fromId="23" toId="42">
</dataflow>
<dataflow id="223" from="top_buffer" to="call_ln208" fromId="132" toId="42">
</dataflow>
<dataflow id="224" from="left_buffer" to="call_ln208" fromId="133" toId="42">
</dataflow>
<dataflow id="225" from="inner_buffer" to="call_ln208" fromId="134" toId="42">
</dataflow>
<dataflow id="226" from="offset_read" to="call_ln208" fromId="22" toId="42">
</dataflow>
<dataflow id="227" from="chunk_idx_0" to="call_ln208" fromId="34" toId="42">
</dataflow>
<dataflow id="228" from="add_ln208" to="call_ln208" fromId="32" toId="42">
</dataflow>
<dataflow id="230" from="StgValue_229" to="i_0" fromId="229" toId="44">
<condition id="-1">
<or_exp><and_exp></and_exp></or_exp>
</condition>
</dataflow>
<dataflow id="231" from="br_ln210" to="i_0" fromId="43" toId="44">
</dataflow>
<dataflow id="232" from="i" to="i_0" fromId="47" toId="44">
<BackEdge/>
<condition id="-1">
<or_exp><and_exp><literal name="icmp_ln211" val="1"/>
</and_exp></or_exp>
</condition>
</dataflow>
<dataflow id="233" from="br_ln0" to="i_0" fromId="60" toId="44">
<BackEdge/>
</dataflow>
<dataflow id="234" from="i_0" to="icmp_ln210" fromId="44" toId="45">
</dataflow>
<dataflow id="236" from="StgValue_235" to="icmp_ln210" fromId="235" toId="45">
</dataflow>
<dataflow id="237" from="_ssdm_op_SpecLoopTripCount" to="empty_22" fromId="199" toId="46">
</dataflow>
<dataflow id="239" from="StgValue_238" to="empty_22" fromId="238" toId="46">
</dataflow>
<dataflow id="240" from="StgValue_238" to="empty_22" fromId="238" toId="46">
</dataflow>
<dataflow id="241" from="StgValue_238" to="empty_22" fromId="238" toId="46">
</dataflow>
<dataflow id="242" from="i_0" to="i" fromId="44" toId="47">
</dataflow>
<dataflow id="244" from="StgValue_243" to="i" fromId="243" toId="47">
</dataflow>
<dataflow id="245" from="icmp_ln210" to="br_ln210" fromId="45" toId="48">
</dataflow>
<dataflow id="246" from="i_0" to="trunc_ln215" fromId="44" toId="49">
</dataflow>
<dataflow id="248" from="_ssdm_op_BitConcatenate.i8.i4.i4" to="shl_ln" fromId="247" toId="50">
</dataflow>
<dataflow id="249" from="trunc_ln215" to="shl_ln" fromId="49" toId="50">
</dataflow>
<dataflow id="251" from="StgValue_250" to="shl_ln" fromId="250" toId="50">
</dataflow>
<dataflow id="253" from="internal_store" to="call_ln221" fromId="252" toId="52">
</dataflow>
<dataflow id="254" from="result" to="call_ln221" fromId="129" toId="52">
</dataflow>
<dataflow id="255" from="result_offset_read" to="call_ln221" fromId="23" toId="52">
</dataflow>
<dataflow id="256" from="inner_buffer" to="call_ln221" fromId="134" toId="52">
</dataflow>
<dataflow id="257" from="offset_read" to="call_ln221" fromId="22" toId="52">
</dataflow>
<dataflow id="258" from="chunk_idx_0" to="call_ln221" fromId="34" toId="52">
</dataflow>
<dataflow id="259" from="add_ln208" to="call_ln221" fromId="32" toId="52">
</dataflow>
<dataflow id="260" from="j" to="j_0" fromId="57" toId="53">
<BackEdge/>
<condition id="-1">
<or_exp><and_exp></and_exp></or_exp>
</condition>
</dataflow>
<dataflow id="261" from="br_ln211" to="j_0" fromId="98" toId="53">
<BackEdge/>
</dataflow>
<dataflow id="262" from="StgValue_229" to="j_0" fromId="229" toId="53">
<condition id="-1">
<or_exp><and_exp><literal name="icmp_ln210" val="0"/>
</and_exp></or_exp>
</condition>
</dataflow>
<dataflow id="263" from="br_ln211" to="j_0" fromId="51" toId="53">
</dataflow>
<dataflow id="264" from="j_0" to="zext_ln211" fromId="53" toId="54">
</dataflow>
<dataflow id="265" from="j_0" to="icmp_ln211" fromId="53" toId="55">
</dataflow>
<dataflow id="266" from="StgValue_235" to="icmp_ln211" fromId="235" toId="55">
</dataflow>
<dataflow id="267" from="_ssdm_op_SpecLoopTripCount" to="empty_23" fromId="199" toId="56">
</dataflow>
<dataflow id="268" from="StgValue_238" to="empty_23" fromId="238" toId="56">
</dataflow>
<dataflow id="269" from="StgValue_238" to="empty_23" fromId="238" toId="56">
</dataflow>
<dataflow id="270" from="StgValue_238" to="empty_23" fromId="238" toId="56">
</dataflow>
<dataflow id="271" from="j_0" to="j" fromId="53" toId="57">
</dataflow>
<dataflow id="272" from="StgValue_243" to="j" fromId="243" toId="57">
</dataflow>
<dataflow id="273" from="icmp_ln211" to="br_ln211" fromId="55" toId="58">
</dataflow>
<dataflow id="274" from="k" to="k_0" fromId="66" toId="61">
<BackEdge/>
<condition id="-1">
<or_exp><and_exp></and_exp></or_exp>
</condition>
</dataflow>
<dataflow id="275" from="br_ln214" to="k_0" fromId="91" toId="61">
<BackEdge/>
</dataflow>
<dataflow id="276" from="StgValue_229" to="k_0" fromId="229" toId="61">
<condition id="-1">
<or_exp><and_exp><literal name="icmp_ln211" val="0"/>
</and_exp></or_exp>
</condition>
</dataflow>
<dataflow id="277" from="br_ln214" to="k_0" fromId="59" toId="61">
</dataflow>
<dataflow id="278" from="sum" to="sum_0" fromId="90" toId="62">
<BackEdge/>
<condition id="-1">
<or_exp><and_exp></and_exp></or_exp>
</condition>
</dataflow>
<dataflow id="279" from="br_ln214" to="sum_0" fromId="91" toId="62">
<BackEdge/>
</dataflow>
<dataflow id="281" from="StgValue_280" to="sum_0" fromId="280" toId="62">
<condition id="-1">
<or_exp><and_exp><literal name="icmp_ln211" val="0"/>
</and_exp></or_exp>
</condition>
</dataflow>
<dataflow id="282" from="br_ln214" to="sum_0" fromId="59" toId="62">
</dataflow>
<dataflow id="283" from="k_0" to="zext_ln214" fromId="61" toId="63">
</dataflow>
<dataflow id="284" from="k_0" to="icmp_ln214" fromId="61" toId="64">
</dataflow>
<dataflow id="285" from="StgValue_235" to="icmp_ln214" fromId="235" toId="64">
</dataflow>
<dataflow id="286" from="_ssdm_op_SpecLoopTripCount" to="empty_24" fromId="199" toId="65">
</dataflow>
<dataflow id="287" from="StgValue_238" to="empty_24" fromId="238" toId="65">
</dataflow>
<dataflow id="288" from="StgValue_238" to="empty_24" fromId="238" toId="65">
</dataflow>
<dataflow id="289" from="StgValue_238" to="empty_24" fromId="238" toId="65">
</dataflow>
<dataflow id="290" from="k_0" to="k" fromId="61" toId="66">
</dataflow>
<dataflow id="291" from="StgValue_243" to="k" fromId="243" toId="66">
</dataflow>
<dataflow id="292" from="icmp_ln214" to="br_ln214" fromId="64" toId="67">
</dataflow>
<dataflow id="293" from="zext_ln214" to="add_ln215" fromId="63" toId="68">
</dataflow>
<dataflow id="294" from="shl_ln" to="add_ln215" fromId="50" toId="68">
</dataflow>
<dataflow id="295" from="add_ln215" to="zext_ln215" fromId="68" toId="69">
</dataflow>
<dataflow id="296" from="left_buffer" to="left_buffer_addr" fromId="133" toId="70">
</dataflow>
<dataflow id="297" from="StgValue_201" to="left_buffer_addr" fromId="201" toId="70">
</dataflow>
<dataflow id="298" from="zext_ln215" to="left_buffer_addr" fromId="69" toId="70">
</dataflow>
<dataflow id="299" from="left_buffer_addr" to="left_buffer_load" fromId="70" toId="71">
</dataflow>
<dataflow id="300" from="k_0" to="trunc_ln215_1" fromId="61" toId="72">
</dataflow>
<dataflow id="301" from="_ssdm_op_BitConcatenate.i8.i4.i4" to="shl_ln215_1" fromId="247" toId="73">
</dataflow>
<dataflow id="302" from="trunc_ln215_1" to="shl_ln215_1" fromId="72" toId="73">
</dataflow>
<dataflow id="303" from="StgValue_250" to="shl_ln215_1" fromId="250" toId="73">
</dataflow>
<dataflow id="304" from="shl_ln215_1" to="add_ln215_1" fromId="73" toId="74">
</dataflow>
<dataflow id="305" from="zext_ln211" to="add_ln215_1" fromId="54" toId="74">
</dataflow>
<dataflow id="306" from="add_ln215_1" to="zext_ln215_1" fromId="74" toId="75">
</dataflow>
<dataflow id="307" from="top_buffer" to="top_buffer_addr" fromId="132" toId="76">
</dataflow>
<dataflow id="308" from="StgValue_201" to="top_buffer_addr" fromId="201" toId="76">
</dataflow>
<dataflow id="309" from="zext_ln215_1" to="top_buffer_addr" fromId="75" toId="76">
</dataflow>
<dataflow id="310" from="top_buffer_addr" to="top_buffer_load" fromId="76" toId="77">
</dataflow>
<dataflow id="311" from="shl_ln" to="add_ln217" fromId="50" toId="78">
</dataflow>
<dataflow id="312" from="zext_ln211" to="add_ln217" fromId="54" toId="78">
</dataflow>
<dataflow id="313" from="add_ln217" to="zext_ln217" fromId="78" toId="79">
</dataflow>
<dataflow id="314" from="inner_buffer" to="inner_buffer_addr" fromId="134" toId="80">
</dataflow>
<dataflow id="315" from="StgValue_201" to="inner_buffer_addr" fromId="201" toId="80">
</dataflow>
<dataflow id="316" from="zext_ln217" to="inner_buffer_addr" fromId="79" toId="80">
</dataflow>
<dataflow id="317" from="inner_buffer_addr" to="inner_buffer_load" fromId="80" toId="81">
</dataflow>
<dataflow id="318" from="left_buffer_addr" to="left_buffer_load" fromId="70" toId="82">
</dataflow>
<dataflow id="319" from="top_buffer_addr" to="top_buffer_load" fromId="76" toId="83">
</dataflow>
<dataflow id="320" from="left_buffer_load" to="tmp_7" fromId="82" toId="84">
</dataflow>
<dataflow id="321" from="top_buffer_load" to="tmp_7" fromId="83" toId="84">
</dataflow>
<dataflow id="322" from="left_buffer_load" to="tmp_7" fromId="82" toId="85">
</dataflow>
<dataflow id="323" from="top_buffer_load" to="tmp_7" fromId="83" toId="85">
</dataflow>
<dataflow id="324" from="left_buffer_load" to="tmp_7" fromId="82" toId="86">
</dataflow>
<dataflow id="325" from="top_buffer_load" to="tmp_7" fromId="83" toId="86">
</dataflow>
<dataflow id="326" from="sum_0" to="sum" fromId="62" toId="87">
</dataflow>
<dataflow id="327" from="tmp_7" to="sum" fromId="86" toId="87">
</dataflow>
<dataflow id="328" from="sum_0" to="sum" fromId="62" toId="88">
</dataflow>
<dataflow id="329" from="tmp_7" to="sum" fromId="86" toId="88">
</dataflow>
<dataflow id="330" from="sum_0" to="sum" fromId="62" toId="89">
</dataflow>
<dataflow id="331" from="tmp_7" to="sum" fromId="86" toId="89">
</dataflow>
<dataflow id="332" from="sum_0" to="sum" fromId="62" toId="90">
</dataflow>
<dataflow id="333" from="tmp_7" to="sum" fromId="86" toId="90">
</dataflow>
<dataflow id="334" from="inner_buffer_addr" to="inner_buffer_load" fromId="80" toId="92">
</dataflow>
<dataflow id="335" from="inner_buffer_load" to="tmp" fromId="92" toId="93">
</dataflow>
<dataflow id="336" from="sum_0" to="tmp" fromId="62" toId="93">
</dataflow>
<dataflow id="337" from="inner_buffer_load" to="tmp" fromId="92" toId="94">
</dataflow>
<dataflow id="338" from="sum_0" to="tmp" fromId="62" toId="94">
</dataflow>
<dataflow id="339" from="inner_buffer_load" to="tmp" fromId="92" toId="95">
</dataflow>
<dataflow id="340" from="sum_0" to="tmp" fromId="62" toId="95">
</dataflow>
<dataflow id="341" from="inner_buffer_load" to="tmp" fromId="92" toId="96">
</dataflow>
<dataflow id="342" from="sum_0" to="tmp" fromId="62" toId="96">
</dataflow>
<dataflow id="343" from="tmp" to="store_ln217" fromId="96" toId="97">
</dataflow>
<dataflow id="344" from="inner_buffer_addr" to="store_ln217" fromId="80" toId="97">
</dataflow>
<dataflow id="345" from="internal_store" to="call_ln221" fromId="252" toId="99">
</dataflow>
<dataflow id="346" from="result" to="call_ln221" fromId="129" toId="99">
</dataflow>
<dataflow id="347" from="result_offset_read" to="call_ln221" fromId="23" toId="99">
</dataflow>
<dataflow id="348" from="inner_buffer" to="call_ln221" fromId="134" toId="99">
</dataflow>
<dataflow id="349" from="offset_read" to="call_ln221" fromId="22" toId="99">
</dataflow>
<dataflow id="350" from="chunk_idx_0" to="call_ln221" fromId="34" toId="99">
</dataflow>
<dataflow id="351" from="add_ln208" to="call_ln221" fromId="32" toId="99">
</dataflow>
<dataflow id="352" from="icmp_ln207" to="StgValue_2" fromId="36" toId="2">
</dataflow>
<dataflow id="353" from="icmp_ln210" to="StgValue_4" fromId="45" toId="4">
</dataflow>
<dataflow id="354" from="icmp_ln211" to="StgValue_5" fromId="55" toId="5">
</dataflow>
<dataflow id="355" from="icmp_ln214" to="StgValue_6" fromId="64" toId="6">
</dataflow>
</dataflows>


</stg>
