<stg><name>lud_diagonal</name>


<trans_list>

<trans id="176" from="1" to="2">
<condition id="-1">
<or_exp><and_exp></and_exp></or_exp>
</condition>
</trans>

<trans id="177" from="2" to="3">
<condition id="-1">
<or_exp><and_exp></and_exp></or_exp>
</condition>
</trans>

<trans id="178" from="3" to="44">
<condition id="-1">
<or_exp><and_exp><literal name="icmp_ln35" val="1"/>
</and_exp></or_exp>
</condition>
</trans>

<trans id="179" from="3" to="4">
<condition id="-1">
<or_exp><and_exp><literal name="icmp_ln35" val="0"/>
</and_exp></or_exp>
</condition>
</trans>

<trans id="180" from="4" to="15">
<condition id="-1">
<or_exp><and_exp><literal name="icmp_ln37" val="1"/>
</and_exp></or_exp>
</condition>
</trans>

<trans id="181" from="4" to="5">
<condition id="-1">
<or_exp><and_exp><literal name="icmp_ln37" val="0"/>
</and_exp></or_exp>
</condition>
</trans>

<trans id="182" from="5" to="6">
<condition id="-1">
<or_exp><and_exp><literal name="icmp_ln38" val="0"/>
</and_exp></or_exp>
</condition>
</trans>

<trans id="193" from="5" to="4">
<condition id="-1">
<or_exp><and_exp><literal name="icmp_ln38" val="1"/>
</and_exp></or_exp>
</condition>
</trans>

<trans id="184" from="6" to="7">
<condition id="-1">
<or_exp><and_exp></and_exp></or_exp>
</condition>
</trans>

<trans id="185" from="7" to="8">
<condition id="-1">
<or_exp><and_exp></and_exp></or_exp>
</condition>
</trans>

<trans id="186" from="8" to="9">
<condition id="-1">
<or_exp><and_exp></and_exp></or_exp>
</condition>
</trans>

<trans id="187" from="9" to="10">
<condition id="-1">
<or_exp><and_exp></and_exp></or_exp>
</condition>
</trans>

<trans id="188" from="10" to="11">
<condition id="-1">
<or_exp><and_exp></and_exp></or_exp>
</condition>
</trans>

<trans id="189" from="11" to="12">
<condition id="-1">
<or_exp><and_exp></and_exp></or_exp>
</condition>
</trans>

<trans id="190" from="12" to="13">
<condition id="-1">
<or_exp><and_exp></and_exp></or_exp>
</condition>
</trans>

<trans id="191" from="13" to="14">
<condition id="-1">
<or_exp><and_exp></and_exp></or_exp>
</condition>
</trans>

<trans id="192" from="14" to="5">
<condition id="-1">
<or_exp><and_exp></and_exp></or_exp>
</condition>
</trans>

<trans id="195" from="15" to="16">
<condition id="-1">
<or_exp><and_exp></and_exp></or_exp>
</condition>
</trans>

<trans id="196" from="16" to="17">
<condition id="-1">
<or_exp><and_exp></and_exp></or_exp>
</condition>
</trans>

<trans id="197" from="17" to="18">
<condition id="-1">
<or_exp><and_exp></and_exp></or_exp>
</condition>
</trans>

<trans id="198" from="18" to="19">
<condition id="-1">
<or_exp><and_exp></and_exp></or_exp>
</condition>
</trans>

<trans id="199" from="19" to="20">
<condition id="-1">
<or_exp><and_exp></and_exp></or_exp>
</condition>
</trans>

<trans id="200" from="20" to="21">
<condition id="-1">
<or_exp><and_exp></and_exp></or_exp>
</condition>
</trans>

<trans id="201" from="21" to="22">
<condition id="-1">
<or_exp><and_exp></and_exp></or_exp>
</condition>
</trans>

<trans id="202" from="22" to="23">
<condition id="-1">
<or_exp><and_exp></and_exp></or_exp>
</condition>
</trans>

<trans id="203" from="23" to="24">
<condition id="-1">
<or_exp><and_exp></and_exp></or_exp>
</condition>
</trans>

<trans id="204" from="24" to="25">
<condition id="-1">
<or_exp><and_exp></and_exp></or_exp>
</condition>
</trans>

<trans id="205" from="25" to="26">
<condition id="-1">
<or_exp><and_exp></and_exp></or_exp>
</condition>
</trans>

<trans id="206" from="26" to="27">
<condition id="-1">
<or_exp><and_exp></and_exp></or_exp>
</condition>
</trans>

<trans id="207" from="27" to="28">
<condition id="-1">
<or_exp><and_exp></and_exp></or_exp>
</condition>
</trans>

<trans id="208" from="28" to="29">
<condition id="-1">
<or_exp><and_exp><literal name="icmp_ln47" val="0"/>
</and_exp></or_exp>
</condition>
</trans>

<trans id="227" from="28" to="3">
<condition id="-1">
<or_exp><and_exp><literal name="icmp_ln47" val="1"/>
</and_exp></or_exp>
</condition>
</trans>

<trans id="209" from="29" to="30">
<condition id="-1">
<or_exp><and_exp><literal name="icmp_ln48" val="0"/>
</and_exp></or_exp>
</condition>
</trans>

<trans id="210" from="29" to="39">
<condition id="-1">
<or_exp><and_exp><literal name="icmp_ln48" val="1"/>
</and_exp></or_exp>
</condition>
</trans>

<trans id="212" from="30" to="31">
<condition id="-1">
<or_exp><and_exp></and_exp></or_exp>
</condition>
</trans>

<trans id="213" from="31" to="32">
<condition id="-1">
<or_exp><and_exp></and_exp></or_exp>
</condition>
</trans>

<trans id="214" from="32" to="33">
<condition id="-1">
<or_exp><and_exp></and_exp></or_exp>
</condition>
</trans>

<trans id="215" from="33" to="34">
<condition id="-1">
<or_exp><and_exp></and_exp></or_exp>
</condition>
</trans>

<trans id="216" from="34" to="35">
<condition id="-1">
<or_exp><and_exp></and_exp></or_exp>
</condition>
</trans>

<trans id="217" from="35" to="36">
<condition id="-1">
<or_exp><and_exp></and_exp></or_exp>
</condition>
</trans>

<trans id="218" from="36" to="37">
<condition id="-1">
<or_exp><and_exp></and_exp></or_exp>
</condition>
</trans>

<trans id="219" from="37" to="38">
<condition id="-1">
<or_exp><and_exp></and_exp></or_exp>
</condition>
</trans>

<trans id="220" from="38" to="29">
<condition id="-1">
<or_exp><and_exp></and_exp></or_exp>
</condition>
</trans>

<trans id="222" from="39" to="40">
<condition id="-1">
<or_exp><and_exp></and_exp></or_exp>
</condition>
</trans>

<trans id="223" from="40" to="41">
<condition id="-1">
<or_exp><and_exp></and_exp></or_exp>
</condition>
</trans>

<trans id="224" from="41" to="42">
<condition id="-1">
<or_exp><and_exp></and_exp></or_exp>
</condition>
</trans>

<trans id="225" from="42" to="43">
<condition id="-1">
<or_exp><and_exp></and_exp></or_exp>
</condition>
</trans>

<trans id="226" from="43" to="28">
<condition id="-1">
<or_exp><and_exp></and_exp></or_exp>
</condition>
</trans>
</trans_list>



<state_list>

<state id="1" st_id="1">

<operation id="45" st_id="1" stage="1" lat="1">
<core>NULL</core>
<MemPortIdVec></MemPortIdVec>
<condition id="-1">
<or_exp><and_exp></and_exp></or_exp>
</condition>

<Node id="5" bw="10" op_0_bw="10" op_1_bw="10">
<![CDATA[
:0  %offset_read = call i10 @_ssdm_op_Read.ap_auto.i10(i10 %offset)

]]></Node>
<StgValue><ssdm name="offset_read"/></StgValue>
</operation>

<operation id="46" st_id="1" stage="1" lat="1">
<core>NULL</core>
<MemPortIdVec></MemPortIdVec>
<condition id="-1">
<or_exp><and_exp></and_exp></or_exp>
</condition>

<Node id="6" bw="30" op_0_bw="30" op_1_bw="30">
<![CDATA[
:1  %result_offset_read = call i30 @_ssdm_op_Read.ap_auto.i30(i30 %result_offset)

]]></Node>
<StgValue><ssdm name="result_offset_read"/></StgValue>
</operation>

<operation id="47" st_id="1" stage="1" lat="1">
<core>NULL</core>
<MemPortIdVec></MemPortIdVec>
<condition id="-1">
<or_exp><and_exp></and_exp></or_exp>
</condition>

<Node id="8" bw="8" op_0_bw="10">
<![CDATA[
:3  %trunc_ln33 = trunc i10 %offset_read to i8

]]></Node>
<StgValue><ssdm name="trunc_ln33"/></StgValue>
</operation>

<operation id="48" st_id="1" stage="2" lat="2">
<core></core>
<MemPortIdVec></MemPortIdVec>
<condition id="-1">
<or_exp><and_exp></and_exp></or_exp>
</condition>

<Node id="9" bw="0" op_0_bw="0" op_1_bw="32" op_2_bw="30" op_3_bw="32" op_4_bw="8">
<![CDATA[
:4  call fastcc void @diagonal_load(float* %result, i30 %result_offset_read, [256 x float]* nocapture %buffer_r, i8 %trunc_ln33)

]]></Node>
<StgValue><ssdm name="call_ln33"/></StgValue>
</operation>
</state>

<state id="2" st_id="2">

<operation id="49" st_id="2" stage="1" lat="1">
<core>NULL</core>
<MemPortIdVec></MemPortIdVec>
<condition id="-1">
<or_exp><and_exp></and_exp></or_exp>
</condition>

<Node id="7" bw="0" op_0_bw="0" op_1_bw="32" op_2_bw="0" op_3_bw="32" op_4_bw="32" op_5_bw="0" op_6_bw="32" op_7_bw="32" op_8_bw="0" op_9_bw="0" op_10_bw="0" op_11_bw="32" op_12_bw="32" op_13_bw="32" op_14_bw="32" op_15_bw="0" op_16_bw="0">
<![CDATA[
:2  call void (...)* @_ssdm_op_SpecInterface(float* %result, [6 x i8]* @p_str3, i32 0, i32 0, [1 x i8]* @p_str4, i32 0, i32 0, [5 x i8]* @p_str5, [6 x i8]* @p_str6, [1 x i8]* @p_str4, i32 16, i32 16, i32 16, i32 16, [1 x i8]* @p_str4, [1 x i8]* @p_str4)

]]></Node>
<StgValue><ssdm name="specinterface_ln0"/></StgValue>
</operation>

<operation id="50" st_id="2" stage="1" lat="2">
<core></core>
<MemPortIdVec></MemPortIdVec>
<condition id="-1">
<or_exp><and_exp></and_exp></or_exp>
</condition>

<Node id="9" bw="0" op_0_bw="0" op_1_bw="32" op_2_bw="30" op_3_bw="32" op_4_bw="8">
<![CDATA[
:4  call fastcc void @diagonal_load(float* %result, i30 %result_offset_read, [256 x float]* nocapture %buffer_r, i8 %trunc_ln33)

]]></Node>
<StgValue><ssdm name="call_ln33"/></StgValue>
</operation>

<operation id="51" st_id="2" stage="1" lat="1">
<core>NULL</core>
<MemPortIdVec></MemPortIdVec>
<condition id="-1">
<or_exp><and_exp></and_exp></or_exp>
</condition>

<Node id="10" bw="0" op_0_bw="0">
<![CDATA[
:5  br label %.loopexit

]]></Node>
<StgValue><ssdm name="br_ln35"/></StgValue>
</operation>
</state>

<state id="3" st_id="3">

<operation id="52" st_id="3" stage="1" lat="1">
<core>NULL</core>
<MemPortIdVec></MemPortIdVec>
<condition id="-1">
<or_exp><and_exp></and_exp></or_exp>
</condition>

<Node id="12" bw="5" op_0_bw="5" op_1_bw="0" op_2_bw="5" op_3_bw="0">
<![CDATA[
.loopexit:0  %j = phi i5 [ 0, %0 ], [ %i, %.loopexit.loopexit ]

]]></Node>
<StgValue><ssdm name="j"/></StgValue>
</operation>

<operation id="53" st_id="3" stage="1" lat="1">
<core>NULL</core>
<MemPortIdVec></MemPortIdVec>
<condition id="-1">
<or_exp><and_exp></and_exp></or_exp>
</condition>

<Node id="13" bw="32" op_0_bw="5">
<![CDATA[
.loopexit:1  %zext_ln37 = zext i5 %j to i32

]]></Node>
<StgValue><ssdm name="zext_ln37"/></StgValue>
</operation>

<operation id="54" st_id="3" stage="1" lat="1">
<core>NULL</core>
<MemPortIdVec></MemPortIdVec>
<condition id="-1">
<or_exp><and_exp></and_exp></or_exp>
</condition>

<Node id="14" bw="8" op_0_bw="5">
<![CDATA[
.loopexit:2  %zext_ln37_1 = zext i5 %j to i8

]]></Node>
<StgValue><ssdm name="zext_ln37_1"/></StgValue>
</operation>

<operation id="55" st_id="3" stage="1" lat="1">
<core>Cmp</core>
<MemPortIdVec></MemPortIdVec>
<condition id="-1">
<or_exp><and_exp></and_exp></or_exp>
</condition>

<Node id="15" bw="1" op_0_bw="5" op_1_bw="5">
<![CDATA[
.loopexit:3  %icmp_ln35 = icmp eq i5 %j, -16

]]></Node>
<StgValue><ssdm name="icmp_ln35"/></StgValue>
</operation>

<operation id="56" st_id="3" stage="1" lat="1">
<core>NULL</core>
<MemPortIdVec></MemPortIdVec>
<condition id="-1">
<or_exp><and_exp></and_exp></or_exp>
</condition>

<Node id="16" bw="32" op_0_bw="32" op_1_bw="64" op_2_bw="64" op_3_bw="64">
<![CDATA[
.loopexit:4  %empty = call i32 (...)* @_ssdm_op_SpecLoopTripCount(i64 16, i64 16, i64 16)

]]></Node>
<StgValue><ssdm name="empty"/></StgValue>
</operation>

<operation id="57" st_id="3" stage="1" lat="1">
<core>AddSub</core>
<MemPortIdVec></MemPortIdVec>
<condition id="-1">
<or_exp><and_exp></and_exp></or_exp>
</condition>

<Node id="17" bw="5" op_0_bw="5" op_1_bw="5">
<![CDATA[
.loopexit:5  %i = add i5 %j, 1

]]></Node>
<StgValue><ssdm name="i"/></StgValue>
</operation>

<operation id="58" st_id="3" stage="1" lat="1">
<core>NULL</core>
<MemPortIdVec></MemPortIdVec>
<condition id="-1">
<or_exp><and_exp></and_exp></or_exp>
</condition>

<Node id="18" bw="0" op_0_bw="1" op_1_bw="0" op_2_bw="0">
<![CDATA[
.loopexit:6  br i1 %icmp_ln35, label %7, label %.preheader.preheader

]]></Node>
<StgValue><ssdm name="br_ln35"/></StgValue>
</operation>

<operation id="59" st_id="3" stage="1" lat="1">
<core>NULL</core>
<MemPortIdVec></MemPortIdVec>
<condition id="-1">
<or_exp><and_exp><literal name="icmp_ln35" val="0"/>
</and_exp></or_exp>
</condition>

<Node id="20" bw="4" op_0_bw="5">
<![CDATA[
.preheader.preheader:0  %trunc_ln39 = trunc i5 %j to i4

]]></Node>
<StgValue><ssdm name="trunc_ln39"/></StgValue>
</operation>

<operation id="60" st_id="3" stage="1" lat="1">
<core>NULL</core>
<MemPortIdVec></MemPortIdVec>
<condition id="-1">
<or_exp><and_exp><literal name="icmp_ln35" val="0"/>
</and_exp></or_exp>
</condition>

<Node id="21" bw="8" op_0_bw="8" op_1_bw="4" op_2_bw="4">
<![CDATA[
.preheader.preheader:1  %shl_ln = call i8 @_ssdm_op_BitConcatenate.i8.i4.i4(i4 %trunc_ln39, i4 0)

]]></Node>
<StgValue><ssdm name="shl_ln"/></StgValue>
</operation>

<operation id="61" st_id="3" stage="1" lat="1">
<core>NULL</core>
<MemPortIdVec></MemPortIdVec>
<condition id="-1">
<or_exp><and_exp><literal name="icmp_ln35" val="0"/>
</and_exp></or_exp>
</condition>

<Node id="22" bw="32" op_0_bw="8">
<![CDATA[
.preheader.preheader:2  %zext_ln39_1 = zext i8 %shl_ln to i32

]]></Node>
<StgValue><ssdm name="zext_ln39_1"/></StgValue>
</operation>

<operation id="62" st_id="3" stage="1" lat="1">
<core>NULL</core>
<MemPortIdVec></MemPortIdVec>
<condition id="-1">
<or_exp><and_exp><literal name="icmp_ln35" val="0"/>
</and_exp></or_exp>
</condition>

<Node id="23" bw="0" op_0_bw="0">
<![CDATA[
.preheader.preheader:3  br label %.preheader

]]></Node>
<StgValue><ssdm name="br_ln37"/></StgValue>
</operation>

<operation id="63" st_id="3" stage="2" lat="2">
<core></core>
<MemPortIdVec></MemPortIdVec>
<condition id="-1">
<or_exp><and_exp><literal name="icmp_ln35" val="1"/>
</and_exp></or_exp>
</condition>

<Node id="116" bw="0" op_0_bw="0" op_1_bw="32" op_2_bw="30" op_3_bw="32" op_4_bw="8" op_5_bw="0" op_6_bw="0">
<![CDATA[
:0  call fastcc void @diagonal_store(float* %result, i30 %result_offset_read, [256 x float]* nocapture %buffer_r, i8 %trunc_ln33)

]]></Node>
<StgValue><ssdm name="call_ln55"/></StgValue>
</operation>
</state>

<state id="4" st_id="4">

<operation id="64" st_id="4" stage="1" lat="1">
<core>NULL</core>
<MemPortIdVec></MemPortIdVec>
<condition id="-1">
<or_exp><and_exp></and_exp></or_exp>
</condition>

<Node id="25" bw="32" op_0_bw="32" op_1_bw="0" op_2_bw="32" op_3_bw="0">
<![CDATA[
.preheader:0  %j_0 = phi i32 [ %j_7, %top_end ], [ %zext_ln37, %.preheader.preheader ]

]]></Node>
<StgValue><ssdm name="j_0"/></StgValue>
</operation>

<operation id="65" st_id="4" stage="1" lat="1">
<core>Cmp</core>
<MemPortIdVec></MemPortIdVec>
<condition id="-1">
<or_exp><and_exp></and_exp></or_exp>
</condition>

<Node id="26" bw="1" op_0_bw="32" op_1_bw="32">
<![CDATA[
.preheader:1  %icmp_ln37 = icmp eq i32 %j_0, 16

]]></Node>
<StgValue><ssdm name="icmp_ln37"/></StgValue>
</operation>

<operation id="66" st_id="4" stage="1" lat="1">
<core>NULL</core>
<MemPortIdVec></MemPortIdVec>
<condition id="-1">
<or_exp><and_exp></and_exp></or_exp>
</condition>

<Node id="27" bw="32" op_0_bw="32" op_1_bw="64" op_2_bw="64" op_3_bw="64">
<![CDATA[
.preheader:2  %empty_25 = call i32 (...)* @_ssdm_op_SpecLoopTripCount(i64 1, i64 16, i64 0)

]]></Node>
<StgValue><ssdm name="empty_25"/></StgValue>
</operation>

<operation id="67" st_id="4" stage="1" lat="1">
<core>NULL</core>
<MemPortIdVec></MemPortIdVec>
<condition id="-1">
<or_exp><and_exp></and_exp></or_exp>
</condition>

<Node id="28" bw="0" op_0_bw="1" op_1_bw="0" op_2_bw="0">
<![CDATA[
.preheader:3  br i1 %icmp_ln37, label %3, label %top_begin

]]></Node>
<StgValue><ssdm name="br_ln37"/></StgValue>
</operation>

<operation id="68" st_id="4" stage="1" lat="1">
<core>NULL</core>
<MemPortIdVec></MemPortIdVec>
<condition id="-1">
<or_exp><and_exp><literal name="icmp_ln37" val="0"/>
</and_exp></or_exp>
</condition>

<Node id="30" bw="0" op_0_bw="0" op_1_bw="0">
<![CDATA[
top_begin:0  call void (...)* @_ssdm_op_SpecLoopName([4 x i8]* @p_str) nounwind

]]></Node>
<StgValue><ssdm name="specloopname_ln37"/></StgValue>
</operation>

<operation id="69" st_id="4" stage="1" lat="1">
<core>NULL</core>
<MemPortIdVec></MemPortIdVec>
<condition id="-1">
<or_exp><and_exp><literal name="icmp_ln37" val="0"/>
</and_exp></or_exp>
</condition>

<Node id="31" bw="32" op_0_bw="32" op_1_bw="0">
<![CDATA[
top_begin:1  %tmp_3 = call i32 (...)* @_ssdm_op_SpecRegionBegin([4 x i8]* @p_str)

]]></Node>
<StgValue><ssdm name="tmp_3"/></StgValue>
</operation>

<operation id="70" st_id="4" stage="1" lat="1">
<core>AddSub</core>
<MemPortIdVec></MemPortIdVec>
<condition id="-1">
<or_exp><and_exp><literal name="icmp_ln37" val="0"/>
</and_exp></or_exp>
</condition>

<Node id="32" bw="32" op_0_bw="32" op_1_bw="32">
<![CDATA[
top_begin:2  %add_ln39 = add nsw i32 %j_0, %zext_ln39_1

]]></Node>
<StgValue><ssdm name="add_ln39"/></StgValue>
</operation>

<operation id="71" st_id="4" stage="1" lat="1">
<core>NULL</core>
<MemPortIdVec></MemPortIdVec>
<condition id="-1">
<or_exp><and_exp><literal name="icmp_ln37" val="0"/>
</and_exp></or_exp>
</condition>

<Node id="33" bw="64" op_0_bw="32">
<![CDATA[
top_begin:3  %sext_ln39 = sext i32 %add_ln39 to i64

]]></Node>
<StgValue><ssdm name="sext_ln39"/></StgValue>
</operation>

<operation id="72" st_id="4" stage="1" lat="1">
<core>NULL</core>
<MemPortIdVec></MemPortIdVec>
<condition id="-1">
<or_exp><and_exp><literal name="icmp_ln37" val="0"/>
</and_exp></or_exp>
</condition>

<Node id="34" bw="8" op_0_bw="32" op_1_bw="64" op_2_bw="64">
<![CDATA[
top_begin:4  %buffer_addr_1 = getelementptr [256 x float]* %buffer_r, i64 0, i64 %sext_ln39

]]></Node>
<StgValue><ssdm name="buffer_addr_1"/></StgValue>
</operation>

<operation id="73" st_id="4" stage="1" lat="1">
<core>NULL</core>
<MemPortIdVec></MemPortIdVec>
<condition id="-1">
<or_exp><and_exp><literal name="icmp_ln37" val="0"/>
</and_exp></or_exp>
</condition>

<Node id="35" bw="0" op_0_bw="0">
<![CDATA[
top_begin:5  br label %1

]]></Node>
<StgValue><ssdm name="br_ln38"/></StgValue>
</operation>

<operation id="74" st_id="4" stage="1" lat="1">
<core>AddSub</core>
<MemPortIdVec></MemPortIdVec>
<condition id="-1">
<or_exp><and_exp><literal name="icmp_ln37" val="1"/>
</and_exp></or_exp>
</condition>

<Node id="64" bw="8" op_0_bw="8" op_1_bw="8">
<![CDATA[
:0  %add_ln44 = add i8 %zext_ln37_1, %shl_ln

]]></Node>
<StgValue><ssdm name="add_ln44"/></StgValue>
</operation>

<operation id="75" st_id="4" stage="1" lat="1">
<core>NULL</core>
<MemPortIdVec></MemPortIdVec>
<condition id="-1">
<or_exp><and_exp><literal name="icmp_ln37" val="1"/>
</and_exp></or_exp>
</condition>

<Node id="65" bw="64" op_0_bw="8">
<![CDATA[
:1  %zext_ln44 = zext i8 %add_ln44 to i64

]]></Node>
<StgValue><ssdm name="zext_ln44"/></StgValue>
</operation>

<operation id="76" st_id="4" stage="1" lat="1">
<core>NULL</core>
<MemPortIdVec></MemPortIdVec>
<condition id="-1">
<or_exp><and_exp><literal name="icmp_ln37" val="1"/>
</and_exp></or_exp>
</condition>

<Node id="66" bw="8" op_0_bw="32" op_1_bw="64" op_2_bw="64">
<![CDATA[
:2  %buffer_addr = getelementptr [256 x float]* %buffer_r, i64 0, i64 %zext_ln44

]]></Node>
<StgValue><ssdm name="buffer_addr"/></StgValue>
</operation>

<operation id="77" st_id="4" stage="2" lat="2">
<core>RAM</core>
<MemPortIdVec></MemPortIdVec>
<condition id="-1">
<or_exp><and_exp><literal name="icmp_ln37" val="1"/>
</and_exp></or_exp>
</condition>

<Node id="67" bw="32" op_0_bw="8">
<![CDATA[
:3  %buffer_load = load float* %buffer_addr, align 4

]]></Node>
<StgValue><ssdm name="buffer_load"/></StgValue>
</operation>
</state>

<state id="5" st_id="5">

<operation id="78" st_id="5" stage="1" lat="1">
<core>NULL</core>
<MemPortIdVec></MemPortIdVec>
<condition id="-1">
<or_exp><and_exp></and_exp></or_exp>
</condition>

<Node id="37" bw="4" op_0_bw="4" op_1_bw="0" op_2_bw="4" op_3_bw="0">
<![CDATA[
:0  %k_0 = phi i4 [ 0, %top_begin ], [ %k, %2 ]

]]></Node>
<StgValue><ssdm name="k_0"/></StgValue>
</operation>

<operation id="79" st_id="5" stage="1" lat="1">
<core>NULL</core>
<MemPortIdVec></MemPortIdVec>
<condition id="-1">
<or_exp><and_exp></and_exp></or_exp>
</condition>

<Node id="38" bw="5" op_0_bw="4">
<![CDATA[
:1  %zext_ln38 = zext i4 %k_0 to i5

]]></Node>
<StgValue><ssdm name="zext_ln38"/></StgValue>
</operation>

<operation id="80" st_id="5" stage="1" lat="1">
<core>Cmp</core>
<MemPortIdVec></MemPortIdVec>
<condition id="-1">
<or_exp><and_exp></and_exp></or_exp>
</condition>

<Node id="39" bw="1" op_0_bw="5" op_1_bw="5">
<![CDATA[
:2  %icmp_ln38 = icmp eq i5 %zext_ln38, %j

]]></Node>
<StgValue><ssdm name="icmp_ln38"/></StgValue>
</operation>

<operation id="81" st_id="5" stage="1" lat="1">
<core>NULL</core>
<MemPortIdVec></MemPortIdVec>
<condition id="-1">
<or_exp><and_exp></and_exp></or_exp>
</condition>

<Node id="40" bw="32" op_0_bw="32" op_1_bw="64" op_2_bw="64" op_3_bw="64">
<![CDATA[
:3  %empty_26 = call i32 (...)* @_ssdm_op_SpecLoopTripCount(i64 0, i64 15, i64 0)

]]></Node>
<StgValue><ssdm name="empty_26"/></StgValue>
</operation>

<operation id="82" st_id="5" stage="1" lat="1">
<core>AddSub</core>
<MemPortIdVec></MemPortIdVec>
<condition id="-1">
<or_exp><and_exp></and_exp></or_exp>
</condition>

<Node id="41" bw="4" op_0_bw="4" op_1_bw="4">
<![CDATA[
:4  %k = add i4 %k_0, 1

]]></Node>
<StgValue><ssdm name="k"/></StgValue>
</operation>

<operation id="83" st_id="5" stage="1" lat="1">
<core>NULL</core>
<MemPortIdVec></MemPortIdVec>
<condition id="-1">
<or_exp><and_exp></and_exp></or_exp>
</condition>

<Node id="42" bw="0" op_0_bw="1" op_1_bw="0" op_2_bw="0">
<![CDATA[
:5  br i1 %icmp_ln38, label %top_end, label %2

]]></Node>
<StgValue><ssdm name="br_ln38"/></StgValue>
</operation>

<operation id="84" st_id="5" stage="1" lat="1">
<core>NULL</core>
<MemPortIdVec></MemPortIdVec>
<condition id="-1">
<or_exp><and_exp><literal name="icmp_ln38" val="0"/>
</and_exp></or_exp>
</condition>

<Node id="45" bw="8" op_0_bw="8" op_1_bw="4" op_2_bw="4">
<![CDATA[
:1  %add_ln39_1 = call i8 @_ssdm_op_BitConcatenate.i8.i4.i4(i4 %trunc_ln39, i4 %k_0)

]]></Node>
<StgValue><ssdm name="add_ln39_1"/></StgValue>
</operation>

<operation id="85" st_id="5" stage="1" lat="1">
<core>NULL</core>
<MemPortIdVec></MemPortIdVec>
<condition id="-1">
<or_exp><and_exp><literal name="icmp_ln38" val="0"/>
</and_exp></or_exp>
</condition>

<Node id="46" bw="64" op_0_bw="8">
<![CDATA[
:2  %zext_ln39 = zext i8 %add_ln39_1 to i64

]]></Node>
<StgValue><ssdm name="zext_ln39"/></StgValue>
</operation>

<operation id="86" st_id="5" stage="1" lat="1">
<core>NULL</core>
<MemPortIdVec></MemPortIdVec>
<condition id="-1">
<or_exp><and_exp><literal name="icmp_ln38" val="0"/>
</and_exp></or_exp>
</condition>

<Node id="47" bw="8" op_0_bw="32" op_1_bw="64" op_2_bw="64">
<![CDATA[
:3  %buffer_addr_3 = getelementptr [256 x float]* %buffer_r, i64 0, i64 %zext_ln39

]]></Node>
<StgValue><ssdm name="buffer_addr_3"/></StgValue>
</operation>

<operation id="87" st_id="5" stage="2" lat="2">
<core>RAM</core>
<MemPortIdVec></MemPortIdVec>
<condition id="-1">
<or_exp><and_exp><literal name="icmp_ln38" val="0"/>
</and_exp></or_exp>
</condition>

<Node id="48" bw="32" op_0_bw="8">
<![CDATA[
:4  %buffer_load_2 = load float* %buffer_addr_3, align 4

]]></Node>
<StgValue><ssdm name="buffer_load_2"/></StgValue>
</operation>

<operation id="88" st_id="5" stage="1" lat="1">
<core>NULL</core>
<MemPortIdVec></MemPortIdVec>
<condition id="-1">
<or_exp><and_exp><literal name="icmp_ln38" val="0"/>
</and_exp></or_exp>
</condition>

<Node id="49" bw="8" op_0_bw="8" op_1_bw="4" op_2_bw="4">
<![CDATA[
:5  %shl_ln39_1 = call i8 @_ssdm_op_BitConcatenate.i8.i4.i4(i4 %k_0, i4 0)

]]></Node>
<StgValue><ssdm name="shl_ln39_1"/></StgValue>
</operation>

<operation id="89" st_id="5" stage="1" lat="1">
<core>NULL</core>
<MemPortIdVec></MemPortIdVec>
<condition id="-1">
<or_exp><and_exp><literal name="icmp_ln38" val="0"/>
</and_exp></or_exp>
</condition>

<Node id="50" bw="32" op_0_bw="8">
<![CDATA[
:6  %zext_ln39_2 = zext i8 %shl_ln39_1 to i32

]]></Node>
<StgValue><ssdm name="zext_ln39_2"/></StgValue>
</operation>

<operation id="90" st_id="5" stage="1" lat="1">
<core>AddSub</core>
<MemPortIdVec></MemPortIdVec>
<condition id="-1">
<or_exp><and_exp><literal name="icmp_ln38" val="0"/>
</and_exp></or_exp>
</condition>

<Node id="51" bw="32" op_0_bw="32" op_1_bw="32">
<![CDATA[
:7  %add_ln39_2 = add nsw i32 %j_0, %zext_ln39_2

]]></Node>
<StgValue><ssdm name="add_ln39_2"/></StgValue>
</operation>

<operation id="91" st_id="5" stage="1" lat="1">
<core>NULL</core>
<MemPortIdVec></MemPortIdVec>
<condition id="-1">
<or_exp><and_exp><literal name="icmp_ln38" val="0"/>
</and_exp></or_exp>
</condition>

<Node id="52" bw="64" op_0_bw="32">
<![CDATA[
:8  %sext_ln39_1 = sext i32 %add_ln39_2 to i64

]]></Node>
<StgValue><ssdm name="sext_ln39_1"/></StgValue>
</operation>

<operation id="92" st_id="5" stage="1" lat="1">
<core>NULL</core>
<MemPortIdVec></MemPortIdVec>
<condition id="-1">
<or_exp><and_exp><literal name="icmp_ln38" val="0"/>
</and_exp></or_exp>
</condition>

<Node id="53" bw="8" op_0_bw="32" op_1_bw="64" op_2_bw="64">
<![CDATA[
:9  %buffer_addr_4 = getelementptr [256 x float]* %buffer_r, i64 0, i64 %sext_ln39_1

]]></Node>
<StgValue><ssdm name="buffer_addr_4"/></StgValue>
</operation>

<operation id="93" st_id="5" stage="2" lat="2">
<core>RAM</core>
<MemPortIdVec></MemPortIdVec>
<condition id="-1">
<or_exp><and_exp><literal name="icmp_ln38" val="0"/>
</and_exp></or_exp>
</condition>

<Node id="54" bw="32" op_0_bw="8">
<![CDATA[
:10  %buffer_load_3 = load float* %buffer_addr_4, align 4

]]></Node>
<StgValue><ssdm name="buffer_load_3"/></StgValue>
</operation>

<operation id="94" st_id="5" stage="1" lat="1">
<core>NULL</core>
<MemPortIdVec></MemPortIdVec>
<condition id="-1">
<or_exp><and_exp><literal name="icmp_ln38" val="1"/>
</and_exp></or_exp>
</condition>

<Node id="60" bw="32" op_0_bw="32" op_1_bw="0" op_2_bw="32">
<![CDATA[
top_end:0  %empty_27 = call i32 (...)* @_ssdm_op_SpecRegionEnd([4 x i8]* @p_str, i32 %tmp_3)

]]></Node>
<StgValue><ssdm name="empty_27"/></StgValue>
</operation>

<operation id="95" st_id="5" stage="1" lat="1">
<core>AddSub</core>
<MemPortIdVec></MemPortIdVec>
<condition id="-1">
<or_exp><and_exp><literal name="icmp_ln38" val="1"/>
</and_exp></or_exp>
</condition>

<Node id="61" bw="32" op_0_bw="32" op_1_bw="32">
<![CDATA[
top_end:1  %j_7 = add nsw i32 %j_0, 1

]]></Node>
<StgValue><ssdm name="j_7"/></StgValue>
</operation>

<operation id="96" st_id="5" stage="1" lat="1">
<core>NULL</core>
<MemPortIdVec></MemPortIdVec>
<condition id="-1">
<or_exp><and_exp><literal name="icmp_ln38" val="1"/>
</and_exp></or_exp>
</condition>

<Node id="62" bw="0" op_0_bw="0">
<![CDATA[
top_end:2  br label %.preheader

]]></Node>
<StgValue><ssdm name="br_ln37"/></StgValue>
</operation>
</state>

<state id="6" st_id="6">

<operation id="97" st_id="6" stage="1" lat="2">
<core>RAM</core>
<MemPortIdVec></MemPortIdVec>
<condition id="-1">
<or_exp><and_exp></and_exp></or_exp>
</condition>

<Node id="48" bw="32" op_0_bw="8">
<![CDATA[
:4  %buffer_load_2 = load float* %buffer_addr_3, align 4

]]></Node>
<StgValue><ssdm name="buffer_load_2"/></StgValue>
</operation>

<operation id="98" st_id="6" stage="1" lat="2">
<core>RAM</core>
<MemPortIdVec></MemPortIdVec>
<condition id="-1">
<or_exp><and_exp></and_exp></or_exp>
</condition>

<Node id="54" bw="32" op_0_bw="8">
<![CDATA[
:10  %buffer_load_3 = load float* %buffer_addr_4, align 4

]]></Node>
<StgValue><ssdm name="buffer_load_3"/></StgValue>
</operation>
</state>

<state id="7" st_id="7">

<operation id="99" st_id="7" stage="3" lat="3">
<core>FMul</core>
<MemPortIdVec></MemPortIdVec>
<condition id="-1">
<or_exp><and_exp></and_exp></or_exp>
</condition>

<Node id="55" bw="32" op_0_bw="32" op_1_bw="32">
<![CDATA[
:11  %tmp = fmul float %buffer_load_2, %buffer_load_3

]]></Node>
<StgValue><ssdm name="tmp"/></StgValue>
</operation>
</state>

<state id="8" st_id="8">

<operation id="100" st_id="8" stage="2" lat="2">
<core>RAM</core>
<MemPortIdVec></MemPortIdVec>
<condition id="-1">
<or_exp><and_exp></and_exp></or_exp>
</condition>

<Node id="44" bw="32" op_0_bw="8">
<![CDATA[
:0  %buffer_load_1 = load float* %buffer_addr_1, align 4

]]></Node>
<StgValue><ssdm name="buffer_load_1"/></StgValue>
</operation>

<operation id="101" st_id="8" stage="2" lat="3">
<core>FMul</core>
<MemPortIdVec></MemPortIdVec>
<condition id="-1">
<or_exp><and_exp></and_exp></or_exp>
</condition>

<Node id="55" bw="32" op_0_bw="32" op_1_bw="32">
<![CDATA[
:11  %tmp = fmul float %buffer_load_2, %buffer_load_3

]]></Node>
<StgValue><ssdm name="tmp"/></StgValue>
</operation>
</state>

<state id="9" st_id="9">

<operation id="102" st_id="9" stage="1" lat="2">
<core>RAM</core>
<MemPortIdVec></MemPortIdVec>
<condition id="-1">
<or_exp><and_exp></and_exp></or_exp>
</condition>

<Node id="44" bw="32" op_0_bw="8">
<![CDATA[
:0  %buffer_load_1 = load float* %buffer_addr_1, align 4

]]></Node>
<StgValue><ssdm name="buffer_load_1"/></StgValue>
</operation>

<operation id="103" st_id="9" stage="1" lat="3">
<core>FMul</core>
<MemPortIdVec></MemPortIdVec>
<condition id="-1">
<or_exp><and_exp></and_exp></or_exp>
</condition>

<Node id="55" bw="32" op_0_bw="32" op_1_bw="32">
<![CDATA[
:11  %tmp = fmul float %buffer_load_2, %buffer_load_3

]]></Node>
<StgValue><ssdm name="tmp"/></StgValue>
</operation>
</state>

<state id="10" st_id="10">

<operation id="104" st_id="10" stage="4" lat="4">
<core>FAddSub</core>
<MemPortIdVec></MemPortIdVec>
<condition id="-1">
<or_exp><and_exp></and_exp></or_exp>
</condition>

<Node id="56" bw="32" op_0_bw="32" op_1_bw="32">
<![CDATA[
:12  %tmp_9 = fsub float %buffer_load_1, %tmp

]]></Node>
<StgValue><ssdm name="tmp_9"/></StgValue>
</operation>
</state>

<state id="11" st_id="11">

<operation id="105" st_id="11" stage="3" lat="4">
<core>FAddSub</core>
<MemPortIdVec></MemPortIdVec>
<condition id="-1">
<or_exp><and_exp></and_exp></or_exp>
</condition>

<Node id="56" bw="32" op_0_bw="32" op_1_bw="32">
<![CDATA[
:12  %tmp_9 = fsub float %buffer_load_1, %tmp

]]></Node>
<StgValue><ssdm name="tmp_9"/></StgValue>
</operation>
</state>

<state id="12" st_id="12">

<operation id="106" st_id="12" stage="2" lat="4">
<core>FAddSub</core>
<MemPortIdVec></MemPortIdVec>
<condition id="-1">
<or_exp><and_exp></and_exp></or_exp>
</condition>

<Node id="56" bw="32" op_0_bw="32" op_1_bw="32">
<![CDATA[
:12  %tmp_9 = fsub float %buffer_load_1, %tmp

]]></Node>
<StgValue><ssdm name="tmp_9"/></StgValue>
</operation>
</state>

<state id="13" st_id="13">

<operation id="107" st_id="13" stage="1" lat="4">
<core>FAddSub</core>
<MemPortIdVec></MemPortIdVec>
<condition id="-1">
<or_exp><and_exp></and_exp></or_exp>
</condition>

<Node id="56" bw="32" op_0_bw="32" op_1_bw="32">
<![CDATA[
:12  %tmp_9 = fsub float %buffer_load_1, %tmp

]]></Node>
<StgValue><ssdm name="tmp_9"/></StgValue>
</operation>
</state>

<state id="14" st_id="14">

<operation id="108" st_id="14" stage="1" lat="1">
<core>RAM</core>
<MemPortIdVec></MemPortIdVec>
<condition id="-1">
<or_exp><and_exp></and_exp></or_exp>
</condition>

<Node id="57" bw="0" op_0_bw="32" op_1_bw="8" op_2_bw="32" op_3_bw="32" op_4_bw="32">
<![CDATA[
:13  store float %tmp_9, float* %buffer_addr_1, align 4

]]></Node>
<StgValue><ssdm name="store_ln39"/></StgValue>
</operation>

<operation id="109" st_id="14" stage="1" lat="1">
<core>NULL</core>
<MemPortIdVec></MemPortIdVec>
<condition id="-1">
<or_exp><and_exp></and_exp></or_exp>
</condition>

<Node id="58" bw="0" op_0_bw="0">
<![CDATA[
:14  br label %1

]]></Node>
<StgValue><ssdm name="br_ln38"/></StgValue>
</operation>
</state>

<state id="15" st_id="15">

<operation id="110" st_id="15" stage="1" lat="2">
<core>RAM</core>
<MemPortIdVec></MemPortIdVec>
<condition id="-1">
<or_exp><and_exp></and_exp></or_exp>
</condition>

<Node id="67" bw="32" op_0_bw="8">
<![CDATA[
:3  %buffer_load = load float* %buffer_addr, align 4

]]></Node>
<StgValue><ssdm name="buffer_load"/></StgValue>
</operation>
</state>

<state id="16" st_id="16">

<operation id="111" st_id="16" stage="12" lat="12">
<core>FDiv</core>
<MemPortIdVec></MemPortIdVec>
<condition id="-1">
<or_exp><and_exp></and_exp></or_exp>
</condition>

<Node id="68" bw="32" op_0_bw="32" op_1_bw="32">
<![CDATA[
:4  %temp = fdiv float 1.000000e+00, %buffer_load

]]></Node>
<StgValue><ssdm name="temp"/></StgValue>
</operation>
</state>

<state id="17" st_id="17">

<operation id="112" st_id="17" stage="11" lat="12">
<core>FDiv</core>
<MemPortIdVec></MemPortIdVec>
<condition id="-1">
<or_exp><and_exp></and_exp></or_exp>
</condition>

<Node id="68" bw="32" op_0_bw="32" op_1_bw="32">
<![CDATA[
:4  %temp = fdiv float 1.000000e+00, %buffer_load

]]></Node>
<StgValue><ssdm name="temp"/></StgValue>
</operation>
</state>

<state id="18" st_id="18">

<operation id="113" st_id="18" stage="10" lat="12">
<core>FDiv</core>
<MemPortIdVec></MemPortIdVec>
<condition id="-1">
<or_exp><and_exp></and_exp></or_exp>
</condition>

<Node id="68" bw="32" op_0_bw="32" op_1_bw="32">
<![CDATA[
:4  %temp = fdiv float 1.000000e+00, %buffer_load

]]></Node>
<StgValue><ssdm name="temp"/></StgValue>
</operation>
</state>

<state id="19" st_id="19">

<operation id="114" st_id="19" stage="9" lat="12">
<core>FDiv</core>
<MemPortIdVec></MemPortIdVec>
<condition id="-1">
<or_exp><and_exp></and_exp></or_exp>
</condition>

<Node id="68" bw="32" op_0_bw="32" op_1_bw="32">
<![CDATA[
:4  %temp = fdiv float 1.000000e+00, %buffer_load

]]></Node>
<StgValue><ssdm name="temp"/></StgValue>
</operation>
</state>

<state id="20" st_id="20">

<operation id="115" st_id="20" stage="8" lat="12">
<core>FDiv</core>
<MemPortIdVec></MemPortIdVec>
<condition id="-1">
<or_exp><and_exp></and_exp></or_exp>
</condition>

<Node id="68" bw="32" op_0_bw="32" op_1_bw="32">
<![CDATA[
:4  %temp = fdiv float 1.000000e+00, %buffer_load

]]></Node>
<StgValue><ssdm name="temp"/></StgValue>
</operation>
</state>

<state id="21" st_id="21">

<operation id="116" st_id="21" stage="7" lat="12">
<core>FDiv</core>
<MemPortIdVec></MemPortIdVec>
<condition id="-1">
<or_exp><and_exp></and_exp></or_exp>
</condition>

<Node id="68" bw="32" op_0_bw="32" op_1_bw="32">
<![CDATA[
:4  %temp = fdiv float 1.000000e+00, %buffer_load

]]></Node>
<StgValue><ssdm name="temp"/></StgValue>
</operation>
</state>

<state id="22" st_id="22">

<operation id="117" st_id="22" stage="6" lat="12">
<core>FDiv</core>
<MemPortIdVec></MemPortIdVec>
<condition id="-1">
<or_exp><and_exp></and_exp></or_exp>
</condition>

<Node id="68" bw="32" op_0_bw="32" op_1_bw="32">
<![CDATA[
:4  %temp = fdiv float 1.000000e+00, %buffer_load

]]></Node>
<StgValue><ssdm name="temp"/></StgValue>
</operation>
</state>

<state id="23" st_id="23">

<operation id="118" st_id="23" stage="5" lat="12">
<core>FDiv</core>
<MemPortIdVec></MemPortIdVec>
<condition id="-1">
<or_exp><and_exp></and_exp></or_exp>
</condition>

<Node id="68" bw="32" op_0_bw="32" op_1_bw="32">
<![CDATA[
:4  %temp = fdiv float 1.000000e+00, %buffer_load

]]></Node>
<StgValue><ssdm name="temp"/></StgValue>
</operation>
</state>

<state id="24" st_id="24">

<operation id="119" st_id="24" stage="4" lat="12">
<core>FDiv</core>
<MemPortIdVec></MemPortIdVec>
<condition id="-1">
<or_exp><and_exp></and_exp></or_exp>
</condition>

<Node id="68" bw="32" op_0_bw="32" op_1_bw="32">
<![CDATA[
:4  %temp = fdiv float 1.000000e+00, %buffer_load

]]></Node>
<StgValue><ssdm name="temp"/></StgValue>
</operation>
</state>

<state id="25" st_id="25">

<operation id="120" st_id="25" stage="3" lat="12">
<core>FDiv</core>
<MemPortIdVec></MemPortIdVec>
<condition id="-1">
<or_exp><and_exp></and_exp></or_exp>
</condition>

<Node id="68" bw="32" op_0_bw="32" op_1_bw="32">
<![CDATA[
:4  %temp = fdiv float 1.000000e+00, %buffer_load

]]></Node>
<StgValue><ssdm name="temp"/></StgValue>
</operation>
</state>

<state id="26" st_id="26">

<operation id="121" st_id="26" stage="2" lat="12">
<core>FDiv</core>
<MemPortIdVec></MemPortIdVec>
<condition id="-1">
<or_exp><and_exp></and_exp></or_exp>
</condition>

<Node id="68" bw="32" op_0_bw="32" op_1_bw="32">
<![CDATA[
:4  %temp = fdiv float 1.000000e+00, %buffer_load

]]></Node>
<StgValue><ssdm name="temp"/></StgValue>
</operation>
</state>

<state id="27" st_id="27">

<operation id="122" st_id="27" stage="1" lat="12">
<core>FDiv</core>
<MemPortIdVec></MemPortIdVec>
<condition id="-1">
<or_exp><and_exp></and_exp></or_exp>
</condition>

<Node id="68" bw="32" op_0_bw="32" op_1_bw="32">
<![CDATA[
:4  %temp = fdiv float 1.000000e+00, %buffer_load

]]></Node>
<StgValue><ssdm name="temp"/></StgValue>
</operation>

<operation id="123" st_id="27" stage="1" lat="1">
<core>NULL</core>
<MemPortIdVec></MemPortIdVec>
<condition id="-1">
<or_exp><and_exp></and_exp></or_exp>
</condition>

<Node id="69" bw="0" op_0_bw="0">
<![CDATA[
:5  br label %4

]]></Node>
<StgValue><ssdm name="br_ln47"/></StgValue>
</operation>
</state>

<state id="28" st_id="28">

<operation id="124" st_id="28" stage="1" lat="1">
<core>NULL</core>
<MemPortIdVec></MemPortIdVec>
<condition id="-1">
<or_exp><and_exp></and_exp></or_exp>
</condition>

<Node id="71" bw="32" op_0_bw="32" op_1_bw="0" op_2_bw="32" op_3_bw="0">
<![CDATA[
:0  %j_1_in = phi i32 [ %zext_ln37, %3 ], [ %j_6, %left_end ]

]]></Node>
<StgValue><ssdm name="j_1_in"/></StgValue>
</operation>

<operation id="125" st_id="28" stage="1" lat="1">
<core>AddSub</core>
<MemPortIdVec></MemPortIdVec>
<condition id="-1">
<or_exp><and_exp></and_exp></or_exp>
</condition>

<Node id="72" bw="32" op_0_bw="32" op_1_bw="32">
<![CDATA[
:1  %j_6 = add nsw i32 %j_1_in, 1

]]></Node>
<StgValue><ssdm name="j_6"/></StgValue>
</operation>

<operation id="126" st_id="28" stage="1" lat="1">
<core>Cmp</core>
<MemPortIdVec></MemPortIdVec>
<condition id="-1">
<or_exp><and_exp></and_exp></or_exp>
</condition>

<Node id="73" bw="1" op_0_bw="32" op_1_bw="32">
<![CDATA[
:2  %icmp_ln47 = icmp eq i32 %j_1_in, 15

]]></Node>
<StgValue><ssdm name="icmp_ln47"/></StgValue>
</operation>

<operation id="127" st_id="28" stage="1" lat="1">
<core>NULL</core>
<MemPortIdVec></MemPortIdVec>
<condition id="-1">
<or_exp><and_exp></and_exp></or_exp>
</condition>

<Node id="74" bw="32" op_0_bw="32" op_1_bw="64" op_2_bw="64" op_3_bw="64">
<![CDATA[
:3  %empty_28 = call i32 (...)* @_ssdm_op_SpecLoopTripCount(i64 0, i64 15, i64 0)

]]></Node>
<StgValue><ssdm name="empty_28"/></StgValue>
</operation>

<operation id="128" st_id="28" stage="1" lat="1">
<core>NULL</core>
<MemPortIdVec></MemPortIdVec>
<condition id="-1">
<or_exp><and_exp></and_exp></or_exp>
</condition>

<Node id="75" bw="0" op_0_bw="1" op_1_bw="0" op_2_bw="0">
<![CDATA[
:4  br i1 %icmp_ln47, label %.loopexit.loopexit, label %left_begin

]]></Node>
<StgValue><ssdm name="br_ln47"/></StgValue>
</operation>

<operation id="129" st_id="28" stage="1" lat="1">
<core>NULL</core>
<MemPortIdVec></MemPortIdVec>
<condition id="-1">
<or_exp><and_exp><literal name="icmp_ln47" val="0"/>
</and_exp></or_exp>
</condition>

<Node id="77" bw="0" op_0_bw="0" op_1_bw="0">
<![CDATA[
left_begin:0  call void (...)* @_ssdm_op_SpecLoopName([5 x i8]* @p_str1) nounwind

]]></Node>
<StgValue><ssdm name="specloopname_ln47"/></StgValue>
</operation>

<operation id="130" st_id="28" stage="1" lat="1">
<core>NULL</core>
<MemPortIdVec></MemPortIdVec>
<condition id="-1">
<or_exp><and_exp><literal name="icmp_ln47" val="0"/>
</and_exp></or_exp>
</condition>

<Node id="78" bw="32" op_0_bw="32" op_1_bw="0">
<![CDATA[
left_begin:1  %tmp_4 = call i32 (...)* @_ssdm_op_SpecRegionBegin([5 x i8]* @p_str1)

]]></Node>
<StgValue><ssdm name="tmp_4"/></StgValue>
</operation>

<operation id="131" st_id="28" stage="1" lat="1">
<core>NULL</core>
<MemPortIdVec></MemPortIdVec>
<condition id="-1">
<or_exp><and_exp><literal name="icmp_ln47" val="0"/>
</and_exp></or_exp>
</condition>

<Node id="79" bw="28" op_0_bw="32">
<![CDATA[
left_begin:2  %trunc_ln49 = trunc i32 %j_6 to i28

]]></Node>
<StgValue><ssdm name="trunc_ln49"/></StgValue>
</operation>

<operation id="132" st_id="28" stage="1" lat="1">
<core>NULL</core>
<MemPortIdVec></MemPortIdVec>
<condition id="-1">
<or_exp><and_exp><literal name="icmp_ln47" val="0"/>
</and_exp></or_exp>
</condition>

<Node id="80" bw="32" op_0_bw="32" op_1_bw="32">
<![CDATA[
left_begin:3  %shl_ln49 = shl i32 %j_6, 4

]]></Node>
<StgValue><ssdm name="shl_ln49"/></StgValue>
</operation>

<operation id="133" st_id="28" stage="1" lat="1">
<core>AddSub</core>
<MemPortIdVec></MemPortIdVec>
<condition id="-1">
<or_exp><and_exp><literal name="icmp_ln47" val="0"/>
</and_exp></or_exp>
</condition>

<Node id="81" bw="32" op_0_bw="32" op_1_bw="32">
<![CDATA[
left_begin:4  %add_ln49 = add nsw i32 %shl_ln49, %zext_ln37

]]></Node>
<StgValue><ssdm name="add_ln49"/></StgValue>
</operation>

<operation id="134" st_id="28" stage="1" lat="1">
<core>NULL</core>
<MemPortIdVec></MemPortIdVec>
<condition id="-1">
<or_exp><and_exp><literal name="icmp_ln47" val="0"/>
</and_exp></or_exp>
</condition>

<Node id="82" bw="64" op_0_bw="32">
<![CDATA[
left_begin:5  %sext_ln49 = sext i32 %add_ln49 to i64

]]></Node>
<StgValue><ssdm name="sext_ln49"/></StgValue>
</operation>

<operation id="135" st_id="28" stage="1" lat="1">
<core>NULL</core>
<MemPortIdVec></MemPortIdVec>
<condition id="-1">
<or_exp><and_exp><literal name="icmp_ln47" val="0"/>
</and_exp></or_exp>
</condition>

<Node id="83" bw="8" op_0_bw="32" op_1_bw="64" op_2_bw="64">
<![CDATA[
left_begin:6  %buffer_addr_2 = getelementptr [256 x float]* %buffer_r, i64 0, i64 %sext_ln49

]]></Node>
<StgValue><ssdm name="buffer_addr_2"/></StgValue>
</operation>

<operation id="136" st_id="28" stage="1" lat="1">
<core>NULL</core>
<MemPortIdVec></MemPortIdVec>
<condition id="-1">
<or_exp><and_exp><literal name="icmp_ln47" val="0"/>
</and_exp></or_exp>
</condition>

<Node id="84" bw="0" op_0_bw="0">
<![CDATA[
left_begin:7  br label %5

]]></Node>
<StgValue><ssdm name="br_ln48"/></StgValue>
</operation>

<operation id="137" st_id="28" stage="1" lat="1">
<core>NULL</core>
<MemPortIdVec></MemPortIdVec>
<condition id="-1">
<or_exp><and_exp><literal name="icmp_ln47" val="1"/>
</and_exp></or_exp>
</condition>

<Node id="114" bw="0" op_0_bw="0">
<![CDATA[
.loopexit.loopexit:0  br label %.loopexit

]]></Node>
<StgValue><ssdm name="br_ln0"/></StgValue>
</operation>
</state>

<state id="29" st_id="29">

<operation id="138" st_id="29" stage="1" lat="1">
<core>NULL</core>
<MemPortIdVec></MemPortIdVec>
<condition id="-1">
<or_exp><and_exp></and_exp></or_exp>
</condition>

<Node id="86" bw="4" op_0_bw="4" op_1_bw="0" op_2_bw="4" op_3_bw="0">
<![CDATA[
:0  %k_1 = phi i4 [ 0, %left_begin ], [ %k_3, %6 ]

]]></Node>
<StgValue><ssdm name="k_1"/></StgValue>
</operation>

<operation id="139" st_id="29" stage="1" lat="1">
<core>NULL</core>
<MemPortIdVec></MemPortIdVec>
<condition id="-1">
<or_exp><and_exp></and_exp></or_exp>
</condition>

<Node id="87" bw="5" op_0_bw="4">
<![CDATA[
:1  %zext_ln48 = zext i4 %k_1 to i5

]]></Node>
<StgValue><ssdm name="zext_ln48"/></StgValue>
</operation>

<operation id="140" st_id="29" stage="1" lat="1">
<core>Cmp</core>
<MemPortIdVec></MemPortIdVec>
<condition id="-1">
<or_exp><and_exp></and_exp></or_exp>
</condition>

<Node id="88" bw="1" op_0_bw="5" op_1_bw="5">
<![CDATA[
:2  %icmp_ln48 = icmp eq i5 %zext_ln48, %j

]]></Node>
<StgValue><ssdm name="icmp_ln48"/></StgValue>
</operation>

<operation id="141" st_id="29" stage="1" lat="1">
<core>NULL</core>
<MemPortIdVec></MemPortIdVec>
<condition id="-1">
<or_exp><and_exp></and_exp></or_exp>
</condition>

<Node id="89" bw="32" op_0_bw="32" op_1_bw="64" op_2_bw="64" op_3_bw="64">
<![CDATA[
:3  %empty_29 = call i32 (...)* @_ssdm_op_SpecLoopTripCount(i64 0, i64 15, i64 0)

]]></Node>
<StgValue><ssdm name="empty_29"/></StgValue>
</operation>

<operation id="142" st_id="29" stage="1" lat="1">
<core>AddSub</core>
<MemPortIdVec></MemPortIdVec>
<condition id="-1">
<or_exp><and_exp></and_exp></or_exp>
</condition>

<Node id="90" bw="4" op_0_bw="4" op_1_bw="4">
<![CDATA[
:4  %k_3 = add i4 %k_1, 1

]]></Node>
<StgValue><ssdm name="k_3"/></StgValue>
</operation>

<operation id="143" st_id="29" stage="1" lat="1">
<core>NULL</core>
<MemPortIdVec></MemPortIdVec>
<condition id="-1">
<or_exp><and_exp></and_exp></or_exp>
</condition>

<Node id="91" bw="0" op_0_bw="1" op_1_bw="0" op_2_bw="0">
<![CDATA[
:5  br i1 %icmp_ln48, label %left_end, label %6

]]></Node>
<StgValue><ssdm name="br_ln48"/></StgValue>
</operation>

<operation id="144" st_id="29" stage="1" lat="1">
<core>NULL</core>
<MemPortIdVec></MemPortIdVec>
<condition id="-1">
<or_exp><and_exp><literal name="icmp_ln48" val="0"/>
</and_exp></or_exp>
</condition>

<Node id="94" bw="32" op_0_bw="32" op_1_bw="28" op_2_bw="4">
<![CDATA[
:1  %add_ln49_1 = call i32 @_ssdm_op_BitConcatenate.i32.i28.i4(i28 %trunc_ln49, i4 %k_1)

]]></Node>
<StgValue><ssdm name="add_ln49_1"/></StgValue>
</operation>

<operation id="145" st_id="29" stage="1" lat="1">
<core>NULL</core>
<MemPortIdVec></MemPortIdVec>
<condition id="-1">
<or_exp><and_exp><literal name="icmp_ln48" val="0"/>
</and_exp></or_exp>
</condition>

<Node id="95" bw="64" op_0_bw="32">
<![CDATA[
:2  %sext_ln49_1 = sext i32 %add_ln49_1 to i64

]]></Node>
<StgValue><ssdm name="sext_ln49_1"/></StgValue>
</operation>

<operation id="146" st_id="29" stage="1" lat="1">
<core>NULL</core>
<MemPortIdVec></MemPortIdVec>
<condition id="-1">
<or_exp><and_exp><literal name="icmp_ln48" val="0"/>
</and_exp></or_exp>
</condition>

<Node id="96" bw="8" op_0_bw="32" op_1_bw="64" op_2_bw="64">
<![CDATA[
:3  %buffer_addr_5 = getelementptr [256 x float]* %buffer_r, i64 0, i64 %sext_ln49_1

]]></Node>
<StgValue><ssdm name="buffer_addr_5"/></StgValue>
</operation>

<operation id="147" st_id="29" stage="2" lat="2">
<core>RAM</core>
<MemPortIdVec></MemPortIdVec>
<condition id="-1">
<or_exp><and_exp><literal name="icmp_ln48" val="0"/>
</and_exp></or_exp>
</condition>

<Node id="97" bw="32" op_0_bw="8">
<![CDATA[
:4  %buffer_load_6 = load float* %buffer_addr_5, align 4

]]></Node>
<StgValue><ssdm name="buffer_load_6"/></StgValue>
</operation>

<operation id="148" st_id="29" stage="1" lat="1">
<core>NULL</core>
<MemPortIdVec></MemPortIdVec>
<condition id="-1">
<or_exp><and_exp><literal name="icmp_ln48" val="0"/>
</and_exp></or_exp>
</condition>

<Node id="98" bw="8" op_0_bw="8" op_1_bw="4" op_2_bw="4">
<![CDATA[
:5  %shl_ln49_1 = call i8 @_ssdm_op_BitConcatenate.i8.i4.i4(i4 %k_1, i4 0)

]]></Node>
<StgValue><ssdm name="shl_ln49_1"/></StgValue>
</operation>

<operation id="149" st_id="29" stage="1" lat="1">
<core>AddSub</core>
<MemPortIdVec></MemPortIdVec>
<condition id="-1">
<or_exp><and_exp><literal name="icmp_ln48" val="0"/>
</and_exp></or_exp>
</condition>

<Node id="99" bw="8" op_0_bw="8" op_1_bw="8">
<![CDATA[
:6  %add_ln49_2 = add i8 %shl_ln49_1, %zext_ln37_1

]]></Node>
<StgValue><ssdm name="add_ln49_2"/></StgValue>
</operation>

<operation id="150" st_id="29" stage="1" lat="1">
<core>NULL</core>
<MemPortIdVec></MemPortIdVec>
<condition id="-1">
<or_exp><and_exp><literal name="icmp_ln48" val="0"/>
</and_exp></or_exp>
</condition>

<Node id="100" bw="64" op_0_bw="8">
<![CDATA[
:7  %zext_ln49 = zext i8 %add_ln49_2 to i64

]]></Node>
<StgValue><ssdm name="zext_ln49"/></StgValue>
</operation>

<operation id="151" st_id="29" stage="1" lat="1">
<core>NULL</core>
<MemPortIdVec></MemPortIdVec>
<condition id="-1">
<or_exp><and_exp><literal name="icmp_ln48" val="0"/>
</and_exp></or_exp>
</condition>

<Node id="101" bw="8" op_0_bw="32" op_1_bw="64" op_2_bw="64">
<![CDATA[
:8  %buffer_addr_6 = getelementptr [256 x float]* %buffer_r, i64 0, i64 %zext_ln49

]]></Node>
<StgValue><ssdm name="buffer_addr_6"/></StgValue>
</operation>

<operation id="152" st_id="29" stage="2" lat="2">
<core>RAM</core>
<MemPortIdVec></MemPortIdVec>
<condition id="-1">
<or_exp><and_exp><literal name="icmp_ln48" val="0"/>
</and_exp></or_exp>
</condition>

<Node id="102" bw="32" op_0_bw="8">
<![CDATA[
:9  %buffer_load_7 = load float* %buffer_addr_6, align 4

]]></Node>
<StgValue><ssdm name="buffer_load_7"/></StgValue>
</operation>

<operation id="153" st_id="29" stage="2" lat="2">
<core>RAM</core>
<MemPortIdVec></MemPortIdVec>
<condition id="-1">
<or_exp><and_exp><literal name="icmp_ln48" val="1"/>
</and_exp></or_exp>
</condition>

<Node id="108" bw="32" op_0_bw="8">
<![CDATA[
left_end:0  %buffer_load_4 = load float* %buffer_addr_2, align 4

]]></Node>
<StgValue><ssdm name="buffer_load_4"/></StgValue>
</operation>
</state>

<state id="30" st_id="30">

<operation id="154" st_id="30" stage="1" lat="2">
<core>RAM</core>
<MemPortIdVec></MemPortIdVec>
<condition id="-1">
<or_exp><and_exp></and_exp></or_exp>
</condition>

<Node id="97" bw="32" op_0_bw="8">
<![CDATA[
:4  %buffer_load_6 = load float* %buffer_addr_5, align 4

]]></Node>
<StgValue><ssdm name="buffer_load_6"/></StgValue>
</operation>

<operation id="155" st_id="30" stage="1" lat="2">
<core>RAM</core>
<MemPortIdVec></MemPortIdVec>
<condition id="-1">
<or_exp><and_exp></and_exp></or_exp>
</condition>

<Node id="102" bw="32" op_0_bw="8">
<![CDATA[
:9  %buffer_load_7 = load float* %buffer_addr_6, align 4

]]></Node>
<StgValue><ssdm name="buffer_load_7"/></StgValue>
</operation>
</state>

<state id="31" st_id="31">

<operation id="156" st_id="31" stage="3" lat="3">
<core>FMul</core>
<MemPortIdVec></MemPortIdVec>
<condition id="-1">
<or_exp><and_exp></and_exp></or_exp>
</condition>

<Node id="103" bw="32" op_0_bw="32" op_1_bw="32">
<![CDATA[
:10  %tmp_1 = fmul float %buffer_load_6, %buffer_load_7

]]></Node>
<StgValue><ssdm name="tmp_1"/></StgValue>
</operation>
</state>

<state id="32" st_id="32">

<operation id="157" st_id="32" stage="2" lat="2">
<core>RAM</core>
<MemPortIdVec></MemPortIdVec>
<condition id="-1">
<or_exp><and_exp></and_exp></or_exp>
</condition>

<Node id="93" bw="32" op_0_bw="8">
<![CDATA[
:0  %buffer_load_5 = load float* %buffer_addr_2, align 4

]]></Node>
<StgValue><ssdm name="buffer_load_5"/></StgValue>
</operation>

<operation id="158" st_id="32" stage="2" lat="3">
<core>FMul</core>
<MemPortIdVec></MemPortIdVec>
<condition id="-1">
<or_exp><and_exp></and_exp></or_exp>
</condition>

<Node id="103" bw="32" op_0_bw="32" op_1_bw="32">
<![CDATA[
:10  %tmp_1 = fmul float %buffer_load_6, %buffer_load_7

]]></Node>
<StgValue><ssdm name="tmp_1"/></StgValue>
</operation>
</state>

<state id="33" st_id="33">

<operation id="159" st_id="33" stage="1" lat="2">
<core>RAM</core>
<MemPortIdVec></MemPortIdVec>
<condition id="-1">
<or_exp><and_exp></and_exp></or_exp>
</condition>

<Node id="93" bw="32" op_0_bw="8">
<![CDATA[
:0  %buffer_load_5 = load float* %buffer_addr_2, align 4

]]></Node>
<StgValue><ssdm name="buffer_load_5"/></StgValue>
</operation>

<operation id="160" st_id="33" stage="1" lat="3">
<core>FMul</core>
<MemPortIdVec></MemPortIdVec>
<condition id="-1">
<or_exp><and_exp></and_exp></or_exp>
</condition>

<Node id="103" bw="32" op_0_bw="32" op_1_bw="32">
<![CDATA[
:10  %tmp_1 = fmul float %buffer_load_6, %buffer_load_7

]]></Node>
<StgValue><ssdm name="tmp_1"/></StgValue>
</operation>
</state>

<state id="34" st_id="34">

<operation id="161" st_id="34" stage="4" lat="4">
<core>FAddSub</core>
<MemPortIdVec></MemPortIdVec>
<condition id="-1">
<or_exp><and_exp></and_exp></or_exp>
</condition>

<Node id="104" bw="32" op_0_bw="32" op_1_bw="32">
<![CDATA[
:11  %tmp_2 = fsub float %buffer_load_5, %tmp_1

]]></Node>
<StgValue><ssdm name="tmp_2"/></StgValue>
</operation>
</state>

<state id="35" st_id="35">

<operation id="162" st_id="35" stage="3" lat="4">
<core>FAddSub</core>
<MemPortIdVec></MemPortIdVec>
<condition id="-1">
<or_exp><and_exp></and_exp></or_exp>
</condition>

<Node id="104" bw="32" op_0_bw="32" op_1_bw="32">
<![CDATA[
:11  %tmp_2 = fsub float %buffer_load_5, %tmp_1

]]></Node>
<StgValue><ssdm name="tmp_2"/></StgValue>
</operation>
</state>

<state id="36" st_id="36">

<operation id="163" st_id="36" stage="2" lat="4">
<core>FAddSub</core>
<MemPortIdVec></MemPortIdVec>
<condition id="-1">
<or_exp><and_exp></and_exp></or_exp>
</condition>

<Node id="104" bw="32" op_0_bw="32" op_1_bw="32">
<![CDATA[
:11  %tmp_2 = fsub float %buffer_load_5, %tmp_1

]]></Node>
<StgValue><ssdm name="tmp_2"/></StgValue>
</operation>
</state>

<state id="37" st_id="37">

<operation id="164" st_id="37" stage="1" lat="4">
<core>FAddSub</core>
<MemPortIdVec></MemPortIdVec>
<condition id="-1">
<or_exp><and_exp></and_exp></or_exp>
</condition>

<Node id="104" bw="32" op_0_bw="32" op_1_bw="32">
<![CDATA[
:11  %tmp_2 = fsub float %buffer_load_5, %tmp_1

]]></Node>
<StgValue><ssdm name="tmp_2"/></StgValue>
</operation>
</state>

<state id="38" st_id="38">

<operation id="165" st_id="38" stage="1" lat="1">
<core>RAM</core>
<MemPortIdVec></MemPortIdVec>
<condition id="-1">
<or_exp><and_exp></and_exp></or_exp>
</condition>

<Node id="105" bw="0" op_0_bw="32" op_1_bw="8" op_2_bw="32" op_3_bw="32" op_4_bw="32">
<![CDATA[
:12  store float %tmp_2, float* %buffer_addr_2, align 4

]]></Node>
<StgValue><ssdm name="store_ln49"/></StgValue>
</operation>

<operation id="166" st_id="38" stage="1" lat="1">
<core>NULL</core>
<MemPortIdVec></MemPortIdVec>
<condition id="-1">
<or_exp><and_exp></and_exp></or_exp>
</condition>

<Node id="106" bw="0" op_0_bw="0">
<![CDATA[
:13  br label %5

]]></Node>
<StgValue><ssdm name="br_ln48"/></StgValue>
</operation>
</state>

<state id="39" st_id="39">

<operation id="167" st_id="39" stage="1" lat="2">
<core>RAM</core>
<MemPortIdVec></MemPortIdVec>
<condition id="-1">
<or_exp><and_exp></and_exp></or_exp>
</condition>

<Node id="108" bw="32" op_0_bw="8">
<![CDATA[
left_end:0  %buffer_load_4 = load float* %buffer_addr_2, align 4

]]></Node>
<StgValue><ssdm name="buffer_load_4"/></StgValue>
</operation>
</state>

<state id="40" st_id="40">

<operation id="168" st_id="40" stage="3" lat="3">
<core>FMul</core>
<MemPortIdVec></MemPortIdVec>
<condition id="-1">
<or_exp><and_exp></and_exp></or_exp>
</condition>

<Node id="109" bw="32" op_0_bw="32" op_1_bw="32">
<![CDATA[
left_end:1  %tmp_s = fmul float %buffer_load_4, %temp

]]></Node>
<StgValue><ssdm name="tmp_s"/></StgValue>
</operation>
</state>

<state id="41" st_id="41">

<operation id="169" st_id="41" stage="2" lat="3">
<core>FMul</core>
<MemPortIdVec></MemPortIdVec>
<condition id="-1">
<or_exp><and_exp></and_exp></or_exp>
</condition>

<Node id="109" bw="32" op_0_bw="32" op_1_bw="32">
<![CDATA[
left_end:1  %tmp_s = fmul float %buffer_load_4, %temp

]]></Node>
<StgValue><ssdm name="tmp_s"/></StgValue>
</operation>
</state>

<state id="42" st_id="42">

<operation id="170" st_id="42" stage="1" lat="3">
<core>FMul</core>
<MemPortIdVec></MemPortIdVec>
<condition id="-1">
<or_exp><and_exp></and_exp></or_exp>
</condition>

<Node id="109" bw="32" op_0_bw="32" op_1_bw="32">
<![CDATA[
left_end:1  %tmp_s = fmul float %buffer_load_4, %temp

]]></Node>
<StgValue><ssdm name="tmp_s"/></StgValue>
</operation>
</state>

<state id="43" st_id="43">

<operation id="171" st_id="43" stage="1" lat="1">
<core>RAM</core>
<MemPortIdVec></MemPortIdVec>
<condition id="-1">
<or_exp><and_exp></and_exp></or_exp>
</condition>

<Node id="110" bw="0" op_0_bw="32" op_1_bw="8" op_2_bw="32">
<![CDATA[
left_end:2  store float %tmp_s, float* %buffer_addr_2, align 4

]]></Node>
<StgValue><ssdm name="store_ln51"/></StgValue>
</operation>

<operation id="172" st_id="43" stage="1" lat="1">
<core>NULL</core>
<MemPortIdVec></MemPortIdVec>
<condition id="-1">
<or_exp><and_exp></and_exp></or_exp>
</condition>

<Node id="111" bw="32" op_0_bw="32" op_1_bw="0" op_2_bw="32">
<![CDATA[
left_end:3  %empty_30 = call i32 (...)* @_ssdm_op_SpecRegionEnd([5 x i8]* @p_str1, i32 %tmp_4)

]]></Node>
<StgValue><ssdm name="empty_30"/></StgValue>
</operation>

<operation id="173" st_id="43" stage="1" lat="1">
<core>NULL</core>
<MemPortIdVec></MemPortIdVec>
<condition id="-1">
<or_exp><and_exp></and_exp></or_exp>
</condition>

<Node id="112" bw="0" op_0_bw="0">
<![CDATA[
left_end:4  br label %4

]]></Node>
<StgValue><ssdm name="br_ln47"/></StgValue>
</operation>
</state>

<state id="44" st_id="44">

<operation id="174" st_id="44" stage="1" lat="2">
<core></core>
<MemPortIdVec></MemPortIdVec>
<condition id="-1">
<or_exp><and_exp></and_exp></or_exp>
</condition>

<Node id="116" bw="0" op_0_bw="0" op_1_bw="32" op_2_bw="30" op_3_bw="32" op_4_bw="8" op_5_bw="0" op_6_bw="0">
<![CDATA[
:0  call fastcc void @diagonal_store(float* %result, i30 %result_offset_read, [256 x float]* nocapture %buffer_r, i8 %trunc_ln33)

]]></Node>
<StgValue><ssdm name="call_ln55"/></StgValue>
</operation>

<operation id="175" st_id="44" stage="1" lat="1">
<core>NULL</core>
<MemPortIdVec></MemPortIdVec>
<condition id="-1">
<or_exp><and_exp></and_exp></or_exp>
</condition>

<Node id="117" bw="0">
<![CDATA[
:1  ret void

]]></Node>
<StgValue><ssdm name="ret_ln56"/></StgValue>
</operation>
</state>
</state_list>


<ports>
</ports>


<dataflows>
</dataflows>


</stg>
