<profile>

<section name = "Vivado HLS Report for 'lud_internal'" level="0">
<item name = "Date">Thu Jan 26 13:39:33 2023
</item>
<item name = "Version">2019.2 (Build 2704478 on Wed Nov 06 22:10:23 MST 2019)</item>
<item name = "Project">lud</item>
<item name = "Solution">base_tiled</item>
<item name = "Product family">zynq</item>
<item name = "Target device">xc7z045-ffg900-2</item>
</section>

<section name = "Performance Estimates" level="0">
<item name = "Timing">
<section name = "" level="1">
<item name = "Summary"><table name="" hasTotal="0">
<keys size="4">Clock, Target, Estimated, Uncertainty</keys>
<column name="ap_clk">10.00 ns, 8.750 ns, 1.25 ns</column>
</table>
</item>
</section>
</item>
<item name = "Latency">
<section name = "" level="1">
<item name = "Summary"><table name="" hasTotal="0">
<keys size="8">, min, max, min, max, min, max, Type</keys>
<column name="">1, 9679951, 10.000 ns, 96.800 ms, 1, 9679951, none</column>
</table>
</item>
<item name = "Detail">
<section name = "" level="1">
<item name = "Instance"><table name="" hasTotal="0">
<keys size="9">Instance, Module, min, max, min, max, min, max, Type</keys>
<column name="grp_internal_load_fu_182">internal_load, 1982, 1982, 19.820 us, 19.820 us, 1982, 1982, none</column>
<column name="grp_internal_store_fu_199">internal_store, 2092, 2092, 20.920 us, 20.920 us, 2092, 2092, none</column>
</table>
</item>
<item name = "Loop"><table name="" hasTotal="0">
<keys size="8">Loop Name, min, max, Latency, achieved, target, Count, Pipelined</keys>
<column name="- Loop 1">0, 9679950, 43022, -, -, 0 ~ 225, no</column>
<column name=" + Loop 1.1">38944, 38944, 2434, -, -, 16, no</column>
<column name="  ++ Loop 1.1.1">2432, 2432, 152, -, -, 16, no</column>
<column name="   +++ Loop 1.1.1.1">144, 144, 9, -, -, 16, no</column>
</table>
</item>
</section>
</item>
</section>
</item>
</section>
</profile>
