<profile>

<section name = "Vivado HLS Report for 'lud_internal'" level="0">
<item name = "Date">Thu Jan 26 13:39:36 2023
</item>
<item name = "Version">2019.2 (Build 2704478 on Wed Nov 06 22:10:23 MST 2019)</item>
<item name = "Project">lud</item>
<item name = "Solution">base_tiled</item>
<item name = "Product family">zynq</item>
<item name = "Target device">xc7z045-ffg900-2</item>
</section>

<section name = "Performance Estimates" level="0">
<item name = "Timing">
<section name = "" level="1">
<item name = "Summary"><table name="" hasTotal="0">
<keys size="4">Clock, Target, Estimated, Uncertainty</keys>
<column name="ap_clk">10.00 ns, 8.750 ns, 1.25 ns</column>
</table>
</item>
</section>
</item>
<item name = "Latency">
<section name = "" level="1">
<item name = "Summary"><table name="" hasTotal="0">
<keys size="8">, min, max, min, max, min, max, Type</keys>
<column name="">1, 9679951, 10.000 ns, 96.800 ms, 1, 9679951, none</column>
</table>
</item>
<item name = "Detail">
<section name = "" level="1">
<item name = "Instance"><table name="" hasTotal="0">
<keys size="9">Instance, Module, min, max, min, max, min, max, Type</keys>
<column name="grp_internal_load_fu_182">internal_load, 1982, 1982, 19.820 us, 19.820 us, 1982, 1982, none</column>
<column name="grp_internal_store_fu_199">internal_store, 2092, 2092, 20.920 us, 20.920 us, 2092, 2092, none</column>
</table>
</item>
<item name = "Loop"><table name="" hasTotal="0">
<keys size="8">Loop Name, min, max, Latency, achieved, target, Count, Pipelined</keys>
<column name="- Loop 1">0, 9679950, 43022, -, -, 0 ~ 225, no</column>
<column name=" + Loop 1.1">38944, 38944, 2434, -, -, 16, no</column>
<column name="  ++ Loop 1.1.1">2432, 2432, 152, -, -, 16, no</column>
<column name="   +++ Loop 1.1.1.1">144, 144, 9, -, -, 16, no</column>
</table>
</item>
</section>
</item>
</section>
</item>
</section>

<section name = "Utilization Estimates" level="0">
<item name = "Summary"><table name="" hasTotal="1">
<keys size="6">Name, BRAM_18K, DSP48E, FF, LUT, URAM</keys>
<column name="DSP">-, -, -, -, -</column>
<column name="Expression">-, 0, 0, 107, -</column>
<column name="FIFO">-, -, -, -, -</column>
<column name="Instance">-, 5, 1401, 1390, -</column>
<column name="Memory">-, -, -, -, -</column>
<column name="Multiplexer">-, -, -, 79, -</column>
<column name="Register">-, -, 291, -, -</column>
<specialColumn name="Available">1090, 900, 437200, 218600, 0</specialColumn>
<specialColumn name="Utilization (%)">0, ~0, ~0, ~0, 0</specialColumn>
</table>
</item>
<item name = "Detail">
<section name = "" level="1">
<item name = "Instance"><table name="" hasTotal="1">
<keys size="7">Instance, Module, BRAM_18K, DSP48E, FF, LUT, URAM</keys>
<column name="grp_internal_load_fu_182">internal_load, 0, 0, 660, 424, 0</column>
<column name="grp_internal_store_fu_199">internal_store, 0, 0, 386, 242, 0</column>
<column name="workload_based_ticud_U62">workload_based_ticud, 0, 3, 128, 320, 0</column>
<column name="workload_based_tieOg_U61">workload_based_tieOg, 0, 2, 227, 404, 0</column>
</table>
</item>
<item name = "DSP48E"><table name="" hasTotal="0">
<keys size="3">Instance, Module, Expression</keys>
</table>
</item>
<item name = "Memory"><table name="" hasTotal="1">
<keys size="10">Memory, Module, BRAM_18K, FF, LUT, URAM, Words, Bits, Banks, W*Bits*Banks</keys>
</table>
</item>
<item name = "FIFO"><table name="" hasTotal="1">
<keys size="8">Name, BRAM_18K, FF, LUT, URAM, Depth, Bits, Size:D*B</keys>
</table>
</item>
<item name = "Expression"><table name="" hasTotal="1">
<keys size="7">Variable Name, Operation, DSP48E, FF, LUT, Bitwidth P0, Bitwidth P1</keys>
<column name="mul_ln207_fu_262_p2">*, 0, 0, 17, 5, 5</column>
<column name="add_ln208_fu_268_p2">+, 0, 0, 6, 4, 2</column>
<column name="add_ln215_1_fu_367_p2">+, 0, 0, 8, 8, 8</column>
<column name="add_ln215_fu_345_p2">+, 0, 0, 8, 8, 8</column>
<column name="add_ln217_fu_377_p2">+, 0, 0, 8, 8, 8</column>
<column name="chunk_idx_fu_283_p2">+, 0, 0, 8, 8, 1</column>
<column name="chunk_num_fu_252_p2">+, 0, 0, 7, 5, 2</column>
<column name="i_fu_295_p2">+, 0, 0, 7, 5, 1</column>
<column name="j_fu_323_p2">+, 0, 0, 7, 5, 1</column>
<column name="k_fu_339_p2">+, 0, 0, 7, 5, 1</column>
<column name="sub_ln199_fu_226_p2">-, 0, 0, 10, 10, 9</column>
<column name="icmp_ln207_fu_278_p2">icmp, 0, 0, 5, 9, 9</column>
<column name="icmp_ln210_fu_289_p2">icmp, 0, 0, 3, 5, 6</column>
<column name="icmp_ln211_fu_317_p2">icmp, 0, 0, 3, 5, 6</column>
<column name="icmp_ln214_fu_333_p2">icmp, 0, 0, 3, 5, 6</column>
</table>
</item>
<item name = "Multiplexer"><table name="" hasTotal="1">
<keys size="5">Name, LUT, Input Size, Bits, Total Bits</keys>
<column name="ap_NS_fsm">9, 22, 1, 22</column>
<column name="chunk_idx_0_reg_125">3, 2, 8, 16</column>
<column name="grp_fu_212_opcode">3, 3, 2, 6</column>
<column name="grp_fu_212_p0">3, 3, 32, 96</column>
<column name="grp_fu_212_p1">3, 3, 32, 96</column>
<column name="i_0_reg_137">3, 2, 5, 10</column>
<column name="inner_buffer_address0">4, 5, 8, 40</column>
<column name="inner_buffer_ce0">3, 4, 1, 4</column>
<column name="inner_buffer_d0">3, 3, 32, 96</column>
<column name="inner_buffer_we0">3, 3, 1, 3</column>
<column name="j_0_reg_148">3, 2, 5, 10</column>
<column name="k_0_reg_159">3, 2, 5, 10</column>
<column name="left_buffer_address0">3, 3, 8, 24</column>
<column name="left_buffer_ce0">3, 3, 1, 3</column>
<column name="left_buffer_we0">3, 2, 1, 2</column>
<column name="m_axi_result_ARVALID">3, 2, 1, 2</column>
<column name="m_axi_result_AWVALID">3, 2, 1, 2</column>
<column name="m_axi_result_BREADY">3, 2, 1, 2</column>
<column name="m_axi_result_RREADY">3, 2, 1, 2</column>
<column name="m_axi_result_WVALID">3, 2, 1, 2</column>
<column name="sum_0_reg_170">3, 2, 32, 64</column>
<column name="top_buffer_address0">3, 3, 8, 24</column>
<column name="top_buffer_ce0">3, 3, 1, 3</column>
<column name="top_buffer_we0">3, 2, 1, 2</column>
</table>
</item>
<item name = "Register"><table name="" hasTotal="1">
<keys size="5">Name, FF, LUT, Bits, Const Bits</keys>
<column name="add_ln208_reg_403">4, 0, 4, 0</column>
<column name="ap_CS_fsm">21, 0, 21, 0</column>
<column name="chunk_idx_0_reg_125">8, 0, 8, 0</column>
<column name="chunk_idx_reg_412">8, 0, 8, 0</column>
<column name="grp_internal_load_fu_182_ap_start_reg">1, 0, 1, 0</column>
<column name="grp_internal_store_fu_199_ap_start_reg">1, 0, 1, 0</column>
<column name="i_0_reg_137">5, 0, 5, 0</column>
<column name="i_reg_420">5, 0, 5, 0</column>
<column name="inner_buffer_addr_reg_463">8, 0, 8, 0</column>
<column name="inner_buffer_load_reg_488">32, 0, 32, 0</column>
<column name="j_0_reg_148">5, 0, 5, 0</column>
<column name="j_reg_440">5, 0, 5, 0</column>
<column name="k_0_reg_159">5, 0, 5, 0</column>
<column name="k_reg_448">5, 0, 5, 0</column>
<column name="left_buffer_load_reg_468">32, 0, 32, 0</column>
<column name="mul_ln207_reg_398">9, 0, 9, 0</column>
<column name="shl_ln_reg_425">4, 0, 8, 4</column>
<column name="sum_0_reg_170">32, 0, 32, 0</column>
<column name="tmp_7_reg_478">32, 0, 32, 0</column>
<column name="tmp_reg_493">32, 0, 32, 0</column>
<column name="top_buffer_load_reg_473">32, 0, 32, 0</column>
<column name="zext_ln211_reg_431">5, 0, 8, 3</column>
</table>
</item>
</section>
</item>
</section>

<section name = "Interface" level="0">
<item name = "Summary"><table name="" hasTotal="0">
<keys size="6">RTL Ports, Dir, Bits, Protocol, Source Object, C Type</keys>
<column name="ap_clk">in, 1, ap_ctrl_hs, lud_internal, return value</column>
<column name="ap_rst">in, 1, ap_ctrl_hs, lud_internal, return value</column>
<column name="ap_start">in, 1, ap_ctrl_hs, lud_internal, return value</column>
<column name="ap_done">out, 1, ap_ctrl_hs, lud_internal, return value</column>
<column name="ap_idle">out, 1, ap_ctrl_hs, lud_internal, return value</column>
<column name="ap_ready">out, 1, ap_ctrl_hs, lud_internal, return value</column>
<column name="m_axi_result_AWVALID">out, 1, m_axi, result, pointer</column>
<column name="m_axi_result_AWREADY">in, 1, m_axi, result, pointer</column>
<column name="m_axi_result_AWADDR">out, 32, m_axi, result, pointer</column>
<column name="m_axi_result_AWID">out, 1, m_axi, result, pointer</column>
<column name="m_axi_result_AWLEN">out, 32, m_axi, result, pointer</column>
<column name="m_axi_result_AWSIZE">out, 3, m_axi, result, pointer</column>
<column name="m_axi_result_AWBURST">out, 2, m_axi, result, pointer</column>
<column name="m_axi_result_AWLOCK">out, 2, m_axi, result, pointer</column>
<column name="m_axi_result_AWCACHE">out, 4, m_axi, result, pointer</column>
<column name="m_axi_result_AWPROT">out, 3, m_axi, result, pointer</column>
<column name="m_axi_result_AWQOS">out, 4, m_axi, result, pointer</column>
<column name="m_axi_result_AWREGION">out, 4, m_axi, result, pointer</column>
<column name="m_axi_result_AWUSER">out, 1, m_axi, result, pointer</column>
<column name="m_axi_result_WVALID">out, 1, m_axi, result, pointer</column>
<column name="m_axi_result_WREADY">in, 1, m_axi, result, pointer</column>
<column name="m_axi_result_WDATA">out, 32, m_axi, result, pointer</column>
<column name="m_axi_result_WSTRB">out, 4, m_axi, result, pointer</column>
<column name="m_axi_result_WLAST">out, 1, m_axi, result, pointer</column>
<column name="m_axi_result_WID">out, 1, m_axi, result, pointer</column>
<column name="m_axi_result_WUSER">out, 1, m_axi, result, pointer</column>
<column name="m_axi_result_ARVALID">out, 1, m_axi, result, pointer</column>
<column name="m_axi_result_ARREADY">in, 1, m_axi, result, pointer</column>
<column name="m_axi_result_ARADDR">out, 32, m_axi, result, pointer</column>
<column name="m_axi_result_ARID">out, 1, m_axi, result, pointer</column>
<column name="m_axi_result_ARLEN">out, 32, m_axi, result, pointer</column>
<column name="m_axi_result_ARSIZE">out, 3, m_axi, result, pointer</column>
<column name="m_axi_result_ARBURST">out, 2, m_axi, result, pointer</column>
<column name="m_axi_result_ARLOCK">out, 2, m_axi, result, pointer</column>
<column name="m_axi_result_ARCACHE">out, 4, m_axi, result, pointer</column>
<column name="m_axi_result_ARPROT">out, 3, m_axi, result, pointer</column>
<column name="m_axi_result_ARQOS">out, 4, m_axi, result, pointer</column>
<column name="m_axi_result_ARREGION">out, 4, m_axi, result, pointer</column>
<column name="m_axi_result_ARUSER">out, 1, m_axi, result, pointer</column>
<column name="m_axi_result_RVALID">in, 1, m_axi, result, pointer</column>
<column name="m_axi_result_RREADY">out, 1, m_axi, result, pointer</column>
<column name="m_axi_result_RDATA">in, 32, m_axi, result, pointer</column>
<column name="m_axi_result_RLAST">in, 1, m_axi, result, pointer</column>
<column name="m_axi_result_RID">in, 1, m_axi, result, pointer</column>
<column name="m_axi_result_RUSER">in, 1, m_axi, result, pointer</column>
<column name="m_axi_result_RRESP">in, 2, m_axi, result, pointer</column>
<column name="m_axi_result_BVALID">in, 1, m_axi, result, pointer</column>
<column name="m_axi_result_BREADY">out, 1, m_axi, result, pointer</column>
<column name="m_axi_result_BRESP">in, 2, m_axi, result, pointer</column>
<column name="m_axi_result_BID">in, 1, m_axi, result, pointer</column>
<column name="m_axi_result_BUSER">in, 1, m_axi, result, pointer</column>
<column name="result_offset">in, 30, ap_none, result_offset, scalar</column>
<column name="offset">in, 8, ap_none, offset, scalar</column>
<column name="top_buffer_address0">out, 8, ap_memory, top_buffer, array</column>
<column name="top_buffer_ce0">out, 1, ap_memory, top_buffer, array</column>
<column name="top_buffer_we0">out, 1, ap_memory, top_buffer, array</column>
<column name="top_buffer_d0">out, 32, ap_memory, top_buffer, array</column>
<column name="top_buffer_q0">in, 32, ap_memory, top_buffer, array</column>
<column name="left_buffer_address0">out, 8, ap_memory, left_buffer, array</column>
<column name="left_buffer_ce0">out, 1, ap_memory, left_buffer, array</column>
<column name="left_buffer_we0">out, 1, ap_memory, left_buffer, array</column>
<column name="left_buffer_d0">out, 32, ap_memory, left_buffer, array</column>
<column name="left_buffer_q0">in, 32, ap_memory, left_buffer, array</column>
<column name="inner_buffer_address0">out, 8, ap_memory, inner_buffer, array</column>
<column name="inner_buffer_ce0">out, 1, ap_memory, inner_buffer, array</column>
<column name="inner_buffer_we0">out, 1, ap_memory, inner_buffer, array</column>
<column name="inner_buffer_d0">out, 32, ap_memory, inner_buffer, array</column>
<column name="inner_buffer_q0">in, 32, ap_memory, inner_buffer, array</column>
</table>
</item>
</section>
</profile>
