<profile>

<section name = "Vivado HLS Report for 'lud_diagonal'" level="0">
<item name = "Date">Thu Jan 26 13:39:31 2023
</item>
<item name = "Version">2019.2 (Build 2704478 on Wed Nov 06 22:10:23 MST 2019)</item>
<item name = "Project">lud</item>
<item name = "Solution">base_tiled</item>
<item name = "Product family">zynq</item>
<item name = "Target device">xc7z045-ffg900-2</item>
</section>

<section name = "Performance Estimates" level="0">
<item name = "Timing">
<section name = "" level="1">
<item name = "Summary"><table name="" hasTotal="0">
<keys size="4">Clock, Target, Estimated, Uncertainty</keys>
<column name="ap_clk">10.00 ns, 8.750 ns, 1.25 ns</column>
</table>
</item>
</section>
</item>
<item name = "Latency">
<section name = "" level="1">
<item name = "Summary"><table name="" hasTotal="0">
<keys size="8">, min, max, min, max, min, max, Type</keys>
<column name="">1829, 78389, 18.290 us, 0.784 ms, 1829, 78389, none</column>
</table>
</item>
<item name = "Detail">
<section name = "" level="1">
<item name = "Instance"><table name="" hasTotal="0">
<keys size="9">Instance, Module, min, max, min, max, min, max, Type</keys>
<column name="grp_diagonal_store_fu_200">diagonal_store, 881, 881, 8.810 us, 8.810 us, 881, 881, none</column>
<column name="grp_diagonal_load_fu_210">diagonal_load, 657, 657, 6.570 us, 6.570 us, 657, 657, none</column>
</table>
</item>
<item name = "Loop"><table name="" hasTotal="0">
<keys size="8">Loop Name, min, max, Latency, achieved, target, Count, Pipelined</keys>
<column name="- Loop 1">288, 76848, 18 ~ 4803, -, -, 16, no</column>
<column name=" + top">2, 2432, 2 ~ 152, -, -, 1 ~ 16, no</column>
<column name="  ++ top.1">0, 150, 10, -, -, 0 ~ 15, no</column>
<column name=" + left">0, 2355, 7 ~ 157, -, -, 0 ~ 15, no</column>
<column name="  ++ left.1">0, 150, 10, -, -, 0 ~ 15, no</column>
</table>
</item>
</section>
</item>
</section>
</item>
</section>
</profile>
