<profile>

<section name = "Vivado HLS Report for 'lud_perimeter'" level="0">
<item name = "Date">Thu Jan 26 13:39:32 2023
</item>
<item name = "Version">2019.2 (Build 2704478 on Wed Nov 06 22:10:23 MST 2019)</item>
<item name = "Project">lud</item>
<item name = "Solution">base_tiled</item>
<item name = "Product family">zynq</item>
<item name = "Target device">xc7z045-ffg900-2</item>
</section>

<section name = "Performance Estimates" level="0">
<item name = "Timing">
<section name = "" level="1">
<item name = "Summary"><table name="" hasTotal="0">
<keys size="4">Clock, Target, Estimated, Uncertainty</keys>
<column name="ap_clk">10.00 ns, 8.750 ns, 1.25 ns</column>
</table>
</item>
</section>
</item>
<item name = "Latency">
<section name = "" level="1">
<item name = "Summary"><table name="" hasTotal="0">
<keys size="8">, min, max, min, max, min, max, Type</keys>
<column name="">658, 1239193, 6.580 us, 12.392 ms, 658, 1239193, none</column>
</table>
</item>
<item name = "Detail">
<section name = "" level="1">
<item name = "Instance"><table name="" hasTotal="0">
<keys size="9">Instance, Module, min, max, min, max, min, max, Type</keys>
<column name="grp_perimeter_store_fu_309">perimeter_store, 2962, 2962, 29.620 us, 29.620 us, 2962, 2962, none</column>
<column name="grp_perimeter_load_fu_323">perimeter_load, 3250, 3250, 32.500 us, 32.500 us, 3250, 3250, none</column>
</table>
</item>
<item name = "Loop"><table name="" hasTotal="0">
<keys size="8">Loop Name, min, max, Latency, achieved, target, Count, Pipelined</keys>
<column name="- diagonal">656, 656, 41, -, -, 16, no</column>
<column name=" + diagonal.1">32, 32, 2, -, -, 16, no</column>
<column name="- Loop 2">0, 1238535, 13449 ~ 82569, -, -, 0 ~ 15, no</column>
<column name=" + Loop 2.1">2080, 36640, 130 ~ 2290, -, -, 16, no</column>
<column name="  ++ Loop 2.1.1">128, 2288, 8 ~ 143, -, -, 16, no</column>
<column name="   +++ Loop 2.1.1.1">0, 135, 9, -, -, 0 ~ 15, no</column>
<column name=" + Loop 2.2">5152, 39712, 322 ~ 2482, -, -, 16, no</column>
<column name="  ++ Loop 2.2.1">320, 2480, 20 ~ 155, -, -, 16, no</column>
<column name="   +++ Loop 2.2.1.1">0, 135, 9, -, -, 0 ~ 15, no</column>
</table>
</item>
</section>
</item>
</section>
</item>
</section>
</profile>
