<stg><name>lud_perimeter</name>


<trans_list>

<trans id="248" from="1" to="2">
<condition id="-1">
<or_exp><and_exp></and_exp></or_exp>
</condition>
</trans>

<trans id="249" from="2" to="3">
<condition id="-1">
<or_exp><and_exp><literal name="icmp_ln114" val="0"/>
</and_exp></or_exp>
</condition>
</trans>

<trans id="262" from="2" to="12">
<condition id="-1">
<or_exp><and_exp><literal name="icmp_ln114" val="1"/>
</and_exp></or_exp>
</condition>
</trans>

<trans id="251" from="3" to="4">
<condition id="-1">
<or_exp><and_exp></and_exp></or_exp>
</condition>
</trans>

<trans id="252" from="4" to="5">
<condition id="-1">
<or_exp><and_exp></and_exp></or_exp>
</condition>
</trans>

<trans id="253" from="5" to="6">
<condition id="-1">
<or_exp><and_exp></and_exp></or_exp>
</condition>
</trans>

<trans id="254" from="6" to="7">
<condition id="-1">
<or_exp><and_exp></and_exp></or_exp>
</condition>
</trans>

<trans id="255" from="7" to="8">
<condition id="-1">
<or_exp><and_exp></and_exp></or_exp>
</condition>
</trans>

<trans id="256" from="8" to="9">
<condition id="-1">
<or_exp><and_exp></and_exp></or_exp>
</condition>
</trans>

<trans id="257" from="9" to="10">
<condition id="-1">
<or_exp><and_exp></and_exp></or_exp>
</condition>
</trans>

<trans id="258" from="10" to="11">
<condition id="-1">
<or_exp><and_exp><literal name="icmp_ln115" val="0"/>
</and_exp></or_exp>
</condition>
</trans>

<trans id="261" from="10" to="2">
<condition id="-1">
<or_exp><and_exp><literal name="icmp_ln115" val="1"/>
</and_exp></or_exp>
</condition>
</trans>

<trans id="260" from="11" to="10">
<condition id="-1">
<or_exp><and_exp></and_exp></or_exp>
</condition>
</trans>

<trans id="263" from="12" to="13">
<condition id="-1">
<or_exp><and_exp><literal name="icmp_ln124" val="1"/>
</and_exp></or_exp>
</condition>
</trans>

<trans id="265" from="13" to="14">
<condition id="-1">
<or_exp><and_exp></and_exp></or_exp>
</condition>
</trans>

<trans id="266" from="14" to="15">
<condition id="-1">
<or_exp><and_exp><literal name="icmp_ln129" val="0"/>
</and_exp></or_exp>
</condition>
</trans>

<trans id="287" from="14" to="31">
<condition id="-1">
<or_exp><and_exp><literal name="icmp_ln129" val="1"/>
</and_exp></or_exp>
</condition>
</trans>

<trans id="267" from="15" to="16">
<condition id="-1">
<or_exp><and_exp><literal name="icmp_ln130" val="0"/>
</and_exp></or_exp>
</condition>
</trans>

<trans id="286" from="15" to="14">
<condition id="-1">
<or_exp><and_exp><literal name="icmp_ln130" val="1"/>
</and_exp></or_exp>
</condition>
</trans>

<trans id="268" from="16" to="17">
<condition id="-1">
<or_exp><and_exp><literal name="icmp_ln132" val="0"/>
</and_exp></or_exp>
</condition>
</trans>

<trans id="269" from="16" to="25">
<condition id="-1">
<or_exp><and_exp><literal name="icmp_ln132" val="1"/>
</and_exp></or_exp>
</condition>
</trans>

<trans id="271" from="17" to="18">
<condition id="-1">
<or_exp><and_exp></and_exp></or_exp>
</condition>
</trans>

<trans id="272" from="18" to="19">
<condition id="-1">
<or_exp><and_exp></and_exp></or_exp>
</condition>
</trans>

<trans id="273" from="19" to="20">
<condition id="-1">
<or_exp><and_exp></and_exp></or_exp>
</condition>
</trans>

<trans id="274" from="20" to="21">
<condition id="-1">
<or_exp><and_exp></and_exp></or_exp>
</condition>
</trans>

<trans id="275" from="21" to="22">
<condition id="-1">
<or_exp><and_exp></and_exp></or_exp>
</condition>
</trans>

<trans id="276" from="22" to="23">
<condition id="-1">
<or_exp><and_exp></and_exp></or_exp>
</condition>
</trans>

<trans id="277" from="23" to="24">
<condition id="-1">
<or_exp><and_exp></and_exp></or_exp>
</condition>
</trans>

<trans id="278" from="24" to="16">
<condition id="-1">
<or_exp><and_exp></and_exp></or_exp>
</condition>
</trans>

<trans id="280" from="25" to="26">
<condition id="-1">
<or_exp><and_exp></and_exp></or_exp>
</condition>
</trans>

<trans id="281" from="26" to="27">
<condition id="-1">
<or_exp><and_exp></and_exp></or_exp>
</condition>
</trans>

<trans id="282" from="27" to="28">
<condition id="-1">
<or_exp><and_exp></and_exp></or_exp>
</condition>
</trans>

<trans id="283" from="28" to="29">
<condition id="-1">
<or_exp><and_exp></and_exp></or_exp>
</condition>
</trans>

<trans id="284" from="29" to="30">
<condition id="-1">
<or_exp><and_exp></and_exp></or_exp>
</condition>
</trans>

<trans id="285" from="30" to="15">
<condition id="-1">
<or_exp><and_exp></and_exp></or_exp>
</condition>
</trans>

<trans id="288" from="31" to="60">
<condition id="-1">
<or_exp><and_exp><literal name="icmp_ln141" val="1"/>
</and_exp></or_exp>
</condition>
</trans>

<trans id="289" from="31" to="32">
<condition id="-1">
<or_exp><and_exp><literal name="icmp_ln141" val="0"/>
</and_exp></or_exp>
</condition>
</trans>

<trans id="290" from="32" to="33">
<condition id="-1">
<or_exp><and_exp><literal name="icmp_ln142" val="0"/>
</and_exp></or_exp>
</condition>
</trans>

<trans id="321" from="32" to="31">
<condition id="-1">
<or_exp><and_exp><literal name="icmp_ln142" val="1"/>
</and_exp></or_exp>
</condition>
</trans>

<trans id="291" from="33" to="34">
<condition id="-1">
<or_exp><and_exp><literal name="icmp_ln144" val="0"/>
</and_exp></or_exp>
</condition>
</trans>

<trans id="292" from="33" to="42">
<condition id="-1">
<or_exp><and_exp><literal name="icmp_ln144" val="1"/>
</and_exp></or_exp>
</condition>
</trans>

<trans id="294" from="34" to="35">
<condition id="-1">
<or_exp><and_exp></and_exp></or_exp>
</condition>
</trans>

<trans id="295" from="35" to="36">
<condition id="-1">
<or_exp><and_exp></and_exp></or_exp>
</condition>
</trans>

<trans id="296" from="36" to="37">
<condition id="-1">
<or_exp><and_exp></and_exp></or_exp>
</condition>
</trans>

<trans id="297" from="37" to="38">
<condition id="-1">
<or_exp><and_exp></and_exp></or_exp>
</condition>
</trans>

<trans id="298" from="38" to="39">
<condition id="-1">
<or_exp><and_exp></and_exp></or_exp>
</condition>
</trans>

<trans id="299" from="39" to="40">
<condition id="-1">
<or_exp><and_exp></and_exp></or_exp>
</condition>
</trans>

<trans id="300" from="40" to="41">
<condition id="-1">
<or_exp><and_exp></and_exp></or_exp>
</condition>
</trans>

<trans id="301" from="41" to="33">
<condition id="-1">
<or_exp><and_exp></and_exp></or_exp>
</condition>
</trans>

<trans id="303" from="42" to="43">
<condition id="-1">
<or_exp><and_exp></and_exp></or_exp>
</condition>
</trans>

<trans id="304" from="43" to="44">
<condition id="-1">
<or_exp><and_exp></and_exp></or_exp>
</condition>
</trans>

<trans id="305" from="44" to="45">
<condition id="-1">
<or_exp><and_exp></and_exp></or_exp>
</condition>
</trans>

<trans id="306" from="45" to="46">
<condition id="-1">
<or_exp><and_exp></and_exp></or_exp>
</condition>
</trans>

<trans id="307" from="46" to="47">
<condition id="-1">
<or_exp><and_exp></and_exp></or_exp>
</condition>
</trans>

<trans id="308" from="47" to="48">
<condition id="-1">
<or_exp><and_exp></and_exp></or_exp>
</condition>
</trans>

<trans id="309" from="48" to="49">
<condition id="-1">
<or_exp><and_exp></and_exp></or_exp>
</condition>
</trans>

<trans id="310" from="49" to="50">
<condition id="-1">
<or_exp><and_exp></and_exp></or_exp>
</condition>
</trans>

<trans id="311" from="50" to="51">
<condition id="-1">
<or_exp><and_exp></and_exp></or_exp>
</condition>
</trans>

<trans id="312" from="51" to="52">
<condition id="-1">
<or_exp><and_exp></and_exp></or_exp>
</condition>
</trans>

<trans id="313" from="52" to="53">
<condition id="-1">
<or_exp><and_exp></and_exp></or_exp>
</condition>
</trans>

<trans id="314" from="53" to="54">
<condition id="-1">
<or_exp><and_exp></and_exp></or_exp>
</condition>
</trans>

<trans id="315" from="54" to="55">
<condition id="-1">
<or_exp><and_exp></and_exp></or_exp>
</condition>
</trans>

<trans id="316" from="55" to="56">
<condition id="-1">
<or_exp><and_exp></and_exp></or_exp>
</condition>
</trans>

<trans id="317" from="56" to="57">
<condition id="-1">
<or_exp><and_exp></and_exp></or_exp>
</condition>
</trans>

<trans id="318" from="57" to="58">
<condition id="-1">
<or_exp><and_exp></and_exp></or_exp>
</condition>
</trans>

<trans id="319" from="58" to="59">
<condition id="-1">
<or_exp><and_exp></and_exp></or_exp>
</condition>
</trans>

<trans id="320" from="59" to="32">
<condition id="-1">
<or_exp><and_exp></and_exp></or_exp>
</condition>
</trans>

<trans id="323" from="60" to="12">
<condition id="-1">
<or_exp><and_exp></and_exp></or_exp>
</condition>
</trans>
</trans_list>



<state_list>

<state id="1" st_id="1">

<operation id="61" st_id="1" stage="1" lat="1">
<core>NULL</core>
<MemPortIdVec></MemPortIdVec>
<condition id="-1">
<or_exp><and_exp></and_exp></or_exp>
</condition>

<Node id="7" bw="8" op_0_bw="8" op_1_bw="8">
<![CDATA[
:0  %offset_read = call i8 @_ssdm_op_Read.ap_auto.i8(i8 %offset)

]]></Node>
<StgValue><ssdm name="offset_read"/></StgValue>
</operation>

<operation id="62" st_id="1" stage="1" lat="1">
<core>NULL</core>
<MemPortIdVec></MemPortIdVec>
<condition id="-1">
<or_exp><and_exp></and_exp></or_exp>
</condition>

<Node id="8" bw="30" op_0_bw="30" op_1_bw="30">
<![CDATA[
:1  %result_offset_read = call i30 @_ssdm_op_Read.ap_auto.i30(i30 %result_offset)

]]></Node>
<StgValue><ssdm name="result_offset_read"/></StgValue>
</operation>

<operation id="63" st_id="1" stage="1" lat="1">
<core>NULL</core>
<MemPortIdVec></MemPortIdVec>
<condition id="-1">
<or_exp><and_exp></and_exp></or_exp>
</condition>

<Node id="9" bw="0" op_0_bw="0" op_1_bw="32" op_2_bw="0" op_3_bw="32" op_4_bw="32" op_5_bw="0" op_6_bw="32" op_7_bw="32" op_8_bw="0" op_9_bw="0" op_10_bw="0" op_11_bw="32" op_12_bw="32" op_13_bw="32" op_14_bw="32" op_15_bw="0" op_16_bw="0">
<![CDATA[
:2  call void (...)* @_ssdm_op_SpecInterface(float* %result, [6 x i8]* @p_str3, i32 0, i32 0, [1 x i8]* @p_str4, i32 0, i32 0, [5 x i8]* @p_str5, [6 x i8]* @p_str6, [1 x i8]* @p_str4, i32 16, i32 16, i32 16, i32 16, [1 x i8]* @p_str4, [1 x i8]* @p_str4)

]]></Node>
<StgValue><ssdm name="specinterface_ln0"/></StgValue>
</operation>

<operation id="64" st_id="1" stage="1" lat="1">
<core>NULL</core>
<MemPortIdVec></MemPortIdVec>
<condition id="-1">
<or_exp><and_exp></and_exp></or_exp>
</condition>

<Node id="10" bw="31" op_0_bw="30">
<![CDATA[
:3  %zext_ln114_1 = zext i30 %result_offset_read to i31

]]></Node>
<StgValue><ssdm name="zext_ln114_1"/></StgValue>
</operation>

<operation id="65" st_id="1" stage="1" lat="1">
<core>NULL</core>
<MemPortIdVec></MemPortIdVec>
<condition id="-1">
<or_exp><and_exp></and_exp></or_exp>
</condition>

<Node id="11" bw="0" op_0_bw="0">
<![CDATA[
:4  br label %1

]]></Node>
<StgValue><ssdm name="br_ln114"/></StgValue>
</operation>
</state>

<state id="2" st_id="2">

<operation id="66" st_id="2" stage="1" lat="1">
<core>NULL</core>
<MemPortIdVec></MemPortIdVec>
<condition id="-1">
<or_exp><and_exp></and_exp></or_exp>
</condition>

<Node id="13" bw="5" op_0_bw="5" op_1_bw="0" op_2_bw="5" op_3_bw="0">
<![CDATA[
:0  %i_0 = phi i5 [ 0, %0 ], [ %i, %diagonal_end ]

]]></Node>
<StgValue><ssdm name="i_0"/></StgValue>
</operation>

<operation id="67" st_id="2" stage="1" lat="1">
<core>NULL</core>
<MemPortIdVec></MemPortIdVec>
<condition id="-1">
<or_exp><and_exp></and_exp></or_exp>
</condition>

<Node id="14" bw="8" op_0_bw="5">
<![CDATA[
:1  %zext_ln114 = zext i5 %i_0 to i8

]]></Node>
<StgValue><ssdm name="zext_ln114"/></StgValue>
</operation>

<operation id="68" st_id="2" stage="1" lat="1">
<core>Cmp</core>
<MemPortIdVec></MemPortIdVec>
<condition id="-1">
<or_exp><and_exp></and_exp></or_exp>
</condition>

<Node id="15" bw="1" op_0_bw="5" op_1_bw="5">
<![CDATA[
:2  %icmp_ln114 = icmp eq i5 %i_0, -16

]]></Node>
<StgValue><ssdm name="icmp_ln114"/></StgValue>
</operation>

<operation id="69" st_id="2" stage="1" lat="1">
<core>NULL</core>
<MemPortIdVec></MemPortIdVec>
<condition id="-1">
<or_exp><and_exp></and_exp></or_exp>
</condition>

<Node id="16" bw="32" op_0_bw="32" op_1_bw="64" op_2_bw="64" op_3_bw="64">
<![CDATA[
:3  %empty = call i32 (...)* @_ssdm_op_SpecLoopTripCount(i64 16, i64 16, i64 16)

]]></Node>
<StgValue><ssdm name="empty"/></StgValue>
</operation>

<operation id="70" st_id="2" stage="1" lat="1">
<core>AddSub</core>
<MemPortIdVec></MemPortIdVec>
<condition id="-1">
<or_exp><and_exp></and_exp></or_exp>
</condition>

<Node id="17" bw="5" op_0_bw="5" op_1_bw="5">
<![CDATA[
:4  %i = add i5 %i_0, 1

]]></Node>
<StgValue><ssdm name="i"/></StgValue>
</operation>

<operation id="71" st_id="2" stage="1" lat="1">
<core>NULL</core>
<MemPortIdVec></MemPortIdVec>
<condition id="-1">
<or_exp><and_exp></and_exp></or_exp>
</condition>

<Node id="18" bw="0" op_0_bw="1" op_1_bw="0" op_2_bw="0">
<![CDATA[
:5  br i1 %icmp_ln114, label %4, label %diagonal_begin

]]></Node>
<StgValue><ssdm name="br_ln114"/></StgValue>
</operation>

<operation id="72" st_id="2" stage="1" lat="1">
<core>AddSub</core>
<MemPortIdVec></MemPortIdVec>
<condition id="-1">
<or_exp><and_exp><literal name="icmp_ln114" val="0"/>
</and_exp></or_exp>
</condition>

<Node id="22" bw="8" op_0_bw="8" op_1_bw="8">
<![CDATA[
diagonal_begin:2  %add_ln116 = add i8 %zext_ln114, %offset_read

]]></Node>
<StgValue><ssdm name="add_ln116"/></StgValue>
</operation>

<operation id="73" st_id="2" stage="1" lat="1">
<core>NULL</core>
<MemPortIdVec></MemPortIdVec>
<condition id="-1">
<or_exp><and_exp><literal name="icmp_ln114" val="0"/>
</and_exp></or_exp>
</condition>

<Node id="23" bw="4" op_0_bw="5">
<![CDATA[
diagonal_begin:3  %trunc_ln116 = trunc i5 %i_0 to i4

]]></Node>
<StgValue><ssdm name="trunc_ln116"/></StgValue>
</operation>

<operation id="74" st_id="2" stage="1" lat="1">
<core>NULL</core>
<MemPortIdVec></MemPortIdVec>
<condition id="-1">
<or_exp><and_exp><literal name="icmp_ln114" val="0"/>
</and_exp></or_exp>
</condition>

<Node id="25" bw="16" op_0_bw="16" op_1_bw="8" op_2_bw="8">
<![CDATA[
diagonal_begin:5  %tmp_6 = call i16 @_ssdm_op_BitConcatenate.i16.i8.i8(i8 %add_ln116, i8 %offset_read)

]]></Node>
<StgValue><ssdm name="tmp_6"/></StgValue>
</operation>

<operation id="75" st_id="2" stage="1" lat="1">
<core>NULL</core>
<MemPortIdVec></MemPortIdVec>
<condition id="-1">
<or_exp><and_exp><literal name="icmp_ln114" val="0"/>
</and_exp></or_exp>
</condition>

<Node id="26" bw="31" op_0_bw="16">
<![CDATA[
diagonal_begin:6  %zext_ln116 = zext i16 %tmp_6 to i31

]]></Node>
<StgValue><ssdm name="zext_ln116"/></StgValue>
</operation>

<operation id="76" st_id="2" stage="1" lat="1">
<core>AddSub</core>
<MemPortIdVec></MemPortIdVec>
<condition id="-1">
<or_exp><and_exp><literal name="icmp_ln114" val="0"/>
</and_exp></or_exp>
</condition>

<Node id="27" bw="31" op_0_bw="31" op_1_bw="31">
<![CDATA[
diagonal_begin:7  %add_ln116_1 = add i31 %zext_ln116, %zext_ln114_1

]]></Node>
<StgValue><ssdm name="add_ln116_1"/></StgValue>
</operation>

<operation id="77" st_id="2" stage="1" lat="1">
<core>NULL</core>
<MemPortIdVec></MemPortIdVec>
<condition id="-1">
<or_exp><and_exp><literal name="icmp_ln114" val="1"/>
</and_exp></or_exp>
</condition>

<Node id="50" bw="9" op_0_bw="8">
<![CDATA[
:0  %zext_ln122 = zext i8 %offset_read to i9

]]></Node>
<StgValue><ssdm name="zext_ln122"/></StgValue>
</operation>

<operation id="78" st_id="2" stage="1" lat="1">
<core>AddSub</core>
<MemPortIdVec></MemPortIdVec>
<condition id="-1">
<or_exp><and_exp><literal name="icmp_ln114" val="1"/>
</and_exp></or_exp>
</condition>

<Node id="51" bw="9" op_0_bw="9" op_1_bw="9">
<![CDATA[
:1  %sub_ln122 = sub i9 -256, %zext_ln122

]]></Node>
<StgValue><ssdm name="sub_ln122"/></StgValue>
</operation>

<operation id="79" st_id="2" stage="1" lat="1">
<core>NULL</core>
<MemPortIdVec></MemPortIdVec>
<condition id="-1">
<or_exp><and_exp><literal name="icmp_ln114" val="1"/>
</and_exp></or_exp>
</condition>

<Node id="52" bw="5" op_0_bw="5" op_1_bw="9" op_2_bw="32" op_3_bw="32">
<![CDATA[
:2  %trunc_ln = call i5 @_ssdm_op_PartSelect.i5.i9.i32.i32(i9 %sub_ln122, i32 4, i32 8)

]]></Node>
<StgValue><ssdm name="trunc_ln"/></StgValue>
</operation>

<operation id="80" st_id="2" stage="1" lat="1">
<core>AddSub</core>
<MemPortIdVec></MemPortIdVec>
<condition id="-1">
<or_exp><and_exp><literal name="icmp_ln114" val="1"/>
</and_exp></or_exp>
</condition>

<Node id="53" bw="5" op_0_bw="5" op_1_bw="5">
<![CDATA[
:3  %chunk_num = add i5 %trunc_ln, -1

]]></Node>
<StgValue><ssdm name="chunk_num"/></StgValue>
</operation>

<operation id="81" st_id="2" stage="1" lat="1">
<core>NULL</core>
<MemPortIdVec></MemPortIdVec>
<condition id="-1">
<or_exp><and_exp><literal name="icmp_ln114" val="1"/>
</and_exp></or_exp>
</condition>

<Node id="54" bw="0" op_0_bw="0">
<![CDATA[
:4  br label %5

]]></Node>
<StgValue><ssdm name="br_ln124"/></StgValue>
</operation>
</state>

<state id="3" st_id="3">

<operation id="82" st_id="3" stage="1" lat="1">
<core>NULL</core>
<MemPortIdVec></MemPortIdVec>
<condition id="-1">
<or_exp><and_exp></and_exp></or_exp>
</condition>

<Node id="28" bw="64" op_0_bw="31">
<![CDATA[
diagonal_begin:8  %zext_ln116_2 = zext i31 %add_ln116_1 to i64

]]></Node>
<StgValue><ssdm name="zext_ln116_2"/></StgValue>
</operation>

<operation id="83" st_id="3" stage="1" lat="1">
<core>NULL</core>
<MemPortIdVec></MemPortIdVec>
<condition id="-1">
<or_exp><and_exp></and_exp></or_exp>
</condition>

<Node id="29" bw="32" op_0_bw="32" op_1_bw="64">
<![CDATA[
diagonal_begin:9  %result_addr = getelementptr float* %result, i64 %zext_ln116_2

]]></Node>
<StgValue><ssdm name="result_addr"/></StgValue>
</operation>

<operation id="84" st_id="3" stage="7" lat="7">
<core>m_axi</core>
<MemPortIdVec></MemPortIdVec>
<condition id="-1">
<or_exp><and_exp></and_exp></or_exp>
</condition>

<Node id="30" bw="1" op_0_bw="1" op_1_bw="32" op_2_bw="32">
<![CDATA[
diagonal_begin:10  %result_addr_rd_req = call i1 @_ssdm_op_ReadReq.m_axi.floatP(float* %result_addr, i32 16)

]]></Node>
<StgValue><ssdm name="result_addr_rd_req"/></StgValue>
</operation>
</state>

<state id="4" st_id="4">

<operation id="85" st_id="4" stage="6" lat="7">
<core>m_axi</core>
<MemPortIdVec></MemPortIdVec>
<condition id="-1">
<or_exp><and_exp></and_exp></or_exp>
</condition>

<Node id="30" bw="1" op_0_bw="1" op_1_bw="32" op_2_bw="32">
<![CDATA[
diagonal_begin:10  %result_addr_rd_req = call i1 @_ssdm_op_ReadReq.m_axi.floatP(float* %result_addr, i32 16)

]]></Node>
<StgValue><ssdm name="result_addr_rd_req"/></StgValue>
</operation>
</state>

<state id="5" st_id="5">

<operation id="86" st_id="5" stage="5" lat="7">
<core>m_axi</core>
<MemPortIdVec></MemPortIdVec>
<condition id="-1">
<or_exp><and_exp></and_exp></or_exp>
</condition>

<Node id="30" bw="1" op_0_bw="1" op_1_bw="32" op_2_bw="32">
<![CDATA[
diagonal_begin:10  %result_addr_rd_req = call i1 @_ssdm_op_ReadReq.m_axi.floatP(float* %result_addr, i32 16)

]]></Node>
<StgValue><ssdm name="result_addr_rd_req"/></StgValue>
</operation>
</state>

<state id="6" st_id="6">

<operation id="87" st_id="6" stage="4" lat="7">
<core>m_axi</core>
<MemPortIdVec></MemPortIdVec>
<condition id="-1">
<or_exp><and_exp></and_exp></or_exp>
</condition>

<Node id="30" bw="1" op_0_bw="1" op_1_bw="32" op_2_bw="32">
<![CDATA[
diagonal_begin:10  %result_addr_rd_req = call i1 @_ssdm_op_ReadReq.m_axi.floatP(float* %result_addr, i32 16)

]]></Node>
<StgValue><ssdm name="result_addr_rd_req"/></StgValue>
</operation>
</state>

<state id="7" st_id="7">

<operation id="88" st_id="7" stage="3" lat="7">
<core>m_axi</core>
<MemPortIdVec></MemPortIdVec>
<condition id="-1">
<or_exp><and_exp></and_exp></or_exp>
</condition>

<Node id="30" bw="1" op_0_bw="1" op_1_bw="32" op_2_bw="32">
<![CDATA[
diagonal_begin:10  %result_addr_rd_req = call i1 @_ssdm_op_ReadReq.m_axi.floatP(float* %result_addr, i32 16)

]]></Node>
<StgValue><ssdm name="result_addr_rd_req"/></StgValue>
</operation>
</state>

<state id="8" st_id="8">

<operation id="89" st_id="8" stage="2" lat="7">
<core>m_axi</core>
<MemPortIdVec></MemPortIdVec>
<condition id="-1">
<or_exp><and_exp></and_exp></or_exp>
</condition>

<Node id="30" bw="1" op_0_bw="1" op_1_bw="32" op_2_bw="32">
<![CDATA[
diagonal_begin:10  %result_addr_rd_req = call i1 @_ssdm_op_ReadReq.m_axi.floatP(float* %result_addr, i32 16)

]]></Node>
<StgValue><ssdm name="result_addr_rd_req"/></StgValue>
</operation>
</state>

<state id="9" st_id="9">

<operation id="90" st_id="9" stage="1" lat="1">
<core>NULL</core>
<MemPortIdVec></MemPortIdVec>
<condition id="-1">
<or_exp><and_exp></and_exp></or_exp>
</condition>

<Node id="20" bw="0" op_0_bw="0" op_1_bw="0">
<![CDATA[
diagonal_begin:0  call void (...)* @_ssdm_op_SpecLoopName([9 x i8]* @p_str2) nounwind

]]></Node>
<StgValue><ssdm name="specloopname_ln114"/></StgValue>
</operation>

<operation id="91" st_id="9" stage="1" lat="1">
<core>NULL</core>
<MemPortIdVec></MemPortIdVec>
<condition id="-1">
<or_exp><and_exp></and_exp></or_exp>
</condition>

<Node id="21" bw="32" op_0_bw="32" op_1_bw="0">
<![CDATA[
diagonal_begin:1  %tmp_2 = call i32 (...)* @_ssdm_op_SpecRegionBegin([9 x i8]* @p_str2)

]]></Node>
<StgValue><ssdm name="tmp_2"/></StgValue>
</operation>

<operation id="92" st_id="9" stage="1" lat="1">
<core>NULL</core>
<MemPortIdVec></MemPortIdVec>
<condition id="-1">
<or_exp><and_exp></and_exp></or_exp>
</condition>

<Node id="24" bw="8" op_0_bw="8" op_1_bw="4" op_2_bw="4">
<![CDATA[
diagonal_begin:4  %shl_ln = call i8 @_ssdm_op_BitConcatenate.i8.i4.i4(i4 %trunc_ln116, i4 0)

]]></Node>
<StgValue><ssdm name="shl_ln"/></StgValue>
</operation>

<operation id="93" st_id="9" stage="1" lat="7">
<core>m_axi</core>
<MemPortIdVec></MemPortIdVec>
<condition id="-1">
<or_exp><and_exp></and_exp></or_exp>
</condition>

<Node id="30" bw="1" op_0_bw="1" op_1_bw="32" op_2_bw="32">
<![CDATA[
diagonal_begin:10  %result_addr_rd_req = call i1 @_ssdm_op_ReadReq.m_axi.floatP(float* %result_addr, i32 16)

]]></Node>
<StgValue><ssdm name="result_addr_rd_req"/></StgValue>
</operation>

<operation id="94" st_id="9" stage="1" lat="1">
<core>NULL</core>
<MemPortIdVec></MemPortIdVec>
<condition id="-1">
<or_exp><and_exp></and_exp></or_exp>
</condition>

<Node id="31" bw="0" op_0_bw="0">
<![CDATA[
diagonal_begin:11  br label %2

]]></Node>
<StgValue><ssdm name="br_ln115"/></StgValue>
</operation>
</state>

<state id="10" st_id="10">

<operation id="95" st_id="10" stage="1" lat="1">
<core>NULL</core>
<MemPortIdVec></MemPortIdVec>
<condition id="-1">
<or_exp><and_exp></and_exp></or_exp>
</condition>

<Node id="33" bw="5" op_0_bw="5" op_1_bw="0" op_2_bw="5" op_3_bw="0">
<![CDATA[
:0  %j_0 = phi i5 [ 0, %diagonal_begin ], [ %j, %3 ]

]]></Node>
<StgValue><ssdm name="j_0"/></StgValue>
</operation>

<operation id="96" st_id="10" stage="1" lat="1">
<core>NULL</core>
<MemPortIdVec></MemPortIdVec>
<condition id="-1">
<or_exp><and_exp></and_exp></or_exp>
</condition>

<Node id="34" bw="8" op_0_bw="5">
<![CDATA[
:1  %zext_ln115 = zext i5 %j_0 to i8

]]></Node>
<StgValue><ssdm name="zext_ln115"/></StgValue>
</operation>

<operation id="97" st_id="10" stage="1" lat="1">
<core>Cmp</core>
<MemPortIdVec></MemPortIdVec>
<condition id="-1">
<or_exp><and_exp></and_exp></or_exp>
</condition>

<Node id="35" bw="1" op_0_bw="5" op_1_bw="5">
<![CDATA[
:2  %icmp_ln115 = icmp eq i5 %j_0, -16

]]></Node>
<StgValue><ssdm name="icmp_ln115"/></StgValue>
</operation>

<operation id="98" st_id="10" stage="1" lat="1">
<core>NULL</core>
<MemPortIdVec></MemPortIdVec>
<condition id="-1">
<or_exp><and_exp></and_exp></or_exp>
</condition>

<Node id="36" bw="32" op_0_bw="32" op_1_bw="64" op_2_bw="64" op_3_bw="64">
<![CDATA[
:3  %empty_13 = call i32 (...)* @_ssdm_op_SpecLoopTripCount(i64 16, i64 16, i64 16)

]]></Node>
<StgValue><ssdm name="empty_13"/></StgValue>
</operation>

<operation id="99" st_id="10" stage="1" lat="1">
<core>AddSub</core>
<MemPortIdVec></MemPortIdVec>
<condition id="-1">
<or_exp><and_exp></and_exp></or_exp>
</condition>

<Node id="37" bw="5" op_0_bw="5" op_1_bw="5">
<![CDATA[
:4  %j = add i5 %j_0, 1

]]></Node>
<StgValue><ssdm name="j"/></StgValue>
</operation>

<operation id="100" st_id="10" stage="1" lat="1">
<core>NULL</core>
<MemPortIdVec></MemPortIdVec>
<condition id="-1">
<or_exp><and_exp></and_exp></or_exp>
</condition>

<Node id="38" bw="0" op_0_bw="1" op_1_bw="0" op_2_bw="0">
<![CDATA[
:5  br i1 %icmp_ln115, label %diagonal_end, label %3

]]></Node>
<StgValue><ssdm name="br_ln115"/></StgValue>
</operation>

<operation id="101" st_id="10" stage="1" lat="1">
<core>m_axi</core>
<MemPortIdVec></MemPortIdVec>
<condition id="-1">
<or_exp><and_exp><literal name="icmp_ln115" val="0"/>
</and_exp></or_exp>
</condition>

<Node id="40" bw="32" op_0_bw="32" op_1_bw="32" op_2_bw="1">
<![CDATA[
:0  %result_addr_read = call float @_ssdm_op_Read.m_axi.floatP(float* %result_addr)

]]></Node>
<StgValue><ssdm name="result_addr_read"/></StgValue>
</operation>

<operation id="102" st_id="10" stage="1" lat="1">
<core>AddSub</core>
<MemPortIdVec></MemPortIdVec>
<condition id="-1">
<or_exp><and_exp><literal name="icmp_ln115" val="0"/>
</and_exp></or_exp>
</condition>

<Node id="41" bw="8" op_0_bw="8" op_1_bw="8">
<![CDATA[
:1  %add_ln116_2 = add i8 %zext_ln115, %shl_ln

]]></Node>
<StgValue><ssdm name="add_ln116_2"/></StgValue>
</operation>

<operation id="103" st_id="10" stage="1" lat="1">
<core>NULL</core>
<MemPortIdVec></MemPortIdVec>
<condition id="-1">
<or_exp><and_exp><literal name="icmp_ln115" val="1"/>
</and_exp></or_exp>
</condition>

<Node id="47" bw="32" op_0_bw="32" op_1_bw="0" op_2_bw="32">
<![CDATA[
diagonal_end:0  %empty_14 = call i32 (...)* @_ssdm_op_SpecRegionEnd([9 x i8]* @p_str2, i32 %tmp_2)

]]></Node>
<StgValue><ssdm name="empty_14"/></StgValue>
</operation>

<operation id="104" st_id="10" stage="1" lat="1">
<core>NULL</core>
<MemPortIdVec></MemPortIdVec>
<condition id="-1">
<or_exp><and_exp><literal name="icmp_ln115" val="1"/>
</and_exp></or_exp>
</condition>

<Node id="48" bw="0" op_0_bw="0">
<![CDATA[
diagonal_end:1  br label %1

]]></Node>
<StgValue><ssdm name="br_ln114"/></StgValue>
</operation>
</state>

<state id="11" st_id="11">

<operation id="105" st_id="11" stage="1" lat="1">
<core>NULL</core>
<MemPortIdVec></MemPortIdVec>
<condition id="-1">
<or_exp><and_exp></and_exp></or_exp>
</condition>

<Node id="42" bw="64" op_0_bw="8">
<![CDATA[
:2  %zext_ln116_1 = zext i8 %add_ln116_2 to i64

]]></Node>
<StgValue><ssdm name="zext_ln116_1"/></StgValue>
</operation>

<operation id="106" st_id="11" stage="1" lat="1">
<core>NULL</core>
<MemPortIdVec></MemPortIdVec>
<condition id="-1">
<or_exp><and_exp></and_exp></or_exp>
</condition>

<Node id="43" bw="8" op_0_bw="32" op_1_bw="64" op_2_bw="64">
<![CDATA[
:3  %diagonal_buffer_addr = getelementptr [256 x float]* %diagonal_buffer, i64 0, i64 %zext_ln116_1

]]></Node>
<StgValue><ssdm name="diagonal_buffer_addr"/></StgValue>
</operation>

<operation id="107" st_id="11" stage="1" lat="1">
<core>RAM</core>
<MemPortIdVec></MemPortIdVec>
<condition id="-1">
<or_exp><and_exp></and_exp></or_exp>
</condition>

<Node id="44" bw="0" op_0_bw="32" op_1_bw="8">
<![CDATA[
:4  store float %result_addr_read, float* %diagonal_buffer_addr, align 4

]]></Node>
<StgValue><ssdm name="store_ln116"/></StgValue>
</operation>

<operation id="108" st_id="11" stage="1" lat="1">
<core>NULL</core>
<MemPortIdVec></MemPortIdVec>
<condition id="-1">
<or_exp><and_exp></and_exp></or_exp>
</condition>

<Node id="45" bw="0" op_0_bw="0">
<![CDATA[
:5  br label %2

]]></Node>
<StgValue><ssdm name="br_ln115"/></StgValue>
</operation>
</state>

<state id="12" st_id="12">

<operation id="109" st_id="12" stage="1" lat="1">
<core>NULL</core>
<MemPortIdVec></MemPortIdVec>
<condition id="-1">
<or_exp><and_exp></and_exp></or_exp>
</condition>

<Node id="56" bw="4" op_0_bw="4" op_1_bw="0" op_2_bw="4" op_3_bw="0">
<![CDATA[
:0  %chunk_idx_0 = phi i4 [ 0, %4 ], [ %chunk_idx, %11 ]

]]></Node>
<StgValue><ssdm name="chunk_idx_0"/></StgValue>
</operation>

<operation id="110" st_id="12" stage="1" lat="1">
<core>NULL</core>
<MemPortIdVec></MemPortIdVec>
<condition id="-1">
<or_exp><and_exp></and_exp></or_exp>
</condition>

<Node id="57" bw="5" op_0_bw="4">
<![CDATA[
:1  %zext_ln124 = zext i4 %chunk_idx_0 to i5

]]></Node>
<StgValue><ssdm name="zext_ln124"/></StgValue>
</operation>

<operation id="111" st_id="12" stage="1" lat="1">
<core>Cmp</core>
<MemPortIdVec></MemPortIdVec>
<condition id="-1">
<or_exp><and_exp></and_exp></or_exp>
</condition>

<Node id="58" bw="1" op_0_bw="5" op_1_bw="5">
<![CDATA[
:2  %icmp_ln124 = icmp slt i5 %zext_ln124, %chunk_num

]]></Node>
<StgValue><ssdm name="icmp_ln124"/></StgValue>
</operation>

<operation id="112" st_id="12" stage="1" lat="1">
<core>NULL</core>
<MemPortIdVec></MemPortIdVec>
<condition id="-1">
<or_exp><and_exp></and_exp></or_exp>
</condition>

<Node id="59" bw="32" op_0_bw="32" op_1_bw="64" op_2_bw="64" op_3_bw="64">
<![CDATA[
:3  %empty_15 = call i32 (...)* @_ssdm_op_SpecLoopTripCount(i64 0, i64 15, i64 0)

]]></Node>
<StgValue><ssdm name="empty_15"/></StgValue>
</operation>

<operation id="113" st_id="12" stage="1" lat="1">
<core>AddSub</core>
<MemPortIdVec></MemPortIdVec>
<condition id="-1">
<or_exp><and_exp></and_exp></or_exp>
</condition>

<Node id="60" bw="4" op_0_bw="4" op_1_bw="4">
<![CDATA[
:4  %chunk_idx = add i4 %chunk_idx_0, 1

]]></Node>
<StgValue><ssdm name="chunk_idx"/></StgValue>
</operation>

<operation id="114" st_id="12" stage="1" lat="1">
<core>NULL</core>
<MemPortIdVec></MemPortIdVec>
<condition id="-1">
<or_exp><and_exp></and_exp></or_exp>
</condition>

<Node id="61" bw="0" op_0_bw="1" op_1_bw="0" op_2_bw="0">
<![CDATA[
:5  br i1 %icmp_ln124, label %6, label %12

]]></Node>
<StgValue><ssdm name="br_ln124"/></StgValue>
</operation>

<operation id="115" st_id="12" stage="2" lat="2">
<core></core>
<MemPortIdVec></MemPortIdVec>
<condition id="-1">
<or_exp><and_exp><literal name="icmp_ln124" val="1"/>
</and_exp></or_exp>
</condition>

<Node id="63" bw="0" op_0_bw="0" op_1_bw="32" op_2_bw="30" op_3_bw="32" op_4_bw="32" op_5_bw="8" op_6_bw="4">
<![CDATA[
:0  call fastcc void @perimeter_load(float* %result, i30 %result_offset_read, [256 x float]* nocapture %top_buffer, [256 x float]* nocapture %left_buffer, i8 %offset_read, i4 %chunk_idx_0)

]]></Node>
<StgValue><ssdm name="call_ln125"/></StgValue>
</operation>

<operation id="116" st_id="12" stage="1" lat="1">
<core>NULL</core>
<MemPortIdVec></MemPortIdVec>
<condition id="-1">
<or_exp><and_exp><literal name="icmp_ln124" val="0"/>
</and_exp></or_exp>
</condition>

<Node id="178" bw="0">
<![CDATA[
:0  ret void

]]></Node>
<StgValue><ssdm name="ret_ln154"/></StgValue>
</operation>
</state>

<state id="13" st_id="13">

<operation id="117" st_id="13" stage="1" lat="2">
<core></core>
<MemPortIdVec></MemPortIdVec>
<condition id="-1">
<or_exp><and_exp></and_exp></or_exp>
</condition>

<Node id="63" bw="0" op_0_bw="0" op_1_bw="32" op_2_bw="30" op_3_bw="32" op_4_bw="32" op_5_bw="8" op_6_bw="4">
<![CDATA[
:0  call fastcc void @perimeter_load(float* %result, i30 %result_offset_read, [256 x float]* nocapture %top_buffer, [256 x float]* nocapture %left_buffer, i8 %offset_read, i4 %chunk_idx_0)

]]></Node>
<StgValue><ssdm name="call_ln125"/></StgValue>
</operation>

<operation id="118" st_id="13" stage="1" lat="1">
<core>NULL</core>
<MemPortIdVec></MemPortIdVec>
<condition id="-1">
<or_exp><and_exp></and_exp></or_exp>
</condition>

<Node id="64" bw="0" op_0_bw="0">
<![CDATA[
:1  br label %.loopexit

]]></Node>
<StgValue><ssdm name="br_ln129"/></StgValue>
</operation>
</state>

<state id="14" st_id="14">

<operation id="119" st_id="14" stage="1" lat="1">
<core>NULL</core>
<MemPortIdVec></MemPortIdVec>
<condition id="-1">
<or_exp><and_exp></and_exp></or_exp>
</condition>

<Node id="66" bw="5" op_0_bw="5" op_1_bw="0" op_2_bw="5" op_3_bw="0">
<![CDATA[
.loopexit:0  %j_1 = phi i5 [ 0, %6 ], [ %j_4, %.loopexit.loopexit ]

]]></Node>
<StgValue><ssdm name="j_1"/></StgValue>
</operation>

<operation id="120" st_id="14" stage="1" lat="1">
<core>NULL</core>
<MemPortIdVec></MemPortIdVec>
<condition id="-1">
<or_exp><and_exp></and_exp></or_exp>
</condition>

<Node id="67" bw="8" op_0_bw="5">
<![CDATA[
.loopexit:1  %zext_ln129 = zext i5 %j_1 to i8

]]></Node>
<StgValue><ssdm name="zext_ln129"/></StgValue>
</operation>

<operation id="121" st_id="14" stage="1" lat="1">
<core>Cmp</core>
<MemPortIdVec></MemPortIdVec>
<condition id="-1">
<or_exp><and_exp></and_exp></or_exp>
</condition>

<Node id="68" bw="1" op_0_bw="5" op_1_bw="5">
<![CDATA[
.loopexit:2  %icmp_ln129 = icmp eq i5 %j_1, -16

]]></Node>
<StgValue><ssdm name="icmp_ln129"/></StgValue>
</operation>

<operation id="122" st_id="14" stage="1" lat="1">
<core>NULL</core>
<MemPortIdVec></MemPortIdVec>
<condition id="-1">
<or_exp><and_exp></and_exp></or_exp>
</condition>

<Node id="69" bw="32" op_0_bw="32" op_1_bw="64" op_2_bw="64" op_3_bw="64">
<![CDATA[
.loopexit:3  %empty_16 = call i32 (...)* @_ssdm_op_SpecLoopTripCount(i64 16, i64 16, i64 16)

]]></Node>
<StgValue><ssdm name="empty_16"/></StgValue>
</operation>

<operation id="123" st_id="14" stage="1" lat="1">
<core>AddSub</core>
<MemPortIdVec></MemPortIdVec>
<condition id="-1">
<or_exp><and_exp></and_exp></or_exp>
</condition>

<Node id="70" bw="5" op_0_bw="5" op_1_bw="5">
<![CDATA[
.loopexit:4  %j_4 = add i5 %j_1, 1

]]></Node>
<StgValue><ssdm name="j_4"/></StgValue>
</operation>

<operation id="124" st_id="14" stage="1" lat="1">
<core>NULL</core>
<MemPortIdVec></MemPortIdVec>
<condition id="-1">
<or_exp><and_exp></and_exp></or_exp>
</condition>

<Node id="71" bw="0" op_0_bw="1" op_1_bw="0" op_2_bw="0">
<![CDATA[
.loopexit:5  br i1 %icmp_ln129, label %.preheader9.preheader, label %.preheader11.preheader

]]></Node>
<StgValue><ssdm name="br_ln129"/></StgValue>
</operation>

<operation id="125" st_id="14" stage="1" lat="1">
<core>NULL</core>
<MemPortIdVec></MemPortIdVec>
<condition id="-1">
<or_exp><and_exp><literal name="icmp_ln129" val="0"/>
</and_exp></or_exp>
</condition>

<Node id="73" bw="0" op_0_bw="0">
<![CDATA[
.preheader11.preheader:0  br label %.preheader11

]]></Node>
<StgValue><ssdm name="br_ln130"/></StgValue>
</operation>

<operation id="126" st_id="14" stage="1" lat="1">
<core>NULL</core>
<MemPortIdVec></MemPortIdVec>
<condition id="-1">
<or_exp><and_exp><literal name="icmp_ln129" val="1"/>
</and_exp></or_exp>
</condition>

<Node id="116" bw="0" op_0_bw="0">
<![CDATA[
.preheader9.preheader:0  br label %.preheader9

]]></Node>
<StgValue><ssdm name="br_ln141"/></StgValue>
</operation>
</state>

<state id="15" st_id="15">

<operation id="127" st_id="15" stage="1" lat="1">
<core>NULL</core>
<MemPortIdVec></MemPortIdVec>
<condition id="-1">
<or_exp><and_exp></and_exp></or_exp>
</condition>

<Node id="75" bw="5" op_0_bw="5" op_1_bw="0" op_2_bw="5" op_3_bw="0">
<![CDATA[
.preheader11:0  %indvars_iv3 = phi i5 [ %i_5, %8 ], [ 0, %.preheader11.preheader ]

]]></Node>
<StgValue><ssdm name="indvars_iv3"/></StgValue>
</operation>

<operation id="128" st_id="15" stage="1" lat="1">
<core>Cmp</core>
<MemPortIdVec></MemPortIdVec>
<condition id="-1">
<or_exp><and_exp></and_exp></or_exp>
</condition>

<Node id="76" bw="1" op_0_bw="5" op_1_bw="5">
<![CDATA[
.preheader11:1  %icmp_ln130 = icmp eq i5 %indvars_iv3, -16

]]></Node>
<StgValue><ssdm name="icmp_ln130"/></StgValue>
</operation>

<operation id="129" st_id="15" stage="1" lat="1">
<core>NULL</core>
<MemPortIdVec></MemPortIdVec>
<condition id="-1">
<or_exp><and_exp></and_exp></or_exp>
</condition>

<Node id="77" bw="32" op_0_bw="32" op_1_bw="64" op_2_bw="64" op_3_bw="64">
<![CDATA[
.preheader11:2  %empty_17 = call i32 (...)* @_ssdm_op_SpecLoopTripCount(i64 16, i64 16, i64 16)

]]></Node>
<StgValue><ssdm name="empty_17"/></StgValue>
</operation>

<operation id="130" st_id="15" stage="1" lat="1">
<core>AddSub</core>
<MemPortIdVec></MemPortIdVec>
<condition id="-1">
<or_exp><and_exp></and_exp></or_exp>
</condition>

<Node id="78" bw="5" op_0_bw="5" op_1_bw="5">
<![CDATA[
.preheader11:3  %i_5 = add i5 %indvars_iv3, 1

]]></Node>
<StgValue><ssdm name="i_5"/></StgValue>
</operation>

<operation id="131" st_id="15" stage="1" lat="1">
<core>NULL</core>
<MemPortIdVec></MemPortIdVec>
<condition id="-1">
<or_exp><and_exp></and_exp></or_exp>
</condition>

<Node id="79" bw="0" op_0_bw="1" op_1_bw="0" op_2_bw="0">
<![CDATA[
.preheader11:4  br i1 %icmp_ln130, label %.loopexit.loopexit, label %.preheader10.preheader

]]></Node>
<StgValue><ssdm name="br_ln130"/></StgValue>
</operation>

<operation id="132" st_id="15" stage="1" lat="1">
<core>NULL</core>
<MemPortIdVec></MemPortIdVec>
<condition id="-1">
<or_exp><and_exp><literal name="icmp_ln130" val="0"/>
</and_exp></or_exp>
</condition>

<Node id="81" bw="4" op_0_bw="5">
<![CDATA[
.preheader10.preheader:0  %trunc_ln133 = trunc i5 %indvars_iv3 to i4

]]></Node>
<StgValue><ssdm name="trunc_ln133"/></StgValue>
</operation>

<operation id="133" st_id="15" stage="1" lat="1">
<core>NULL</core>
<MemPortIdVec></MemPortIdVec>
<condition id="-1">
<or_exp><and_exp><literal name="icmp_ln130" val="0"/>
</and_exp></or_exp>
</condition>

<Node id="82" bw="8" op_0_bw="8" op_1_bw="4" op_2_bw="4">
<![CDATA[
.preheader10.preheader:1  %shl_ln6 = call i8 @_ssdm_op_BitConcatenate.i8.i4.i4(i4 %trunc_ln133, i4 0)

]]></Node>
<StgValue><ssdm name="shl_ln6"/></StgValue>
</operation>

<operation id="134" st_id="15" stage="1" lat="1">
<core>NULL</core>
<MemPortIdVec></MemPortIdVec>
<condition id="-1">
<or_exp><and_exp><literal name="icmp_ln130" val="0"/>
</and_exp></or_exp>
</condition>

<Node id="83" bw="0" op_0_bw="0">
<![CDATA[
.preheader10.preheader:2  br label %.preheader10

]]></Node>
<StgValue><ssdm name="br_ln132"/></StgValue>
</operation>

<operation id="135" st_id="15" stage="1" lat="1">
<core>NULL</core>
<MemPortIdVec></MemPortIdVec>
<condition id="-1">
<or_exp><and_exp><literal name="icmp_ln130" val="1"/>
</and_exp></or_exp>
</condition>

<Node id="114" bw="0" op_0_bw="0">
<![CDATA[
.loopexit.loopexit:0  br label %.loopexit

]]></Node>
<StgValue><ssdm name="br_ln0"/></StgValue>
</operation>
</state>

<state id="16" st_id="16">

<operation id="136" st_id="16" stage="1" lat="1">
<core>NULL</core>
<MemPortIdVec></MemPortIdVec>
<condition id="-1">
<or_exp><and_exp></and_exp></or_exp>
</condition>

<Node id="85" bw="4" op_0_bw="4" op_1_bw="0" op_2_bw="4" op_3_bw="0">
<![CDATA[
.preheader10:0  %k_0 = phi i4 [ %k, %7 ], [ 0, %.preheader10.preheader ]

]]></Node>
<StgValue><ssdm name="k_0"/></StgValue>
</operation>

<operation id="137" st_id="16" stage="1" lat="1">
<core>NULL</core>
<MemPortIdVec></MemPortIdVec>
<condition id="-1">
<or_exp><and_exp></and_exp></or_exp>
</condition>

<Node id="86" bw="32" op_0_bw="32" op_1_bw="0" op_2_bw="32" op_3_bw="0">
<![CDATA[
.preheader10:1  %sum_0 = phi float [ %sum, %7 ], [ 0.000000e+00, %.preheader10.preheader ]

]]></Node>
<StgValue><ssdm name="sum_0"/></StgValue>
</operation>

<operation id="138" st_id="16" stage="1" lat="1">
<core>NULL</core>
<MemPortIdVec></MemPortIdVec>
<condition id="-1">
<or_exp><and_exp></and_exp></or_exp>
</condition>

<Node id="87" bw="5" op_0_bw="4">
<![CDATA[
.preheader10:2  %zext_ln132 = zext i4 %k_0 to i5

]]></Node>
<StgValue><ssdm name="zext_ln132"/></StgValue>
</operation>

<operation id="139" st_id="16" stage="1" lat="1">
<core>Cmp</core>
<MemPortIdVec></MemPortIdVec>
<condition id="-1">
<or_exp><and_exp></and_exp></or_exp>
</condition>

<Node id="88" bw="1" op_0_bw="5" op_1_bw="5">
<![CDATA[
.preheader10:3  %icmp_ln132 = icmp eq i5 %zext_ln132, %indvars_iv3

]]></Node>
<StgValue><ssdm name="icmp_ln132"/></StgValue>
</operation>

<operation id="140" st_id="16" stage="1" lat="1">
<core>NULL</core>
<MemPortIdVec></MemPortIdVec>
<condition id="-1">
<or_exp><and_exp></and_exp></or_exp>
</condition>

<Node id="89" bw="32" op_0_bw="32" op_1_bw="64" op_2_bw="64" op_3_bw="64">
<![CDATA[
.preheader10:4  %empty_18 = call i32 (...)* @_ssdm_op_SpecLoopTripCount(i64 0, i64 15, i64 0)

]]></Node>
<StgValue><ssdm name="empty_18"/></StgValue>
</operation>

<operation id="141" st_id="16" stage="1" lat="1">
<core>AddSub</core>
<MemPortIdVec></MemPortIdVec>
<condition id="-1">
<or_exp><and_exp></and_exp></or_exp>
</condition>

<Node id="90" bw="4" op_0_bw="4" op_1_bw="4">
<![CDATA[
.preheader10:5  %k = add i4 %k_0, 1

]]></Node>
<StgValue><ssdm name="k"/></StgValue>
</operation>

<operation id="142" st_id="16" stage="1" lat="1">
<core>NULL</core>
<MemPortIdVec></MemPortIdVec>
<condition id="-1">
<or_exp><and_exp></and_exp></or_exp>
</condition>

<Node id="91" bw="0" op_0_bw="1" op_1_bw="0" op_2_bw="0">
<![CDATA[
.preheader10:6  br i1 %icmp_ln132, label %8, label %7

]]></Node>
<StgValue><ssdm name="br_ln132"/></StgValue>
</operation>

<operation id="143" st_id="16" stage="1" lat="1">
<core>NULL</core>
<MemPortIdVec></MemPortIdVec>
<condition id="-1">
<or_exp><and_exp><literal name="icmp_ln132" val="0"/>
</and_exp></or_exp>
</condition>

<Node id="93" bw="8" op_0_bw="8" op_1_bw="4" op_2_bw="4">
<![CDATA[
:0  %add_ln = call i8 @_ssdm_op_BitConcatenate.i8.i4.i4(i4 %trunc_ln133, i4 %k_0)

]]></Node>
<StgValue><ssdm name="add_ln"/></StgValue>
</operation>

<operation id="144" st_id="16" stage="1" lat="1">
<core>NULL</core>
<MemPortIdVec></MemPortIdVec>
<condition id="-1">
<or_exp><and_exp><literal name="icmp_ln132" val="0"/>
</and_exp></or_exp>
</condition>

<Node id="94" bw="64" op_0_bw="8">
<![CDATA[
:1  %zext_ln133 = zext i8 %add_ln to i64

]]></Node>
<StgValue><ssdm name="zext_ln133"/></StgValue>
</operation>

<operation id="145" st_id="16" stage="1" lat="1">
<core>NULL</core>
<MemPortIdVec></MemPortIdVec>
<condition id="-1">
<or_exp><and_exp><literal name="icmp_ln132" val="0"/>
</and_exp></or_exp>
</condition>

<Node id="95" bw="8" op_0_bw="32" op_1_bw="64" op_2_bw="64">
<![CDATA[
:2  %diagonal_buffer_addr_1 = getelementptr [256 x float]* %diagonal_buffer, i64 0, i64 %zext_ln133

]]></Node>
<StgValue><ssdm name="diagonal_buffer_addr_1"/></StgValue>
</operation>

<operation id="146" st_id="16" stage="2" lat="2">
<core>RAM</core>
<MemPortIdVec></MemPortIdVec>
<condition id="-1">
<or_exp><and_exp><literal name="icmp_ln132" val="0"/>
</and_exp></or_exp>
</condition>

<Node id="96" bw="32" op_0_bw="8">
<![CDATA[
:3  %diagonal_buffer_load = load float* %diagonal_buffer_addr_1, align 4

]]></Node>
<StgValue><ssdm name="diagonal_buffer_load"/></StgValue>
</operation>

<operation id="147" st_id="16" stage="1" lat="1">
<core>NULL</core>
<MemPortIdVec></MemPortIdVec>
<condition id="-1">
<or_exp><and_exp><literal name="icmp_ln132" val="0"/>
</and_exp></or_exp>
</condition>

<Node id="97" bw="8" op_0_bw="8" op_1_bw="4" op_2_bw="4">
<![CDATA[
:4  %shl_ln133_1 = call i8 @_ssdm_op_BitConcatenate.i8.i4.i4(i4 %k_0, i4 0)

]]></Node>
<StgValue><ssdm name="shl_ln133_1"/></StgValue>
</operation>

<operation id="148" st_id="16" stage="1" lat="1">
<core>AddSub</core>
<MemPortIdVec></MemPortIdVec>
<condition id="-1">
<or_exp><and_exp><literal name="icmp_ln132" val="0"/>
</and_exp></or_exp>
</condition>

<Node id="98" bw="8" op_0_bw="8" op_1_bw="8">
<![CDATA[
:5  %add_ln133 = add i8 %zext_ln129, %shl_ln133_1

]]></Node>
<StgValue><ssdm name="add_ln133"/></StgValue>
</operation>

<operation id="149" st_id="16" stage="1" lat="1">
<core>NULL</core>
<MemPortIdVec></MemPortIdVec>
<condition id="-1">
<or_exp><and_exp><literal name="icmp_ln132" val="0"/>
</and_exp></or_exp>
</condition>

<Node id="99" bw="64" op_0_bw="8">
<![CDATA[
:6  %zext_ln133_1 = zext i8 %add_ln133 to i64

]]></Node>
<StgValue><ssdm name="zext_ln133_1"/></StgValue>
</operation>

<operation id="150" st_id="16" stage="1" lat="1">
<core>NULL</core>
<MemPortIdVec></MemPortIdVec>
<condition id="-1">
<or_exp><and_exp><literal name="icmp_ln132" val="0"/>
</and_exp></or_exp>
</condition>

<Node id="100" bw="8" op_0_bw="32" op_1_bw="64" op_2_bw="64">
<![CDATA[
:7  %top_buffer_addr_1 = getelementptr [256 x float]* %top_buffer, i64 0, i64 %zext_ln133_1

]]></Node>
<StgValue><ssdm name="top_buffer_addr_1"/></StgValue>
</operation>

<operation id="151" st_id="16" stage="2" lat="2">
<core>RAM</core>
<MemPortIdVec></MemPortIdVec>
<condition id="-1">
<or_exp><and_exp><literal name="icmp_ln132" val="0"/>
</and_exp></or_exp>
</condition>

<Node id="101" bw="32" op_0_bw="8">
<![CDATA[
:8  %top_buffer_load_1 = load float* %top_buffer_addr_1, align 4

]]></Node>
<StgValue><ssdm name="top_buffer_load_1"/></StgValue>
</operation>

<operation id="152" st_id="16" stage="1" lat="1">
<core>AddSub</core>
<MemPortIdVec></MemPortIdVec>
<condition id="-1">
<or_exp><and_exp><literal name="icmp_ln132" val="1"/>
</and_exp></or_exp>
</condition>

<Node id="106" bw="8" op_0_bw="8" op_1_bw="8">
<![CDATA[
:0  %add_ln136 = add i8 %zext_ln129, %shl_ln6

]]></Node>
<StgValue><ssdm name="add_ln136"/></StgValue>
</operation>

<operation id="153" st_id="16" stage="1" lat="1">
<core>NULL</core>
<MemPortIdVec></MemPortIdVec>
<condition id="-1">
<or_exp><and_exp><literal name="icmp_ln132" val="1"/>
</and_exp></or_exp>
</condition>

<Node id="107" bw="64" op_0_bw="8">
<![CDATA[
:1  %zext_ln136 = zext i8 %add_ln136 to i64

]]></Node>
<StgValue><ssdm name="zext_ln136"/></StgValue>
</operation>

<operation id="154" st_id="16" stage="1" lat="1">
<core>NULL</core>
<MemPortIdVec></MemPortIdVec>
<condition id="-1">
<or_exp><and_exp><literal name="icmp_ln132" val="1"/>
</and_exp></or_exp>
</condition>

<Node id="108" bw="8" op_0_bw="32" op_1_bw="64" op_2_bw="64">
<![CDATA[
:2  %top_buffer_addr = getelementptr [256 x float]* %top_buffer, i64 0, i64 %zext_ln136

]]></Node>
<StgValue><ssdm name="top_buffer_addr"/></StgValue>
</operation>

<operation id="155" st_id="16" stage="2" lat="2">
<core>RAM</core>
<MemPortIdVec></MemPortIdVec>
<condition id="-1">
<or_exp><and_exp><literal name="icmp_ln132" val="1"/>
</and_exp></or_exp>
</condition>

<Node id="109" bw="32" op_0_bw="8">
<![CDATA[
:3  %top_buffer_load = load float* %top_buffer_addr, align 4

]]></Node>
<StgValue><ssdm name="top_buffer_load"/></StgValue>
</operation>
</state>

<state id="17" st_id="17">

<operation id="156" st_id="17" stage="1" lat="2">
<core>RAM</core>
<MemPortIdVec></MemPortIdVec>
<condition id="-1">
<or_exp><and_exp></and_exp></or_exp>
</condition>

<Node id="96" bw="32" op_0_bw="8">
<![CDATA[
:3  %diagonal_buffer_load = load float* %diagonal_buffer_addr_1, align 4

]]></Node>
<StgValue><ssdm name="diagonal_buffer_load"/></StgValue>
</operation>

<operation id="157" st_id="17" stage="1" lat="2">
<core>RAM</core>
<MemPortIdVec></MemPortIdVec>
<condition id="-1">
<or_exp><and_exp></and_exp></or_exp>
</condition>

<Node id="101" bw="32" op_0_bw="8">
<![CDATA[
:8  %top_buffer_load_1 = load float* %top_buffer_addr_1, align 4

]]></Node>
<StgValue><ssdm name="top_buffer_load_1"/></StgValue>
</operation>
</state>

<state id="18" st_id="18">

<operation id="158" st_id="18" stage="3" lat="3">
<core>FMul</core>
<MemPortIdVec></MemPortIdVec>
<condition id="-1">
<or_exp><and_exp></and_exp></or_exp>
</condition>

<Node id="102" bw="32" op_0_bw="32" op_1_bw="32">
<![CDATA[
:9  %tmp_1 = fmul float %diagonal_buffer_load, %top_buffer_load_1

]]></Node>
<StgValue><ssdm name="tmp_1"/></StgValue>
</operation>
</state>

<state id="19" st_id="19">

<operation id="159" st_id="19" stage="2" lat="3">
<core>FMul</core>
<MemPortIdVec></MemPortIdVec>
<condition id="-1">
<or_exp><and_exp></and_exp></or_exp>
</condition>

<Node id="102" bw="32" op_0_bw="32" op_1_bw="32">
<![CDATA[
:9  %tmp_1 = fmul float %diagonal_buffer_load, %top_buffer_load_1

]]></Node>
<StgValue><ssdm name="tmp_1"/></StgValue>
</operation>
</state>

<state id="20" st_id="20">

<operation id="160" st_id="20" stage="1" lat="3">
<core>FMul</core>
<MemPortIdVec></MemPortIdVec>
<condition id="-1">
<or_exp><and_exp></and_exp></or_exp>
</condition>

<Node id="102" bw="32" op_0_bw="32" op_1_bw="32">
<![CDATA[
:9  %tmp_1 = fmul float %diagonal_buffer_load, %top_buffer_load_1

]]></Node>
<StgValue><ssdm name="tmp_1"/></StgValue>
</operation>
</state>

<state id="21" st_id="21">

<operation id="161" st_id="21" stage="4" lat="4">
<core>FAddSub</core>
<MemPortIdVec></MemPortIdVec>
<condition id="-1">
<or_exp><and_exp></and_exp></or_exp>
</condition>

<Node id="103" bw="32" op_0_bw="32" op_1_bw="32">
<![CDATA[
:10  %sum = fadd float %sum_0, %tmp_1

]]></Node>
<StgValue><ssdm name="sum"/></StgValue>
</operation>
</state>

<state id="22" st_id="22">

<operation id="162" st_id="22" stage="3" lat="4">
<core>FAddSub</core>
<MemPortIdVec></MemPortIdVec>
<condition id="-1">
<or_exp><and_exp></and_exp></or_exp>
</condition>

<Node id="103" bw="32" op_0_bw="32" op_1_bw="32">
<![CDATA[
:10  %sum = fadd float %sum_0, %tmp_1

]]></Node>
<StgValue><ssdm name="sum"/></StgValue>
</operation>
</state>

<state id="23" st_id="23">

<operation id="163" st_id="23" stage="2" lat="4">
<core>FAddSub</core>
<MemPortIdVec></MemPortIdVec>
<condition id="-1">
<or_exp><and_exp></and_exp></or_exp>
</condition>

<Node id="103" bw="32" op_0_bw="32" op_1_bw="32">
<![CDATA[
:10  %sum = fadd float %sum_0, %tmp_1

]]></Node>
<StgValue><ssdm name="sum"/></StgValue>
</operation>
</state>

<state id="24" st_id="24">

<operation id="164" st_id="24" stage="1" lat="4">
<core>FAddSub</core>
<MemPortIdVec></MemPortIdVec>
<condition id="-1">
<or_exp><and_exp></and_exp></or_exp>
</condition>

<Node id="103" bw="32" op_0_bw="32" op_1_bw="32">
<![CDATA[
:10  %sum = fadd float %sum_0, %tmp_1

]]></Node>
<StgValue><ssdm name="sum"/></StgValue>
</operation>

<operation id="165" st_id="24" stage="1" lat="1">
<core>NULL</core>
<MemPortIdVec></MemPortIdVec>
<condition id="-1">
<or_exp><and_exp></and_exp></or_exp>
</condition>

<Node id="104" bw="0" op_0_bw="0">
<![CDATA[
:11  br label %.preheader10

]]></Node>
<StgValue><ssdm name="br_ln132"/></StgValue>
</operation>
</state>

<state id="25" st_id="25">

<operation id="166" st_id="25" stage="1" lat="2">
<core>RAM</core>
<MemPortIdVec></MemPortIdVec>
<condition id="-1">
<or_exp><and_exp></and_exp></or_exp>
</condition>

<Node id="109" bw="32" op_0_bw="8">
<![CDATA[
:3  %top_buffer_load = load float* %top_buffer_addr, align 4

]]></Node>
<StgValue><ssdm name="top_buffer_load"/></StgValue>
</operation>
</state>

<state id="26" st_id="26">

<operation id="167" st_id="26" stage="4" lat="4">
<core>FAddSub</core>
<MemPortIdVec></MemPortIdVec>
<condition id="-1">
<or_exp><and_exp></and_exp></or_exp>
</condition>

<Node id="110" bw="32" op_0_bw="32" op_1_bw="32">
<![CDATA[
:4  %tmp = fsub float %top_buffer_load, %sum_0

]]></Node>
<StgValue><ssdm name="tmp"/></StgValue>
</operation>
</state>

<state id="27" st_id="27">

<operation id="168" st_id="27" stage="3" lat="4">
<core>FAddSub</core>
<MemPortIdVec></MemPortIdVec>
<condition id="-1">
<or_exp><and_exp></and_exp></or_exp>
</condition>

<Node id="110" bw="32" op_0_bw="32" op_1_bw="32">
<![CDATA[
:4  %tmp = fsub float %top_buffer_load, %sum_0

]]></Node>
<StgValue><ssdm name="tmp"/></StgValue>
</operation>
</state>

<state id="28" st_id="28">

<operation id="169" st_id="28" stage="2" lat="4">
<core>FAddSub</core>
<MemPortIdVec></MemPortIdVec>
<condition id="-1">
<or_exp><and_exp></and_exp></or_exp>
</condition>

<Node id="110" bw="32" op_0_bw="32" op_1_bw="32">
<![CDATA[
:4  %tmp = fsub float %top_buffer_load, %sum_0

]]></Node>
<StgValue><ssdm name="tmp"/></StgValue>
</operation>
</state>

<state id="29" st_id="29">

<operation id="170" st_id="29" stage="1" lat="4">
<core>FAddSub</core>
<MemPortIdVec></MemPortIdVec>
<condition id="-1">
<or_exp><and_exp></and_exp></or_exp>
</condition>

<Node id="110" bw="32" op_0_bw="32" op_1_bw="32">
<![CDATA[
:4  %tmp = fsub float %top_buffer_load, %sum_0

]]></Node>
<StgValue><ssdm name="tmp"/></StgValue>
</operation>
</state>

<state id="30" st_id="30">

<operation id="171" st_id="30" stage="1" lat="1">
<core>RAM</core>
<MemPortIdVec></MemPortIdVec>
<condition id="-1">
<or_exp><and_exp></and_exp></or_exp>
</condition>

<Node id="111" bw="0" op_0_bw="32" op_1_bw="8" op_2_bw="32">
<![CDATA[
:5  store float %tmp, float* %top_buffer_addr, align 4

]]></Node>
<StgValue><ssdm name="store_ln136"/></StgValue>
</operation>

<operation id="172" st_id="30" stage="1" lat="1">
<core>NULL</core>
<MemPortIdVec></MemPortIdVec>
<condition id="-1">
<or_exp><and_exp></and_exp></or_exp>
</condition>

<Node id="112" bw="0" op_0_bw="0">
<![CDATA[
:6  br label %.preheader11

]]></Node>
<StgValue><ssdm name="br_ln130"/></StgValue>
</operation>
</state>

<state id="31" st_id="31">

<operation id="173" st_id="31" stage="1" lat="1">
<core>NULL</core>
<MemPortIdVec></MemPortIdVec>
<condition id="-1">
<or_exp><and_exp></and_exp></or_exp>
</condition>

<Node id="118" bw="5" op_0_bw="5" op_1_bw="0" op_2_bw="5" op_3_bw="0">
<![CDATA[
.preheader9:0  %i_2 = phi i5 [ %i_4, %.preheader9.loopexit ], [ 0, %.preheader9.preheader ]

]]></Node>
<StgValue><ssdm name="i_2"/></StgValue>
</operation>

<operation id="174" st_id="31" stage="1" lat="1">
<core>Cmp</core>
<MemPortIdVec></MemPortIdVec>
<condition id="-1">
<or_exp><and_exp></and_exp></or_exp>
</condition>

<Node id="119" bw="1" op_0_bw="5" op_1_bw="5">
<![CDATA[
.preheader9:1  %icmp_ln141 = icmp eq i5 %i_2, -16

]]></Node>
<StgValue><ssdm name="icmp_ln141"/></StgValue>
</operation>

<operation id="175" st_id="31" stage="1" lat="1">
<core>NULL</core>
<MemPortIdVec></MemPortIdVec>
<condition id="-1">
<or_exp><and_exp></and_exp></or_exp>
</condition>

<Node id="120" bw="32" op_0_bw="32" op_1_bw="64" op_2_bw="64" op_3_bw="64">
<![CDATA[
.preheader9:2  %empty_19 = call i32 (...)* @_ssdm_op_SpecLoopTripCount(i64 16, i64 16, i64 16)

]]></Node>
<StgValue><ssdm name="empty_19"/></StgValue>
</operation>

<operation id="176" st_id="31" stage="1" lat="1">
<core>AddSub</core>
<MemPortIdVec></MemPortIdVec>
<condition id="-1">
<or_exp><and_exp></and_exp></or_exp>
</condition>

<Node id="121" bw="5" op_0_bw="5" op_1_bw="5">
<![CDATA[
.preheader9:3  %i_4 = add i5 %i_2, 1

]]></Node>
<StgValue><ssdm name="i_4"/></StgValue>
</operation>

<operation id="177" st_id="31" stage="1" lat="1">
<core>NULL</core>
<MemPortIdVec></MemPortIdVec>
<condition id="-1">
<or_exp><and_exp></and_exp></or_exp>
</condition>

<Node id="122" bw="0" op_0_bw="1" op_1_bw="0" op_2_bw="0">
<![CDATA[
.preheader9:4  br i1 %icmp_ln141, label %11, label %.preheader8.preheader

]]></Node>
<StgValue><ssdm name="br_ln141"/></StgValue>
</operation>

<operation id="178" st_id="31" stage="1" lat="1">
<core>NULL</core>
<MemPortIdVec></MemPortIdVec>
<condition id="-1">
<or_exp><and_exp><literal name="icmp_ln141" val="0"/>
</and_exp></or_exp>
</condition>

<Node id="124" bw="4" op_0_bw="5">
<![CDATA[
.preheader8.preheader:0  %trunc_ln145 = trunc i5 %i_2 to i4

]]></Node>
<StgValue><ssdm name="trunc_ln145"/></StgValue>
</operation>

<operation id="179" st_id="31" stage="1" lat="1">
<core>NULL</core>
<MemPortIdVec></MemPortIdVec>
<condition id="-1">
<or_exp><and_exp><literal name="icmp_ln141" val="0"/>
</and_exp></or_exp>
</condition>

<Node id="125" bw="8" op_0_bw="8" op_1_bw="4" op_2_bw="4">
<![CDATA[
.preheader8.preheader:1  %shl_ln5 = call i8 @_ssdm_op_BitConcatenate.i8.i4.i4(i4 %trunc_ln145, i4 0)

]]></Node>
<StgValue><ssdm name="shl_ln5"/></StgValue>
</operation>

<operation id="180" st_id="31" stage="1" lat="1">
<core>NULL</core>
<MemPortIdVec></MemPortIdVec>
<condition id="-1">
<or_exp><and_exp><literal name="icmp_ln141" val="0"/>
</and_exp></or_exp>
</condition>

<Node id="126" bw="0" op_0_bw="0">
<![CDATA[
.preheader8.preheader:2  br label %.preheader8

]]></Node>
<StgValue><ssdm name="br_ln142"/></StgValue>
</operation>

<operation id="181" st_id="31" stage="2" lat="2">
<core></core>
<MemPortIdVec></MemPortIdVec>
<condition id="-1">
<or_exp><and_exp><literal name="icmp_ln141" val="1"/>
</and_exp></or_exp>
</condition>

<Node id="175" bw="0" op_0_bw="0" op_1_bw="32" op_2_bw="30" op_3_bw="32" op_4_bw="32" op_5_bw="8" op_6_bw="4" op_7_bw="0" op_8_bw="0">
<![CDATA[
:0  call fastcc void @perimeter_store(float* %result, i30 %result_offset_read, [256 x float]* nocapture %top_buffer, [256 x float]* nocapture %left_buffer, i8 %offset_read, i4 %chunk_idx_0)

]]></Node>
<StgValue><ssdm name="call_ln152"/></StgValue>
</operation>
</state>

<state id="32" st_id="32">

<operation id="182" st_id="32" stage="1" lat="1">
<core>NULL</core>
<MemPortIdVec></MemPortIdVec>
<condition id="-1">
<or_exp><and_exp></and_exp></or_exp>
</condition>

<Node id="128" bw="5" op_0_bw="5" op_1_bw="0" op_2_bw="5" op_3_bw="0">
<![CDATA[
.preheader8:0  %indvars_iv = phi i5 [ %j_5, %10 ], [ 0, %.preheader8.preheader ]

]]></Node>
<StgValue><ssdm name="indvars_iv"/></StgValue>
</operation>

<operation id="183" st_id="32" stage="1" lat="1">
<core>NULL</core>
<MemPortIdVec></MemPortIdVec>
<condition id="-1">
<or_exp><and_exp></and_exp></or_exp>
</condition>

<Node id="129" bw="8" op_0_bw="5">
<![CDATA[
.preheader8:1  %zext_ln142 = zext i5 %indvars_iv to i8

]]></Node>
<StgValue><ssdm name="zext_ln142"/></StgValue>
</operation>

<operation id="184" st_id="32" stage="1" lat="1">
<core>Cmp</core>
<MemPortIdVec></MemPortIdVec>
<condition id="-1">
<or_exp><and_exp></and_exp></or_exp>
</condition>

<Node id="130" bw="1" op_0_bw="5" op_1_bw="5">
<![CDATA[
.preheader8:2  %icmp_ln142 = icmp eq i5 %indvars_iv, -16

]]></Node>
<StgValue><ssdm name="icmp_ln142"/></StgValue>
</operation>

<operation id="185" st_id="32" stage="1" lat="1">
<core>NULL</core>
<MemPortIdVec></MemPortIdVec>
<condition id="-1">
<or_exp><and_exp></and_exp></or_exp>
</condition>

<Node id="131" bw="32" op_0_bw="32" op_1_bw="64" op_2_bw="64" op_3_bw="64">
<![CDATA[
.preheader8:3  %empty_20 = call i32 (...)* @_ssdm_op_SpecLoopTripCount(i64 16, i64 16, i64 16)

]]></Node>
<StgValue><ssdm name="empty_20"/></StgValue>
</operation>

<operation id="186" st_id="32" stage="1" lat="1">
<core>AddSub</core>
<MemPortIdVec></MemPortIdVec>
<condition id="-1">
<or_exp><and_exp></and_exp></or_exp>
</condition>

<Node id="132" bw="5" op_0_bw="5" op_1_bw="5">
<![CDATA[
.preheader8:4  %j_5 = add i5 %indvars_iv, 1

]]></Node>
<StgValue><ssdm name="j_5"/></StgValue>
</operation>

<operation id="187" st_id="32" stage="1" lat="1">
<core>NULL</core>
<MemPortIdVec></MemPortIdVec>
<condition id="-1">
<or_exp><and_exp></and_exp></or_exp>
</condition>

<Node id="133" bw="0" op_0_bw="1" op_1_bw="0" op_2_bw="0">
<![CDATA[
.preheader8:5  br i1 %icmp_ln142, label %.preheader9.loopexit, label %.preheader.preheader

]]></Node>
<StgValue><ssdm name="br_ln142"/></StgValue>
</operation>

<operation id="188" st_id="32" stage="1" lat="1">
<core>NULL</core>
<MemPortIdVec></MemPortIdVec>
<condition id="-1">
<or_exp><and_exp><literal name="icmp_ln142" val="0"/>
</and_exp></or_exp>
</condition>

<Node id="135" bw="0" op_0_bw="0">
<![CDATA[
.preheader.preheader:0  br label %.preheader

]]></Node>
<StgValue><ssdm name="br_ln144"/></StgValue>
</operation>

<operation id="189" st_id="32" stage="1" lat="1">
<core>NULL</core>
<MemPortIdVec></MemPortIdVec>
<condition id="-1">
<or_exp><and_exp><literal name="icmp_ln142" val="1"/>
</and_exp></or_exp>
</condition>

<Node id="173" bw="0" op_0_bw="0">
<![CDATA[
.preheader9.loopexit:0  br label %.preheader9

]]></Node>
<StgValue><ssdm name="br_ln0"/></StgValue>
</operation>
</state>

<state id="33" st_id="33">

<operation id="190" st_id="33" stage="1" lat="1">
<core>NULL</core>
<MemPortIdVec></MemPortIdVec>
<condition id="-1">
<or_exp><and_exp></and_exp></or_exp>
</condition>

<Node id="137" bw="4" op_0_bw="4" op_1_bw="0" op_2_bw="4" op_3_bw="0">
<![CDATA[
.preheader:0  %k_1 = phi i4 [ %k_2, %9 ], [ 0, %.preheader.preheader ]

]]></Node>
<StgValue><ssdm name="k_1"/></StgValue>
</operation>

<operation id="191" st_id="33" stage="1" lat="1">
<core>NULL</core>
<MemPortIdVec></MemPortIdVec>
<condition id="-1">
<or_exp><and_exp></and_exp></or_exp>
</condition>

<Node id="138" bw="32" op_0_bw="32" op_1_bw="0" op_2_bw="32" op_3_bw="0">
<![CDATA[
.preheader:1  %sum_1 = phi float [ %sum_2, %9 ], [ 0.000000e+00, %.preheader.preheader ]

]]></Node>
<StgValue><ssdm name="sum_1"/></StgValue>
</operation>

<operation id="192" st_id="33" stage="1" lat="1">
<core>NULL</core>
<MemPortIdVec></MemPortIdVec>
<condition id="-1">
<or_exp><and_exp></and_exp></or_exp>
</condition>

<Node id="139" bw="5" op_0_bw="4">
<![CDATA[
.preheader:2  %zext_ln144 = zext i4 %k_1 to i5

]]></Node>
<StgValue><ssdm name="zext_ln144"/></StgValue>
</operation>

<operation id="193" st_id="33" stage="1" lat="1">
<core>Cmp</core>
<MemPortIdVec></MemPortIdVec>
<condition id="-1">
<or_exp><and_exp></and_exp></or_exp>
</condition>

<Node id="140" bw="1" op_0_bw="5" op_1_bw="5">
<![CDATA[
.preheader:3  %icmp_ln144 = icmp eq i5 %zext_ln144, %indvars_iv

]]></Node>
<StgValue><ssdm name="icmp_ln144"/></StgValue>
</operation>

<operation id="194" st_id="33" stage="1" lat="1">
<core>NULL</core>
<MemPortIdVec></MemPortIdVec>
<condition id="-1">
<or_exp><and_exp></and_exp></or_exp>
</condition>

<Node id="141" bw="32" op_0_bw="32" op_1_bw="64" op_2_bw="64" op_3_bw="64">
<![CDATA[
.preheader:4  %empty_21 = call i32 (...)* @_ssdm_op_SpecLoopTripCount(i64 0, i64 15, i64 0)

]]></Node>
<StgValue><ssdm name="empty_21"/></StgValue>
</operation>

<operation id="195" st_id="33" stage="1" lat="1">
<core>AddSub</core>
<MemPortIdVec></MemPortIdVec>
<condition id="-1">
<or_exp><and_exp></and_exp></or_exp>
</condition>

<Node id="142" bw="4" op_0_bw="4" op_1_bw="4">
<![CDATA[
.preheader:5  %k_2 = add i4 %k_1, 1

]]></Node>
<StgValue><ssdm name="k_2"/></StgValue>
</operation>

<operation id="196" st_id="33" stage="1" lat="1">
<core>NULL</core>
<MemPortIdVec></MemPortIdVec>
<condition id="-1">
<or_exp><and_exp></and_exp></or_exp>
</condition>

<Node id="143" bw="0" op_0_bw="1" op_1_bw="0" op_2_bw="0">
<![CDATA[
.preheader:6  br i1 %icmp_ln144, label %10, label %9

]]></Node>
<StgValue><ssdm name="br_ln144"/></StgValue>
</operation>

<operation id="197" st_id="33" stage="1" lat="1">
<core>NULL</core>
<MemPortIdVec></MemPortIdVec>
<condition id="-1">
<or_exp><and_exp><literal name="icmp_ln144" val="0"/>
</and_exp></or_exp>
</condition>

<Node id="145" bw="8" op_0_bw="8" op_1_bw="4" op_2_bw="4">
<![CDATA[
:0  %add_ln1 = call i8 @_ssdm_op_BitConcatenate.i8.i4.i4(i4 %trunc_ln145, i4 %k_1)

]]></Node>
<StgValue><ssdm name="add_ln1"/></StgValue>
</operation>

<operation id="198" st_id="33" stage="1" lat="1">
<core>NULL</core>
<MemPortIdVec></MemPortIdVec>
<condition id="-1">
<or_exp><and_exp><literal name="icmp_ln144" val="0"/>
</and_exp></or_exp>
</condition>

<Node id="146" bw="64" op_0_bw="8">
<![CDATA[
:1  %zext_ln145 = zext i8 %add_ln1 to i64

]]></Node>
<StgValue><ssdm name="zext_ln145"/></StgValue>
</operation>

<operation id="199" st_id="33" stage="1" lat="1">
<core>NULL</core>
<MemPortIdVec></MemPortIdVec>
<condition id="-1">
<or_exp><and_exp><literal name="icmp_ln144" val="0"/>
</and_exp></or_exp>
</condition>

<Node id="147" bw="8" op_0_bw="32" op_1_bw="64" op_2_bw="64">
<![CDATA[
:2  %left_buffer_addr_1 = getelementptr [256 x float]* %left_buffer, i64 0, i64 %zext_ln145

]]></Node>
<StgValue><ssdm name="left_buffer_addr_1"/></StgValue>
</operation>

<operation id="200" st_id="33" stage="2" lat="2">
<core>RAM</core>
<MemPortIdVec></MemPortIdVec>
<condition id="-1">
<or_exp><and_exp><literal name="icmp_ln144" val="0"/>
</and_exp></or_exp>
</condition>

<Node id="148" bw="32" op_0_bw="8">
<![CDATA[
:3  %left_buffer_load_1 = load float* %left_buffer_addr_1, align 4

]]></Node>
<StgValue><ssdm name="left_buffer_load_1"/></StgValue>
</operation>

<operation id="201" st_id="33" stage="1" lat="1">
<core>NULL</core>
<MemPortIdVec></MemPortIdVec>
<condition id="-1">
<or_exp><and_exp><literal name="icmp_ln144" val="0"/>
</and_exp></or_exp>
</condition>

<Node id="149" bw="8" op_0_bw="8" op_1_bw="4" op_2_bw="4">
<![CDATA[
:4  %shl_ln145_1 = call i8 @_ssdm_op_BitConcatenate.i8.i4.i4(i4 %k_1, i4 0)

]]></Node>
<StgValue><ssdm name="shl_ln145_1"/></StgValue>
</operation>

<operation id="202" st_id="33" stage="1" lat="1">
<core>AddSub</core>
<MemPortIdVec></MemPortIdVec>
<condition id="-1">
<or_exp><and_exp><literal name="icmp_ln144" val="0"/>
</and_exp></or_exp>
</condition>

<Node id="150" bw="8" op_0_bw="8" op_1_bw="8">
<![CDATA[
:5  %add_ln145 = add i8 %zext_ln142, %shl_ln145_1

]]></Node>
<StgValue><ssdm name="add_ln145"/></StgValue>
</operation>

<operation id="203" st_id="33" stage="1" lat="1">
<core>NULL</core>
<MemPortIdVec></MemPortIdVec>
<condition id="-1">
<or_exp><and_exp><literal name="icmp_ln144" val="0"/>
</and_exp></or_exp>
</condition>

<Node id="151" bw="64" op_0_bw="8">
<![CDATA[
:6  %zext_ln145_1 = zext i8 %add_ln145 to i64

]]></Node>
<StgValue><ssdm name="zext_ln145_1"/></StgValue>
</operation>

<operation id="204" st_id="33" stage="1" lat="1">
<core>NULL</core>
<MemPortIdVec></MemPortIdVec>
<condition id="-1">
<or_exp><and_exp><literal name="icmp_ln144" val="0"/>
</and_exp></or_exp>
</condition>

<Node id="152" bw="8" op_0_bw="32" op_1_bw="64" op_2_bw="64">
<![CDATA[
:7  %diagonal_buffer_addr_3 = getelementptr [256 x float]* %diagonal_buffer, i64 0, i64 %zext_ln145_1

]]></Node>
<StgValue><ssdm name="diagonal_buffer_addr_3"/></StgValue>
</operation>

<operation id="205" st_id="33" stage="2" lat="2">
<core>RAM</core>
<MemPortIdVec></MemPortIdVec>
<condition id="-1">
<or_exp><and_exp><literal name="icmp_ln144" val="0"/>
</and_exp></or_exp>
</condition>

<Node id="153" bw="32" op_0_bw="8">
<![CDATA[
:8  %diagonal_buffer_load_2 = load float* %diagonal_buffer_addr_3, align 4

]]></Node>
<StgValue><ssdm name="diagonal_buffer_load_2"/></StgValue>
</operation>

<operation id="206" st_id="33" stage="1" lat="1">
<core>AddSub</core>
<MemPortIdVec></MemPortIdVec>
<condition id="-1">
<or_exp><and_exp><literal name="icmp_ln144" val="1"/>
</and_exp></or_exp>
</condition>

<Node id="158" bw="8" op_0_bw="8" op_1_bw="8">
<![CDATA[
:0  %add_ln148 = add i8 %zext_ln142, %shl_ln5

]]></Node>
<StgValue><ssdm name="add_ln148"/></StgValue>
</operation>

<operation id="207" st_id="33" stage="1" lat="1">
<core>NULL</core>
<MemPortIdVec></MemPortIdVec>
<condition id="-1">
<or_exp><and_exp><literal name="icmp_ln144" val="1"/>
</and_exp></or_exp>
</condition>

<Node id="159" bw="64" op_0_bw="8">
<![CDATA[
:1  %zext_ln148 = zext i8 %add_ln148 to i64

]]></Node>
<StgValue><ssdm name="zext_ln148"/></StgValue>
</operation>

<operation id="208" st_id="33" stage="1" lat="1">
<core>NULL</core>
<MemPortIdVec></MemPortIdVec>
<condition id="-1">
<or_exp><and_exp><literal name="icmp_ln144" val="1"/>
</and_exp></or_exp>
</condition>

<Node id="160" bw="8" op_0_bw="32" op_1_bw="64" op_2_bw="64">
<![CDATA[
:2  %left_buffer_addr = getelementptr [256 x float]* %left_buffer, i64 0, i64 %zext_ln148

]]></Node>
<StgValue><ssdm name="left_buffer_addr"/></StgValue>
</operation>

<operation id="209" st_id="33" stage="2" lat="2">
<core>RAM</core>
<MemPortIdVec></MemPortIdVec>
<condition id="-1">
<or_exp><and_exp><literal name="icmp_ln144" val="1"/>
</and_exp></or_exp>
</condition>

<Node id="161" bw="32" op_0_bw="8">
<![CDATA[
:3  %left_buffer_load = load float* %left_buffer_addr, align 4

]]></Node>
<StgValue><ssdm name="left_buffer_load"/></StgValue>
</operation>

<operation id="210" st_id="33" stage="1" lat="1">
<core>NULL</core>
<MemPortIdVec></MemPortIdVec>
<condition id="-1">
<or_exp><and_exp><literal name="icmp_ln144" val="1"/>
</and_exp></or_exp>
</condition>

<Node id="163" bw="4" op_0_bw="5">
<![CDATA[
:5  %trunc_ln148 = trunc i5 %indvars_iv to i4

]]></Node>
<StgValue><ssdm name="trunc_ln148"/></StgValue>
</operation>

<operation id="211" st_id="33" stage="1" lat="1">
<core>NULL</core>
<MemPortIdVec></MemPortIdVec>
<condition id="-1">
<or_exp><and_exp><literal name="icmp_ln144" val="1"/>
</and_exp></or_exp>
</condition>

<Node id="164" bw="8" op_0_bw="8" op_1_bw="4" op_2_bw="4">
<![CDATA[
:6  %shl_ln7 = call i8 @_ssdm_op_BitConcatenate.i8.i4.i4(i4 %trunc_ln148, i4 0)

]]></Node>
<StgValue><ssdm name="shl_ln7"/></StgValue>
</operation>

<operation id="212" st_id="33" stage="1" lat="1">
<core>AddSub</core>
<MemPortIdVec></MemPortIdVec>
<condition id="-1">
<or_exp><and_exp><literal name="icmp_ln144" val="1"/>
</and_exp></or_exp>
</condition>

<Node id="165" bw="8" op_0_bw="8" op_1_bw="8">
<![CDATA[
:7  %add_ln148_1 = add i8 %shl_ln7, %zext_ln142

]]></Node>
<StgValue><ssdm name="add_ln148_1"/></StgValue>
</operation>
</state>

<state id="34" st_id="34">

<operation id="213" st_id="34" stage="1" lat="2">
<core>RAM</core>
<MemPortIdVec></MemPortIdVec>
<condition id="-1">
<or_exp><and_exp></and_exp></or_exp>
</condition>

<Node id="148" bw="32" op_0_bw="8">
<![CDATA[
:3  %left_buffer_load_1 = load float* %left_buffer_addr_1, align 4

]]></Node>
<StgValue><ssdm name="left_buffer_load_1"/></StgValue>
</operation>

<operation id="214" st_id="34" stage="1" lat="2">
<core>RAM</core>
<MemPortIdVec></MemPortIdVec>
<condition id="-1">
<or_exp><and_exp></and_exp></or_exp>
</condition>

<Node id="153" bw="32" op_0_bw="8">
<![CDATA[
:8  %diagonal_buffer_load_2 = load float* %diagonal_buffer_addr_3, align 4

]]></Node>
<StgValue><ssdm name="diagonal_buffer_load_2"/></StgValue>
</operation>
</state>

<state id="35" st_id="35">

<operation id="215" st_id="35" stage="3" lat="3">
<core>FMul</core>
<MemPortIdVec></MemPortIdVec>
<condition id="-1">
<or_exp><and_exp></and_exp></or_exp>
</condition>

<Node id="154" bw="32" op_0_bw="32" op_1_bw="32">
<![CDATA[
:9  %tmp_5 = fmul float %left_buffer_load_1, %diagonal_buffer_load_2

]]></Node>
<StgValue><ssdm name="tmp_5"/></StgValue>
</operation>
</state>

<state id="36" st_id="36">

<operation id="216" st_id="36" stage="2" lat="3">
<core>FMul</core>
<MemPortIdVec></MemPortIdVec>
<condition id="-1">
<or_exp><and_exp></and_exp></or_exp>
</condition>

<Node id="154" bw="32" op_0_bw="32" op_1_bw="32">
<![CDATA[
:9  %tmp_5 = fmul float %left_buffer_load_1, %diagonal_buffer_load_2

]]></Node>
<StgValue><ssdm name="tmp_5"/></StgValue>
</operation>
</state>

<state id="37" st_id="37">

<operation id="217" st_id="37" stage="1" lat="3">
<core>FMul</core>
<MemPortIdVec></MemPortIdVec>
<condition id="-1">
<or_exp><and_exp></and_exp></or_exp>
</condition>

<Node id="154" bw="32" op_0_bw="32" op_1_bw="32">
<![CDATA[
:9  %tmp_5 = fmul float %left_buffer_load_1, %diagonal_buffer_load_2

]]></Node>
<StgValue><ssdm name="tmp_5"/></StgValue>
</operation>
</state>

<state id="38" st_id="38">

<operation id="218" st_id="38" stage="4" lat="4">
<core>FAddSub</core>
<MemPortIdVec></MemPortIdVec>
<condition id="-1">
<or_exp><and_exp></and_exp></or_exp>
</condition>

<Node id="155" bw="32" op_0_bw="32" op_1_bw="32">
<![CDATA[
:10  %sum_2 = fadd float %sum_1, %tmp_5

]]></Node>
<StgValue><ssdm name="sum_2"/></StgValue>
</operation>
</state>

<state id="39" st_id="39">

<operation id="219" st_id="39" stage="3" lat="4">
<core>FAddSub</core>
<MemPortIdVec></MemPortIdVec>
<condition id="-1">
<or_exp><and_exp></and_exp></or_exp>
</condition>

<Node id="155" bw="32" op_0_bw="32" op_1_bw="32">
<![CDATA[
:10  %sum_2 = fadd float %sum_1, %tmp_5

]]></Node>
<StgValue><ssdm name="sum_2"/></StgValue>
</operation>
</state>

<state id="40" st_id="40">

<operation id="220" st_id="40" stage="2" lat="4">
<core>FAddSub</core>
<MemPortIdVec></MemPortIdVec>
<condition id="-1">
<or_exp><and_exp></and_exp></or_exp>
</condition>

<Node id="155" bw="32" op_0_bw="32" op_1_bw="32">
<![CDATA[
:10  %sum_2 = fadd float %sum_1, %tmp_5

]]></Node>
<StgValue><ssdm name="sum_2"/></StgValue>
</operation>
</state>

<state id="41" st_id="41">

<operation id="221" st_id="41" stage="1" lat="4">
<core>FAddSub</core>
<MemPortIdVec></MemPortIdVec>
<condition id="-1">
<or_exp><and_exp></and_exp></or_exp>
</condition>

<Node id="155" bw="32" op_0_bw="32" op_1_bw="32">
<![CDATA[
:10  %sum_2 = fadd float %sum_1, %tmp_5

]]></Node>
<StgValue><ssdm name="sum_2"/></StgValue>
</operation>

<operation id="222" st_id="41" stage="1" lat="1">
<core>NULL</core>
<MemPortIdVec></MemPortIdVec>
<condition id="-1">
<or_exp><and_exp></and_exp></or_exp>
</condition>

<Node id="156" bw="0" op_0_bw="0">
<![CDATA[
:11  br label %.preheader

]]></Node>
<StgValue><ssdm name="br_ln144"/></StgValue>
</operation>
</state>

<state id="42" st_id="42">

<operation id="223" st_id="42" stage="1" lat="2">
<core>RAM</core>
<MemPortIdVec></MemPortIdVec>
<condition id="-1">
<or_exp><and_exp></and_exp></or_exp>
</condition>

<Node id="161" bw="32" op_0_bw="8">
<![CDATA[
:3  %left_buffer_load = load float* %left_buffer_addr, align 4

]]></Node>
<StgValue><ssdm name="left_buffer_load"/></StgValue>
</operation>
</state>

<state id="43" st_id="43">

<operation id="224" st_id="43" stage="4" lat="4">
<core>FAddSub</core>
<MemPortIdVec></MemPortIdVec>
<condition id="-1">
<or_exp><and_exp></and_exp></or_exp>
</condition>

<Node id="162" bw="32" op_0_bw="32" op_1_bw="32">
<![CDATA[
:4  %tmp_3 = fsub float %left_buffer_load, %sum_1

]]></Node>
<StgValue><ssdm name="tmp_3"/></StgValue>
</operation>
</state>

<state id="44" st_id="44">

<operation id="225" st_id="44" stage="3" lat="4">
<core>FAddSub</core>
<MemPortIdVec></MemPortIdVec>
<condition id="-1">
<or_exp><and_exp></and_exp></or_exp>
</condition>

<Node id="162" bw="32" op_0_bw="32" op_1_bw="32">
<![CDATA[
:4  %tmp_3 = fsub float %left_buffer_load, %sum_1

]]></Node>
<StgValue><ssdm name="tmp_3"/></StgValue>
</operation>
</state>

<state id="45" st_id="45">

<operation id="226" st_id="45" stage="2" lat="4">
<core>FAddSub</core>
<MemPortIdVec></MemPortIdVec>
<condition id="-1">
<or_exp><and_exp></and_exp></or_exp>
</condition>

<Node id="162" bw="32" op_0_bw="32" op_1_bw="32">
<![CDATA[
:4  %tmp_3 = fsub float %left_buffer_load, %sum_1

]]></Node>
<StgValue><ssdm name="tmp_3"/></StgValue>
</operation>

<operation id="227" st_id="45" stage="1" lat="1">
<core>NULL</core>
<MemPortIdVec></MemPortIdVec>
<condition id="-1">
<or_exp><and_exp></and_exp></or_exp>
</condition>

<Node id="166" bw="64" op_0_bw="8">
<![CDATA[
:8  %zext_ln148_1 = zext i8 %add_ln148_1 to i64

]]></Node>
<StgValue><ssdm name="zext_ln148_1"/></StgValue>
</operation>

<operation id="228" st_id="45" stage="1" lat="1">
<core>NULL</core>
<MemPortIdVec></MemPortIdVec>
<condition id="-1">
<or_exp><and_exp></and_exp></or_exp>
</condition>

<Node id="167" bw="8" op_0_bw="32" op_1_bw="64" op_2_bw="64">
<![CDATA[
:9  %diagonal_buffer_addr_2 = getelementptr [256 x float]* %diagonal_buffer, i64 0, i64 %zext_ln148_1

]]></Node>
<StgValue><ssdm name="diagonal_buffer_addr_2"/></StgValue>
</operation>

<operation id="229" st_id="45" stage="2" lat="2">
<core>RAM</core>
<MemPortIdVec></MemPortIdVec>
<condition id="-1">
<or_exp><and_exp></and_exp></or_exp>
</condition>

<Node id="168" bw="32" op_0_bw="8">
<![CDATA[
:10  %diagonal_buffer_load_1 = load float* %diagonal_buffer_addr_2, align 4

]]></Node>
<StgValue><ssdm name="diagonal_buffer_load_1"/></StgValue>
</operation>
</state>

<state id="46" st_id="46">

<operation id="230" st_id="46" stage="1" lat="4">
<core>FAddSub</core>
<MemPortIdVec></MemPortIdVec>
<condition id="-1">
<or_exp><and_exp></and_exp></or_exp>
</condition>

<Node id="162" bw="32" op_0_bw="32" op_1_bw="32">
<![CDATA[
:4  %tmp_3 = fsub float %left_buffer_load, %sum_1

]]></Node>
<StgValue><ssdm name="tmp_3"/></StgValue>
</operation>

<operation id="231" st_id="46" stage="1" lat="2">
<core>RAM</core>
<MemPortIdVec></MemPortIdVec>
<condition id="-1">
<or_exp><and_exp></and_exp></or_exp>
</condition>

<Node id="168" bw="32" op_0_bw="8">
<![CDATA[
:10  %diagonal_buffer_load_1 = load float* %diagonal_buffer_addr_2, align 4

]]></Node>
<StgValue><ssdm name="diagonal_buffer_load_1"/></StgValue>
</operation>
</state>

<state id="47" st_id="47">

<operation id="232" st_id="47" stage="12" lat="12">
<core>FDiv</core>
<MemPortIdVec></MemPortIdVec>
<condition id="-1">
<or_exp><and_exp></and_exp></or_exp>
</condition>

<Node id="169" bw="32" op_0_bw="32" op_1_bw="32">
<![CDATA[
:11  %tmp_4 = fdiv float %tmp_3, %diagonal_buffer_load_1

]]></Node>
<StgValue><ssdm name="tmp_4"/></StgValue>
</operation>
</state>

<state id="48" st_id="48">

<operation id="233" st_id="48" stage="11" lat="12">
<core>FDiv</core>
<MemPortIdVec></MemPortIdVec>
<condition id="-1">
<or_exp><and_exp></and_exp></or_exp>
</condition>

<Node id="169" bw="32" op_0_bw="32" op_1_bw="32">
<![CDATA[
:11  %tmp_4 = fdiv float %tmp_3, %diagonal_buffer_load_1

]]></Node>
<StgValue><ssdm name="tmp_4"/></StgValue>
</operation>
</state>

<state id="49" st_id="49">

<operation id="234" st_id="49" stage="10" lat="12">
<core>FDiv</core>
<MemPortIdVec></MemPortIdVec>
<condition id="-1">
<or_exp><and_exp></and_exp></or_exp>
</condition>

<Node id="169" bw="32" op_0_bw="32" op_1_bw="32">
<![CDATA[
:11  %tmp_4 = fdiv float %tmp_3, %diagonal_buffer_load_1

]]></Node>
<StgValue><ssdm name="tmp_4"/></StgValue>
</operation>
</state>

<state id="50" st_id="50">

<operation id="235" st_id="50" stage="9" lat="12">
<core>FDiv</core>
<MemPortIdVec></MemPortIdVec>
<condition id="-1">
<or_exp><and_exp></and_exp></or_exp>
</condition>

<Node id="169" bw="32" op_0_bw="32" op_1_bw="32">
<![CDATA[
:11  %tmp_4 = fdiv float %tmp_3, %diagonal_buffer_load_1

]]></Node>
<StgValue><ssdm name="tmp_4"/></StgValue>
</operation>
</state>

<state id="51" st_id="51">

<operation id="236" st_id="51" stage="8" lat="12">
<core>FDiv</core>
<MemPortIdVec></MemPortIdVec>
<condition id="-1">
<or_exp><and_exp></and_exp></or_exp>
</condition>

<Node id="169" bw="32" op_0_bw="32" op_1_bw="32">
<![CDATA[
:11  %tmp_4 = fdiv float %tmp_3, %diagonal_buffer_load_1

]]></Node>
<StgValue><ssdm name="tmp_4"/></StgValue>
</operation>
</state>

<state id="52" st_id="52">

<operation id="237" st_id="52" stage="7" lat="12">
<core>FDiv</core>
<MemPortIdVec></MemPortIdVec>
<condition id="-1">
<or_exp><and_exp></and_exp></or_exp>
</condition>

<Node id="169" bw="32" op_0_bw="32" op_1_bw="32">
<![CDATA[
:11  %tmp_4 = fdiv float %tmp_3, %diagonal_buffer_load_1

]]></Node>
<StgValue><ssdm name="tmp_4"/></StgValue>
</operation>
</state>

<state id="53" st_id="53">

<operation id="238" st_id="53" stage="6" lat="12">
<core>FDiv</core>
<MemPortIdVec></MemPortIdVec>
<condition id="-1">
<or_exp><and_exp></and_exp></or_exp>
</condition>

<Node id="169" bw="32" op_0_bw="32" op_1_bw="32">
<![CDATA[
:11  %tmp_4 = fdiv float %tmp_3, %diagonal_buffer_load_1

]]></Node>
<StgValue><ssdm name="tmp_4"/></StgValue>
</operation>
</state>

<state id="54" st_id="54">

<operation id="239" st_id="54" stage="5" lat="12">
<core>FDiv</core>
<MemPortIdVec></MemPortIdVec>
<condition id="-1">
<or_exp><and_exp></and_exp></or_exp>
</condition>

<Node id="169" bw="32" op_0_bw="32" op_1_bw="32">
<![CDATA[
:11  %tmp_4 = fdiv float %tmp_3, %diagonal_buffer_load_1

]]></Node>
<StgValue><ssdm name="tmp_4"/></StgValue>
</operation>
</state>

<state id="55" st_id="55">

<operation id="240" st_id="55" stage="4" lat="12">
<core>FDiv</core>
<MemPortIdVec></MemPortIdVec>
<condition id="-1">
<or_exp><and_exp></and_exp></or_exp>
</condition>

<Node id="169" bw="32" op_0_bw="32" op_1_bw="32">
<![CDATA[
:11  %tmp_4 = fdiv float %tmp_3, %diagonal_buffer_load_1

]]></Node>
<StgValue><ssdm name="tmp_4"/></StgValue>
</operation>
</state>

<state id="56" st_id="56">

<operation id="241" st_id="56" stage="3" lat="12">
<core>FDiv</core>
<MemPortIdVec></MemPortIdVec>
<condition id="-1">
<or_exp><and_exp></and_exp></or_exp>
</condition>

<Node id="169" bw="32" op_0_bw="32" op_1_bw="32">
<![CDATA[
:11  %tmp_4 = fdiv float %tmp_3, %diagonal_buffer_load_1

]]></Node>
<StgValue><ssdm name="tmp_4"/></StgValue>
</operation>
</state>

<state id="57" st_id="57">

<operation id="242" st_id="57" stage="2" lat="12">
<core>FDiv</core>
<MemPortIdVec></MemPortIdVec>
<condition id="-1">
<or_exp><and_exp></and_exp></or_exp>
</condition>

<Node id="169" bw="32" op_0_bw="32" op_1_bw="32">
<![CDATA[
:11  %tmp_4 = fdiv float %tmp_3, %diagonal_buffer_load_1

]]></Node>
<StgValue><ssdm name="tmp_4"/></StgValue>
</operation>
</state>

<state id="58" st_id="58">

<operation id="243" st_id="58" stage="1" lat="12">
<core>FDiv</core>
<MemPortIdVec></MemPortIdVec>
<condition id="-1">
<or_exp><and_exp></and_exp></or_exp>
</condition>

<Node id="169" bw="32" op_0_bw="32" op_1_bw="32">
<![CDATA[
:11  %tmp_4 = fdiv float %tmp_3, %diagonal_buffer_load_1

]]></Node>
<StgValue><ssdm name="tmp_4"/></StgValue>
</operation>
</state>

<state id="59" st_id="59">

<operation id="244" st_id="59" stage="1" lat="1">
<core>RAM</core>
<MemPortIdVec></MemPortIdVec>
<condition id="-1">
<or_exp><and_exp></and_exp></or_exp>
</condition>

<Node id="170" bw="0" op_0_bw="32" op_1_bw="8" op_2_bw="32">
<![CDATA[
:12  store float %tmp_4, float* %left_buffer_addr, align 4

]]></Node>
<StgValue><ssdm name="store_ln148"/></StgValue>
</operation>

<operation id="245" st_id="59" stage="1" lat="1">
<core>NULL</core>
<MemPortIdVec></MemPortIdVec>
<condition id="-1">
<or_exp><and_exp></and_exp></or_exp>
</condition>

<Node id="171" bw="0" op_0_bw="0">
<![CDATA[
:13  br label %.preheader8

]]></Node>
<StgValue><ssdm name="br_ln142"/></StgValue>
</operation>
</state>

<state id="60" st_id="60">

<operation id="246" st_id="60" stage="1" lat="2">
<core></core>
<MemPortIdVec></MemPortIdVec>
<condition id="-1">
<or_exp><and_exp></and_exp></or_exp>
</condition>

<Node id="175" bw="0" op_0_bw="0" op_1_bw="32" op_2_bw="30" op_3_bw="32" op_4_bw="32" op_5_bw="8" op_6_bw="4" op_7_bw="0" op_8_bw="0">
<![CDATA[
:0  call fastcc void @perimeter_store(float* %result, i30 %result_offset_read, [256 x float]* nocapture %top_buffer, [256 x float]* nocapture %left_buffer, i8 %offset_read, i4 %chunk_idx_0)

]]></Node>
<StgValue><ssdm name="call_ln152"/></StgValue>
</operation>

<operation id="247" st_id="60" stage="1" lat="1">
<core>NULL</core>
<MemPortIdVec></MemPortIdVec>
<condition id="-1">
<or_exp><and_exp></and_exp></or_exp>
</condition>

<Node id="176" bw="0" op_0_bw="0">
<![CDATA[
:1  br label %5

]]></Node>
<StgValue><ssdm name="br_ln124"/></StgValue>
</operation>
</state>
</state_list>


<ports>
</ports>


<dataflows>
</dataflows>


</stg>
