<profile>

<section name = "Vivado HLS Report for 'lud_perimeter'" level="0">
<item name = "Date">Thu Jan 26 13:39:35 2023
</item>
<item name = "Version">2019.2 (Build 2704478 on Wed Nov 06 22:10:23 MST 2019)</item>
<item name = "Project">lud</item>
<item name = "Solution">base_tiled</item>
<item name = "Product family">zynq</item>
<item name = "Target device">xc7z045-ffg900-2</item>
</section>

<section name = "Performance Estimates" level="0">
<item name = "Timing">
<section name = "" level="1">
<item name = "Summary"><table name="" hasTotal="0">
<keys size="4">Clock, Target, Estimated, Uncertainty</keys>
<column name="ap_clk">10.00 ns, 8.750 ns, 1.25 ns</column>
</table>
</item>
</section>
</item>
<item name = "Latency">
<section name = "" level="1">
<item name = "Summary"><table name="" hasTotal="0">
<keys size="8">, min, max, min, max, min, max, Type</keys>
<column name="">658, 1239193, 6.580 us, 12.392 ms, 658, 1239193, none</column>
</table>
</item>
<item name = "Detail">
<section name = "" level="1">
<item name = "Instance"><table name="" hasTotal="0">
<keys size="9">Instance, Module, min, max, min, max, min, max, Type</keys>
<column name="grp_perimeter_store_fu_309">perimeter_store, 2962, 2962, 29.620 us, 29.620 us, 2962, 2962, none</column>
<column name="grp_perimeter_load_fu_323">perimeter_load, 3250, 3250, 32.500 us, 32.500 us, 3250, 3250, none</column>
</table>
</item>
<item name = "Loop"><table name="" hasTotal="0">
<keys size="8">Loop Name, min, max, Latency, achieved, target, Count, Pipelined</keys>
<column name="- diagonal">656, 656, 41, -, -, 16, no</column>
<column name=" + diagonal.1">32, 32, 2, -, -, 16, no</column>
<column name="- Loop 2">0, 1238535, 13449 ~ 82569, -, -, 0 ~ 15, no</column>
<column name=" + Loop 2.1">2080, 36640, 130 ~ 2290, -, -, 16, no</column>
<column name="  ++ Loop 2.1.1">128, 2288, 8 ~ 143, -, -, 16, no</column>
<column name="   +++ Loop 2.1.1.1">0, 135, 9, -, -, 0 ~ 15, no</column>
<column name=" + Loop 2.2">5152, 39712, 322 ~ 2482, -, -, 16, no</column>
<column name="  ++ Loop 2.2.1">320, 2480, 20 ~ 155, -, -, 16, no</column>
<column name="   +++ Loop 2.2.1.1">0, 135, 9, -, -, 0 ~ 15, no</column>
</table>
</item>
</section>
</item>
</section>
</item>
</section>

<section name = "Utilization Estimates" level="0">
<item name = "Summary"><table name="" hasTotal="1">
<keys size="6">Name, BRAM_18K, DSP48E, FF, LUT, URAM</keys>
<column name="DSP">-, -, -, -, -</column>
<column name="Expression">-, -, 0, 189, -</column>
<column name="FIFO">-, -, -, -, -</column>
<column name="Instance">-, 5, 1443, 2131, -</column>
<column name="Memory">-, -, -, -, -</column>
<column name="Multiplexer">-, -, -, 144, -</column>
<column name="Register">-, -, 566, -, -</column>
<specialColumn name="Available">1090, 900, 437200, 218600, 0</specialColumn>
<specialColumn name="Utilization (%)">0, ~0, ~0, 1, 0</specialColumn>
</table>
</item>
<item name = "Detail">
<section name = "" level="1">
<item name = "Instance"><table name="" hasTotal="1">
<keys size="7">Instance, Module, BRAM_18K, DSP48E, FF, LUT, URAM</keys>
<column name="grp_perimeter_load_fu_323">perimeter_load, 0, 0, 272, 206, 0</column>
<column name="grp_perimeter_store_fu_309">perimeter_store, 0, 0, 253, 210, 0</column>
<column name="workload_based_ticud_U32">workload_based_ticud, 0, 3, 128, 320, 0</column>
<column name="workload_based_tidEe_U33">workload_based_tidEe, 0, 0, 563, 991, 0</column>
<column name="workload_based_tieOg_U31">workload_based_tieOg, 0, 2, 227, 404, 0</column>
</table>
</item>
<item name = "DSP48E"><table name="" hasTotal="0">
<keys size="3">Instance, Module, Expression</keys>
</table>
</item>
<item name = "Memory"><table name="" hasTotal="1">
<keys size="10">Memory, Module, BRAM_18K, FF, LUT, URAM, Words, Bits, Banks, W*Bits*Banks</keys>
</table>
</item>
<item name = "FIFO"><table name="" hasTotal="1">
<keys size="8">Name, BRAM_18K, FF, LUT, URAM, Depth, Bits, Size:D*B</keys>
</table>
</item>
<item name = "Expression"><table name="" hasTotal="1">
<keys size="7">Variable Name, Operation, DSP48E, FF, LUT, Bitwidth P0, Bitwidth P1</keys>
<column name="add_ln116_1_fu_423_p2">+, 0, 0, 31, 31, 31</column>
<column name="add_ln116_2_fu_486_p2">+, 0, 0, 8, 8, 8</column>
<column name="add_ln116_fu_403_p2">+, 0, 0, 8, 8, 8</column>
<column name="add_ln133_fu_586_p2">+, 0, 0, 8, 8, 8</column>
<column name="add_ln136_fu_596_p2">+, 0, 0, 8, 8, 8</column>
<column name="add_ln145_fu_681_p2">+, 0, 0, 8, 8, 8</column>
<column name="add_ln148_1_fu_712_p2">+, 0, 0, 8, 8, 8</column>
<column name="add_ln148_fu_691_p2">+, 0, 0, 8, 8, 8</column>
<column name="chunk_idx_fu_504_p2">+, 0, 0, 6, 4, 1</column>
<column name="chunk_num_fu_447_p2">+, 0, 0, 7, 5, 2</column>
<column name="i_4_fu_611_p2">+, 0, 0, 7, 5, 1</column>
<column name="i_5_fu_532_p2">+, 0, 0, 7, 5, 1</column>
<column name="i_fu_397_p2">+, 0, 0, 7, 5, 1</column>
<column name="j_4_fu_520_p2">+, 0, 0, 7, 5, 1</column>
<column name="j_5_fu_639_p2">+, 0, 0, 7, 5, 1</column>
<column name="j_fu_480_p2">+, 0, 0, 7, 5, 1</column>
<column name="k_2_fu_655_p2">+, 0, 0, 6, 4, 1</column>
<column name="k_fu_560_p2">+, 0, 0, 6, 4, 1</column>
<column name="sub_ln122_fu_431_p2">-, 0, 0, 10, 10, 9</column>
<column name="ap_block_state10">and, 0, 0, 1, 1, 1</column>
<column name="icmp_ln114_fu_391_p2">icmp, 0, 0, 3, 5, 6</column>
<column name="icmp_ln115_fu_474_p2">icmp, 0, 0, 3, 5, 6</column>
<column name="icmp_ln124_fu_499_p2">icmp, 0, 0, 2, 5, 5</column>
<column name="icmp_ln129_fu_514_p2">icmp, 0, 0, 3, 5, 6</column>
<column name="icmp_ln130_fu_526_p2">icmp, 0, 0, 3, 5, 6</column>
<column name="icmp_ln132_fu_554_p2">icmp, 0, 0, 2, 5, 5</column>
<column name="icmp_ln141_fu_605_p2">icmp, 0, 0, 3, 5, 6</column>
<column name="icmp_ln142_fu_633_p2">icmp, 0, 0, 3, 5, 6</column>
<column name="icmp_ln144_fu_649_p2">icmp, 0, 0, 2, 5, 5</column>
</table>
</item>
<item name = "Multiplexer"><table name="" hasTotal="1">
<keys size="5">Name, LUT, Input Size, Bits, Total Bits</keys>
<column name="ap_NS_fsm">11, 61, 1, 61</column>
<column name="chunk_idx_0_reg_205">3, 2, 4, 8</column>
<column name="diagonal_buffer_address0">4, 5, 8, 40</column>
<column name="grp_fu_337_opcode">3, 3, 2, 6</column>
<column name="grp_fu_337_p0">4, 5, 32, 160</column>
<column name="grp_fu_337_p1">3, 4, 32, 128</column>
<column name="grp_fu_345_p0">3, 3, 32, 96</column>
<column name="grp_fu_345_p1">3, 3, 32, 96</column>
<column name="i_0_reg_183">3, 2, 5, 10</column>
<column name="i_2_reg_263">3, 2, 5, 10</column>
<column name="indvars_iv3_reg_228">3, 2, 5, 10</column>
<column name="indvars_iv_reg_274">3, 2, 5, 10</column>
<column name="j_0_reg_194">3, 2, 5, 10</column>
<column name="j_1_reg_217">3, 2, 5, 10</column>
<column name="k_0_reg_240">3, 2, 4, 8</column>
<column name="k_1_reg_286">3, 2, 4, 8</column>
<column name="left_buffer_address0">4, 6, 8, 48</column>
<column name="left_buffer_ce0">3, 4, 1, 4</column>
<column name="left_buffer_d0">3, 3, 32, 96</column>
<column name="left_buffer_we0">3, 3, 1, 3</column>
<column name="m_axi_result_ARADDR">3, 3, 32, 96</column>
<column name="m_axi_result_ARBURST">3, 2, 2, 4</column>
<column name="m_axi_result_ARCACHE">3, 2, 4, 8</column>
<column name="m_axi_result_ARID">3, 2, 1, 2</column>
<column name="m_axi_result_ARLEN">3, 3, 32, 96</column>
<column name="m_axi_result_ARLOCK">3, 2, 2, 4</column>
<column name="m_axi_result_ARPROT">3, 2, 3, 6</column>
<column name="m_axi_result_ARQOS">3, 2, 4, 8</column>
<column name="m_axi_result_ARREGION">3, 2, 4, 8</column>
<column name="m_axi_result_ARSIZE">3, 2, 3, 6</column>
<column name="m_axi_result_ARUSER">3, 2, 1, 2</column>
<column name="m_axi_result_ARVALID">3, 3, 1, 3</column>
<column name="m_axi_result_AWVALID">3, 2, 1, 2</column>
<column name="m_axi_result_BREADY">3, 2, 1, 2</column>
<column name="m_axi_result_RREADY">3, 3, 1, 3</column>
<column name="m_axi_result_WVALID">3, 2, 1, 2</column>
<column name="result_blk_n_AR">3, 2, 1, 2</column>
<column name="result_blk_n_R">3, 2, 1, 2</column>
<column name="sum_0_reg_251">3, 2, 32, 64</column>
<column name="sum_1_reg_297">3, 2, 32, 64</column>
<column name="top_buffer_address0">4, 6, 8, 48</column>
<column name="top_buffer_ce0">3, 4, 1, 4</column>
<column name="top_buffer_d0">3, 3, 32, 96</column>
<column name="top_buffer_we0">3, 3, 1, 3</column>
</table>
</item>
<item name = "Register"><table name="" hasTotal="1">
<keys size="5">Name, FF, LUT, Bits, Const Bits</keys>
<column name="add_ln116_1_reg_754">31, 0, 31, 0</column>
<column name="add_ln116_2_reg_788">8, 0, 8, 0</column>
<column name="add_ln148_1_reg_917">8, 0, 8, 0</column>
<column name="ap_CS_fsm">60, 0, 60, 0</column>
<column name="chunk_idx_0_reg_205">4, 0, 4, 0</column>
<column name="chunk_idx_reg_796">4, 0, 4, 0</column>
<column name="chunk_num_reg_759">5, 0, 5, 0</column>
<column name="grp_perimeter_load_fu_323_ap_start_reg">1, 0, 1, 0</column>
<column name="grp_perimeter_store_fu_309_ap_start_reg">1, 0, 1, 0</column>
<column name="i_0_reg_183">5, 0, 5, 0</column>
<column name="i_2_reg_263">5, 0, 5, 0</column>
<column name="i_4_reg_864">5, 0, 5, 0</column>
<column name="i_5_reg_818">5, 0, 5, 0</column>
<column name="i_reg_744">5, 0, 5, 0</column>
<column name="indvars_iv3_reg_228">5, 0, 5, 0</column>
<column name="indvars_iv_reg_274">5, 0, 5, 0</column>
<column name="j_0_reg_194">5, 0, 5, 0</column>
<column name="j_1_reg_217">5, 0, 5, 0</column>
<column name="j_4_reg_810">5, 0, 5, 0</column>
<column name="j_5_reg_889">5, 0, 5, 0</column>
<column name="j_reg_778">5, 0, 5, 0</column>
<column name="k_0_reg_240">4, 0, 4, 0</column>
<column name="k_1_reg_286">4, 0, 4, 0</column>
<column name="k_2_reg_897">4, 0, 4, 0</column>
<column name="k_reg_836">4, 0, 4, 0</column>
<column name="left_buffer_addr_reg_912">8, 0, 8, 0</column>
<column name="reg_353">32, 0, 32, 0</column>
<column name="reg_360">32, 0, 32, 0</column>
<column name="reg_366">32, 0, 32, 0</column>
<column name="reg_371">32, 0, 32, 0</column>
<column name="reg_377">32, 0, 32, 0</column>
<column name="result_addr_read_reg_783">32, 0, 32, 0</column>
<column name="shl_ln5_reg_874">4, 0, 8, 4</column>
<column name="shl_ln6_reg_828">4, 0, 8, 4</column>
<column name="shl_ln_reg_770">4, 0, 8, 4</column>
<column name="sum_0_reg_251">32, 0, 32, 0</column>
<column name="sum_1_reg_297">32, 0, 32, 0</column>
<column name="tmp_4_reg_932">32, 0, 32, 0</column>
<column name="top_buffer_addr_reg_851">8, 0, 8, 0</column>
<column name="trunc_ln116_reg_749">4, 0, 4, 0</column>
<column name="trunc_ln133_reg_823">4, 0, 4, 0</column>
<column name="trunc_ln145_reg_869">4, 0, 4, 0</column>
<column name="zext_ln114_1_reg_736">30, 0, 31, 1</column>
<column name="zext_ln129_reg_801">5, 0, 8, 3</column>
<column name="zext_ln142_reg_879">5, 0, 8, 3</column>
</table>
</item>
</section>
</item>
</section>

<section name = "Interface" level="0">
<item name = "Summary"><table name="" hasTotal="0">
<keys size="6">RTL Ports, Dir, Bits, Protocol, Source Object, C Type</keys>
<column name="ap_clk">in, 1, ap_ctrl_hs, lud_perimeter, return value</column>
<column name="ap_rst">in, 1, ap_ctrl_hs, lud_perimeter, return value</column>
<column name="ap_start">in, 1, ap_ctrl_hs, lud_perimeter, return value</column>
<column name="ap_done">out, 1, ap_ctrl_hs, lud_perimeter, return value</column>
<column name="ap_idle">out, 1, ap_ctrl_hs, lud_perimeter, return value</column>
<column name="ap_ready">out, 1, ap_ctrl_hs, lud_perimeter, return value</column>
<column name="m_axi_result_AWVALID">out, 1, m_axi, result, pointer</column>
<column name="m_axi_result_AWREADY">in, 1, m_axi, result, pointer</column>
<column name="m_axi_result_AWADDR">out, 32, m_axi, result, pointer</column>
<column name="m_axi_result_AWID">out, 1, m_axi, result, pointer</column>
<column name="m_axi_result_AWLEN">out, 32, m_axi, result, pointer</column>
<column name="m_axi_result_AWSIZE">out, 3, m_axi, result, pointer</column>
<column name="m_axi_result_AWBURST">out, 2, m_axi, result, pointer</column>
<column name="m_axi_result_AWLOCK">out, 2, m_axi, result, pointer</column>
<column name="m_axi_result_AWCACHE">out, 4, m_axi, result, pointer</column>
<column name="m_axi_result_AWPROT">out, 3, m_axi, result, pointer</column>
<column name="m_axi_result_AWQOS">out, 4, m_axi, result, pointer</column>
<column name="m_axi_result_AWREGION">out, 4, m_axi, result, pointer</column>
<column name="m_axi_result_AWUSER">out, 1, m_axi, result, pointer</column>
<column name="m_axi_result_WVALID">out, 1, m_axi, result, pointer</column>
<column name="m_axi_result_WREADY">in, 1, m_axi, result, pointer</column>
<column name="m_axi_result_WDATA">out, 32, m_axi, result, pointer</column>
<column name="m_axi_result_WSTRB">out, 4, m_axi, result, pointer</column>
<column name="m_axi_result_WLAST">out, 1, m_axi, result, pointer</column>
<column name="m_axi_result_WID">out, 1, m_axi, result, pointer</column>
<column name="m_axi_result_WUSER">out, 1, m_axi, result, pointer</column>
<column name="m_axi_result_ARVALID">out, 1, m_axi, result, pointer</column>
<column name="m_axi_result_ARREADY">in, 1, m_axi, result, pointer</column>
<column name="m_axi_result_ARADDR">out, 32, m_axi, result, pointer</column>
<column name="m_axi_result_ARID">out, 1, m_axi, result, pointer</column>
<column name="m_axi_result_ARLEN">out, 32, m_axi, result, pointer</column>
<column name="m_axi_result_ARSIZE">out, 3, m_axi, result, pointer</column>
<column name="m_axi_result_ARBURST">out, 2, m_axi, result, pointer</column>
<column name="m_axi_result_ARLOCK">out, 2, m_axi, result, pointer</column>
<column name="m_axi_result_ARCACHE">out, 4, m_axi, result, pointer</column>
<column name="m_axi_result_ARPROT">out, 3, m_axi, result, pointer</column>
<column name="m_axi_result_ARQOS">out, 4, m_axi, result, pointer</column>
<column name="m_axi_result_ARREGION">out, 4, m_axi, result, pointer</column>
<column name="m_axi_result_ARUSER">out, 1, m_axi, result, pointer</column>
<column name="m_axi_result_RVALID">in, 1, m_axi, result, pointer</column>
<column name="m_axi_result_RREADY">out, 1, m_axi, result, pointer</column>
<column name="m_axi_result_RDATA">in, 32, m_axi, result, pointer</column>
<column name="m_axi_result_RLAST">in, 1, m_axi, result, pointer</column>
<column name="m_axi_result_RID">in, 1, m_axi, result, pointer</column>
<column name="m_axi_result_RUSER">in, 1, m_axi, result, pointer</column>
<column name="m_axi_result_RRESP">in, 2, m_axi, result, pointer</column>
<column name="m_axi_result_BVALID">in, 1, m_axi, result, pointer</column>
<column name="m_axi_result_BREADY">out, 1, m_axi, result, pointer</column>
<column name="m_axi_result_BRESP">in, 2, m_axi, result, pointer</column>
<column name="m_axi_result_BID">in, 1, m_axi, result, pointer</column>
<column name="m_axi_result_BUSER">in, 1, m_axi, result, pointer</column>
<column name="result_offset">in, 30, ap_none, result_offset, scalar</column>
<column name="offset">in, 8, ap_none, offset, scalar</column>
<column name="diagonal_buffer_address0">out, 8, ap_memory, diagonal_buffer, array</column>
<column name="diagonal_buffer_ce0">out, 1, ap_memory, diagonal_buffer, array</column>
<column name="diagonal_buffer_we0">out, 1, ap_memory, diagonal_buffer, array</column>
<column name="diagonal_buffer_d0">out, 32, ap_memory, diagonal_buffer, array</column>
<column name="diagonal_buffer_q0">in, 32, ap_memory, diagonal_buffer, array</column>
<column name="top_buffer_address0">out, 8, ap_memory, top_buffer, array</column>
<column name="top_buffer_ce0">out, 1, ap_memory, top_buffer, array</column>
<column name="top_buffer_we0">out, 1, ap_memory, top_buffer, array</column>
<column name="top_buffer_d0">out, 32, ap_memory, top_buffer, array</column>
<column name="top_buffer_q0">in, 32, ap_memory, top_buffer, array</column>
<column name="left_buffer_address0">out, 8, ap_memory, left_buffer, array</column>
<column name="left_buffer_ce0">out, 1, ap_memory, left_buffer, array</column>
<column name="left_buffer_we0">out, 1, ap_memory, left_buffer, array</column>
<column name="left_buffer_d0">out, 32, ap_memory, left_buffer, array</column>
<column name="left_buffer_q0">in, 32, ap_memory, left_buffer, array</column>
</table>
</item>
</section>
</profile>
