<stg><name>perimeter_load</name>


<trans_list>

<trans id="109" from="1" to="2">
<condition id="-1">
<or_exp><and_exp></and_exp></or_exp>
</condition>
</trans>

<trans id="110" from="2" to="3">
<condition id="-1">
<or_exp><and_exp><literal name="icmp_ln67" val="0"/>
</and_exp></or_exp>
</condition>
</trans>

<trans id="123" from="2" to="13">
<condition id="-1">
<or_exp><and_exp><literal name="icmp_ln67" val="1"/>
</and_exp></or_exp>
</condition>
</trans>

<trans id="111" from="3" to="4">
<condition id="-1">
<or_exp><and_exp><literal name="icmp_ln68" val="0"/>
</and_exp></or_exp>
</condition>
</trans>

<trans id="122" from="3" to="2">
<condition id="-1">
<or_exp><and_exp><literal name="icmp_ln68" val="1"/>
</and_exp></or_exp>
</condition>
</trans>

<trans id="113" from="4" to="5">
<condition id="-1">
<or_exp><and_exp></and_exp></or_exp>
</condition>
</trans>

<trans id="114" from="5" to="6">
<condition id="-1">
<or_exp><and_exp></and_exp></or_exp>
</condition>
</trans>

<trans id="115" from="6" to="7">
<condition id="-1">
<or_exp><and_exp></and_exp></or_exp>
</condition>
</trans>

<trans id="116" from="7" to="8">
<condition id="-1">
<or_exp><and_exp></and_exp></or_exp>
</condition>
</trans>

<trans id="117" from="8" to="9">
<condition id="-1">
<or_exp><and_exp></and_exp></or_exp>
</condition>
</trans>

<trans id="118" from="9" to="10">
<condition id="-1">
<or_exp><and_exp></and_exp></or_exp>
</condition>
</trans>

<trans id="119" from="10" to="11">
<condition id="-1">
<or_exp><and_exp></and_exp></or_exp>
</condition>
</trans>

<trans id="120" from="11" to="12">
<condition id="-1">
<or_exp><and_exp></and_exp></or_exp>
</condition>
</trans>

<trans id="121" from="12" to="3">
<condition id="-1">
<or_exp><and_exp></and_exp></or_exp>
</condition>
</trans>

<trans id="124" from="13" to="14">
<condition id="-1">
<or_exp><and_exp><literal name="icmp_ln73" val="0"/>
</and_exp></or_exp>
</condition>
</trans>

<trans id="126" from="14" to="15">
<condition id="-1">
<or_exp><and_exp></and_exp></or_exp>
</condition>
</trans>

<trans id="127" from="15" to="16">
<condition id="-1">
<or_exp><and_exp></and_exp></or_exp>
</condition>
</trans>

<trans id="128" from="16" to="17">
<condition id="-1">
<or_exp><and_exp></and_exp></or_exp>
</condition>
</trans>

<trans id="129" from="17" to="18">
<condition id="-1">
<or_exp><and_exp></and_exp></or_exp>
</condition>
</trans>

<trans id="130" from="18" to="19">
<condition id="-1">
<or_exp><and_exp></and_exp></or_exp>
</condition>
</trans>

<trans id="131" from="19" to="20">
<condition id="-1">
<or_exp><and_exp></and_exp></or_exp>
</condition>
</trans>

<trans id="132" from="20" to="21">
<condition id="-1">
<or_exp><and_exp></and_exp></or_exp>
</condition>
</trans>

<trans id="133" from="21" to="22">
<condition id="-1">
<or_exp><and_exp><literal name="icmp_ln74" val="0"/>
</and_exp></or_exp>
</condition>
</trans>

<trans id="136" from="21" to="13">
<condition id="-1">
<or_exp><and_exp><literal name="icmp_ln74" val="1"/>
</and_exp></or_exp>
</condition>
</trans>

<trans id="135" from="22" to="21">
<condition id="-1">
<or_exp><and_exp></and_exp></or_exp>
</condition>
</trans>
</trans_list>



<state_list>

<state id="1" st_id="1">

<operation id="23" st_id="1" stage="1" lat="1">
<core>NULL</core>
<MemPortIdVec></MemPortIdVec>
<condition id="-1">
<or_exp><and_exp></and_exp></or_exp>
</condition>

<Node id="7" bw="4" op_0_bw="4" op_1_bw="4">
<![CDATA[
:0  %chunk_idx_read = call i4 @_ssdm_op_Read.ap_auto.i4(i4 %chunk_idx)

]]></Node>
<StgValue><ssdm name="chunk_idx_read"/></StgValue>
</operation>

<operation id="24" st_id="1" stage="1" lat="1">
<core>NULL</core>
<MemPortIdVec></MemPortIdVec>
<condition id="-1">
<or_exp><and_exp></and_exp></or_exp>
</condition>

<Node id="8" bw="8" op_0_bw="8" op_1_bw="8">
<![CDATA[
:1  %offset_read = call i8 @_ssdm_op_Read.ap_auto.i8(i8 %offset)

]]></Node>
<StgValue><ssdm name="offset_read"/></StgValue>
</operation>

<operation id="25" st_id="1" stage="1" lat="1">
<core>NULL</core>
<MemPortIdVec></MemPortIdVec>
<condition id="-1">
<or_exp><and_exp></and_exp></or_exp>
</condition>

<Node id="9" bw="30" op_0_bw="30" op_1_bw="30">
<![CDATA[
:2  %result_offset_read = call i30 @_ssdm_op_Read.ap_auto.i30(i30 %result_offset)

]]></Node>
<StgValue><ssdm name="result_offset_read"/></StgValue>
</operation>

<operation id="26" st_id="1" stage="1" lat="1">
<core>NULL</core>
<MemPortIdVec></MemPortIdVec>
<condition id="-1">
<or_exp><and_exp></and_exp></or_exp>
</condition>

<Node id="10" bw="0" op_0_bw="0" op_1_bw="32" op_2_bw="0" op_3_bw="32" op_4_bw="32" op_5_bw="0" op_6_bw="32" op_7_bw="32" op_8_bw="0" op_9_bw="0" op_10_bw="0" op_11_bw="32" op_12_bw="32" op_13_bw="32" op_14_bw="32" op_15_bw="0" op_16_bw="0">
<![CDATA[
:3  call void (...)* @_ssdm_op_SpecInterface(float* %result, [6 x i8]* @p_str3, i32 0, i32 0, [1 x i8]* @p_str4, i32 0, i32 0, [5 x i8]* @p_str5, [6 x i8]* @p_str6, [1 x i8]* @p_str4, i32 16, i32 16, i32 16, i32 16, [1 x i8]* @p_str4, [1 x i8]* @p_str4)

]]></Node>
<StgValue><ssdm name="specinterface_ln0"/></StgValue>
</operation>

<operation id="27" st_id="1" stage="1" lat="1">
<core>NULL</core>
<MemPortIdVec></MemPortIdVec>
<condition id="-1">
<or_exp><and_exp></and_exp></or_exp>
</condition>

<Node id="11" bw="8" op_0_bw="8" op_1_bw="4" op_2_bw="4">
<![CDATA[
:4  %shl_ln = call i8 @_ssdm_op_BitConcatenate.i8.i4.i4(i4 %chunk_idx_read, i4 0)

]]></Node>
<StgValue><ssdm name="shl_ln"/></StgValue>
</operation>

<operation id="28" st_id="1" stage="1" lat="1">
<core>NULL</core>
<MemPortIdVec></MemPortIdVec>
<condition id="-1">
<or_exp><and_exp></and_exp></or_exp>
</condition>

<Node id="12" bw="9" op_0_bw="8">
<![CDATA[
:5  %zext_ln62 = zext i8 %shl_ln to i9

]]></Node>
<StgValue><ssdm name="zext_ln62"/></StgValue>
</operation>

<operation id="29" st_id="1" stage="1" lat="1">
<core>NULL</core>
<MemPortIdVec></MemPortIdVec>
<condition id="-1">
<or_exp><and_exp></and_exp></or_exp>
</condition>

<Node id="13" bw="9" op_0_bw="8">
<![CDATA[
:6  %zext_ln62_1 = zext i8 %offset_read to i9

]]></Node>
<StgValue><ssdm name="zext_ln62_1"/></StgValue>
</operation>

<operation id="30" st_id="1" stage="1" lat="1">
<core>AddSub</core>
<MemPortIdVec></MemPortIdVec>
<condition id="-1">
<or_exp><and_exp></and_exp></or_exp>
</condition>

<Node id="14" bw="9" op_0_bw="9" op_1_bw="9">
<![CDATA[
:7  %add_ln69_1 = add i9 %zext_ln62, %zext_ln62_1

]]></Node>
<StgValue><ssdm name="add_ln69_1"/></StgValue>
</operation>

<operation id="31" st_id="1" stage="1" lat="1">
<core>NULL</core>
<MemPortIdVec></MemPortIdVec>
<condition id="-1">
<or_exp><and_exp></and_exp></or_exp>
</condition>

<Node id="15" bw="16" op_0_bw="9">
<![CDATA[
:8  %zext_ln69 = zext i9 %add_ln69_1 to i16

]]></Node>
<StgValue><ssdm name="zext_ln69"/></StgValue>
</operation>

<operation id="32" st_id="1" stage="1" lat="1">
<core>NULL</core>
<MemPortIdVec></MemPortIdVec>
<condition id="-1">
<or_exp><and_exp></and_exp></or_exp>
</condition>

<Node id="16" bw="31" op_0_bw="30">
<![CDATA[
:9  %zext_ln67_1 = zext i30 %result_offset_read to i31

]]></Node>
<StgValue><ssdm name="zext_ln67_1"/></StgValue>
</operation>

<operation id="33" st_id="1" stage="1" lat="1">
<core>NULL</core>
<MemPortIdVec></MemPortIdVec>
<condition id="-1">
<or_exp><and_exp></and_exp></or_exp>
</condition>

<Node id="17" bw="0" op_0_bw="0">
<![CDATA[
:10  br label %.loopexit

]]></Node>
<StgValue><ssdm name="br_ln67"/></StgValue>
</operation>
</state>

<state id="2" st_id="2">

<operation id="34" st_id="2" stage="1" lat="1">
<core>NULL</core>
<MemPortIdVec></MemPortIdVec>
<condition id="-1">
<or_exp><and_exp></and_exp></or_exp>
</condition>

<Node id="19" bw="5" op_0_bw="5" op_1_bw="0" op_2_bw="5" op_3_bw="0">
<![CDATA[
.loopexit:0  %i_0 = phi i5 [ 0, %0 ], [ %i, %.loopexit.loopexit ]

]]></Node>
<StgValue><ssdm name="i_0"/></StgValue>
</operation>

<operation id="35" st_id="2" stage="1" lat="1">
<core>NULL</core>
<MemPortIdVec></MemPortIdVec>
<condition id="-1">
<or_exp><and_exp></and_exp></or_exp>
</condition>

<Node id="20" bw="8" op_0_bw="5">
<![CDATA[
.loopexit:1  %zext_ln67 = zext i5 %i_0 to i8

]]></Node>
<StgValue><ssdm name="zext_ln67"/></StgValue>
</operation>

<operation id="36" st_id="2" stage="1" lat="1">
<core>Cmp</core>
<MemPortIdVec></MemPortIdVec>
<condition id="-1">
<or_exp><and_exp></and_exp></or_exp>
</condition>

<Node id="21" bw="1" op_0_bw="5" op_1_bw="5">
<![CDATA[
.loopexit:2  %icmp_ln67 = icmp eq i5 %i_0, -16

]]></Node>
<StgValue><ssdm name="icmp_ln67"/></StgValue>
</operation>

<operation id="37" st_id="2" stage="1" lat="1">
<core>NULL</core>
<MemPortIdVec></MemPortIdVec>
<condition id="-1">
<or_exp><and_exp></and_exp></or_exp>
</condition>

<Node id="22" bw="32" op_0_bw="32" op_1_bw="64" op_2_bw="64" op_3_bw="64">
<![CDATA[
.loopexit:3  %empty = call i32 (...)* @_ssdm_op_SpecLoopTripCount(i64 16, i64 16, i64 16)

]]></Node>
<StgValue><ssdm name="empty"/></StgValue>
</operation>

<operation id="38" st_id="2" stage="1" lat="1">
<core>AddSub</core>
<MemPortIdVec></MemPortIdVec>
<condition id="-1">
<or_exp><and_exp></and_exp></or_exp>
</condition>

<Node id="23" bw="5" op_0_bw="5" op_1_bw="5">
<![CDATA[
.loopexit:4  %i = add i5 %i_0, 1

]]></Node>
<StgValue><ssdm name="i"/></StgValue>
</operation>

<operation id="39" st_id="2" stage="1" lat="1">
<core>NULL</core>
<MemPortIdVec></MemPortIdVec>
<condition id="-1">
<or_exp><and_exp></and_exp></or_exp>
</condition>

<Node id="24" bw="0" op_0_bw="1" op_1_bw="0" op_2_bw="0">
<![CDATA[
.loopexit:5  br i1 %icmp_ln67, label %.preheader1.preheader, label %.preheader2.preheader

]]></Node>
<StgValue><ssdm name="br_ln67"/></StgValue>
</operation>

<operation id="40" st_id="2" stage="1" lat="1">
<core>AddSub</core>
<MemPortIdVec></MemPortIdVec>
<condition id="-1">
<or_exp><and_exp><literal name="icmp_ln67" val="0"/>
</and_exp></or_exp>
</condition>

<Node id="26" bw="8" op_0_bw="8" op_1_bw="8">
<![CDATA[
.preheader2.preheader:0  %add_ln69 = add i8 %offset_read, %zext_ln67

]]></Node>
<StgValue><ssdm name="add_ln69"/></StgValue>
</operation>

<operation id="41" st_id="2" stage="1" lat="1">
<core>NULL</core>
<MemPortIdVec></MemPortIdVec>
<condition id="-1">
<or_exp><and_exp><literal name="icmp_ln67" val="0"/>
</and_exp></or_exp>
</condition>

<Node id="27" bw="4" op_0_bw="5">
<![CDATA[
.preheader2.preheader:1  %trunc_ln69 = trunc i5 %i_0 to i4

]]></Node>
<StgValue><ssdm name="trunc_ln69"/></StgValue>
</operation>

<operation id="42" st_id="2" stage="1" lat="1">
<core>NULL</core>
<MemPortIdVec></MemPortIdVec>
<condition id="-1">
<or_exp><and_exp><literal name="icmp_ln67" val="0"/>
</and_exp></or_exp>
</condition>

<Node id="28" bw="8" op_0_bw="8" op_1_bw="4" op_2_bw="4">
<![CDATA[
.preheader2.preheader:2  %shl_ln3 = call i8 @_ssdm_op_BitConcatenate.i8.i4.i4(i4 %trunc_ln69, i4 0)

]]></Node>
<StgValue><ssdm name="shl_ln3"/></StgValue>
</operation>

<operation id="43" st_id="2" stage="1" lat="1">
<core>NULL</core>
<MemPortIdVec></MemPortIdVec>
<condition id="-1">
<or_exp><and_exp><literal name="icmp_ln67" val="0"/>
</and_exp></or_exp>
</condition>

<Node id="29" bw="0" op_0_bw="0">
<![CDATA[
.preheader2.preheader:3  br label %.preheader2

]]></Node>
<StgValue><ssdm name="br_ln68"/></StgValue>
</operation>

<operation id="44" st_id="2" stage="1" lat="1">
<core>NULL</core>
<MemPortIdVec></MemPortIdVec>
<condition id="-1">
<or_exp><and_exp><literal name="icmp_ln67" val="1"/>
</and_exp></or_exp>
</condition>

<Node id="55" bw="0" op_0_bw="0">
<![CDATA[
.preheader1.preheader:0  br label %.preheader1

]]></Node>
<StgValue><ssdm name="br_ln73"/></StgValue>
</operation>
</state>

<state id="3" st_id="3">

<operation id="45" st_id="3" stage="1" lat="1">
<core>NULL</core>
<MemPortIdVec></MemPortIdVec>
<condition id="-1">
<or_exp><and_exp></and_exp></or_exp>
</condition>

<Node id="31" bw="5" op_0_bw="5" op_1_bw="0" op_2_bw="5" op_3_bw="0">
<![CDATA[
.preheader2:0  %j_0 = phi i5 [ %j, %1 ], [ 0, %.preheader2.preheader ]

]]></Node>
<StgValue><ssdm name="j_0"/></StgValue>
</operation>

<operation id="46" st_id="3" stage="1" lat="1">
<core>NULL</core>
<MemPortIdVec></MemPortIdVec>
<condition id="-1">
<or_exp><and_exp></and_exp></or_exp>
</condition>

<Node id="32" bw="8" op_0_bw="5">
<![CDATA[
.preheader2:1  %zext_ln68 = zext i5 %j_0 to i8

]]></Node>
<StgValue><ssdm name="zext_ln68"/></StgValue>
</operation>

<operation id="47" st_id="3" stage="1" lat="1">
<core>Cmp</core>
<MemPortIdVec></MemPortIdVec>
<condition id="-1">
<or_exp><and_exp></and_exp></or_exp>
</condition>

<Node id="33" bw="1" op_0_bw="5" op_1_bw="5">
<![CDATA[
.preheader2:2  %icmp_ln68 = icmp eq i5 %j_0, -16

]]></Node>
<StgValue><ssdm name="icmp_ln68"/></StgValue>
</operation>

<operation id="48" st_id="3" stage="1" lat="1">
<core>NULL</core>
<MemPortIdVec></MemPortIdVec>
<condition id="-1">
<or_exp><and_exp></and_exp></or_exp>
</condition>

<Node id="34" bw="32" op_0_bw="32" op_1_bw="64" op_2_bw="64" op_3_bw="64">
<![CDATA[
.preheader2:3  %empty_10 = call i32 (...)* @_ssdm_op_SpecLoopTripCount(i64 16, i64 16, i64 16)

]]></Node>
<StgValue><ssdm name="empty_10"/></StgValue>
</operation>

<operation id="49" st_id="3" stage="1" lat="1">
<core>AddSub</core>
<MemPortIdVec></MemPortIdVec>
<condition id="-1">
<or_exp><and_exp></and_exp></or_exp>
</condition>

<Node id="35" bw="5" op_0_bw="5" op_1_bw="5">
<![CDATA[
.preheader2:4  %j = add i5 %j_0, 1

]]></Node>
<StgValue><ssdm name="j"/></StgValue>
</operation>

<operation id="50" st_id="3" stage="1" lat="1">
<core>NULL</core>
<MemPortIdVec></MemPortIdVec>
<condition id="-1">
<or_exp><and_exp></and_exp></or_exp>
</condition>

<Node id="36" bw="0" op_0_bw="1" op_1_bw="0" op_2_bw="0">
<![CDATA[
.preheader2:5  br i1 %icmp_ln68, label %.loopexit.loopexit, label %1

]]></Node>
<StgValue><ssdm name="br_ln68"/></StgValue>
</operation>

<operation id="51" st_id="3" stage="1" lat="1">
<core>LogicGate</core>
<MemPortIdVec></MemPortIdVec>
<condition id="-1">
<or_exp><and_exp><literal name="icmp_ln68" val="0"/>
</and_exp></or_exp>
</condition>

<Node id="38" bw="5" op_0_bw="5" op_1_bw="5">
<![CDATA[
:0  %xor_ln69 = xor i5 %j_0, -16

]]></Node>
<StgValue><ssdm name="xor_ln69"/></StgValue>
</operation>

<operation id="52" st_id="3" stage="1" lat="1">
<core>NULL</core>
<MemPortIdVec></MemPortIdVec>
<condition id="-1">
<or_exp><and_exp><literal name="icmp_ln68" val="0"/>
</and_exp></or_exp>
</condition>

<Node id="39" bw="16" op_0_bw="16" op_1_bw="8" op_2_bw="3" op_3_bw="5">
<![CDATA[
:1  %tmp1 = call i16 @_ssdm_op_BitConcatenate.i16.i8.i3.i5(i8 %add_ln69, i3 0, i5 %xor_ln69)

]]></Node>
<StgValue><ssdm name="tmp1"/></StgValue>
</operation>

<operation id="53" st_id="3" stage="1" lat="1">
<core>AddSub</core>
<MemPortIdVec></MemPortIdVec>
<condition id="-1">
<or_exp><and_exp><literal name="icmp_ln68" val="0"/>
</and_exp></or_exp>
</condition>

<Node id="40" bw="16" op_0_bw="16" op_1_bw="16">
<![CDATA[
:2  %add_ln69_2 = add i16 %zext_ln69, %tmp1

]]></Node>
<StgValue><ssdm name="add_ln69_2"/></StgValue>
</operation>

<operation id="54" st_id="3" stage="1" lat="1">
<core>NULL</core>
<MemPortIdVec></MemPortIdVec>
<condition id="-1">
<or_exp><and_exp><literal name="icmp_ln68" val="0"/>
</and_exp></or_exp>
</condition>

<Node id="41" bw="31" op_0_bw="16">
<![CDATA[
:3  %zext_ln69_2 = zext i16 %add_ln69_2 to i31

]]></Node>
<StgValue><ssdm name="zext_ln69_2"/></StgValue>
</operation>

<operation id="55" st_id="3" stage="1" lat="1">
<core>AddSub</core>
<MemPortIdVec></MemPortIdVec>
<condition id="-1">
<or_exp><and_exp><literal name="icmp_ln68" val="0"/>
</and_exp></or_exp>
</condition>

<Node id="42" bw="31" op_0_bw="31" op_1_bw="31">
<![CDATA[
:4  %add_ln69_4 = add i31 %zext_ln67_1, %zext_ln69_2

]]></Node>
<StgValue><ssdm name="add_ln69_4"/></StgValue>
</operation>

<operation id="56" st_id="3" stage="1" lat="1">
<core>AddSub</core>
<MemPortIdVec></MemPortIdVec>
<condition id="-1">
<or_exp><and_exp><literal name="icmp_ln68" val="0"/>
</and_exp></or_exp>
</condition>

<Node id="47" bw="8" op_0_bw="8" op_1_bw="8">
<![CDATA[
:9  %add_ln69_3 = add i8 %shl_ln3, %zext_ln68

]]></Node>
<StgValue><ssdm name="add_ln69_3"/></StgValue>
</operation>

<operation id="57" st_id="3" stage="1" lat="1">
<core>NULL</core>
<MemPortIdVec></MemPortIdVec>
<condition id="-1">
<or_exp><and_exp><literal name="icmp_ln68" val="1"/>
</and_exp></or_exp>
</condition>

<Node id="53" bw="0" op_0_bw="0">
<![CDATA[
.loopexit.loopexit:0  br label %.loopexit

]]></Node>
<StgValue><ssdm name="br_ln0"/></StgValue>
</operation>
</state>

<state id="4" st_id="4">

<operation id="58" st_id="4" stage="1" lat="1">
<core>NULL</core>
<MemPortIdVec></MemPortIdVec>
<condition id="-1">
<or_exp><and_exp></and_exp></or_exp>
</condition>

<Node id="43" bw="64" op_0_bw="31">
<![CDATA[
:5  %zext_ln69_3 = zext i31 %add_ln69_4 to i64

]]></Node>
<StgValue><ssdm name="zext_ln69_3"/></StgValue>
</operation>

<operation id="59" st_id="4" stage="1" lat="1">
<core>NULL</core>
<MemPortIdVec></MemPortIdVec>
<condition id="-1">
<or_exp><and_exp></and_exp></or_exp>
</condition>

<Node id="44" bw="32" op_0_bw="32" op_1_bw="64">
<![CDATA[
:6  %result_addr_2 = getelementptr float* %result, i64 %zext_ln69_3

]]></Node>
<StgValue><ssdm name="result_addr_2"/></StgValue>
</operation>

<operation id="60" st_id="4" stage="7" lat="7">
<core>m_axi</core>
<MemPortIdVec></MemPortIdVec>
<condition id="-1">
<or_exp><and_exp></and_exp></or_exp>
</condition>

<Node id="45" bw="1" op_0_bw="1" op_1_bw="32" op_2_bw="32">
<![CDATA[
:7  %result_load_req = call i1 @_ssdm_op_ReadReq.m_axi.floatP(float* %result_addr_2, i32 1)

]]></Node>
<StgValue><ssdm name="result_load_req"/></StgValue>
</operation>
</state>

<state id="5" st_id="5">

<operation id="61" st_id="5" stage="6" lat="7">
<core>m_axi</core>
<MemPortIdVec></MemPortIdVec>
<condition id="-1">
<or_exp><and_exp></and_exp></or_exp>
</condition>

<Node id="45" bw="1" op_0_bw="1" op_1_bw="32" op_2_bw="32">
<![CDATA[
:7  %result_load_req = call i1 @_ssdm_op_ReadReq.m_axi.floatP(float* %result_addr_2, i32 1)

]]></Node>
<StgValue><ssdm name="result_load_req"/></StgValue>
</operation>
</state>

<state id="6" st_id="6">

<operation id="62" st_id="6" stage="5" lat="7">
<core>m_axi</core>
<MemPortIdVec></MemPortIdVec>
<condition id="-1">
<or_exp><and_exp></and_exp></or_exp>
</condition>

<Node id="45" bw="1" op_0_bw="1" op_1_bw="32" op_2_bw="32">
<![CDATA[
:7  %result_load_req = call i1 @_ssdm_op_ReadReq.m_axi.floatP(float* %result_addr_2, i32 1)

]]></Node>
<StgValue><ssdm name="result_load_req"/></StgValue>
</operation>
</state>

<state id="7" st_id="7">

<operation id="63" st_id="7" stage="4" lat="7">
<core>m_axi</core>
<MemPortIdVec></MemPortIdVec>
<condition id="-1">
<or_exp><and_exp></and_exp></or_exp>
</condition>

<Node id="45" bw="1" op_0_bw="1" op_1_bw="32" op_2_bw="32">
<![CDATA[
:7  %result_load_req = call i1 @_ssdm_op_ReadReq.m_axi.floatP(float* %result_addr_2, i32 1)

]]></Node>
<StgValue><ssdm name="result_load_req"/></StgValue>
</operation>
</state>

<state id="8" st_id="8">

<operation id="64" st_id="8" stage="3" lat="7">
<core>m_axi</core>
<MemPortIdVec></MemPortIdVec>
<condition id="-1">
<or_exp><and_exp></and_exp></or_exp>
</condition>

<Node id="45" bw="1" op_0_bw="1" op_1_bw="32" op_2_bw="32">
<![CDATA[
:7  %result_load_req = call i1 @_ssdm_op_ReadReq.m_axi.floatP(float* %result_addr_2, i32 1)

]]></Node>
<StgValue><ssdm name="result_load_req"/></StgValue>
</operation>
</state>

<state id="9" st_id="9">

<operation id="65" st_id="9" stage="2" lat="7">
<core>m_axi</core>
<MemPortIdVec></MemPortIdVec>
<condition id="-1">
<or_exp><and_exp></and_exp></or_exp>
</condition>

<Node id="45" bw="1" op_0_bw="1" op_1_bw="32" op_2_bw="32">
<![CDATA[
:7  %result_load_req = call i1 @_ssdm_op_ReadReq.m_axi.floatP(float* %result_addr_2, i32 1)

]]></Node>
<StgValue><ssdm name="result_load_req"/></StgValue>
</operation>
</state>

<state id="10" st_id="10">

<operation id="66" st_id="10" stage="1" lat="7">
<core>m_axi</core>
<MemPortIdVec></MemPortIdVec>
<condition id="-1">
<or_exp><and_exp></and_exp></or_exp>
</condition>

<Node id="45" bw="1" op_0_bw="1" op_1_bw="32" op_2_bw="32">
<![CDATA[
:7  %result_load_req = call i1 @_ssdm_op_ReadReq.m_axi.floatP(float* %result_addr_2, i32 1)

]]></Node>
<StgValue><ssdm name="result_load_req"/></StgValue>
</operation>
</state>

<state id="11" st_id="11">

<operation id="67" st_id="11" stage="1" lat="1">
<core>m_axi</core>
<MemPortIdVec></MemPortIdVec>
<condition id="-1">
<or_exp><and_exp></and_exp></or_exp>
</condition>

<Node id="46" bw="32" op_0_bw="32" op_1_bw="32" op_2_bw="1">
<![CDATA[
:8  %result_addr_2_read = call float @_ssdm_op_Read.m_axi.floatP(float* %result_addr_2)

]]></Node>
<StgValue><ssdm name="result_addr_2_read"/></StgValue>
</operation>
</state>

<state id="12" st_id="12">

<operation id="68" st_id="12" stage="1" lat="1">
<core>NULL</core>
<MemPortIdVec></MemPortIdVec>
<condition id="-1">
<or_exp><and_exp></and_exp></or_exp>
</condition>

<Node id="48" bw="64" op_0_bw="8">
<![CDATA[
:10  %zext_ln69_1 = zext i8 %add_ln69_3 to i64

]]></Node>
<StgValue><ssdm name="zext_ln69_1"/></StgValue>
</operation>

<operation id="69" st_id="12" stage="1" lat="1">
<core>NULL</core>
<MemPortIdVec></MemPortIdVec>
<condition id="-1">
<or_exp><and_exp></and_exp></or_exp>
</condition>

<Node id="49" bw="8" op_0_bw="32" op_1_bw="64" op_2_bw="64">
<![CDATA[
:11  %top_addr = getelementptr [256 x float]* %top, i64 0, i64 %zext_ln69_1

]]></Node>
<StgValue><ssdm name="top_addr"/></StgValue>
</operation>

<operation id="70" st_id="12" stage="1" lat="1">
<core>RAM</core>
<MemPortIdVec>0 </MemPortIdVec>
<condition id="-1">
<or_exp><and_exp></and_exp></or_exp>
</condition>

<Node id="50" bw="0" op_0_bw="32" op_1_bw="8">
<![CDATA[
:12  store float %result_addr_2_read, float* %top_addr, align 4

]]></Node>
<StgValue><ssdm name="store_ln69"/></StgValue>
</operation>

<operation id="71" st_id="12" stage="1" lat="1">
<core>NULL</core>
<MemPortIdVec></MemPortIdVec>
<condition id="-1">
<or_exp><and_exp></and_exp></or_exp>
</condition>

<Node id="51" bw="0" op_0_bw="0">
<![CDATA[
:13  br label %.preheader2

]]></Node>
<StgValue><ssdm name="br_ln68"/></StgValue>
</operation>
</state>

<state id="13" st_id="13">

<operation id="72" st_id="13" stage="1" lat="1">
<core>NULL</core>
<MemPortIdVec></MemPortIdVec>
<condition id="-1">
<or_exp><and_exp></and_exp></or_exp>
</condition>

<Node id="57" bw="5" op_0_bw="5" op_1_bw="0" op_2_bw="5" op_3_bw="0">
<![CDATA[
.preheader1:0  %i_1 = phi i5 [ %i_3, %.preheader1.loopexit ], [ 0, %.preheader1.preheader ]

]]></Node>
<StgValue><ssdm name="i_1"/></StgValue>
</operation>

<operation id="73" st_id="13" stage="1" lat="1">
<core>Cmp</core>
<MemPortIdVec></MemPortIdVec>
<condition id="-1">
<or_exp><and_exp></and_exp></or_exp>
</condition>

<Node id="58" bw="1" op_0_bw="5" op_1_bw="5">
<![CDATA[
.preheader1:1  %icmp_ln73 = icmp eq i5 %i_1, -16

]]></Node>
<StgValue><ssdm name="icmp_ln73"/></StgValue>
</operation>

<operation id="74" st_id="13" stage="1" lat="1">
<core>NULL</core>
<MemPortIdVec></MemPortIdVec>
<condition id="-1">
<or_exp><and_exp></and_exp></or_exp>
</condition>

<Node id="59" bw="32" op_0_bw="32" op_1_bw="64" op_2_bw="64" op_3_bw="64">
<![CDATA[
.preheader1:2  %empty_11 = call i32 (...)* @_ssdm_op_SpecLoopTripCount(i64 16, i64 16, i64 16)

]]></Node>
<StgValue><ssdm name="empty_11"/></StgValue>
</operation>

<operation id="75" st_id="13" stage="1" lat="1">
<core>AddSub</core>
<MemPortIdVec></MemPortIdVec>
<condition id="-1">
<or_exp><and_exp></and_exp></or_exp>
</condition>

<Node id="60" bw="5" op_0_bw="5" op_1_bw="5">
<![CDATA[
.preheader1:3  %i_3 = add i5 %i_1, 1

]]></Node>
<StgValue><ssdm name="i_3"/></StgValue>
</operation>

<operation id="76" st_id="13" stage="1" lat="1">
<core>NULL</core>
<MemPortIdVec></MemPortIdVec>
<condition id="-1">
<or_exp><and_exp></and_exp></or_exp>
</condition>

<Node id="61" bw="0" op_0_bw="1" op_1_bw="0" op_2_bw="0">
<![CDATA[
.preheader1:4  br i1 %icmp_ln73, label %3, label %.preheader.preheader

]]></Node>
<StgValue><ssdm name="br_ln73"/></StgValue>
</operation>

<operation id="77" st_id="13" stage="1" lat="1">
<core>LogicGate</core>
<MemPortIdVec></MemPortIdVec>
<condition id="-1">
<or_exp><and_exp><literal name="icmp_ln73" val="0"/>
</and_exp></or_exp>
</condition>

<Node id="63" bw="5" op_0_bw="5" op_1_bw="5">
<![CDATA[
.preheader.preheader:0  %xor_ln75 = xor i5 %i_1, -16

]]></Node>
<StgValue><ssdm name="xor_ln75"/></StgValue>
</operation>

<operation id="78" st_id="13" stage="1" lat="1">
<core>NULL</core>
<MemPortIdVec></MemPortIdVec>
<condition id="-1">
<or_exp><and_exp><literal name="icmp_ln73" val="0"/>
</and_exp></or_exp>
</condition>

<Node id="64" bw="9" op_0_bw="5">
<![CDATA[
.preheader.preheader:1  %zext_ln75 = zext i5 %xor_ln75 to i9

]]></Node>
<StgValue><ssdm name="zext_ln75"/></StgValue>
</operation>

<operation id="79" st_id="13" stage="1" lat="1">
<core>AddSub</core>
<MemPortIdVec></MemPortIdVec>
<condition id="-1">
<or_exp><and_exp><literal name="icmp_ln73" val="0"/>
</and_exp></or_exp>
</condition>

<Node id="65" bw="9" op_0_bw="9" op_1_bw="9">
<![CDATA[
.preheader.preheader:2  %add_ln75 = add i9 %zext_ln75, %add_ln69_1

]]></Node>
<StgValue><ssdm name="add_ln75"/></StgValue>
</operation>

<operation id="80" st_id="13" stage="1" lat="1">
<core>NULL</core>
<MemPortIdVec></MemPortIdVec>
<condition id="-1">
<or_exp><and_exp><literal name="icmp_ln73" val="0"/>
</and_exp></or_exp>
</condition>

<Node id="66" bw="4" op_0_bw="5">
<![CDATA[
.preheader.preheader:3  %trunc_ln75 = trunc i5 %i_1 to i4

]]></Node>
<StgValue><ssdm name="trunc_ln75"/></StgValue>
</operation>

<operation id="81" st_id="13" stage="1" lat="1">
<core>NULL</core>
<MemPortIdVec></MemPortIdVec>
<condition id="-1">
<or_exp><and_exp><literal name="icmp_ln73" val="0"/>
</and_exp></or_exp>
</condition>

<Node id="68" bw="17" op_0_bw="17" op_1_bw="9" op_2_bw="8">
<![CDATA[
.preheader.preheader:5  %tmp_2 = call i17 @_ssdm_op_BitConcatenate.i17.i9.i8(i9 %add_ln75, i8 %offset_read)

]]></Node>
<StgValue><ssdm name="tmp_2"/></StgValue>
</operation>

<operation id="82" st_id="13" stage="1" lat="1">
<core>NULL</core>
<MemPortIdVec></MemPortIdVec>
<condition id="-1">
<or_exp><and_exp><literal name="icmp_ln73" val="0"/>
</and_exp></or_exp>
</condition>

<Node id="69" bw="31" op_0_bw="17">
<![CDATA[
.preheader.preheader:6  %zext_ln75_2 = zext i17 %tmp_2 to i31

]]></Node>
<StgValue><ssdm name="zext_ln75_2"/></StgValue>
</operation>

<operation id="83" st_id="13" stage="1" lat="1">
<core>AddSub</core>
<MemPortIdVec></MemPortIdVec>
<condition id="-1">
<or_exp><and_exp><literal name="icmp_ln73" val="0"/>
</and_exp></or_exp>
</condition>

<Node id="70" bw="31" op_0_bw="31" op_1_bw="31">
<![CDATA[
.preheader.preheader:7  %add_ln75_1 = add i31 %zext_ln75_2, %zext_ln67_1

]]></Node>
<StgValue><ssdm name="add_ln75_1"/></StgValue>
</operation>

<operation id="84" st_id="13" stage="1" lat="1">
<core>NULL</core>
<MemPortIdVec></MemPortIdVec>
<condition id="-1">
<or_exp><and_exp><literal name="icmp_ln73" val="1"/>
</and_exp></or_exp>
</condition>

<Node id="92" bw="0">
<![CDATA[
:0  ret void

]]></Node>
<StgValue><ssdm name="ret_ln78"/></StgValue>
</operation>
</state>

<state id="14" st_id="14">

<operation id="85" st_id="14" stage="1" lat="1">
<core>NULL</core>
<MemPortIdVec></MemPortIdVec>
<condition id="-1">
<or_exp><and_exp></and_exp></or_exp>
</condition>

<Node id="71" bw="64" op_0_bw="31">
<![CDATA[
.preheader.preheader:8  %zext_ln75_3 = zext i31 %add_ln75_1 to i64

]]></Node>
<StgValue><ssdm name="zext_ln75_3"/></StgValue>
</operation>

<operation id="86" st_id="14" stage="1" lat="1">
<core>NULL</core>
<MemPortIdVec></MemPortIdVec>
<condition id="-1">
<or_exp><and_exp></and_exp></or_exp>
</condition>

<Node id="72" bw="32" op_0_bw="32" op_1_bw="64">
<![CDATA[
.preheader.preheader:9  %result_addr = getelementptr float* %result, i64 %zext_ln75_3

]]></Node>
<StgValue><ssdm name="result_addr"/></StgValue>
</operation>

<operation id="87" st_id="14" stage="7" lat="7">
<core>m_axi</core>
<MemPortIdVec></MemPortIdVec>
<condition id="-1">
<or_exp><and_exp></and_exp></or_exp>
</condition>

<Node id="73" bw="1" op_0_bw="1" op_1_bw="32" op_2_bw="32">
<![CDATA[
.preheader.preheader:10  %result_addr_rd_req = call i1 @_ssdm_op_ReadReq.m_axi.floatP(float* %result_addr, i32 16)

]]></Node>
<StgValue><ssdm name="result_addr_rd_req"/></StgValue>
</operation>
</state>

<state id="15" st_id="15">

<operation id="88" st_id="15" stage="6" lat="7">
<core>m_axi</core>
<MemPortIdVec></MemPortIdVec>
<condition id="-1">
<or_exp><and_exp></and_exp></or_exp>
</condition>

<Node id="73" bw="1" op_0_bw="1" op_1_bw="32" op_2_bw="32">
<![CDATA[
.preheader.preheader:10  %result_addr_rd_req = call i1 @_ssdm_op_ReadReq.m_axi.floatP(float* %result_addr, i32 16)

]]></Node>
<StgValue><ssdm name="result_addr_rd_req"/></StgValue>
</operation>
</state>

<state id="16" st_id="16">

<operation id="89" st_id="16" stage="5" lat="7">
<core>m_axi</core>
<MemPortIdVec></MemPortIdVec>
<condition id="-1">
<or_exp><and_exp></and_exp></or_exp>
</condition>

<Node id="73" bw="1" op_0_bw="1" op_1_bw="32" op_2_bw="32">
<![CDATA[
.preheader.preheader:10  %result_addr_rd_req = call i1 @_ssdm_op_ReadReq.m_axi.floatP(float* %result_addr, i32 16)

]]></Node>
<StgValue><ssdm name="result_addr_rd_req"/></StgValue>
</operation>
</state>

<state id="17" st_id="17">

<operation id="90" st_id="17" stage="4" lat="7">
<core>m_axi</core>
<MemPortIdVec></MemPortIdVec>
<condition id="-1">
<or_exp><and_exp></and_exp></or_exp>
</condition>

<Node id="73" bw="1" op_0_bw="1" op_1_bw="32" op_2_bw="32">
<![CDATA[
.preheader.preheader:10  %result_addr_rd_req = call i1 @_ssdm_op_ReadReq.m_axi.floatP(float* %result_addr, i32 16)

]]></Node>
<StgValue><ssdm name="result_addr_rd_req"/></StgValue>
</operation>
</state>

<state id="18" st_id="18">

<operation id="91" st_id="18" stage="3" lat="7">
<core>m_axi</core>
<MemPortIdVec></MemPortIdVec>
<condition id="-1">
<or_exp><and_exp></and_exp></or_exp>
</condition>

<Node id="73" bw="1" op_0_bw="1" op_1_bw="32" op_2_bw="32">
<![CDATA[
.preheader.preheader:10  %result_addr_rd_req = call i1 @_ssdm_op_ReadReq.m_axi.floatP(float* %result_addr, i32 16)

]]></Node>
<StgValue><ssdm name="result_addr_rd_req"/></StgValue>
</operation>
</state>

<state id="19" st_id="19">

<operation id="92" st_id="19" stage="2" lat="7">
<core>m_axi</core>
<MemPortIdVec></MemPortIdVec>
<condition id="-1">
<or_exp><and_exp></and_exp></or_exp>
</condition>

<Node id="73" bw="1" op_0_bw="1" op_1_bw="32" op_2_bw="32">
<![CDATA[
.preheader.preheader:10  %result_addr_rd_req = call i1 @_ssdm_op_ReadReq.m_axi.floatP(float* %result_addr, i32 16)

]]></Node>
<StgValue><ssdm name="result_addr_rd_req"/></StgValue>
</operation>
</state>

<state id="20" st_id="20">

<operation id="93" st_id="20" stage="1" lat="1">
<core>NULL</core>
<MemPortIdVec></MemPortIdVec>
<condition id="-1">
<or_exp><and_exp></and_exp></or_exp>
</condition>

<Node id="67" bw="8" op_0_bw="8" op_1_bw="4" op_2_bw="4">
<![CDATA[
.preheader.preheader:4  %shl_ln4 = call i8 @_ssdm_op_BitConcatenate.i8.i4.i4(i4 %trunc_ln75, i4 0)

]]></Node>
<StgValue><ssdm name="shl_ln4"/></StgValue>
</operation>

<operation id="94" st_id="20" stage="1" lat="7">
<core>m_axi</core>
<MemPortIdVec></MemPortIdVec>
<condition id="-1">
<or_exp><and_exp></and_exp></or_exp>
</condition>

<Node id="73" bw="1" op_0_bw="1" op_1_bw="32" op_2_bw="32">
<![CDATA[
.preheader.preheader:10  %result_addr_rd_req = call i1 @_ssdm_op_ReadReq.m_axi.floatP(float* %result_addr, i32 16)

]]></Node>
<StgValue><ssdm name="result_addr_rd_req"/></StgValue>
</operation>

<operation id="95" st_id="20" stage="1" lat="1">
<core>NULL</core>
<MemPortIdVec></MemPortIdVec>
<condition id="-1">
<or_exp><and_exp></and_exp></or_exp>
</condition>

<Node id="74" bw="0" op_0_bw="0">
<![CDATA[
.preheader.preheader:11  br label %.preheader

]]></Node>
<StgValue><ssdm name="br_ln74"/></StgValue>
</operation>
</state>

<state id="21" st_id="21">

<operation id="96" st_id="21" stage="1" lat="1">
<core>NULL</core>
<MemPortIdVec></MemPortIdVec>
<condition id="-1">
<or_exp><and_exp></and_exp></or_exp>
</condition>

<Node id="76" bw="5" op_0_bw="5" op_1_bw="0" op_2_bw="5" op_3_bw="0">
<![CDATA[
.preheader:0  %j_1 = phi i5 [ %j_3, %2 ], [ 0, %.preheader.preheader ]

]]></Node>
<StgValue><ssdm name="j_1"/></StgValue>
</operation>

<operation id="97" st_id="21" stage="1" lat="1">
<core>NULL</core>
<MemPortIdVec></MemPortIdVec>
<condition id="-1">
<or_exp><and_exp></and_exp></or_exp>
</condition>

<Node id="77" bw="8" op_0_bw="5">
<![CDATA[
.preheader:1  %zext_ln74 = zext i5 %j_1 to i8

]]></Node>
<StgValue><ssdm name="zext_ln74"/></StgValue>
</operation>

<operation id="98" st_id="21" stage="1" lat="1">
<core>Cmp</core>
<MemPortIdVec></MemPortIdVec>
<condition id="-1">
<or_exp><and_exp></and_exp></or_exp>
</condition>

<Node id="78" bw="1" op_0_bw="5" op_1_bw="5">
<![CDATA[
.preheader:2  %icmp_ln74 = icmp eq i5 %j_1, -16

]]></Node>
<StgValue><ssdm name="icmp_ln74"/></StgValue>
</operation>

<operation id="99" st_id="21" stage="1" lat="1">
<core>NULL</core>
<MemPortIdVec></MemPortIdVec>
<condition id="-1">
<or_exp><and_exp></and_exp></or_exp>
</condition>

<Node id="79" bw="32" op_0_bw="32" op_1_bw="64" op_2_bw="64" op_3_bw="64">
<![CDATA[
.preheader:3  %empty_12 = call i32 (...)* @_ssdm_op_SpecLoopTripCount(i64 16, i64 16, i64 16)

]]></Node>
<StgValue><ssdm name="empty_12"/></StgValue>
</operation>

<operation id="100" st_id="21" stage="1" lat="1">
<core>AddSub</core>
<MemPortIdVec></MemPortIdVec>
<condition id="-1">
<or_exp><and_exp></and_exp></or_exp>
</condition>

<Node id="80" bw="5" op_0_bw="5" op_1_bw="5">
<![CDATA[
.preheader:4  %j_3 = add i5 %j_1, 1

]]></Node>
<StgValue><ssdm name="j_3"/></StgValue>
</operation>

<operation id="101" st_id="21" stage="1" lat="1">
<core>NULL</core>
<MemPortIdVec></MemPortIdVec>
<condition id="-1">
<or_exp><and_exp></and_exp></or_exp>
</condition>

<Node id="81" bw="0" op_0_bw="1" op_1_bw="0" op_2_bw="0">
<![CDATA[
.preheader:5  br i1 %icmp_ln74, label %.preheader1.loopexit, label %2

]]></Node>
<StgValue><ssdm name="br_ln74"/></StgValue>
</operation>

<operation id="102" st_id="21" stage="1" lat="1">
<core>m_axi</core>
<MemPortIdVec></MemPortIdVec>
<condition id="-1">
<or_exp><and_exp><literal name="icmp_ln74" val="0"/>
</and_exp></or_exp>
</condition>

<Node id="83" bw="32" op_0_bw="32" op_1_bw="32" op_2_bw="1">
<![CDATA[
:0  %result_addr_read = call float @_ssdm_op_Read.m_axi.floatP(float* %result_addr)

]]></Node>
<StgValue><ssdm name="result_addr_read"/></StgValue>
</operation>

<operation id="103" st_id="21" stage="1" lat="1">
<core>AddSub</core>
<MemPortIdVec></MemPortIdVec>
<condition id="-1">
<or_exp><and_exp><literal name="icmp_ln74" val="0"/>
</and_exp></or_exp>
</condition>

<Node id="84" bw="8" op_0_bw="8" op_1_bw="8">
<![CDATA[
:1  %add_ln75_2 = add i8 %zext_ln74, %shl_ln4

]]></Node>
<StgValue><ssdm name="add_ln75_2"/></StgValue>
</operation>

<operation id="104" st_id="21" stage="1" lat="1">
<core>NULL</core>
<MemPortIdVec></MemPortIdVec>
<condition id="-1">
<or_exp><and_exp><literal name="icmp_ln74" val="1"/>
</and_exp></or_exp>
</condition>

<Node id="90" bw="0" op_0_bw="0">
<![CDATA[
.preheader1.loopexit:0  br label %.preheader1

]]></Node>
<StgValue><ssdm name="br_ln0"/></StgValue>
</operation>
</state>

<state id="22" st_id="22">

<operation id="105" st_id="22" stage="1" lat="1">
<core>NULL</core>
<MemPortIdVec></MemPortIdVec>
<condition id="-1">
<or_exp><and_exp></and_exp></or_exp>
</condition>

<Node id="85" bw="64" op_0_bw="8">
<![CDATA[
:2  %zext_ln75_1 = zext i8 %add_ln75_2 to i64

]]></Node>
<StgValue><ssdm name="zext_ln75_1"/></StgValue>
</operation>

<operation id="106" st_id="22" stage="1" lat="1">
<core>NULL</core>
<MemPortIdVec></MemPortIdVec>
<condition id="-1">
<or_exp><and_exp></and_exp></or_exp>
</condition>

<Node id="86" bw="8" op_0_bw="32" op_1_bw="64" op_2_bw="64">
<![CDATA[
:3  %left_addr = getelementptr [256 x float]* %left_r, i64 0, i64 %zext_ln75_1

]]></Node>
<StgValue><ssdm name="left_addr"/></StgValue>
</operation>

<operation id="107" st_id="22" stage="1" lat="1">
<core>RAM</core>
<MemPortIdVec>0 </MemPortIdVec>
<condition id="-1">
<or_exp><and_exp></and_exp></or_exp>
</condition>

<Node id="87" bw="0" op_0_bw="32" op_1_bw="8">
<![CDATA[
:4  store float %result_addr_read, float* %left_addr, align 4

]]></Node>
<StgValue><ssdm name="store_ln75"/></StgValue>
</operation>

<operation id="108" st_id="22" stage="1" lat="1">
<core>NULL</core>
<MemPortIdVec></MemPortIdVec>
<condition id="-1">
<or_exp><and_exp></and_exp></or_exp>
</condition>

<Node id="88" bw="0" op_0_bw="0">
<![CDATA[
:5  br label %.preheader

]]></Node>
<StgValue><ssdm name="br_ln74"/></StgValue>
</operation>
</state>
</state_list>


<ports>
<port id="137" name="result" dir="0" iftype="4">
<core>NULL</core><StgValue><ssdm name="result"/></StgValue>
</port>
<port id="138" name="result_offset" dir="0" iftype="0">
<core>NULL</core><StgValue><ssdm name="result_offset"/></StgValue>
</port>
<port id="139" name="top" dir="1" iftype="1">
<core>RAM</core><StgValue><ssdm name="top"/><MemPortTyVec>0 3 </MemPortTyVec>
</StgValue>
</port>
<port id="140" name="left_r" dir="1" iftype="1">
<core>RAM</core><StgValue><ssdm name="left_r"/><MemPortTyVec>0 3 </MemPortTyVec>
</StgValue>
</port>
<port id="141" name="offset" dir="0" iftype="0">
<core>NULL</core><StgValue><ssdm name="offset"/></StgValue>
</port>
<port id="142" name="chunk_idx" dir="0" iftype="0">
<core>NULL</core><StgValue><ssdm name="chunk_idx"/></StgValue>
</port>
</ports>


<dataflows>
<dataflow id="144" from="_ssdm_op_Read.ap_auto.i4" to="chunk_idx_read" fromId="143" toId="23">
</dataflow>
<dataflow id="145" from="chunk_idx" to="chunk_idx_read" fromId="142" toId="23">
</dataflow>
<dataflow id="147" from="_ssdm_op_Read.ap_auto.i8" to="offset_read" fromId="146" toId="24">
</dataflow>
<dataflow id="148" from="offset" to="offset_read" fromId="141" toId="24">
</dataflow>
<dataflow id="150" from="_ssdm_op_Read.ap_auto.i30" to="result_offset_read" fromId="149" toId="25">
</dataflow>
<dataflow id="151" from="result_offset" to="result_offset_read" fromId="138" toId="25">
</dataflow>
<dataflow id="153" from="_ssdm_op_SpecInterface" to="specinterface_ln0" fromId="152" toId="26">
</dataflow>
<dataflow id="154" from="result" to="specinterface_ln0" fromId="137" toId="26">
</dataflow>
<dataflow id="156" from="p_str3" to="specinterface_ln0" fromId="155" toId="26">
</dataflow>
<dataflow id="158" from="StgValue_157" to="specinterface_ln0" fromId="157" toId="26">
</dataflow>
<dataflow id="159" from="StgValue_157" to="specinterface_ln0" fromId="157" toId="26">
</dataflow>
<dataflow id="161" from="p_str4" to="specinterface_ln0" fromId="160" toId="26">
</dataflow>
<dataflow id="162" from="StgValue_157" to="specinterface_ln0" fromId="157" toId="26">
</dataflow>
<dataflow id="163" from="StgValue_157" to="specinterface_ln0" fromId="157" toId="26">
</dataflow>
<dataflow id="165" from="p_str5" to="specinterface_ln0" fromId="164" toId="26">
</dataflow>
<dataflow id="167" from="p_str6" to="specinterface_ln0" fromId="166" toId="26">
</dataflow>
<dataflow id="168" from="p_str4" to="specinterface_ln0" fromId="160" toId="26">
</dataflow>
<dataflow id="170" from="StgValue_169" to="specinterface_ln0" fromId="169" toId="26">
</dataflow>
<dataflow id="171" from="StgValue_169" to="specinterface_ln0" fromId="169" toId="26">
</dataflow>
<dataflow id="172" from="StgValue_169" to="specinterface_ln0" fromId="169" toId="26">
</dataflow>
<dataflow id="173" from="StgValue_169" to="specinterface_ln0" fromId="169" toId="26">
</dataflow>
<dataflow id="174" from="p_str4" to="specinterface_ln0" fromId="160" toId="26">
</dataflow>
<dataflow id="175" from="p_str4" to="specinterface_ln0" fromId="160" toId="26">
</dataflow>
<dataflow id="177" from="_ssdm_op_BitConcatenate.i8.i4.i4" to="shl_ln" fromId="176" toId="27">
</dataflow>
<dataflow id="178" from="chunk_idx_read" to="shl_ln" fromId="23" toId="27">
</dataflow>
<dataflow id="180" from="StgValue_179" to="shl_ln" fromId="179" toId="27">
</dataflow>
<dataflow id="181" from="shl_ln" to="zext_ln62" fromId="27" toId="28">
</dataflow>
<dataflow id="182" from="offset_read" to="zext_ln62_1" fromId="24" toId="29">
</dataflow>
<dataflow id="183" from="zext_ln62" to="add_ln69_1" fromId="28" toId="30">
</dataflow>
<dataflow id="184" from="zext_ln62_1" to="add_ln69_1" fromId="29" toId="30">
</dataflow>
<dataflow id="185" from="add_ln69_1" to="zext_ln69" fromId="30" toId="31">
</dataflow>
<dataflow id="186" from="result_offset_read" to="zext_ln67_1" fromId="25" toId="32">
</dataflow>
<dataflow id="188" from="StgValue_187" to="i_0" fromId="187" toId="34">
<condition id="-1">
<or_exp><and_exp></and_exp></or_exp>
</condition>
</dataflow>
<dataflow id="189" from="br_ln67" to="i_0" fromId="33" toId="34">
</dataflow>
<dataflow id="190" from="i" to="i_0" fromId="38" toId="34">
<BackEdge/>
<condition id="-1">
<or_exp><and_exp><literal name="icmp_ln68" val="1"/>
</and_exp></or_exp>
</condition>
</dataflow>
<dataflow id="191" from="br_ln0" to="i_0" fromId="57" toId="34">
<BackEdge/>
</dataflow>
<dataflow id="192" from="i_0" to="zext_ln67" fromId="34" toId="35">
</dataflow>
<dataflow id="193" from="i_0" to="icmp_ln67" fromId="34" toId="36">
</dataflow>
<dataflow id="195" from="StgValue_194" to="icmp_ln67" fromId="194" toId="36">
</dataflow>
<dataflow id="197" from="_ssdm_op_SpecLoopTripCount" to="empty" fromId="196" toId="37">
</dataflow>
<dataflow id="199" from="StgValue_198" to="empty" fromId="198" toId="37">
</dataflow>
<dataflow id="200" from="StgValue_198" to="empty" fromId="198" toId="37">
</dataflow>
<dataflow id="201" from="StgValue_198" to="empty" fromId="198" toId="37">
</dataflow>
<dataflow id="202" from="i_0" to="i" fromId="34" toId="38">
</dataflow>
<dataflow id="204" from="StgValue_203" to="i" fromId="203" toId="38">
</dataflow>
<dataflow id="205" from="icmp_ln67" to="br_ln67" fromId="36" toId="39">
</dataflow>
<dataflow id="206" from="offset_read" to="add_ln69" fromId="24" toId="40">
</dataflow>
<dataflow id="207" from="zext_ln67" to="add_ln69" fromId="35" toId="40">
</dataflow>
<dataflow id="208" from="i_0" to="trunc_ln69" fromId="34" toId="41">
</dataflow>
<dataflow id="209" from="_ssdm_op_BitConcatenate.i8.i4.i4" to="shl_ln3" fromId="176" toId="42">
</dataflow>
<dataflow id="210" from="trunc_ln69" to="shl_ln3" fromId="41" toId="42">
</dataflow>
<dataflow id="211" from="StgValue_179" to="shl_ln3" fromId="179" toId="42">
</dataflow>
<dataflow id="212" from="j" to="j_0" fromId="49" toId="45">
<BackEdge/>
<condition id="-1">
<or_exp><and_exp></and_exp></or_exp>
</condition>
</dataflow>
<dataflow id="213" from="br_ln68" to="j_0" fromId="71" toId="45">
<BackEdge/>
</dataflow>
<dataflow id="214" from="StgValue_187" to="j_0" fromId="187" toId="45">
<condition id="-1">
<or_exp><and_exp><literal name="icmp_ln67" val="0"/>
</and_exp></or_exp>
</condition>
</dataflow>
<dataflow id="215" from="br_ln68" to="j_0" fromId="43" toId="45">
</dataflow>
<dataflow id="216" from="j_0" to="zext_ln68" fromId="45" toId="46">
</dataflow>
<dataflow id="217" from="j_0" to="icmp_ln68" fromId="45" toId="47">
</dataflow>
<dataflow id="218" from="StgValue_194" to="icmp_ln68" fromId="194" toId="47">
</dataflow>
<dataflow id="219" from="_ssdm_op_SpecLoopTripCount" to="empty_10" fromId="196" toId="48">
</dataflow>
<dataflow id="220" from="StgValue_198" to="empty_10" fromId="198" toId="48">
</dataflow>
<dataflow id="221" from="StgValue_198" to="empty_10" fromId="198" toId="48">
</dataflow>
<dataflow id="222" from="StgValue_198" to="empty_10" fromId="198" toId="48">
</dataflow>
<dataflow id="223" from="j_0" to="j" fromId="45" toId="49">
</dataflow>
<dataflow id="224" from="StgValue_203" to="j" fromId="203" toId="49">
</dataflow>
<dataflow id="225" from="icmp_ln68" to="br_ln68" fromId="47" toId="50">
</dataflow>
<dataflow id="226" from="j_0" to="xor_ln69" fromId="45" toId="51">
</dataflow>
<dataflow id="227" from="StgValue_194" to="xor_ln69" fromId="194" toId="51">
</dataflow>
<dataflow id="229" from="_ssdm_op_BitConcatenate.i16.i8.i3.i5" to="tmp1" fromId="228" toId="52">
</dataflow>
<dataflow id="230" from="add_ln69" to="tmp1" fromId="40" toId="52">
</dataflow>
<dataflow id="232" from="StgValue_231" to="tmp1" fromId="231" toId="52">
</dataflow>
<dataflow id="233" from="xor_ln69" to="tmp1" fromId="51" toId="52">
</dataflow>
<dataflow id="234" from="zext_ln69" to="add_ln69_2" fromId="31" toId="53">
</dataflow>
<dataflow id="235" from="tmp1" to="add_ln69_2" fromId="52" toId="53">
</dataflow>
<dataflow id="236" from="add_ln69_2" to="zext_ln69_2" fromId="53" toId="54">
</dataflow>
<dataflow id="237" from="zext_ln67_1" to="add_ln69_4" fromId="32" toId="55">
</dataflow>
<dataflow id="238" from="zext_ln69_2" to="add_ln69_4" fromId="54" toId="55">
</dataflow>
<dataflow id="239" from="shl_ln3" to="add_ln69_3" fromId="42" toId="56">
</dataflow>
<dataflow id="240" from="zext_ln68" to="add_ln69_3" fromId="46" toId="56">
</dataflow>
<dataflow id="241" from="add_ln69_4" to="zext_ln69_3" fromId="55" toId="58">
</dataflow>
<dataflow id="242" from="result" to="result_addr_2" fromId="137" toId="59">
</dataflow>
<dataflow id="243" from="zext_ln69_3" to="result_addr_2" fromId="58" toId="59">
</dataflow>
<dataflow id="245" from="_ssdm_op_ReadReq.m_axi.floatP" to="result_load_req" fromId="244" toId="60">
</dataflow>
<dataflow id="246" from="result_addr_2" to="result_load_req" fromId="59" toId="60">
</dataflow>
<dataflow id="248" from="StgValue_247" to="result_load_req" fromId="247" toId="60">
</dataflow>
<dataflow id="249" from="_ssdm_op_ReadReq.m_axi.floatP" to="result_load_req" fromId="244" toId="61">
</dataflow>
<dataflow id="250" from="result_addr_2" to="result_load_req" fromId="59" toId="61">
</dataflow>
<dataflow id="251" from="StgValue_247" to="result_load_req" fromId="247" toId="61">
</dataflow>
<dataflow id="252" from="_ssdm_op_ReadReq.m_axi.floatP" to="result_load_req" fromId="244" toId="62">
</dataflow>
<dataflow id="253" from="result_addr_2" to="result_load_req" fromId="59" toId="62">
</dataflow>
<dataflow id="254" from="StgValue_247" to="result_load_req" fromId="247" toId="62">
</dataflow>
<dataflow id="255" from="_ssdm_op_ReadReq.m_axi.floatP" to="result_load_req" fromId="244" toId="63">
</dataflow>
<dataflow id="256" from="result_addr_2" to="result_load_req" fromId="59" toId="63">
</dataflow>
<dataflow id="257" from="StgValue_247" to="result_load_req" fromId="247" toId="63">
</dataflow>
<dataflow id="258" from="_ssdm_op_ReadReq.m_axi.floatP" to="result_load_req" fromId="244" toId="64">
</dataflow>
<dataflow id="259" from="result_addr_2" to="result_load_req" fromId="59" toId="64">
</dataflow>
<dataflow id="260" from="StgValue_247" to="result_load_req" fromId="247" toId="64">
</dataflow>
<dataflow id="261" from="_ssdm_op_ReadReq.m_axi.floatP" to="result_load_req" fromId="244" toId="65">
</dataflow>
<dataflow id="262" from="result_addr_2" to="result_load_req" fromId="59" toId="65">
</dataflow>
<dataflow id="263" from="StgValue_247" to="result_load_req" fromId="247" toId="65">
</dataflow>
<dataflow id="264" from="_ssdm_op_ReadReq.m_axi.floatP" to="result_load_req" fromId="244" toId="66">
</dataflow>
<dataflow id="265" from="result_addr_2" to="result_load_req" fromId="59" toId="66">
</dataflow>
<dataflow id="266" from="StgValue_247" to="result_load_req" fromId="247" toId="66">
</dataflow>
<dataflow id="268" from="_ssdm_op_Read.m_axi.floatP" to="result_addr_2_read" fromId="267" toId="67">
</dataflow>
<dataflow id="269" from="result_addr_2" to="result_addr_2_read" fromId="59" toId="67">
</dataflow>
<dataflow id="270" from="add_ln69_3" to="zext_ln69_1" fromId="56" toId="68">
</dataflow>
<dataflow id="271" from="top" to="top_addr" fromId="139" toId="69">
</dataflow>
<dataflow id="273" from="StgValue_272" to="top_addr" fromId="272" toId="69">
</dataflow>
<dataflow id="274" from="zext_ln69_1" to="top_addr" fromId="68" toId="69">
</dataflow>
<dataflow id="275" from="result_addr_2_read" to="store_ln69" fromId="67" toId="70">
</dataflow>
<dataflow id="276" from="top_addr" to="store_ln69" fromId="69" toId="70">
</dataflow>
<dataflow id="277" from="i_3" to="i_1" fromId="75" toId="72">
<BackEdge/>
<condition id="-1">
<or_exp><and_exp><literal name="icmp_ln74" val="1"/>
</and_exp></or_exp>
</condition>
</dataflow>
<dataflow id="278" from="br_ln0" to="i_1" fromId="104" toId="72">
<BackEdge/>
</dataflow>
<dataflow id="279" from="StgValue_187" to="i_1" fromId="187" toId="72">
<condition id="-1">
<or_exp><and_exp><literal name="icmp_ln67" val="1"/>
</and_exp></or_exp>
</condition>
</dataflow>
<dataflow id="280" from="br_ln73" to="i_1" fromId="44" toId="72">
</dataflow>
<dataflow id="281" from="i_1" to="icmp_ln73" fromId="72" toId="73">
</dataflow>
<dataflow id="282" from="StgValue_194" to="icmp_ln73" fromId="194" toId="73">
</dataflow>
<dataflow id="283" from="_ssdm_op_SpecLoopTripCount" to="empty_11" fromId="196" toId="74">
</dataflow>
<dataflow id="284" from="StgValue_198" to="empty_11" fromId="198" toId="74">
</dataflow>
<dataflow id="285" from="StgValue_198" to="empty_11" fromId="198" toId="74">
</dataflow>
<dataflow id="286" from="StgValue_198" to="empty_11" fromId="198" toId="74">
</dataflow>
<dataflow id="287" from="i_1" to="i_3" fromId="72" toId="75">
</dataflow>
<dataflow id="288" from="StgValue_203" to="i_3" fromId="203" toId="75">
</dataflow>
<dataflow id="289" from="icmp_ln73" to="br_ln73" fromId="73" toId="76">
</dataflow>
<dataflow id="290" from="i_1" to="xor_ln75" fromId="72" toId="77">
</dataflow>
<dataflow id="291" from="StgValue_194" to="xor_ln75" fromId="194" toId="77">
</dataflow>
<dataflow id="292" from="xor_ln75" to="zext_ln75" fromId="77" toId="78">
</dataflow>
<dataflow id="293" from="zext_ln75" to="add_ln75" fromId="78" toId="79">
</dataflow>
<dataflow id="294" from="add_ln69_1" to="add_ln75" fromId="30" toId="79">
</dataflow>
<dataflow id="295" from="i_1" to="trunc_ln75" fromId="72" toId="80">
</dataflow>
<dataflow id="297" from="_ssdm_op_BitConcatenate.i17.i9.i8" to="tmp_2" fromId="296" toId="81">
</dataflow>
<dataflow id="298" from="add_ln75" to="tmp_2" fromId="79" toId="81">
</dataflow>
<dataflow id="299" from="offset_read" to="tmp_2" fromId="24" toId="81">
</dataflow>
<dataflow id="300" from="tmp_2" to="zext_ln75_2" fromId="81" toId="82">
</dataflow>
<dataflow id="301" from="zext_ln75_2" to="add_ln75_1" fromId="82" toId="83">
</dataflow>
<dataflow id="302" from="zext_ln67_1" to="add_ln75_1" fromId="32" toId="83">
</dataflow>
<dataflow id="303" from="add_ln75_1" to="zext_ln75_3" fromId="83" toId="85">
</dataflow>
<dataflow id="304" from="result" to="result_addr" fromId="137" toId="86">
</dataflow>
<dataflow id="305" from="zext_ln75_3" to="result_addr" fromId="85" toId="86">
</dataflow>
<dataflow id="306" from="_ssdm_op_ReadReq.m_axi.floatP" to="result_addr_rd_req" fromId="244" toId="87">
</dataflow>
<dataflow id="307" from="result_addr" to="result_addr_rd_req" fromId="86" toId="87">
</dataflow>
<dataflow id="308" from="StgValue_169" to="result_addr_rd_req" fromId="169" toId="87">
</dataflow>
<dataflow id="309" from="_ssdm_op_ReadReq.m_axi.floatP" to="result_addr_rd_req" fromId="244" toId="88">
</dataflow>
<dataflow id="310" from="result_addr" to="result_addr_rd_req" fromId="86" toId="88">
</dataflow>
<dataflow id="311" from="StgValue_169" to="result_addr_rd_req" fromId="169" toId="88">
</dataflow>
<dataflow id="312" from="_ssdm_op_ReadReq.m_axi.floatP" to="result_addr_rd_req" fromId="244" toId="89">
</dataflow>
<dataflow id="313" from="result_addr" to="result_addr_rd_req" fromId="86" toId="89">
</dataflow>
<dataflow id="314" from="StgValue_169" to="result_addr_rd_req" fromId="169" toId="89">
</dataflow>
<dataflow id="315" from="_ssdm_op_ReadReq.m_axi.floatP" to="result_addr_rd_req" fromId="244" toId="90">
</dataflow>
<dataflow id="316" from="result_addr" to="result_addr_rd_req" fromId="86" toId="90">
</dataflow>
<dataflow id="317" from="StgValue_169" to="result_addr_rd_req" fromId="169" toId="90">
</dataflow>
<dataflow id="318" from="_ssdm_op_ReadReq.m_axi.floatP" to="result_addr_rd_req" fromId="244" toId="91">
</dataflow>
<dataflow id="319" from="result_addr" to="result_addr_rd_req" fromId="86" toId="91">
</dataflow>
<dataflow id="320" from="StgValue_169" to="result_addr_rd_req" fromId="169" toId="91">
</dataflow>
<dataflow id="321" from="_ssdm_op_ReadReq.m_axi.floatP" to="result_addr_rd_req" fromId="244" toId="92">
</dataflow>
<dataflow id="322" from="result_addr" to="result_addr_rd_req" fromId="86" toId="92">
</dataflow>
<dataflow id="323" from="StgValue_169" to="result_addr_rd_req" fromId="169" toId="92">
</dataflow>
<dataflow id="324" from="_ssdm_op_BitConcatenate.i8.i4.i4" to="shl_ln4" fromId="176" toId="93">
</dataflow>
<dataflow id="325" from="trunc_ln75" to="shl_ln4" fromId="80" toId="93">
</dataflow>
<dataflow id="326" from="StgValue_179" to="shl_ln4" fromId="179" toId="93">
</dataflow>
<dataflow id="327" from="_ssdm_op_ReadReq.m_axi.floatP" to="result_addr_rd_req" fromId="244" toId="94">
</dataflow>
<dataflow id="328" from="result_addr" to="result_addr_rd_req" fromId="86" toId="94">
</dataflow>
<dataflow id="329" from="StgValue_169" to="result_addr_rd_req" fromId="169" toId="94">
</dataflow>
<dataflow id="330" from="j_3" to="j_1" fromId="100" toId="96">
<BackEdge/>
<condition id="-1">
<or_exp><and_exp></and_exp></or_exp>
</condition>
</dataflow>
<dataflow id="331" from="br_ln74" to="j_1" fromId="108" toId="96">
<BackEdge/>
</dataflow>
<dataflow id="332" from="StgValue_187" to="j_1" fromId="187" toId="96">
<condition id="-1">
<or_exp><and_exp></and_exp></or_exp>
</condition>
</dataflow>
<dataflow id="333" from="br_ln74" to="j_1" fromId="95" toId="96">
</dataflow>
<dataflow id="334" from="j_1" to="zext_ln74" fromId="96" toId="97">
</dataflow>
<dataflow id="335" from="j_1" to="icmp_ln74" fromId="96" toId="98">
</dataflow>
<dataflow id="336" from="StgValue_194" to="icmp_ln74" fromId="194" toId="98">
</dataflow>
<dataflow id="337" from="_ssdm_op_SpecLoopTripCount" to="empty_12" fromId="196" toId="99">
</dataflow>
<dataflow id="338" from="StgValue_198" to="empty_12" fromId="198" toId="99">
</dataflow>
<dataflow id="339" from="StgValue_198" to="empty_12" fromId="198" toId="99">
</dataflow>
<dataflow id="340" from="StgValue_198" to="empty_12" fromId="198" toId="99">
</dataflow>
<dataflow id="341" from="j_1" to="j_3" fromId="96" toId="100">
</dataflow>
<dataflow id="342" from="StgValue_203" to="j_3" fromId="203" toId="100">
</dataflow>
<dataflow id="343" from="icmp_ln74" to="br_ln74" fromId="98" toId="101">
</dataflow>
<dataflow id="344" from="_ssdm_op_Read.m_axi.floatP" to="result_addr_read" fromId="267" toId="102">
</dataflow>
<dataflow id="345" from="result_addr" to="result_addr_read" fromId="86" toId="102">
</dataflow>
<dataflow id="346" from="zext_ln74" to="add_ln75_2" fromId="97" toId="103">
</dataflow>
<dataflow id="347" from="shl_ln4" to="add_ln75_2" fromId="93" toId="103">
</dataflow>
<dataflow id="348" from="add_ln75_2" to="zext_ln75_1" fromId="103" toId="105">
</dataflow>
<dataflow id="349" from="left_r" to="left_addr" fromId="140" toId="106">
</dataflow>
<dataflow id="350" from="StgValue_272" to="left_addr" fromId="272" toId="106">
</dataflow>
<dataflow id="351" from="zext_ln75_1" to="left_addr" fromId="105" toId="106">
</dataflow>
<dataflow id="352" from="result_addr_read" to="store_ln75" fromId="102" toId="107">
</dataflow>
<dataflow id="353" from="left_addr" to="store_ln75" fromId="106" toId="107">
</dataflow>
<dataflow id="354" from="icmp_ln67" to="StgValue_2" fromId="36" toId="2">
</dataflow>
<dataflow id="355" from="icmp_ln68" to="StgValue_3" fromId="47" toId="3">
</dataflow>
<dataflow id="356" from="icmp_ln73" to="StgValue_13" fromId="73" toId="13">
</dataflow>
<dataflow id="357" from="icmp_ln74" to="StgValue_21" fromId="98" toId="21">
</dataflow>
</dataflows>


</stg>
