<profile>

<section name = "Vivado HLS Report for 'perimeter_load'" level="0">
<item name = "Date">Thu Jan 26 13:39:34 2023
</item>
<item name = "Version">2019.2 (Build 2704478 on Wed Nov 06 22:10:23 MST 2019)</item>
<item name = "Project">lud</item>
<item name = "Solution">base_tiled</item>
<item name = "Product family">zynq</item>
<item name = "Target device">xc7z045-ffg900-2</item>
</section>

<section name = "Performance Estimates" level="0">
<item name = "Timing">
<section name = "" level="1">
<item name = "Summary"><table name="" hasTotal="0">
<keys size="4">Clock, Target, Estimated, Uncertainty</keys>
<column name="ap_clk">10.00 ns, 8.750 ns, 1.25 ns</column>
</table>
</item>
</section>
</item>
<item name = "Latency">
<section name = "" level="1">
<item name = "Summary"><table name="" hasTotal="0">
<keys size="8">, min, max, min, max, min, max, Type</keys>
<column name="">3250, 3250, 32.500 us, 32.500 us, 3250, 3250, none</column>
</table>
</item>
<item name = "Detail">
<section name = "" level="1">
<item name = "Instance"><table name="" hasTotal="0">
<keys size="9">Instance, Module, min, max, min, max, min, max, Type</keys>
</table>
</item>
<item name = "Loop"><table name="" hasTotal="0">
<keys size="8">Loop Name, min, max, Latency, achieved, target, Count, Pipelined</keys>
<column name="- Loop 1">2592, 2592, 162, -, -, 16, no</column>
<column name=" + Loop 1.1">160, 160, 10, -, -, 16, no</column>
<column name="- Loop 2">656, 656, 41, -, -, 16, no</column>
<column name=" + Loop 2.1">32, 32, 2, -, -, 16, no</column>
</table>
</item>
</section>
</item>
</section>
</item>
</section>

<section name = "Utilization Estimates" level="0">
<item name = "Summary"><table name="" hasTotal="1">
<keys size="6">Name, BRAM_18K, DSP48E, FF, LUT, URAM</keys>
<column name="DSP">-, -, -, -, -</column>
<column name="Expression">-, -, 0, 173, -</column>
<column name="FIFO">-, -, -, -, -</column>
<column name="Instance">-, -, -, -, -</column>
<column name="Memory">-, -, -, -, -</column>
<column name="Multiplexer">-, -, -, 33, -</column>
<column name="Register">-, -, 272, -, -</column>
<specialColumn name="Available">1090, 900, 437200, 218600, 0</specialColumn>
<specialColumn name="Utilization (%)">0, 0, ~0, ~0, 0</specialColumn>
</table>
</item>
<item name = "Detail">
<section name = "" level="1">
<item name = "Instance"><table name="" hasTotal="1">
<keys size="7">Instance, Module, BRAM_18K, DSP48E, FF, LUT, URAM</keys>
</table>
</item>
<item name = "DSP48E"><table name="" hasTotal="0">
<keys size="3">Instance, Module, Expression</keys>
</table>
</item>
<item name = "Memory"><table name="" hasTotal="1">
<keys size="10">Memory, Module, BRAM_18K, FF, LUT, URAM, Words, Bits, Banks, W*Bits*Banks</keys>
</table>
</item>
<item name = "FIFO"><table name="" hasTotal="1">
<keys size="8">Name, BRAM_18K, FF, LUT, URAM, Depth, Bits, Size:D*B</keys>
</table>
</item>
<item name = "Expression"><table name="" hasTotal="1">
<keys size="7">Variable Name, Operation, DSP48E, FF, LUT, Bitwidth P0, Bitwidth P1</keys>
<column name="add_ln69_1_fu_188_p2">+, 0, 0, 9, 9, 9</column>
<column name="add_ln69_2_fu_266_p2">+, 0, 0, 16, 16, 16</column>
<column name="add_ln69_3_fu_280_p2">+, 0, 0, 8, 8, 8</column>
<column name="add_ln69_4_fu_275_p2">+, 0, 0, 31, 31, 31</column>
<column name="add_ln69_fu_218_p2">+, 0, 0, 8, 8, 8</column>
<column name="add_ln75_1_fu_341_p2">+, 0, 0, 31, 31, 31</column>
<column name="add_ln75_2_fu_379_p2">+, 0, 0, 8, 8, 8</column>
<column name="add_ln75_fu_321_p2">+, 0, 0, 9, 9, 9</column>
<column name="i_3_fu_305_p2">+, 0, 0, 7, 5, 1</column>
<column name="i_fu_212_p2">+, 0, 0, 7, 5, 1</column>
<column name="j_3_fu_373_p2">+, 0, 0, 7, 5, 1</column>
<column name="j_fu_245_p2">+, 0, 0, 7, 5, 1</column>
<column name="ap_block_state21">and, 0, 0, 1, 1, 1</column>
<column name="icmp_ln67_fu_206_p2">icmp, 0, 0, 3, 5, 6</column>
<column name="icmp_ln68_fu_239_p2">icmp, 0, 0, 3, 5, 6</column>
<column name="icmp_ln73_fu_299_p2">icmp, 0, 0, 3, 5, 6</column>
<column name="icmp_ln74_fu_367_p2">icmp, 0, 0, 3, 5, 6</column>
<column name="xor_ln69_fu_251_p2">xor, 0, 0, 6, 5, 6</column>
<column name="xor_ln75_fu_311_p2">xor, 0, 0, 6, 5, 6</column>
</table>
</item>
<item name = "Multiplexer"><table name="" hasTotal="1">
<keys size="5">Name, LUT, Input Size, Bits, Total Bits</keys>
<column name="ap_NS_fsm">9, 23, 1, 23</column>
<column name="i_0_reg_128">3, 2, 5, 10</column>
<column name="i_1_reg_150">3, 2, 5, 10</column>
<column name="j_0_reg_139">3, 2, 5, 10</column>
<column name="j_1_reg_161">3, 2, 5, 10</column>
<column name="m_axi_result_ARADDR">3, 3, 32, 96</column>
<column name="m_axi_result_ARLEN">3, 3, 32, 96</column>
<column name="result_blk_n_AR">3, 2, 1, 2</column>
<column name="result_blk_n_R">3, 2, 1, 2</column>
</table>
</item>
<item name = "Register"><table name="" hasTotal="1">
<keys size="5">Name, FF, LUT, Bits, Const Bits</keys>
<column name="add_ln69_1_reg_394">9, 0, 9, 0</column>
<column name="add_ln69_3_reg_441">8, 0, 8, 0</column>
<column name="add_ln69_4_reg_436">31, 0, 31, 0</column>
<column name="add_ln69_reg_418">8, 0, 8, 0</column>
<column name="add_ln75_1_reg_470">31, 0, 31, 0</column>
<column name="add_ln75_2_reg_499">8, 0, 8, 0</column>
<column name="ap_CS_fsm">22, 0, 22, 0</column>
<column name="i_0_reg_128">5, 0, 5, 0</column>
<column name="i_1_reg_150">5, 0, 5, 0</column>
<column name="i_3_reg_460">5, 0, 5, 0</column>
<column name="i_reg_413">5, 0, 5, 0</column>
<column name="j_0_reg_139">5, 0, 5, 0</column>
<column name="j_1_reg_161">5, 0, 5, 0</column>
<column name="j_3_reg_489">5, 0, 5, 0</column>
<column name="j_reg_431">5, 0, 5, 0</column>
<column name="result_addr_2_read_reg_452">32, 0, 32, 0</column>
<column name="result_addr_read_reg_494">32, 0, 32, 0</column>
<column name="shl_ln3_reg_423">4, 0, 8, 4</column>
<column name="shl_ln4_reg_481">4, 0, 8, 4</column>
<column name="trunc_ln75_reg_465">4, 0, 4, 0</column>
<column name="zext_ln67_1_reg_404">30, 0, 31, 1</column>
<column name="zext_ln69_reg_399">9, 0, 16, 7</column>
</table>
</item>
</section>
</item>
</section>

<section name = "Interface" level="0">
<item name = "Summary"><table name="" hasTotal="0">
<keys size="6">RTL Ports, Dir, Bits, Protocol, Source Object, C Type</keys>
<column name="ap_clk">in, 1, ap_ctrl_hs, perimeter_load, return value</column>
<column name="ap_rst">in, 1, ap_ctrl_hs, perimeter_load, return value</column>
<column name="ap_start">in, 1, ap_ctrl_hs, perimeter_load, return value</column>
<column name="ap_done">out, 1, ap_ctrl_hs, perimeter_load, return value</column>
<column name="ap_idle">out, 1, ap_ctrl_hs, perimeter_load, return value</column>
<column name="ap_ready">out, 1, ap_ctrl_hs, perimeter_load, return value</column>
<column name="m_axi_result_AWVALID">out, 1, m_axi, result, pointer</column>
<column name="m_axi_result_AWREADY">in, 1, m_axi, result, pointer</column>
<column name="m_axi_result_AWADDR">out, 32, m_axi, result, pointer</column>
<column name="m_axi_result_AWID">out, 1, m_axi, result, pointer</column>
<column name="m_axi_result_AWLEN">out, 32, m_axi, result, pointer</column>
<column name="m_axi_result_AWSIZE">out, 3, m_axi, result, pointer</column>
<column name="m_axi_result_AWBURST">out, 2, m_axi, result, pointer</column>
<column name="m_axi_result_AWLOCK">out, 2, m_axi, result, pointer</column>
<column name="m_axi_result_AWCACHE">out, 4, m_axi, result, pointer</column>
<column name="m_axi_result_AWPROT">out, 3, m_axi, result, pointer</column>
<column name="m_axi_result_AWQOS">out, 4, m_axi, result, pointer</column>
<column name="m_axi_result_AWREGION">out, 4, m_axi, result, pointer</column>
<column name="m_axi_result_AWUSER">out, 1, m_axi, result, pointer</column>
<column name="m_axi_result_WVALID">out, 1, m_axi, result, pointer</column>
<column name="m_axi_result_WREADY">in, 1, m_axi, result, pointer</column>
<column name="m_axi_result_WDATA">out, 32, m_axi, result, pointer</column>
<column name="m_axi_result_WSTRB">out, 4, m_axi, result, pointer</column>
<column name="m_axi_result_WLAST">out, 1, m_axi, result, pointer</column>
<column name="m_axi_result_WID">out, 1, m_axi, result, pointer</column>
<column name="m_axi_result_WUSER">out, 1, m_axi, result, pointer</column>
<column name="m_axi_result_ARVALID">out, 1, m_axi, result, pointer</column>
<column name="m_axi_result_ARREADY">in, 1, m_axi, result, pointer</column>
<column name="m_axi_result_ARADDR">out, 32, m_axi, result, pointer</column>
<column name="m_axi_result_ARID">out, 1, m_axi, result, pointer</column>
<column name="m_axi_result_ARLEN">out, 32, m_axi, result, pointer</column>
<column name="m_axi_result_ARSIZE">out, 3, m_axi, result, pointer</column>
<column name="m_axi_result_ARBURST">out, 2, m_axi, result, pointer</column>
<column name="m_axi_result_ARLOCK">out, 2, m_axi, result, pointer</column>
<column name="m_axi_result_ARCACHE">out, 4, m_axi, result, pointer</column>
<column name="m_axi_result_ARPROT">out, 3, m_axi, result, pointer</column>
<column name="m_axi_result_ARQOS">out, 4, m_axi, result, pointer</column>
<column name="m_axi_result_ARREGION">out, 4, m_axi, result, pointer</column>
<column name="m_axi_result_ARUSER">out, 1, m_axi, result, pointer</column>
<column name="m_axi_result_RVALID">in, 1, m_axi, result, pointer</column>
<column name="m_axi_result_RREADY">out, 1, m_axi, result, pointer</column>
<column name="m_axi_result_RDATA">in, 32, m_axi, result, pointer</column>
<column name="m_axi_result_RLAST">in, 1, m_axi, result, pointer</column>
<column name="m_axi_result_RID">in, 1, m_axi, result, pointer</column>
<column name="m_axi_result_RUSER">in, 1, m_axi, result, pointer</column>
<column name="m_axi_result_RRESP">in, 2, m_axi, result, pointer</column>
<column name="m_axi_result_BVALID">in, 1, m_axi, result, pointer</column>
<column name="m_axi_result_BREADY">out, 1, m_axi, result, pointer</column>
<column name="m_axi_result_BRESP">in, 2, m_axi, result, pointer</column>
<column name="m_axi_result_BID">in, 1, m_axi, result, pointer</column>
<column name="m_axi_result_BUSER">in, 1, m_axi, result, pointer</column>
<column name="result_offset">in, 30, ap_none, result_offset, scalar</column>
<column name="top_address0">out, 8, ap_memory, top, array</column>
<column name="top_ce0">out, 1, ap_memory, top, array</column>
<column name="top_we0">out, 1, ap_memory, top, array</column>
<column name="top_d0">out, 32, ap_memory, top, array</column>
<column name="left_r_address0">out, 8, ap_memory, left_r, array</column>
<column name="left_r_ce0">out, 1, ap_memory, left_r, array</column>
<column name="left_r_we0">out, 1, ap_memory, left_r, array</column>
<column name="left_r_d0">out, 32, ap_memory, left_r, array</column>
<column name="offset">in, 8, ap_none, offset, scalar</column>
<column name="chunk_idx">in, 4, ap_none, chunk_idx, scalar</column>
</table>
</item>
</section>
</profile>
