<stg><name>perimeter_store</name>


<trans_list>

<trans id="106" from="1" to="2">
<condition id="-1">
<or_exp><and_exp></and_exp></or_exp>
</condition>
</trans>

<trans id="107" from="2" to="3">
<condition id="-1">
<or_exp><and_exp><literal name="icmp_ln89" val="0"/>
</and_exp></or_exp>
</condition>
</trans>

<trans id="118" from="2" to="11">
<condition id="-1">
<or_exp><and_exp><literal name="icmp_ln89" val="1"/>
</and_exp></or_exp>
</condition>
</trans>

<trans id="108" from="3" to="4">
<condition id="-1">
<or_exp><and_exp><literal name="icmp_ln90" val="0"/>
</and_exp></or_exp>
</condition>
</trans>

<trans id="117" from="3" to="2">
<condition id="-1">
<or_exp><and_exp><literal name="icmp_ln90" val="1"/>
</and_exp></or_exp>
</condition>
</trans>

<trans id="110" from="4" to="5">
<condition id="-1">
<or_exp><and_exp></and_exp></or_exp>
</condition>
</trans>

<trans id="111" from="5" to="6">
<condition id="-1">
<or_exp><and_exp></and_exp></or_exp>
</condition>
</trans>

<trans id="112" from="6" to="7">
<condition id="-1">
<or_exp><and_exp></and_exp></or_exp>
</condition>
</trans>

<trans id="113" from="7" to="8">
<condition id="-1">
<or_exp><and_exp></and_exp></or_exp>
</condition>
</trans>

<trans id="114" from="8" to="9">
<condition id="-1">
<or_exp><and_exp></and_exp></or_exp>
</condition>
</trans>

<trans id="115" from="9" to="10">
<condition id="-1">
<or_exp><and_exp></and_exp></or_exp>
</condition>
</trans>

<trans id="116" from="10" to="3">
<condition id="-1">
<or_exp><and_exp></and_exp></or_exp>
</condition>
</trans>

<trans id="119" from="11" to="12">
<condition id="-1">
<or_exp><and_exp><literal name="icmp_ln95" val="0"/>
</and_exp></or_exp>
</condition>
</trans>

<trans id="121" from="12" to="13">
<condition id="-1">
<or_exp><and_exp></and_exp></or_exp>
</condition>
</trans>

<trans id="122" from="13" to="14">
<condition id="-1">
<or_exp><and_exp><literal name="icmp_ln96" val="0"/>
</and_exp></or_exp>
</condition>
</trans>

<trans id="123" from="13" to="16">
<condition id="-1">
<or_exp><and_exp><literal name="icmp_ln96" val="1"/>
</and_exp></or_exp>
</condition>
</trans>

<trans id="125" from="14" to="15">
<condition id="-1">
<or_exp><and_exp></and_exp></or_exp>
</condition>
</trans>

<trans id="126" from="15" to="13">
<condition id="-1">
<or_exp><and_exp></and_exp></or_exp>
</condition>
</trans>

<trans id="128" from="16" to="17">
<condition id="-1">
<or_exp><and_exp></and_exp></or_exp>
</condition>
</trans>

<trans id="129" from="17" to="18">
<condition id="-1">
<or_exp><and_exp></and_exp></or_exp>
</condition>
</trans>

<trans id="130" from="18" to="19">
<condition id="-1">
<or_exp><and_exp></and_exp></or_exp>
</condition>
</trans>

<trans id="131" from="19" to="11">
<condition id="-1">
<or_exp><and_exp></and_exp></or_exp>
</condition>
</trans>
</trans_list>



<state_list>

<state id="1" st_id="1">

<operation id="20" st_id="1" stage="1" lat="1">
<core>NULL</core>
<MemPortIdVec></MemPortIdVec>
<condition id="-1">
<or_exp><and_exp></and_exp></or_exp>
</condition>

<Node id="7" bw="4" op_0_bw="4" op_1_bw="4">
<![CDATA[
:0  %chunk_idx_read = call i4 @_ssdm_op_Read.ap_auto.i4(i4 %chunk_idx)

]]></Node>
<StgValue><ssdm name="chunk_idx_read"/></StgValue>
</operation>

<operation id="21" st_id="1" stage="1" lat="1">
<core>NULL</core>
<MemPortIdVec></MemPortIdVec>
<condition id="-1">
<or_exp><and_exp></and_exp></or_exp>
</condition>

<Node id="8" bw="8" op_0_bw="8" op_1_bw="8">
<![CDATA[
:1  %offset_read = call i8 @_ssdm_op_Read.ap_auto.i8(i8 %offset)

]]></Node>
<StgValue><ssdm name="offset_read"/></StgValue>
</operation>

<operation id="22" st_id="1" stage="1" lat="1">
<core>NULL</core>
<MemPortIdVec></MemPortIdVec>
<condition id="-1">
<or_exp><and_exp></and_exp></or_exp>
</condition>

<Node id="9" bw="30" op_0_bw="30" op_1_bw="30">
<![CDATA[
:2  %result_offset_read = call i30 @_ssdm_op_Read.ap_auto.i30(i30 %result_offset)

]]></Node>
<StgValue><ssdm name="result_offset_read"/></StgValue>
</operation>

<operation id="23" st_id="1" stage="1" lat="1">
<core>NULL</core>
<MemPortIdVec></MemPortIdVec>
<condition id="-1">
<or_exp><and_exp></and_exp></or_exp>
</condition>

<Node id="10" bw="0" op_0_bw="0" op_1_bw="32" op_2_bw="0" op_3_bw="32" op_4_bw="32" op_5_bw="0" op_6_bw="32" op_7_bw="32" op_8_bw="0" op_9_bw="0" op_10_bw="0" op_11_bw="32" op_12_bw="32" op_13_bw="32" op_14_bw="32" op_15_bw="0" op_16_bw="0">
<![CDATA[
:3  call void (...)* @_ssdm_op_SpecInterface(float* %result, [6 x i8]* @p_str3, i32 0, i32 0, [1 x i8]* @p_str4, i32 0, i32 0, [5 x i8]* @p_str5, [6 x i8]* @p_str6, [1 x i8]* @p_str4, i32 16, i32 16, i32 16, i32 16, [1 x i8]* @p_str4, [1 x i8]* @p_str4)

]]></Node>
<StgValue><ssdm name="specinterface_ln0"/></StgValue>
</operation>

<operation id="24" st_id="1" stage="1" lat="1">
<core>NULL</core>
<MemPortIdVec></MemPortIdVec>
<condition id="-1">
<or_exp><and_exp></and_exp></or_exp>
</condition>

<Node id="11" bw="8" op_0_bw="8" op_1_bw="4" op_2_bw="4">
<![CDATA[
:4  %shl_ln = call i8 @_ssdm_op_BitConcatenate.i8.i4.i4(i4 %chunk_idx_read, i4 0)

]]></Node>
<StgValue><ssdm name="shl_ln"/></StgValue>
</operation>

<operation id="25" st_id="1" stage="1" lat="1">
<core>NULL</core>
<MemPortIdVec></MemPortIdVec>
<condition id="-1">
<or_exp><and_exp></and_exp></or_exp>
</condition>

<Node id="12" bw="9" op_0_bw="8">
<![CDATA[
:5  %zext_ln84 = zext i8 %shl_ln to i9

]]></Node>
<StgValue><ssdm name="zext_ln84"/></StgValue>
</operation>

<operation id="26" st_id="1" stage="1" lat="1">
<core>NULL</core>
<MemPortIdVec></MemPortIdVec>
<condition id="-1">
<or_exp><and_exp></and_exp></or_exp>
</condition>

<Node id="13" bw="9" op_0_bw="8">
<![CDATA[
:6  %zext_ln84_1 = zext i8 %offset_read to i9

]]></Node>
<StgValue><ssdm name="zext_ln84_1"/></StgValue>
</operation>

<operation id="27" st_id="1" stage="1" lat="1">
<core>AddSub</core>
<MemPortIdVec></MemPortIdVec>
<condition id="-1">
<or_exp><and_exp></and_exp></or_exp>
</condition>

<Node id="14" bw="9" op_0_bw="9" op_1_bw="9">
<![CDATA[
:7  %add_ln91_2 = add i9 %zext_ln84, %zext_ln84_1

]]></Node>
<StgValue><ssdm name="add_ln91_2"/></StgValue>
</operation>

<operation id="28" st_id="1" stage="1" lat="1">
<core>NULL</core>
<MemPortIdVec></MemPortIdVec>
<condition id="-1">
<or_exp><and_exp></and_exp></or_exp>
</condition>

<Node id="15" bw="16" op_0_bw="9">
<![CDATA[
:8  %zext_ln91 = zext i9 %add_ln91_2 to i16

]]></Node>
<StgValue><ssdm name="zext_ln91"/></StgValue>
</operation>

<operation id="29" st_id="1" stage="1" lat="1">
<core>NULL</core>
<MemPortIdVec></MemPortIdVec>
<condition id="-1">
<or_exp><and_exp></and_exp></or_exp>
</condition>

<Node id="16" bw="31" op_0_bw="30">
<![CDATA[
:9  %zext_ln89_1 = zext i30 %result_offset_read to i31

]]></Node>
<StgValue><ssdm name="zext_ln89_1"/></StgValue>
</operation>

<operation id="30" st_id="1" stage="1" lat="1">
<core>NULL</core>
<MemPortIdVec></MemPortIdVec>
<condition id="-1">
<or_exp><and_exp></and_exp></or_exp>
</condition>

<Node id="17" bw="0" op_0_bw="0">
<![CDATA[
:10  br label %.loopexit

]]></Node>
<StgValue><ssdm name="br_ln89"/></StgValue>
</operation>
</state>

<state id="2" st_id="2">

<operation id="31" st_id="2" stage="1" lat="1">
<core>NULL</core>
<MemPortIdVec></MemPortIdVec>
<condition id="-1">
<or_exp><and_exp></and_exp></or_exp>
</condition>

<Node id="19" bw="5" op_0_bw="5" op_1_bw="0" op_2_bw="5" op_3_bw="0">
<![CDATA[
.loopexit:0  %i_0 = phi i5 [ 0, %0 ], [ %i, %.loopexit.loopexit ]

]]></Node>
<StgValue><ssdm name="i_0"/></StgValue>
</operation>

<operation id="32" st_id="2" stage="1" lat="1">
<core>NULL</core>
<MemPortIdVec></MemPortIdVec>
<condition id="-1">
<or_exp><and_exp></and_exp></or_exp>
</condition>

<Node id="20" bw="8" op_0_bw="5">
<![CDATA[
.loopexit:1  %zext_ln89 = zext i5 %i_0 to i8

]]></Node>
<StgValue><ssdm name="zext_ln89"/></StgValue>
</operation>

<operation id="33" st_id="2" stage="1" lat="1">
<core>Cmp</core>
<MemPortIdVec></MemPortIdVec>
<condition id="-1">
<or_exp><and_exp></and_exp></or_exp>
</condition>

<Node id="21" bw="1" op_0_bw="5" op_1_bw="5">
<![CDATA[
.loopexit:2  %icmp_ln89 = icmp eq i5 %i_0, -16

]]></Node>
<StgValue><ssdm name="icmp_ln89"/></StgValue>
</operation>

<operation id="34" st_id="2" stage="1" lat="1">
<core>NULL</core>
<MemPortIdVec></MemPortIdVec>
<condition id="-1">
<or_exp><and_exp></and_exp></or_exp>
</condition>

<Node id="22" bw="32" op_0_bw="32" op_1_bw="64" op_2_bw="64" op_3_bw="64">
<![CDATA[
.loopexit:3  %empty = call i32 (...)* @_ssdm_op_SpecLoopTripCount(i64 16, i64 16, i64 16)

]]></Node>
<StgValue><ssdm name="empty"/></StgValue>
</operation>

<operation id="35" st_id="2" stage="1" lat="1">
<core>AddSub</core>
<MemPortIdVec></MemPortIdVec>
<condition id="-1">
<or_exp><and_exp></and_exp></or_exp>
</condition>

<Node id="23" bw="5" op_0_bw="5" op_1_bw="5">
<![CDATA[
.loopexit:4  %i = add i5 %i_0, 1

]]></Node>
<StgValue><ssdm name="i"/></StgValue>
</operation>

<operation id="36" st_id="2" stage="1" lat="1">
<core>NULL</core>
<MemPortIdVec></MemPortIdVec>
<condition id="-1">
<or_exp><and_exp></and_exp></or_exp>
</condition>

<Node id="24" bw="0" op_0_bw="1" op_1_bw="0" op_2_bw="0">
<![CDATA[
.loopexit:5  br i1 %icmp_ln89, label %.preheader1.preheader, label %.preheader2.preheader

]]></Node>
<StgValue><ssdm name="br_ln89"/></StgValue>
</operation>

<operation id="37" st_id="2" stage="1" lat="1">
<core>NULL</core>
<MemPortIdVec></MemPortIdVec>
<condition id="-1">
<or_exp><and_exp><literal name="icmp_ln89" val="0"/>
</and_exp></or_exp>
</condition>

<Node id="26" bw="4" op_0_bw="5">
<![CDATA[
.preheader2.preheader:0  %trunc_ln91 = trunc i5 %i_0 to i4

]]></Node>
<StgValue><ssdm name="trunc_ln91"/></StgValue>
</operation>

<operation id="38" st_id="2" stage="1" lat="1">
<core>NULL</core>
<MemPortIdVec></MemPortIdVec>
<condition id="-1">
<or_exp><and_exp><literal name="icmp_ln89" val="0"/>
</and_exp></or_exp>
</condition>

<Node id="27" bw="8" op_0_bw="8" op_1_bw="4" op_2_bw="4">
<![CDATA[
.preheader2.preheader:1  %shl_ln1 = call i8 @_ssdm_op_BitConcatenate.i8.i4.i4(i4 %trunc_ln91, i4 0)

]]></Node>
<StgValue><ssdm name="shl_ln1"/></StgValue>
</operation>

<operation id="39" st_id="2" stage="1" lat="1">
<core>AddSub</core>
<MemPortIdVec></MemPortIdVec>
<condition id="-1">
<or_exp><and_exp><literal name="icmp_ln89" val="0"/>
</and_exp></or_exp>
</condition>

<Node id="28" bw="8" op_0_bw="8" op_1_bw="8">
<![CDATA[
.preheader2.preheader:2  %add_ln91 = add i8 %offset_read, %zext_ln89

]]></Node>
<StgValue><ssdm name="add_ln91"/></StgValue>
</operation>

<operation id="40" st_id="2" stage="1" lat="1">
<core>NULL</core>
<MemPortIdVec></MemPortIdVec>
<condition id="-1">
<or_exp><and_exp><literal name="icmp_ln89" val="0"/>
</and_exp></or_exp>
</condition>

<Node id="29" bw="0" op_0_bw="0">
<![CDATA[
.preheader2.preheader:3  br label %.preheader2

]]></Node>
<StgValue><ssdm name="br_ln90"/></StgValue>
</operation>

<operation id="41" st_id="2" stage="1" lat="1">
<core>NULL</core>
<MemPortIdVec></MemPortIdVec>
<condition id="-1">
<or_exp><and_exp><literal name="icmp_ln89" val="1"/>
</and_exp></or_exp>
</condition>

<Node id="56" bw="0" op_0_bw="0">
<![CDATA[
.preheader1.preheader:0  br label %.preheader1

]]></Node>
<StgValue><ssdm name="br_ln95"/></StgValue>
</operation>
</state>

<state id="3" st_id="3">

<operation id="42" st_id="3" stage="1" lat="1">
<core>NULL</core>
<MemPortIdVec></MemPortIdVec>
<condition id="-1">
<or_exp><and_exp></and_exp></or_exp>
</condition>

<Node id="31" bw="5" op_0_bw="5" op_1_bw="0" op_2_bw="5" op_3_bw="0">
<![CDATA[
.preheader2:0  %j_0 = phi i5 [ %j, %1 ], [ 0, %.preheader2.preheader ]

]]></Node>
<StgValue><ssdm name="j_0"/></StgValue>
</operation>

<operation id="43" st_id="3" stage="1" lat="1">
<core>NULL</core>
<MemPortIdVec></MemPortIdVec>
<condition id="-1">
<or_exp><and_exp></and_exp></or_exp>
</condition>

<Node id="32" bw="8" op_0_bw="5">
<![CDATA[
.preheader2:1  %zext_ln90 = zext i5 %j_0 to i8

]]></Node>
<StgValue><ssdm name="zext_ln90"/></StgValue>
</operation>

<operation id="44" st_id="3" stage="1" lat="1">
<core>Cmp</core>
<MemPortIdVec></MemPortIdVec>
<condition id="-1">
<or_exp><and_exp></and_exp></or_exp>
</condition>

<Node id="33" bw="1" op_0_bw="5" op_1_bw="5">
<![CDATA[
.preheader2:2  %icmp_ln90 = icmp eq i5 %j_0, -16

]]></Node>
<StgValue><ssdm name="icmp_ln90"/></StgValue>
</operation>

<operation id="45" st_id="3" stage="1" lat="1">
<core>NULL</core>
<MemPortIdVec></MemPortIdVec>
<condition id="-1">
<or_exp><and_exp></and_exp></or_exp>
</condition>

<Node id="34" bw="32" op_0_bw="32" op_1_bw="64" op_2_bw="64" op_3_bw="64">
<![CDATA[
.preheader2:3  %empty_7 = call i32 (...)* @_ssdm_op_SpecLoopTripCount(i64 16, i64 16, i64 16)

]]></Node>
<StgValue><ssdm name="empty_7"/></StgValue>
</operation>

<operation id="46" st_id="3" stage="1" lat="1">
<core>AddSub</core>
<MemPortIdVec></MemPortIdVec>
<condition id="-1">
<or_exp><and_exp></and_exp></or_exp>
</condition>

<Node id="35" bw="5" op_0_bw="5" op_1_bw="5">
<![CDATA[
.preheader2:4  %j = add i5 %j_0, 1

]]></Node>
<StgValue><ssdm name="j"/></StgValue>
</operation>

<operation id="47" st_id="3" stage="1" lat="1">
<core>NULL</core>
<MemPortIdVec></MemPortIdVec>
<condition id="-1">
<or_exp><and_exp></and_exp></or_exp>
</condition>

<Node id="36" bw="0" op_0_bw="1" op_1_bw="0" op_2_bw="0">
<![CDATA[
.preheader2:5  br i1 %icmp_ln90, label %.loopexit.loopexit, label %1

]]></Node>
<StgValue><ssdm name="br_ln90"/></StgValue>
</operation>

<operation id="48" st_id="3" stage="1" lat="1">
<core>AddSub</core>
<MemPortIdVec></MemPortIdVec>
<condition id="-1">
<or_exp><and_exp><literal name="icmp_ln90" val="0"/>
</and_exp></or_exp>
</condition>

<Node id="38" bw="8" op_0_bw="8" op_1_bw="8">
<![CDATA[
:0  %add_ln91_1 = add i8 %shl_ln1, %zext_ln90

]]></Node>
<StgValue><ssdm name="add_ln91_1"/></StgValue>
</operation>

<operation id="49" st_id="3" stage="1" lat="1">
<core>NULL</core>
<MemPortIdVec></MemPortIdVec>
<condition id="-1">
<or_exp><and_exp><literal name="icmp_ln90" val="0"/>
</and_exp></or_exp>
</condition>

<Node id="39" bw="64" op_0_bw="8">
<![CDATA[
:1  %zext_ln91_1 = zext i8 %add_ln91_1 to i64

]]></Node>
<StgValue><ssdm name="zext_ln91_1"/></StgValue>
</operation>

<operation id="50" st_id="3" stage="1" lat="1">
<core>NULL</core>
<MemPortIdVec></MemPortIdVec>
<condition id="-1">
<or_exp><and_exp><literal name="icmp_ln90" val="0"/>
</and_exp></or_exp>
</condition>

<Node id="40" bw="8" op_0_bw="32" op_1_bw="64" op_2_bw="64">
<![CDATA[
:2  %top_addr = getelementptr [256 x float]* %top, i64 0, i64 %zext_ln91_1

]]></Node>
<StgValue><ssdm name="top_addr"/></StgValue>
</operation>

<operation id="51" st_id="3" stage="2" lat="2">
<core>RAM</core>
<MemPortIdVec>0 </MemPortIdVec>
<condition id="-1">
<or_exp><and_exp><literal name="icmp_ln90" val="0"/>
</and_exp></or_exp>
</condition>

<Node id="41" bw="32" op_0_bw="8">
<![CDATA[
:3  %top_load = load float* %top_addr, align 4

]]></Node>
<StgValue><ssdm name="top_load"/></StgValue>
</operation>

<operation id="52" st_id="3" stage="1" lat="1">
<core>LogicGate</core>
<MemPortIdVec></MemPortIdVec>
<condition id="-1">
<or_exp><and_exp><literal name="icmp_ln90" val="0"/>
</and_exp></or_exp>
</condition>

<Node id="42" bw="5" op_0_bw="5" op_1_bw="5">
<![CDATA[
:4  %xor_ln91 = xor i5 %j_0, -16

]]></Node>
<StgValue><ssdm name="xor_ln91"/></StgValue>
</operation>

<operation id="53" st_id="3" stage="1" lat="1">
<core>NULL</core>
<MemPortIdVec></MemPortIdVec>
<condition id="-1">
<or_exp><and_exp><literal name="icmp_ln90" val="0"/>
</and_exp></or_exp>
</condition>

<Node id="43" bw="16" op_0_bw="16" op_1_bw="8" op_2_bw="3" op_3_bw="5">
<![CDATA[
:5  %tmp1 = call i16 @_ssdm_op_BitConcatenate.i16.i8.i3.i5(i8 %add_ln91, i3 0, i5 %xor_ln91)

]]></Node>
<StgValue><ssdm name="tmp1"/></StgValue>
</operation>

<operation id="54" st_id="3" stage="1" lat="1">
<core>AddSub</core>
<MemPortIdVec></MemPortIdVec>
<condition id="-1">
<or_exp><and_exp><literal name="icmp_ln90" val="0"/>
</and_exp></or_exp>
</condition>

<Node id="44" bw="16" op_0_bw="16" op_1_bw="16">
<![CDATA[
:6  %add_ln91_3 = add i16 %zext_ln91, %tmp1

]]></Node>
<StgValue><ssdm name="add_ln91_3"/></StgValue>
</operation>

<operation id="55" st_id="3" stage="1" lat="1">
<core>NULL</core>
<MemPortIdVec></MemPortIdVec>
<condition id="-1">
<or_exp><and_exp><literal name="icmp_ln90" val="0"/>
</and_exp></or_exp>
</condition>

<Node id="45" bw="31" op_0_bw="16">
<![CDATA[
:7  %zext_ln91_2 = zext i16 %add_ln91_3 to i31

]]></Node>
<StgValue><ssdm name="zext_ln91_2"/></StgValue>
</operation>

<operation id="56" st_id="3" stage="1" lat="1">
<core>AddSub</core>
<MemPortIdVec></MemPortIdVec>
<condition id="-1">
<or_exp><and_exp><literal name="icmp_ln90" val="0"/>
</and_exp></or_exp>
</condition>

<Node id="46" bw="31" op_0_bw="31" op_1_bw="31">
<![CDATA[
:8  %add_ln91_4 = add i31 %zext_ln89_1, %zext_ln91_2

]]></Node>
<StgValue><ssdm name="add_ln91_4"/></StgValue>
</operation>

<operation id="57" st_id="3" stage="1" lat="1">
<core>NULL</core>
<MemPortIdVec></MemPortIdVec>
<condition id="-1">
<or_exp><and_exp><literal name="icmp_ln90" val="1"/>
</and_exp></or_exp>
</condition>

<Node id="54" bw="0" op_0_bw="0">
<![CDATA[
.loopexit.loopexit:0  br label %.loopexit

]]></Node>
<StgValue><ssdm name="br_ln0"/></StgValue>
</operation>
</state>

<state id="4" st_id="4">

<operation id="58" st_id="4" stage="1" lat="2">
<core>RAM</core>
<MemPortIdVec>0 </MemPortIdVec>
<condition id="-1">
<or_exp><and_exp></and_exp></or_exp>
</condition>

<Node id="41" bw="32" op_0_bw="8">
<![CDATA[
:3  %top_load = load float* %top_addr, align 4

]]></Node>
<StgValue><ssdm name="top_load"/></StgValue>
</operation>

<operation id="59" st_id="4" stage="1" lat="1">
<core>NULL</core>
<MemPortIdVec></MemPortIdVec>
<condition id="-1">
<or_exp><and_exp></and_exp></or_exp>
</condition>

<Node id="47" bw="64" op_0_bw="31">
<![CDATA[
:9  %zext_ln91_3 = zext i31 %add_ln91_4 to i64

]]></Node>
<StgValue><ssdm name="zext_ln91_3"/></StgValue>
</operation>

<operation id="60" st_id="4" stage="1" lat="1">
<core>NULL</core>
<MemPortIdVec></MemPortIdVec>
<condition id="-1">
<or_exp><and_exp></and_exp></or_exp>
</condition>

<Node id="48" bw="32" op_0_bw="32" op_1_bw="64">
<![CDATA[
:10  %result_addr_1 = getelementptr float* %result, i64 %zext_ln91_3

]]></Node>
<StgValue><ssdm name="result_addr_1"/></StgValue>
</operation>

<operation id="61" st_id="4" stage="1" lat="1">
<core>m_axi</core>
<MemPortIdVec></MemPortIdVec>
<condition id="-1">
<or_exp><and_exp></and_exp></or_exp>
</condition>

<Node id="49" bw="1" op_0_bw="1" op_1_bw="32" op_2_bw="32">
<![CDATA[
:11  %result_addr_1_req = call i1 @_ssdm_op_WriteReq.m_axi.floatP(float* %result_addr_1, i32 1)

]]></Node>
<StgValue><ssdm name="result_addr_1_req"/></StgValue>
</operation>
</state>

<state id="5" st_id="5">

<operation id="62" st_id="5" stage="1" lat="1">
<core>m_axi</core>
<MemPortIdVec></MemPortIdVec>
<condition id="-1">
<or_exp><and_exp></and_exp></or_exp>
</condition>

<Node id="50" bw="0" op_0_bw="0" op_1_bw="32" op_2_bw="32" op_3_bw="4" op_4_bw="1">
<![CDATA[
:12  call void @_ssdm_op_Write.m_axi.floatP(float* %result_addr_1, float %top_load, i4 -1)

]]></Node>
<StgValue><ssdm name="write_ln91"/></StgValue>
</operation>
</state>

<state id="6" st_id="6">

<operation id="63" st_id="6" stage="5" lat="5">
<core>m_axi</core>
<MemPortIdVec></MemPortIdVec>
<condition id="-1">
<or_exp><and_exp></and_exp></or_exp>
</condition>

<Node id="51" bw="1" op_0_bw="1" op_1_bw="32" op_2_bw="0">
<![CDATA[
:13  %result_addr_1_resp = call i1 @_ssdm_op_WriteResp.m_axi.floatP(float* %result_addr_1)

]]></Node>
<StgValue><ssdm name="result_addr_1_resp"/></StgValue>
</operation>
</state>

<state id="7" st_id="7">

<operation id="64" st_id="7" stage="4" lat="5">
<core>m_axi</core>
<MemPortIdVec></MemPortIdVec>
<condition id="-1">
<or_exp><and_exp></and_exp></or_exp>
</condition>

<Node id="51" bw="1" op_0_bw="1" op_1_bw="32" op_2_bw="0">
<![CDATA[
:13  %result_addr_1_resp = call i1 @_ssdm_op_WriteResp.m_axi.floatP(float* %result_addr_1)

]]></Node>
<StgValue><ssdm name="result_addr_1_resp"/></StgValue>
</operation>
</state>

<state id="8" st_id="8">

<operation id="65" st_id="8" stage="3" lat="5">
<core>m_axi</core>
<MemPortIdVec></MemPortIdVec>
<condition id="-1">
<or_exp><and_exp></and_exp></or_exp>
</condition>

<Node id="51" bw="1" op_0_bw="1" op_1_bw="32" op_2_bw="0">
<![CDATA[
:13  %result_addr_1_resp = call i1 @_ssdm_op_WriteResp.m_axi.floatP(float* %result_addr_1)

]]></Node>
<StgValue><ssdm name="result_addr_1_resp"/></StgValue>
</operation>
</state>

<state id="9" st_id="9">

<operation id="66" st_id="9" stage="2" lat="5">
<core>m_axi</core>
<MemPortIdVec></MemPortIdVec>
<condition id="-1">
<or_exp><and_exp></and_exp></or_exp>
</condition>

<Node id="51" bw="1" op_0_bw="1" op_1_bw="32" op_2_bw="0">
<![CDATA[
:13  %result_addr_1_resp = call i1 @_ssdm_op_WriteResp.m_axi.floatP(float* %result_addr_1)

]]></Node>
<StgValue><ssdm name="result_addr_1_resp"/></StgValue>
</operation>
</state>

<state id="10" st_id="10">

<operation id="67" st_id="10" stage="1" lat="5">
<core>m_axi</core>
<MemPortIdVec></MemPortIdVec>
<condition id="-1">
<or_exp><and_exp></and_exp></or_exp>
</condition>

<Node id="51" bw="1" op_0_bw="1" op_1_bw="32" op_2_bw="0">
<![CDATA[
:13  %result_addr_1_resp = call i1 @_ssdm_op_WriteResp.m_axi.floatP(float* %result_addr_1)

]]></Node>
<StgValue><ssdm name="result_addr_1_resp"/></StgValue>
</operation>

<operation id="68" st_id="10" stage="1" lat="1">
<core>NULL</core>
<MemPortIdVec></MemPortIdVec>
<condition id="-1">
<or_exp><and_exp></and_exp></or_exp>
</condition>

<Node id="52" bw="0" op_0_bw="0">
<![CDATA[
:14  br label %.preheader2

]]></Node>
<StgValue><ssdm name="br_ln90"/></StgValue>
</operation>
</state>

<state id="11" st_id="11">

<operation id="69" st_id="11" stage="1" lat="1">
<core>NULL</core>
<MemPortIdVec></MemPortIdVec>
<condition id="-1">
<or_exp><and_exp></and_exp></or_exp>
</condition>

<Node id="58" bw="5" op_0_bw="5" op_1_bw="0" op_2_bw="5" op_3_bw="0">
<![CDATA[
.preheader1:0  %i_1 = phi i5 [ %i_2, %3 ], [ 0, %.preheader1.preheader ]

]]></Node>
<StgValue><ssdm name="i_1"/></StgValue>
</operation>

<operation id="70" st_id="11" stage="1" lat="1">
<core>Cmp</core>
<MemPortIdVec></MemPortIdVec>
<condition id="-1">
<or_exp><and_exp></and_exp></or_exp>
</condition>

<Node id="59" bw="1" op_0_bw="5" op_1_bw="5">
<![CDATA[
.preheader1:1  %icmp_ln95 = icmp eq i5 %i_1, -16

]]></Node>
<StgValue><ssdm name="icmp_ln95"/></StgValue>
</operation>

<operation id="71" st_id="11" stage="1" lat="1">
<core>NULL</core>
<MemPortIdVec></MemPortIdVec>
<condition id="-1">
<or_exp><and_exp></and_exp></or_exp>
</condition>

<Node id="60" bw="32" op_0_bw="32" op_1_bw="64" op_2_bw="64" op_3_bw="64">
<![CDATA[
.preheader1:2  %empty_8 = call i32 (...)* @_ssdm_op_SpecLoopTripCount(i64 16, i64 16, i64 16)

]]></Node>
<StgValue><ssdm name="empty_8"/></StgValue>
</operation>

<operation id="72" st_id="11" stage="1" lat="1">
<core>AddSub</core>
<MemPortIdVec></MemPortIdVec>
<condition id="-1">
<or_exp><and_exp></and_exp></or_exp>
</condition>

<Node id="61" bw="5" op_0_bw="5" op_1_bw="5">
<![CDATA[
.preheader1:3  %i_2 = add i5 %i_1, 1

]]></Node>
<StgValue><ssdm name="i_2"/></StgValue>
</operation>

<operation id="73" st_id="11" stage="1" lat="1">
<core>NULL</core>
<MemPortIdVec></MemPortIdVec>
<condition id="-1">
<or_exp><and_exp></and_exp></or_exp>
</condition>

<Node id="62" bw="0" op_0_bw="1" op_1_bw="0" op_2_bw="0">
<![CDATA[
.preheader1:4  br i1 %icmp_ln95, label %4, label %.preheader.preheader

]]></Node>
<StgValue><ssdm name="br_ln95"/></StgValue>
</operation>

<operation id="74" st_id="11" stage="1" lat="1">
<core>NULL</core>
<MemPortIdVec></MemPortIdVec>
<condition id="-1">
<or_exp><and_exp><literal name="icmp_ln95" val="0"/>
</and_exp></or_exp>
</condition>

<Node id="64" bw="4" op_0_bw="5">
<![CDATA[
.preheader.preheader:0  %trunc_ln97 = trunc i5 %i_1 to i4

]]></Node>
<StgValue><ssdm name="trunc_ln97"/></StgValue>
</operation>

<operation id="75" st_id="11" stage="1" lat="1">
<core>LogicGate</core>
<MemPortIdVec></MemPortIdVec>
<condition id="-1">
<or_exp><and_exp><literal name="icmp_ln95" val="0"/>
</and_exp></or_exp>
</condition>

<Node id="66" bw="5" op_0_bw="5" op_1_bw="5">
<![CDATA[
.preheader.preheader:2  %xor_ln97 = xor i5 %i_1, -16

]]></Node>
<StgValue><ssdm name="xor_ln97"/></StgValue>
</operation>

<operation id="76" st_id="11" stage="1" lat="1">
<core>NULL</core>
<MemPortIdVec></MemPortIdVec>
<condition id="-1">
<or_exp><and_exp><literal name="icmp_ln95" val="0"/>
</and_exp></or_exp>
</condition>

<Node id="67" bw="9" op_0_bw="5">
<![CDATA[
.preheader.preheader:3  %zext_ln97 = zext i5 %xor_ln97 to i9

]]></Node>
<StgValue><ssdm name="zext_ln97"/></StgValue>
</operation>

<operation id="77" st_id="11" stage="1" lat="1">
<core>AddSub</core>
<MemPortIdVec></MemPortIdVec>
<condition id="-1">
<or_exp><and_exp><literal name="icmp_ln95" val="0"/>
</and_exp></or_exp>
</condition>

<Node id="68" bw="9" op_0_bw="9" op_1_bw="9">
<![CDATA[
.preheader.preheader:4  %add_ln97 = add i9 %zext_ln97, %add_ln91_2

]]></Node>
<StgValue><ssdm name="add_ln97"/></StgValue>
</operation>

<operation id="78" st_id="11" stage="1" lat="1">
<core>NULL</core>
<MemPortIdVec></MemPortIdVec>
<condition id="-1">
<or_exp><and_exp><literal name="icmp_ln95" val="0"/>
</and_exp></or_exp>
</condition>

<Node id="69" bw="17" op_0_bw="17" op_1_bw="9" op_2_bw="8">
<![CDATA[
.preheader.preheader:5  %tmp_1 = call i17 @_ssdm_op_BitConcatenate.i17.i9.i8(i9 %add_ln97, i8 %offset_read)

]]></Node>
<StgValue><ssdm name="tmp_1"/></StgValue>
</operation>

<operation id="79" st_id="11" stage="1" lat="1">
<core>NULL</core>
<MemPortIdVec></MemPortIdVec>
<condition id="-1">
<or_exp><and_exp><literal name="icmp_ln95" val="0"/>
</and_exp></or_exp>
</condition>

<Node id="70" bw="31" op_0_bw="17">
<![CDATA[
.preheader.preheader:6  %zext_ln97_2 = zext i17 %tmp_1 to i31

]]></Node>
<StgValue><ssdm name="zext_ln97_2"/></StgValue>
</operation>

<operation id="80" st_id="11" stage="1" lat="1">
<core>AddSub</core>
<MemPortIdVec></MemPortIdVec>
<condition id="-1">
<or_exp><and_exp><literal name="icmp_ln95" val="0"/>
</and_exp></or_exp>
</condition>

<Node id="71" bw="31" op_0_bw="31" op_1_bw="31">
<![CDATA[
.preheader.preheader:7  %add_ln97_2 = add i31 %zext_ln97_2, %zext_ln89_1

]]></Node>
<StgValue><ssdm name="add_ln97_2"/></StgValue>
</operation>

<operation id="81" st_id="11" stage="1" lat="1">
<core>NULL</core>
<MemPortIdVec></MemPortIdVec>
<condition id="-1">
<or_exp><and_exp><literal name="icmp_ln95" val="1"/>
</and_exp></or_exp>
</condition>

<Node id="94" bw="0">
<![CDATA[
:0  ret void

]]></Node>
<StgValue><ssdm name="ret_ln100"/></StgValue>
</operation>
</state>

<state id="12" st_id="12">

<operation id="82" st_id="12" stage="1" lat="1">
<core>NULL</core>
<MemPortIdVec></MemPortIdVec>
<condition id="-1">
<or_exp><and_exp></and_exp></or_exp>
</condition>

<Node id="65" bw="8" op_0_bw="8" op_1_bw="4" op_2_bw="4">
<![CDATA[
.preheader.preheader:1  %shl_ln2 = call i8 @_ssdm_op_BitConcatenate.i8.i4.i4(i4 %trunc_ln97, i4 0)

]]></Node>
<StgValue><ssdm name="shl_ln2"/></StgValue>
</operation>

<operation id="83" st_id="12" stage="1" lat="1">
<core>NULL</core>
<MemPortIdVec></MemPortIdVec>
<condition id="-1">
<or_exp><and_exp></and_exp></or_exp>
</condition>

<Node id="72" bw="64" op_0_bw="31">
<![CDATA[
.preheader.preheader:8  %zext_ln97_3 = zext i31 %add_ln97_2 to i64

]]></Node>
<StgValue><ssdm name="zext_ln97_3"/></StgValue>
</operation>

<operation id="84" st_id="12" stage="1" lat="1">
<core>NULL</core>
<MemPortIdVec></MemPortIdVec>
<condition id="-1">
<or_exp><and_exp></and_exp></or_exp>
</condition>

<Node id="73" bw="32" op_0_bw="32" op_1_bw="64">
<![CDATA[
.preheader.preheader:9  %result_addr = getelementptr float* %result, i64 %zext_ln97_3

]]></Node>
<StgValue><ssdm name="result_addr"/></StgValue>
</operation>

<operation id="85" st_id="12" stage="1" lat="1">
<core>m_axi</core>
<MemPortIdVec></MemPortIdVec>
<condition id="-1">
<or_exp><and_exp></and_exp></or_exp>
</condition>

<Node id="74" bw="1" op_0_bw="1" op_1_bw="32" op_2_bw="32">
<![CDATA[
.preheader.preheader:10  %result_addr_wr_req = call i1 @_ssdm_op_WriteReq.m_axi.floatP(float* %result_addr, i32 16)

]]></Node>
<StgValue><ssdm name="result_addr_wr_req"/></StgValue>
</operation>

<operation id="86" st_id="12" stage="1" lat="1">
<core>NULL</core>
<MemPortIdVec></MemPortIdVec>
<condition id="-1">
<or_exp><and_exp></and_exp></or_exp>
</condition>

<Node id="75" bw="0" op_0_bw="0">
<![CDATA[
.preheader.preheader:11  br label %.preheader

]]></Node>
<StgValue><ssdm name="br_ln96"/></StgValue>
</operation>
</state>

<state id="13" st_id="13">

<operation id="87" st_id="13" stage="1" lat="1">
<core>NULL</core>
<MemPortIdVec></MemPortIdVec>
<condition id="-1">
<or_exp><and_exp></and_exp></or_exp>
</condition>

<Node id="77" bw="5" op_0_bw="5" op_1_bw="0" op_2_bw="5" op_3_bw="0">
<![CDATA[
.preheader:0  %j_1 = phi i5 [ %j_2, %2 ], [ 0, %.preheader.preheader ]

]]></Node>
<StgValue><ssdm name="j_1"/></StgValue>
</operation>

<operation id="88" st_id="13" stage="1" lat="1">
<core>NULL</core>
<MemPortIdVec></MemPortIdVec>
<condition id="-1">
<or_exp><and_exp></and_exp></or_exp>
</condition>

<Node id="78" bw="8" op_0_bw="5">
<![CDATA[
.preheader:1  %zext_ln96 = zext i5 %j_1 to i8

]]></Node>
<StgValue><ssdm name="zext_ln96"/></StgValue>
</operation>

<operation id="89" st_id="13" stage="1" lat="1">
<core>Cmp</core>
<MemPortIdVec></MemPortIdVec>
<condition id="-1">
<or_exp><and_exp></and_exp></or_exp>
</condition>

<Node id="79" bw="1" op_0_bw="5" op_1_bw="5">
<![CDATA[
.preheader:2  %icmp_ln96 = icmp eq i5 %j_1, -16

]]></Node>
<StgValue><ssdm name="icmp_ln96"/></StgValue>
</operation>

<operation id="90" st_id="13" stage="1" lat="1">
<core>NULL</core>
<MemPortIdVec></MemPortIdVec>
<condition id="-1">
<or_exp><and_exp></and_exp></or_exp>
</condition>

<Node id="80" bw="32" op_0_bw="32" op_1_bw="64" op_2_bw="64" op_3_bw="64">
<![CDATA[
.preheader:3  %empty_9 = call i32 (...)* @_ssdm_op_SpecLoopTripCount(i64 16, i64 16, i64 16)

]]></Node>
<StgValue><ssdm name="empty_9"/></StgValue>
</operation>

<operation id="91" st_id="13" stage="1" lat="1">
<core>AddSub</core>
<MemPortIdVec></MemPortIdVec>
<condition id="-1">
<or_exp><and_exp></and_exp></or_exp>
</condition>

<Node id="81" bw="5" op_0_bw="5" op_1_bw="5">
<![CDATA[
.preheader:4  %j_2 = add i5 %j_1, 1

]]></Node>
<StgValue><ssdm name="j_2"/></StgValue>
</operation>

<operation id="92" st_id="13" stage="1" lat="1">
<core>NULL</core>
<MemPortIdVec></MemPortIdVec>
<condition id="-1">
<or_exp><and_exp></and_exp></or_exp>
</condition>

<Node id="82" bw="0" op_0_bw="1" op_1_bw="0" op_2_bw="0">
<![CDATA[
.preheader:5  br i1 %icmp_ln96, label %3, label %2

]]></Node>
<StgValue><ssdm name="br_ln96"/></StgValue>
</operation>

<operation id="93" st_id="13" stage="1" lat="1">
<core>AddSub</core>
<MemPortIdVec></MemPortIdVec>
<condition id="-1">
<or_exp><and_exp><literal name="icmp_ln96" val="0"/>
</and_exp></or_exp>
</condition>

<Node id="84" bw="8" op_0_bw="8" op_1_bw="8">
<![CDATA[
:0  %add_ln97_1 = add i8 %zext_ln96, %shl_ln2

]]></Node>
<StgValue><ssdm name="add_ln97_1"/></StgValue>
</operation>

<operation id="94" st_id="13" stage="1" lat="1">
<core>NULL</core>
<MemPortIdVec></MemPortIdVec>
<condition id="-1">
<or_exp><and_exp><literal name="icmp_ln96" val="0"/>
</and_exp></or_exp>
</condition>

<Node id="85" bw="64" op_0_bw="8">
<![CDATA[
:1  %zext_ln97_1 = zext i8 %add_ln97_1 to i64

]]></Node>
<StgValue><ssdm name="zext_ln97_1"/></StgValue>
</operation>

<operation id="95" st_id="13" stage="1" lat="1">
<core>NULL</core>
<MemPortIdVec></MemPortIdVec>
<condition id="-1">
<or_exp><and_exp><literal name="icmp_ln96" val="0"/>
</and_exp></or_exp>
</condition>

<Node id="86" bw="8" op_0_bw="32" op_1_bw="64" op_2_bw="64">
<![CDATA[
:2  %left_addr = getelementptr [256 x float]* %left_r, i64 0, i64 %zext_ln97_1

]]></Node>
<StgValue><ssdm name="left_addr"/></StgValue>
</operation>

<operation id="96" st_id="13" stage="2" lat="2">
<core>RAM</core>
<MemPortIdVec>0 </MemPortIdVec>
<condition id="-1">
<or_exp><and_exp><literal name="icmp_ln96" val="0"/>
</and_exp></or_exp>
</condition>

<Node id="87" bw="32" op_0_bw="8">
<![CDATA[
:3  %left_load = load float* %left_addr, align 4

]]></Node>
<StgValue><ssdm name="left_load"/></StgValue>
</operation>

<operation id="97" st_id="13" stage="5" lat="5">
<core>m_axi</core>
<MemPortIdVec></MemPortIdVec>
<condition id="-1">
<or_exp><and_exp><literal name="icmp_ln96" val="1"/>
</and_exp></or_exp>
</condition>

<Node id="91" bw="1" op_0_bw="1" op_1_bw="32">
<![CDATA[
:0  %result_addr_wr_resp = call i1 @_ssdm_op_WriteResp.m_axi.floatP(float* %result_addr)

]]></Node>
<StgValue><ssdm name="result_addr_wr_resp"/></StgValue>
</operation>
</state>

<state id="14" st_id="14">

<operation id="98" st_id="14" stage="1" lat="2">
<core>RAM</core>
<MemPortIdVec>0 </MemPortIdVec>
<condition id="-1">
<or_exp><and_exp></and_exp></or_exp>
</condition>

<Node id="87" bw="32" op_0_bw="8">
<![CDATA[
:3  %left_load = load float* %left_addr, align 4

]]></Node>
<StgValue><ssdm name="left_load"/></StgValue>
</operation>
</state>

<state id="15" st_id="15">

<operation id="99" st_id="15" stage="1" lat="1">
<core>m_axi</core>
<MemPortIdVec></MemPortIdVec>
<condition id="-1">
<or_exp><and_exp></and_exp></or_exp>
</condition>

<Node id="88" bw="0" op_0_bw="0" op_1_bw="32" op_2_bw="32" op_3_bw="4" op_4_bw="1">
<![CDATA[
:4  call void @_ssdm_op_Write.m_axi.floatP(float* %result_addr, float %left_load, i4 -1)

]]></Node>
<StgValue><ssdm name="write_ln97"/></StgValue>
</operation>

<operation id="100" st_id="15" stage="1" lat="1">
<core>NULL</core>
<MemPortIdVec></MemPortIdVec>
<condition id="-1">
<or_exp><and_exp></and_exp></or_exp>
</condition>

<Node id="89" bw="0" op_0_bw="0">
<![CDATA[
:5  br label %.preheader

]]></Node>
<StgValue><ssdm name="br_ln96"/></StgValue>
</operation>
</state>

<state id="16" st_id="16">

<operation id="101" st_id="16" stage="4" lat="5">
<core>m_axi</core>
<MemPortIdVec></MemPortIdVec>
<condition id="-1">
<or_exp><and_exp></and_exp></or_exp>
</condition>

<Node id="91" bw="1" op_0_bw="1" op_1_bw="32">
<![CDATA[
:0  %result_addr_wr_resp = call i1 @_ssdm_op_WriteResp.m_axi.floatP(float* %result_addr)

]]></Node>
<StgValue><ssdm name="result_addr_wr_resp"/></StgValue>
</operation>
</state>

<state id="17" st_id="17">

<operation id="102" st_id="17" stage="3" lat="5">
<core>m_axi</core>
<MemPortIdVec></MemPortIdVec>
<condition id="-1">
<or_exp><and_exp></and_exp></or_exp>
</condition>

<Node id="91" bw="1" op_0_bw="1" op_1_bw="32">
<![CDATA[
:0  %result_addr_wr_resp = call i1 @_ssdm_op_WriteResp.m_axi.floatP(float* %result_addr)

]]></Node>
<StgValue><ssdm name="result_addr_wr_resp"/></StgValue>
</operation>
</state>

<state id="18" st_id="18">

<operation id="103" st_id="18" stage="2" lat="5">
<core>m_axi</core>
<MemPortIdVec></MemPortIdVec>
<condition id="-1">
<or_exp><and_exp></and_exp></or_exp>
</condition>

<Node id="91" bw="1" op_0_bw="1" op_1_bw="32">
<![CDATA[
:0  %result_addr_wr_resp = call i1 @_ssdm_op_WriteResp.m_axi.floatP(float* %result_addr)

]]></Node>
<StgValue><ssdm name="result_addr_wr_resp"/></StgValue>
</operation>
</state>

<state id="19" st_id="19">

<operation id="104" st_id="19" stage="1" lat="5">
<core>m_axi</core>
<MemPortIdVec></MemPortIdVec>
<condition id="-1">
<or_exp><and_exp></and_exp></or_exp>
</condition>

<Node id="91" bw="1" op_0_bw="1" op_1_bw="32">
<![CDATA[
:0  %result_addr_wr_resp = call i1 @_ssdm_op_WriteResp.m_axi.floatP(float* %result_addr)

]]></Node>
<StgValue><ssdm name="result_addr_wr_resp"/></StgValue>
</operation>

<operation id="105" st_id="19" stage="1" lat="1">
<core>NULL</core>
<MemPortIdVec></MemPortIdVec>
<condition id="-1">
<or_exp><and_exp></and_exp></or_exp>
</condition>

<Node id="92" bw="0" op_0_bw="0">
<![CDATA[
:1  br label %.preheader1

]]></Node>
<StgValue><ssdm name="br_ln95"/></StgValue>
</operation>
</state>
</state_list>


<ports>
<port id="132" name="result" dir="1" iftype="4">
<core>NULL</core><StgValue><ssdm name="result"/></StgValue>
</port>
<port id="133" name="result_offset" dir="0" iftype="0">
<core>NULL</core><StgValue><ssdm name="result_offset"/></StgValue>
</port>
<port id="134" name="top" dir="0" iftype="1">
<core>RAM</core><StgValue><ssdm name="top"/><MemPortTyVec>1 3 </MemPortTyVec>
</StgValue>
</port>
<port id="135" name="left_r" dir="0" iftype="1">
<core>RAM</core><StgValue><ssdm name="left_r"/><MemPortTyVec>1 3 </MemPortTyVec>
</StgValue>
</port>
<port id="136" name="offset" dir="0" iftype="0">
<core>NULL</core><StgValue><ssdm name="offset"/></StgValue>
</port>
<port id="137" name="chunk_idx" dir="0" iftype="0">
<core>NULL</core><StgValue><ssdm name="chunk_idx"/></StgValue>
</port>
</ports>


<dataflows>
<dataflow id="139" from="_ssdm_op_Read.ap_auto.i4" to="chunk_idx_read" fromId="138" toId="20">
</dataflow>
<dataflow id="140" from="chunk_idx" to="chunk_idx_read" fromId="137" toId="20">
</dataflow>
<dataflow id="142" from="_ssdm_op_Read.ap_auto.i8" to="offset_read" fromId="141" toId="21">
</dataflow>
<dataflow id="143" from="offset" to="offset_read" fromId="136" toId="21">
</dataflow>
<dataflow id="145" from="_ssdm_op_Read.ap_auto.i30" to="result_offset_read" fromId="144" toId="22">
</dataflow>
<dataflow id="146" from="result_offset" to="result_offset_read" fromId="133" toId="22">
</dataflow>
<dataflow id="148" from="_ssdm_op_SpecInterface" to="specinterface_ln0" fromId="147" toId="23">
</dataflow>
<dataflow id="149" from="result" to="specinterface_ln0" fromId="132" toId="23">
</dataflow>
<dataflow id="151" from="p_str3" to="specinterface_ln0" fromId="150" toId="23">
</dataflow>
<dataflow id="153" from="StgValue_152" to="specinterface_ln0" fromId="152" toId="23">
</dataflow>
<dataflow id="154" from="StgValue_152" to="specinterface_ln0" fromId="152" toId="23">
</dataflow>
<dataflow id="156" from="p_str4" to="specinterface_ln0" fromId="155" toId="23">
</dataflow>
<dataflow id="157" from="StgValue_152" to="specinterface_ln0" fromId="152" toId="23">
</dataflow>
<dataflow id="158" from="StgValue_152" to="specinterface_ln0" fromId="152" toId="23">
</dataflow>
<dataflow id="160" from="p_str5" to="specinterface_ln0" fromId="159" toId="23">
</dataflow>
<dataflow id="162" from="p_str6" to="specinterface_ln0" fromId="161" toId="23">
</dataflow>
<dataflow id="163" from="p_str4" to="specinterface_ln0" fromId="155" toId="23">
</dataflow>
<dataflow id="165" from="StgValue_164" to="specinterface_ln0" fromId="164" toId="23">
</dataflow>
<dataflow id="166" from="StgValue_164" to="specinterface_ln0" fromId="164" toId="23">
</dataflow>
<dataflow id="167" from="StgValue_164" to="specinterface_ln0" fromId="164" toId="23">
</dataflow>
<dataflow id="168" from="StgValue_164" to="specinterface_ln0" fromId="164" toId="23">
</dataflow>
<dataflow id="169" from="p_str4" to="specinterface_ln0" fromId="155" toId="23">
</dataflow>
<dataflow id="170" from="p_str4" to="specinterface_ln0" fromId="155" toId="23">
</dataflow>
<dataflow id="172" from="_ssdm_op_BitConcatenate.i8.i4.i4" to="shl_ln" fromId="171" toId="24">
</dataflow>
<dataflow id="173" from="chunk_idx_read" to="shl_ln" fromId="20" toId="24">
</dataflow>
<dataflow id="175" from="StgValue_174" to="shl_ln" fromId="174" toId="24">
</dataflow>
<dataflow id="176" from="shl_ln" to="zext_ln84" fromId="24" toId="25">
</dataflow>
<dataflow id="177" from="offset_read" to="zext_ln84_1" fromId="21" toId="26">
</dataflow>
<dataflow id="178" from="zext_ln84" to="add_ln91_2" fromId="25" toId="27">
</dataflow>
<dataflow id="179" from="zext_ln84_1" to="add_ln91_2" fromId="26" toId="27">
</dataflow>
<dataflow id="180" from="add_ln91_2" to="zext_ln91" fromId="27" toId="28">
</dataflow>
<dataflow id="181" from="result_offset_read" to="zext_ln89_1" fromId="22" toId="29">
</dataflow>
<dataflow id="183" from="StgValue_182" to="i_0" fromId="182" toId="31">
<condition id="-1">
<or_exp><and_exp></and_exp></or_exp>
</condition>
</dataflow>
<dataflow id="184" from="br_ln89" to="i_0" fromId="30" toId="31">
</dataflow>
<dataflow id="185" from="i" to="i_0" fromId="35" toId="31">
<BackEdge/>
<condition id="-1">
<or_exp><and_exp><literal name="icmp_ln90" val="1"/>
</and_exp></or_exp>
</condition>
</dataflow>
<dataflow id="186" from="br_ln0" to="i_0" fromId="57" toId="31">
<BackEdge/>
</dataflow>
<dataflow id="187" from="i_0" to="zext_ln89" fromId="31" toId="32">
</dataflow>
<dataflow id="188" from="i_0" to="icmp_ln89" fromId="31" toId="33">
</dataflow>
<dataflow id="190" from="StgValue_189" to="icmp_ln89" fromId="189" toId="33">
</dataflow>
<dataflow id="192" from="_ssdm_op_SpecLoopTripCount" to="empty" fromId="191" toId="34">
</dataflow>
<dataflow id="194" from="StgValue_193" to="empty" fromId="193" toId="34">
</dataflow>
<dataflow id="195" from="StgValue_193" to="empty" fromId="193" toId="34">
</dataflow>
<dataflow id="196" from="StgValue_193" to="empty" fromId="193" toId="34">
</dataflow>
<dataflow id="197" from="i_0" to="i" fromId="31" toId="35">
</dataflow>
<dataflow id="199" from="StgValue_198" to="i" fromId="198" toId="35">
</dataflow>
<dataflow id="200" from="icmp_ln89" to="br_ln89" fromId="33" toId="36">
</dataflow>
<dataflow id="201" from="i_0" to="trunc_ln91" fromId="31" toId="37">
</dataflow>
<dataflow id="202" from="_ssdm_op_BitConcatenate.i8.i4.i4" to="shl_ln1" fromId="171" toId="38">
</dataflow>
<dataflow id="203" from="trunc_ln91" to="shl_ln1" fromId="37" toId="38">
</dataflow>
<dataflow id="204" from="StgValue_174" to="shl_ln1" fromId="174" toId="38">
</dataflow>
<dataflow id="205" from="offset_read" to="add_ln91" fromId="21" toId="39">
</dataflow>
<dataflow id="206" from="zext_ln89" to="add_ln91" fromId="32" toId="39">
</dataflow>
<dataflow id="207" from="j" to="j_0" fromId="46" toId="42">
<BackEdge/>
<condition id="-1">
<or_exp><and_exp></and_exp></or_exp>
</condition>
</dataflow>
<dataflow id="208" from="br_ln90" to="j_0" fromId="68" toId="42">
<BackEdge/>
</dataflow>
<dataflow id="209" from="StgValue_182" to="j_0" fromId="182" toId="42">
<condition id="-1">
<or_exp><and_exp><literal name="icmp_ln89" val="0"/>
</and_exp></or_exp>
</condition>
</dataflow>
<dataflow id="210" from="br_ln90" to="j_0" fromId="40" toId="42">
</dataflow>
<dataflow id="211" from="j_0" to="zext_ln90" fromId="42" toId="43">
</dataflow>
<dataflow id="212" from="j_0" to="icmp_ln90" fromId="42" toId="44">
</dataflow>
<dataflow id="213" from="StgValue_189" to="icmp_ln90" fromId="189" toId="44">
</dataflow>
<dataflow id="214" from="_ssdm_op_SpecLoopTripCount" to="empty_7" fromId="191" toId="45">
</dataflow>
<dataflow id="215" from="StgValue_193" to="empty_7" fromId="193" toId="45">
</dataflow>
<dataflow id="216" from="StgValue_193" to="empty_7" fromId="193" toId="45">
</dataflow>
<dataflow id="217" from="StgValue_193" to="empty_7" fromId="193" toId="45">
</dataflow>
<dataflow id="218" from="j_0" to="j" fromId="42" toId="46">
</dataflow>
<dataflow id="219" from="StgValue_198" to="j" fromId="198" toId="46">
</dataflow>
<dataflow id="220" from="icmp_ln90" to="br_ln90" fromId="44" toId="47">
</dataflow>
<dataflow id="221" from="shl_ln1" to="add_ln91_1" fromId="38" toId="48">
</dataflow>
<dataflow id="222" from="zext_ln90" to="add_ln91_1" fromId="43" toId="48">
</dataflow>
<dataflow id="223" from="add_ln91_1" to="zext_ln91_1" fromId="48" toId="49">
</dataflow>
<dataflow id="224" from="top" to="top_addr" fromId="134" toId="50">
</dataflow>
<dataflow id="226" from="StgValue_225" to="top_addr" fromId="225" toId="50">
</dataflow>
<dataflow id="227" from="zext_ln91_1" to="top_addr" fromId="49" toId="50">
</dataflow>
<dataflow id="228" from="top_addr" to="top_load" fromId="50" toId="51">
</dataflow>
<dataflow id="229" from="j_0" to="xor_ln91" fromId="42" toId="52">
</dataflow>
<dataflow id="230" from="StgValue_189" to="xor_ln91" fromId="189" toId="52">
</dataflow>
<dataflow id="232" from="_ssdm_op_BitConcatenate.i16.i8.i3.i5" to="tmp1" fromId="231" toId="53">
</dataflow>
<dataflow id="233" from="add_ln91" to="tmp1" fromId="39" toId="53">
</dataflow>
<dataflow id="235" from="StgValue_234" to="tmp1" fromId="234" toId="53">
</dataflow>
<dataflow id="236" from="xor_ln91" to="tmp1" fromId="52" toId="53">
</dataflow>
<dataflow id="237" from="zext_ln91" to="add_ln91_3" fromId="28" toId="54">
</dataflow>
<dataflow id="238" from="tmp1" to="add_ln91_3" fromId="53" toId="54">
</dataflow>
<dataflow id="239" from="add_ln91_3" to="zext_ln91_2" fromId="54" toId="55">
</dataflow>
<dataflow id="240" from="zext_ln89_1" to="add_ln91_4" fromId="29" toId="56">
</dataflow>
<dataflow id="241" from="zext_ln91_2" to="add_ln91_4" fromId="55" toId="56">
</dataflow>
<dataflow id="242" from="top_addr" to="top_load" fromId="50" toId="58">
</dataflow>
<dataflow id="243" from="add_ln91_4" to="zext_ln91_3" fromId="56" toId="59">
</dataflow>
<dataflow id="244" from="result" to="result_addr_1" fromId="132" toId="60">
</dataflow>
<dataflow id="245" from="zext_ln91_3" to="result_addr_1" fromId="59" toId="60">
</dataflow>
<dataflow id="247" from="_ssdm_op_WriteReq.m_axi.floatP" to="result_addr_1_req" fromId="246" toId="61">
</dataflow>
<dataflow id="248" from="result_addr_1" to="result_addr_1_req" fromId="60" toId="61">
</dataflow>
<dataflow id="250" from="StgValue_249" to="result_addr_1_req" fromId="249" toId="61">
</dataflow>
<dataflow id="252" from="_ssdm_op_Write.m_axi.floatP" to="write_ln91" fromId="251" toId="62">
</dataflow>
<dataflow id="253" from="result_addr_1" to="write_ln91" fromId="60" toId="62">
</dataflow>
<dataflow id="254" from="top_load" to="write_ln91" fromId="58" toId="62">
</dataflow>
<dataflow id="256" from="StgValue_255" to="write_ln91" fromId="255" toId="62">
</dataflow>
<dataflow id="258" from="_ssdm_op_WriteResp.m_axi.floatP" to="result_addr_1_resp" fromId="257" toId="63">
</dataflow>
<dataflow id="259" from="result_addr_1" to="result_addr_1_resp" fromId="60" toId="63">
</dataflow>
<dataflow id="260" from="_ssdm_op_WriteResp.m_axi.floatP" to="result_addr_1_resp" fromId="257" toId="64">
</dataflow>
<dataflow id="261" from="result_addr_1" to="result_addr_1_resp" fromId="60" toId="64">
</dataflow>
<dataflow id="262" from="_ssdm_op_WriteResp.m_axi.floatP" to="result_addr_1_resp" fromId="257" toId="65">
</dataflow>
<dataflow id="263" from="result_addr_1" to="result_addr_1_resp" fromId="60" toId="65">
</dataflow>
<dataflow id="264" from="_ssdm_op_WriteResp.m_axi.floatP" to="result_addr_1_resp" fromId="257" toId="66">
</dataflow>
<dataflow id="265" from="result_addr_1" to="result_addr_1_resp" fromId="60" toId="66">
</dataflow>
<dataflow id="266" from="_ssdm_op_WriteResp.m_axi.floatP" to="result_addr_1_resp" fromId="257" toId="67">
</dataflow>
<dataflow id="267" from="result_addr_1" to="result_addr_1_resp" fromId="60" toId="67">
</dataflow>
<dataflow id="268" from="i_2" to="i_1" fromId="72" toId="69">
<BackEdge/>
<condition id="-1">
<or_exp><and_exp></and_exp></or_exp>
</condition>
</dataflow>
<dataflow id="269" from="br_ln95" to="i_1" fromId="105" toId="69">
<BackEdge/>
</dataflow>
<dataflow id="270" from="StgValue_182" to="i_1" fromId="182" toId="69">
<condition id="-1">
<or_exp><and_exp><literal name="icmp_ln89" val="1"/>
</and_exp></or_exp>
</condition>
</dataflow>
<dataflow id="271" from="br_ln95" to="i_1" fromId="41" toId="69">
</dataflow>
<dataflow id="272" from="i_1" to="icmp_ln95" fromId="69" toId="70">
</dataflow>
<dataflow id="273" from="StgValue_189" to="icmp_ln95" fromId="189" toId="70">
</dataflow>
<dataflow id="274" from="_ssdm_op_SpecLoopTripCount" to="empty_8" fromId="191" toId="71">
</dataflow>
<dataflow id="275" from="StgValue_193" to="empty_8" fromId="193" toId="71">
</dataflow>
<dataflow id="276" from="StgValue_193" to="empty_8" fromId="193" toId="71">
</dataflow>
<dataflow id="277" from="StgValue_193" to="empty_8" fromId="193" toId="71">
</dataflow>
<dataflow id="278" from="i_1" to="i_2" fromId="69" toId="72">
</dataflow>
<dataflow id="279" from="StgValue_198" to="i_2" fromId="198" toId="72">
</dataflow>
<dataflow id="280" from="icmp_ln95" to="br_ln95" fromId="70" toId="73">
</dataflow>
<dataflow id="281" from="i_1" to="trunc_ln97" fromId="69" toId="74">
</dataflow>
<dataflow id="282" from="i_1" to="xor_ln97" fromId="69" toId="75">
</dataflow>
<dataflow id="283" from="StgValue_189" to="xor_ln97" fromId="189" toId="75">
</dataflow>
<dataflow id="284" from="xor_ln97" to="zext_ln97" fromId="75" toId="76">
</dataflow>
<dataflow id="285" from="zext_ln97" to="add_ln97" fromId="76" toId="77">
</dataflow>
<dataflow id="286" from="add_ln91_2" to="add_ln97" fromId="27" toId="77">
</dataflow>
<dataflow id="288" from="_ssdm_op_BitConcatenate.i17.i9.i8" to="tmp_1" fromId="287" toId="78">
</dataflow>
<dataflow id="289" from="add_ln97" to="tmp_1" fromId="77" toId="78">
</dataflow>
<dataflow id="290" from="offset_read" to="tmp_1" fromId="21" toId="78">
</dataflow>
<dataflow id="291" from="tmp_1" to="zext_ln97_2" fromId="78" toId="79">
</dataflow>
<dataflow id="292" from="zext_ln97_2" to="add_ln97_2" fromId="79" toId="80">
</dataflow>
<dataflow id="293" from="zext_ln89_1" to="add_ln97_2" fromId="29" toId="80">
</dataflow>
<dataflow id="294" from="_ssdm_op_BitConcatenate.i8.i4.i4" to="shl_ln2" fromId="171" toId="82">
</dataflow>
<dataflow id="295" from="trunc_ln97" to="shl_ln2" fromId="74" toId="82">
</dataflow>
<dataflow id="296" from="StgValue_174" to="shl_ln2" fromId="174" toId="82">
</dataflow>
<dataflow id="297" from="add_ln97_2" to="zext_ln97_3" fromId="80" toId="83">
</dataflow>
<dataflow id="298" from="result" to="result_addr" fromId="132" toId="84">
</dataflow>
<dataflow id="299" from="zext_ln97_3" to="result_addr" fromId="83" toId="84">
</dataflow>
<dataflow id="300" from="_ssdm_op_WriteReq.m_axi.floatP" to="result_addr_wr_req" fromId="246" toId="85">
</dataflow>
<dataflow id="301" from="result_addr" to="result_addr_wr_req" fromId="84" toId="85">
</dataflow>
<dataflow id="302" from="StgValue_164" to="result_addr_wr_req" fromId="164" toId="85">
</dataflow>
<dataflow id="303" from="j_2" to="j_1" fromId="91" toId="87">
<BackEdge/>
<condition id="-1">
<or_exp><and_exp></and_exp></or_exp>
</condition>
</dataflow>
<dataflow id="304" from="br_ln96" to="j_1" fromId="100" toId="87">
<BackEdge/>
</dataflow>
<dataflow id="305" from="StgValue_182" to="j_1" fromId="182" toId="87">
<condition id="-1">
<or_exp><and_exp></and_exp></or_exp>
</condition>
</dataflow>
<dataflow id="306" from="br_ln96" to="j_1" fromId="86" toId="87">
</dataflow>
<dataflow id="307" from="j_1" to="zext_ln96" fromId="87" toId="88">
</dataflow>
<dataflow id="308" from="j_1" to="icmp_ln96" fromId="87" toId="89">
</dataflow>
<dataflow id="309" from="StgValue_189" to="icmp_ln96" fromId="189" toId="89">
</dataflow>
<dataflow id="310" from="_ssdm_op_SpecLoopTripCount" to="empty_9" fromId="191" toId="90">
</dataflow>
<dataflow id="311" from="StgValue_193" to="empty_9" fromId="193" toId="90">
</dataflow>
<dataflow id="312" from="StgValue_193" to="empty_9" fromId="193" toId="90">
</dataflow>
<dataflow id="313" from="StgValue_193" to="empty_9" fromId="193" toId="90">
</dataflow>
<dataflow id="314" from="j_1" to="j_2" fromId="87" toId="91">
</dataflow>
<dataflow id="315" from="StgValue_198" to="j_2" fromId="198" toId="91">
</dataflow>
<dataflow id="316" from="icmp_ln96" to="br_ln96" fromId="89" toId="92">
</dataflow>
<dataflow id="317" from="zext_ln96" to="add_ln97_1" fromId="88" toId="93">
</dataflow>
<dataflow id="318" from="shl_ln2" to="add_ln97_1" fromId="82" toId="93">
</dataflow>
<dataflow id="319" from="add_ln97_1" to="zext_ln97_1" fromId="93" toId="94">
</dataflow>
<dataflow id="320" from="left_r" to="left_addr" fromId="135" toId="95">
</dataflow>
<dataflow id="321" from="StgValue_225" to="left_addr" fromId="225" toId="95">
</dataflow>
<dataflow id="322" from="zext_ln97_1" to="left_addr" fromId="94" toId="95">
</dataflow>
<dataflow id="323" from="left_addr" to="left_load" fromId="95" toId="96">
</dataflow>
<dataflow id="324" from="_ssdm_op_WriteResp.m_axi.floatP" to="result_addr_wr_resp" fromId="257" toId="97">
</dataflow>
<dataflow id="325" from="result_addr" to="result_addr_wr_resp" fromId="84" toId="97">
</dataflow>
<dataflow id="326" from="left_addr" to="left_load" fromId="95" toId="98">
</dataflow>
<dataflow id="327" from="_ssdm_op_Write.m_axi.floatP" to="write_ln97" fromId="251" toId="99">
</dataflow>
<dataflow id="328" from="result_addr" to="write_ln97" fromId="84" toId="99">
</dataflow>
<dataflow id="329" from="left_load" to="write_ln97" fromId="98" toId="99">
</dataflow>
<dataflow id="330" from="StgValue_255" to="write_ln97" fromId="255" toId="99">
</dataflow>
<dataflow id="331" from="_ssdm_op_WriteResp.m_axi.floatP" to="result_addr_wr_resp" fromId="257" toId="101">
</dataflow>
<dataflow id="332" from="result_addr" to="result_addr_wr_resp" fromId="84" toId="101">
</dataflow>
<dataflow id="333" from="_ssdm_op_WriteResp.m_axi.floatP" to="result_addr_wr_resp" fromId="257" toId="102">
</dataflow>
<dataflow id="334" from="result_addr" to="result_addr_wr_resp" fromId="84" toId="102">
</dataflow>
<dataflow id="335" from="_ssdm_op_WriteResp.m_axi.floatP" to="result_addr_wr_resp" fromId="257" toId="103">
</dataflow>
<dataflow id="336" from="result_addr" to="result_addr_wr_resp" fromId="84" toId="103">
</dataflow>
<dataflow id="337" from="_ssdm_op_WriteResp.m_axi.floatP" to="result_addr_wr_resp" fromId="257" toId="104">
</dataflow>
<dataflow id="338" from="result_addr" to="result_addr_wr_resp" fromId="84" toId="104">
</dataflow>
<dataflow id="339" from="icmp_ln89" to="StgValue_2" fromId="33" toId="2">
</dataflow>
<dataflow id="340" from="icmp_ln90" to="StgValue_3" fromId="44" toId="3">
</dataflow>
<dataflow id="341" from="icmp_ln95" to="StgValue_11" fromId="70" toId="11">
</dataflow>
<dataflow id="342" from="icmp_ln96" to="StgValue_13" fromId="89" toId="13">
</dataflow>
</dataflows>


</stg>
