<stg><name>workload_based_tiled</name>


<trans_list>

<trans id="38" from="1" to="2">
<condition id="-1">
<or_exp><and_exp></and_exp></or_exp>
</condition>
</trans>

<trans id="39" from="2" to="3">
<condition id="-1">
<or_exp><and_exp><literal name="icmp_ln241" val="0"/>
</and_exp></or_exp>
</condition>
</trans>

<trans id="40" from="2" to="8">
<condition id="-1">
<or_exp><and_exp><literal name="icmp_ln241" val="1"/>
</and_exp></or_exp>
</condition>
</trans>

<trans id="42" from="3" to="4">
<condition id="-1">
<or_exp><and_exp></and_exp></or_exp>
</condition>
</trans>

<trans id="43" from="4" to="5">
<condition id="-1">
<or_exp><and_exp></and_exp></or_exp>
</condition>
</trans>

<trans id="44" from="5" to="6">
<condition id="-1">
<or_exp><and_exp></and_exp></or_exp>
</condition>
</trans>

<trans id="45" from="6" to="7">
<condition id="-1">
<or_exp><and_exp></and_exp></or_exp>
</condition>
</trans>

<trans id="46" from="7" to="2">
<condition id="-1">
<or_exp><and_exp></and_exp></or_exp>
</condition>
</trans>
</trans_list>



<state_list>

<state id="1" st_id="1">

<operation id="9" st_id="1" stage="1" lat="1">
<core>s_axilite</core>
<MemPortIdVec></MemPortIdVec>
<condition id="-1">
<or_exp><and_exp></and_exp></or_exp>
</condition>

<Node id="3" bw="32" op_0_bw="32" op_1_bw="32">
<![CDATA[
:0  %result_read = call i32 @_ssdm_op_Read.s_axilite.i32(i32 %result)

]]></Node>
<StgValue><ssdm name="result_read"/></StgValue>
</operation>

<operation id="10" st_id="1" stage="1" lat="1">
<core>NULL</core>
<MemPortIdVec></MemPortIdVec>
<condition id="-1">
<or_exp><and_exp></and_exp></or_exp>
</condition>

<Node id="4" bw="30" op_0_bw="30" op_1_bw="32" op_2_bw="32" op_3_bw="32">
<![CDATA[
:1  %result1 = call i30 @_ssdm_op_PartSelect.i30.i32.i32.i32(i32 %result_read, i32 2, i32 31)

]]></Node>
<StgValue><ssdm name="result1"/></StgValue>
</operation>

<operation id="11" st_id="1" stage="1" lat="1">
<core>NULL</core>
<MemPortIdVec></MemPortIdVec>
<condition id="-1">
<or_exp><and_exp></and_exp></or_exp>
</condition>

<Node id="5" bw="0" op_0_bw="0" op_1_bw="32">
<![CDATA[
:2  call void (...)* @_ssdm_op_SpecBitsMap(float* %gmem), !map !41

]]></Node>
<StgValue><ssdm name="specbitsmap_ln0"/></StgValue>
</operation>

<operation id="12" st_id="1" stage="1" lat="1">
<core>NULL</core>
<MemPortIdVec></MemPortIdVec>
<condition id="-1">
<or_exp><and_exp></and_exp></or_exp>
</condition>

<Node id="6" bw="0" op_0_bw="0" op_1_bw="0">
<![CDATA[
:3  call void (...)* @_ssdm_op_SpecTopModule([21 x i8]* @workload_based_tiled_1) nounwind

]]></Node>
<StgValue><ssdm name="spectopmodule_ln0"/></StgValue>
</operation>

<operation id="13" st_id="1" stage="1" lat="1">
<core>NULL</core>
<MemPortIdVec></MemPortIdVec>
<condition id="-1">
<or_exp><and_exp></and_exp></or_exp>
</condition>

<Node id="7" bw="32" op_0_bw="64">
<![CDATA[
:4  %buffer = alloca [256 x float], align 16

]]></Node>
<StgValue><ssdm name="buffer"/><MemPortTyVec>2 2 </MemPortTyVec>
</StgValue>
</operation>

<operation id="14" st_id="1" stage="1" lat="1">
<core>NULL</core>
<MemPortIdVec></MemPortIdVec>
<condition id="-1">
<or_exp><and_exp></and_exp></or_exp>
</condition>

<Node id="8" bw="32" op_0_bw="64">
<![CDATA[
:5  %diagonal_buffer = alloca [256 x float], align 16

]]></Node>
<StgValue><ssdm name="diagonal_buffer"/><MemPortTyVec>2 3 </MemPortTyVec>
</StgValue>
</operation>

<operation id="15" st_id="1" stage="1" lat="1">
<core>NULL</core>
<MemPortIdVec></MemPortIdVec>
<condition id="-1">
<or_exp><and_exp></and_exp></or_exp>
</condition>

<Node id="9" bw="32" op_0_bw="64">
<![CDATA[
:6  %top_buffer = alloca [256 x float], align 16

]]></Node>
<StgValue><ssdm name="top_buffer"/><MemPortTyVec>2 3 </MemPortTyVec>
</StgValue>
</operation>

<operation id="16" st_id="1" stage="1" lat="1">
<core>NULL</core>
<MemPortIdVec></MemPortIdVec>
<condition id="-1">
<or_exp><and_exp></and_exp></or_exp>
</condition>

<Node id="10" bw="32" op_0_bw="64">
<![CDATA[
:7  %left_buffer = alloca [256 x float], align 16

]]></Node>
<StgValue><ssdm name="left_buffer"/><MemPortTyVec>2 3 </MemPortTyVec>
</StgValue>
</operation>

<operation id="17" st_id="1" stage="1" lat="1">
<core>NULL</core>
<MemPortIdVec></MemPortIdVec>
<condition id="-1">
<or_exp><and_exp></and_exp></or_exp>
</condition>

<Node id="11" bw="32" op_0_bw="64">
<![CDATA[
:8  %inner_buffer = alloca [256 x float], align 16

]]></Node>
<StgValue><ssdm name="inner_buffer"/><MemPortTyVec>2 3 </MemPortTyVec>
</StgValue>
</operation>

<operation id="18" st_id="1" stage="1" lat="1">
<core>NULL</core>
<MemPortIdVec></MemPortIdVec>
<condition id="-1">
<or_exp><and_exp></and_exp></or_exp>
</condition>

<Node id="12" bw="0" op_0_bw="0" op_1_bw="32" op_2_bw="0" op_3_bw="32" op_4_bw="32" op_5_bw="0" op_6_bw="32" op_7_bw="32" op_8_bw="0" op_9_bw="0" op_10_bw="0" op_11_bw="32" op_12_bw="32" op_13_bw="32" op_14_bw="32" op_15_bw="0" op_16_bw="0">
<![CDATA[
:9  call void (...)* @_ssdm_op_SpecInterface(float* %gmem, [6 x i8]* @p_str3, i32 0, i32 0, [1 x i8]* @p_str4, i32 0, i32 0, [5 x i8]* @p_str5, [6 x i8]* @p_str6, [1 x i8]* @p_str4, i32 16, i32 16, i32 16, i32 16, [1 x i8]* @p_str4, [1 x i8]* @p_str4)

]]></Node>
<StgValue><ssdm name="specinterface_ln226"/></StgValue>
</operation>

<operation id="19" st_id="1" stage="1" lat="1">
<core>NULL</core>
<MemPortIdVec></MemPortIdVec>
<condition id="-1">
<or_exp><and_exp></and_exp></or_exp>
</condition>

<Node id="13" bw="0" op_0_bw="0" op_1_bw="32" op_2_bw="0" op_3_bw="32" op_4_bw="32" op_5_bw="0" op_6_bw="32" op_7_bw="32" op_8_bw="0" op_9_bw="0" op_10_bw="0" op_11_bw="32" op_12_bw="32" op_13_bw="32" op_14_bw="32" op_15_bw="0" op_16_bw="0">
<![CDATA[
:10  call void (...)* @_ssdm_op_SpecInterface(i32 %result, [10 x i8]* @p_str7, i32 0, i32 0, [1 x i8]* @p_str4, i32 0, i32 0, [8 x i8]* @p_str8, [1 x i8]* @p_str4, [1 x i8]* @p_str4, i32 0, i32 0, i32 0, i32 0, [1 x i8]* @p_str4, [1 x i8]* @p_str4)

]]></Node>
<StgValue><ssdm name="specinterface_ln227"/></StgValue>
</operation>

<operation id="20" st_id="1" stage="1" lat="1">
<core>NULL</core>
<MemPortIdVec></MemPortIdVec>
<condition id="-1">
<or_exp><and_exp></and_exp></or_exp>
</condition>

<Node id="14" bw="0" op_0_bw="0" op_1_bw="32" op_2_bw="0" op_3_bw="32" op_4_bw="32" op_5_bw="0" op_6_bw="32" op_7_bw="32" op_8_bw="0" op_9_bw="0" op_10_bw="0" op_11_bw="32" op_12_bw="32" op_13_bw="32" op_14_bw="32" op_15_bw="0" op_16_bw="0">
<![CDATA[
:11  call void (...)* @_ssdm_op_SpecInterface(i32 0, [10 x i8]* @p_str7, i32 0, i32 0, [1 x i8]* @p_str4, i32 0, i32 0, [8 x i8]* @p_str8, [1 x i8]* @p_str4, [1 x i8]* @p_str4, i32 0, i32 0, i32 0, i32 0, [1 x i8]* @p_str4, [1 x i8]* @p_str4) nounwind

]]></Node>
<StgValue><ssdm name="specinterface_ln228"/></StgValue>
</operation>

<operation id="21" st_id="1" stage="1" lat="1">
<core>NULL</core>
<MemPortIdVec></MemPortIdVec>
<condition id="-1">
<or_exp><and_exp></and_exp></or_exp>
</condition>

<Node id="15" bw="0" op_0_bw="0">
<![CDATA[
:12  br label %1

]]></Node>
<StgValue><ssdm name="br_ln241"/></StgValue>
</operation>
</state>

<state id="2" st_id="2">

<operation id="22" st_id="2" stage="1" lat="1">
<core>NULL</core>
<MemPortIdVec></MemPortIdVec>
<condition id="-1">
<or_exp><and_exp></and_exp></or_exp>
</condition>

<Node id="17" bw="8" op_0_bw="8" op_1_bw="0" op_2_bw="8" op_3_bw="0">
<![CDATA[
:0  %i_0 = phi i8 [ 0, %0 ], [ %i, %2 ]

]]></Node>
<StgValue><ssdm name="i_0"/></StgValue>
</operation>

<operation id="23" st_id="2" stage="1" lat="1">
<core>Cmp</core>
<MemPortIdVec></MemPortIdVec>
<condition id="-1">
<or_exp><and_exp></and_exp></or_exp>
</condition>

<Node id="18" bw="1" op_0_bw="8" op_1_bw="8">
<![CDATA[
:1  %icmp_ln241 = icmp eq i8 %i_0, -16

]]></Node>
<StgValue><ssdm name="icmp_ln241"/></StgValue>
</operation>

<operation id="24" st_id="2" stage="1" lat="1">
<core>NULL</core>
<MemPortIdVec></MemPortIdVec>
<condition id="-1">
<or_exp><and_exp></and_exp></or_exp>
</condition>

<Node id="19" bw="32" op_0_bw="32" op_1_bw="64" op_2_bw="64" op_3_bw="64">
<![CDATA[
:2  %empty = call i32 (...)* @_ssdm_op_SpecLoopTripCount(i64 15, i64 15, i64 15) nounwind

]]></Node>
<StgValue><ssdm name="empty"/></StgValue>
</operation>

<operation id="25" st_id="2" stage="1" lat="1">
<core>NULL</core>
<MemPortIdVec></MemPortIdVec>
<condition id="-1">
<or_exp><and_exp></and_exp></or_exp>
</condition>

<Node id="20" bw="0" op_0_bw="1" op_1_bw="0" op_2_bw="0">
<![CDATA[
:3  br i1 %icmp_ln241, label %3, label %2

]]></Node>
<StgValue><ssdm name="br_ln241"/></StgValue>
</operation>

<operation id="26" st_id="2" stage="1" lat="1">
<core>NULL</core>
<MemPortIdVec></MemPortIdVec>
<condition id="-1">
<or_exp><and_exp><literal name="icmp_ln241" val="0"/>
</and_exp></or_exp>
</condition>

<Node id="22" bw="10" op_0_bw="8">
<![CDATA[
:0  %zext_ln242 = zext i8 %i_0 to i10

]]></Node>
<StgValue><ssdm name="zext_ln242"/></StgValue>
</operation>

<operation id="27" st_id="2" stage="2" lat="2">
<core></core>
<MemPortIdVec></MemPortIdVec>
<condition id="-1">
<or_exp><and_exp><literal name="icmp_ln241" val="0"/>
</and_exp></or_exp>
</condition>

<Node id="23" bw="0" op_0_bw="0" op_1_bw="32" op_2_bw="30" op_3_bw="10" op_4_bw="32">
<![CDATA[
:1  call fastcc void @lud_diagonal(float* %gmem, i30 %result1, i10 %zext_ln242, [256 x float]* nocapture %buffer)

]]></Node>
<StgValue><ssdm name="call_ln242"/></StgValue>
</operation>

<operation id="28" st_id="2" stage="2" lat="2">
<core></core>
<MemPortIdVec></MemPortIdVec>
<condition id="-1">
<or_exp><and_exp><literal name="icmp_ln241" val="1"/>
</and_exp></or_exp>
</condition>

<Node id="29" bw="0" op_0_bw="0" op_1_bw="32" op_2_bw="30" op_3_bw="10" op_4_bw="32">
<![CDATA[
:0  call fastcc void @lud_diagonal(float* %gmem, i30 %result1, i10 240, [256 x float]* nocapture %buffer)

]]></Node>
<StgValue><ssdm name="call_ln248"/></StgValue>
</operation>
</state>

<state id="3" st_id="3">

<operation id="29" st_id="3" stage="1" lat="2">
<core></core>
<MemPortIdVec></MemPortIdVec>
<condition id="-1">
<or_exp><and_exp></and_exp></or_exp>
</condition>

<Node id="23" bw="0" op_0_bw="0" op_1_bw="32" op_2_bw="30" op_3_bw="10" op_4_bw="32">
<![CDATA[
:1  call fastcc void @lud_diagonal(float* %gmem, i30 %result1, i10 %zext_ln242, [256 x float]* nocapture %buffer)

]]></Node>
<StgValue><ssdm name="call_ln242"/></StgValue>
</operation>
</state>

<state id="4" st_id="4">

<operation id="30" st_id="4" stage="2" lat="2">
<core></core>
<MemPortIdVec></MemPortIdVec>
<condition id="-1">
<or_exp><and_exp></and_exp></or_exp>
</condition>

<Node id="24" bw="0" op_0_bw="0" op_1_bw="32" op_2_bw="30" op_3_bw="8" op_4_bw="32" op_5_bw="32" op_6_bw="32" op_7_bw="0" op_8_bw="0">
<![CDATA[
:2  call fastcc void @lud_perimeter(float* %gmem, i30 %result1, i8 %i_0, [256 x float]* nocapture %diagonal_buffer, [256 x float]* nocapture %top_buffer, [256 x float]* nocapture %left_buffer)

]]></Node>
<StgValue><ssdm name="call_ln243"/></StgValue>
</operation>
</state>

<state id="5" st_id="5">

<operation id="31" st_id="5" stage="1" lat="2">
<core></core>
<MemPortIdVec></MemPortIdVec>
<condition id="-1">
<or_exp><and_exp></and_exp></or_exp>
</condition>

<Node id="24" bw="0" op_0_bw="0" op_1_bw="32" op_2_bw="30" op_3_bw="8" op_4_bw="32" op_5_bw="32" op_6_bw="32" op_7_bw="0" op_8_bw="0">
<![CDATA[
:2  call fastcc void @lud_perimeter(float* %gmem, i30 %result1, i8 %i_0, [256 x float]* nocapture %diagonal_buffer, [256 x float]* nocapture %top_buffer, [256 x float]* nocapture %left_buffer)

]]></Node>
<StgValue><ssdm name="call_ln243"/></StgValue>
</operation>
</state>

<state id="6" st_id="6">

<operation id="32" st_id="6" stage="2" lat="2">
<core></core>
<MemPortIdVec></MemPortIdVec>
<condition id="-1">
<or_exp><and_exp></and_exp></or_exp>
</condition>

<Node id="25" bw="0" op_0_bw="0" op_1_bw="32" op_2_bw="30" op_3_bw="8" op_4_bw="32" op_5_bw="32" op_6_bw="32" op_7_bw="0" op_8_bw="0" op_9_bw="0">
<![CDATA[
:3  call fastcc void @lud_internal(float* %gmem, i30 %result1, i8 %i_0, [256 x float]* nocapture %top_buffer, [256 x float]* nocapture %left_buffer, [256 x float]* nocapture %inner_buffer)

]]></Node>
<StgValue><ssdm name="call_ln244"/></StgValue>
</operation>

<operation id="33" st_id="6" stage="1" lat="1">
<core>AddSub</core>
<MemPortIdVec></MemPortIdVec>
<condition id="-1">
<or_exp><and_exp></and_exp></or_exp>
</condition>

<Node id="26" bw="8" op_0_bw="8" op_1_bw="8">
<![CDATA[
:4  %i = add i8 %i_0, 16

]]></Node>
<StgValue><ssdm name="i"/></StgValue>
</operation>
</state>

<state id="7" st_id="7">

<operation id="34" st_id="7" stage="1" lat="2">
<core></core>
<MemPortIdVec></MemPortIdVec>
<condition id="-1">
<or_exp><and_exp></and_exp></or_exp>
</condition>

<Node id="25" bw="0" op_0_bw="0" op_1_bw="32" op_2_bw="30" op_3_bw="8" op_4_bw="32" op_5_bw="32" op_6_bw="32" op_7_bw="0" op_8_bw="0" op_9_bw="0">
<![CDATA[
:3  call fastcc void @lud_internal(float* %gmem, i30 %result1, i8 %i_0, [256 x float]* nocapture %top_buffer, [256 x float]* nocapture %left_buffer, [256 x float]* nocapture %inner_buffer)

]]></Node>
<StgValue><ssdm name="call_ln244"/></StgValue>
</operation>

<operation id="35" st_id="7" stage="1" lat="1">
<core>NULL</core>
<MemPortIdVec></MemPortIdVec>
<condition id="-1">
<or_exp><and_exp></and_exp></or_exp>
</condition>

<Node id="27" bw="0" op_0_bw="0">
<![CDATA[
:5  br label %1

]]></Node>
<StgValue><ssdm name="br_ln241"/></StgValue>
</operation>
</state>

<state id="8" st_id="8">

<operation id="36" st_id="8" stage="1" lat="2">
<core></core>
<MemPortIdVec></MemPortIdVec>
<condition id="-1">
<or_exp><and_exp></and_exp></or_exp>
</condition>

<Node id="29" bw="0" op_0_bw="0" op_1_bw="32" op_2_bw="30" op_3_bw="10" op_4_bw="32">
<![CDATA[
:0  call fastcc void @lud_diagonal(float* %gmem, i30 %result1, i10 240, [256 x float]* nocapture %buffer)

]]></Node>
<StgValue><ssdm name="call_ln248"/></StgValue>
</operation>

<operation id="37" st_id="8" stage="1" lat="1">
<core>NULL</core>
<MemPortIdVec></MemPortIdVec>
<condition id="-1">
<or_exp><and_exp></and_exp></or_exp>
</condition>

<Node id="30" bw="0">
<![CDATA[
:1  ret void

]]></Node>
<StgValue><ssdm name="ret_ln249"/></StgValue>
</operation>
</state>
</state_list>


<ports>
<port id="48" name="gmem" dir="2" iftype="4">
<core>NULL</core><StgValue><ssdm name="gmem"/></StgValue>
</port>
<port id="49" name="result" dir="0" iftype="0">
<core>NULL</core><StgValue><ssdm name="result"/></StgValue>
</port>
</ports>


<dataflows>
<dataflow id="51" from="_ssdm_op_Read.s_axilite.i32" to="result_read" fromId="50" toId="9">
</dataflow>
<dataflow id="52" from="result" to="result_read" fromId="49" toId="9">
</dataflow>
<dataflow id="54" from="_ssdm_op_PartSelect.i30.i32.i32.i32" to="result1" fromId="53" toId="10">
</dataflow>
<dataflow id="55" from="result_read" to="result1" fromId="9" toId="10">
</dataflow>
<dataflow id="57" from="StgValue_56" to="result1" fromId="56" toId="10">
</dataflow>
<dataflow id="59" from="StgValue_58" to="result1" fromId="58" toId="10">
</dataflow>
<dataflow id="61" from="_ssdm_op_SpecBitsMap" to="specbitsmap_ln0" fromId="60" toId="11">
</dataflow>
<dataflow id="62" from="gmem" to="specbitsmap_ln0" fromId="48" toId="11">
</dataflow>
<dataflow id="64" from="_ssdm_op_SpecTopModule" to="spectopmodule_ln0" fromId="63" toId="12">
</dataflow>
<dataflow id="66" from="workload_based_tiled_1" to="spectopmodule_ln0" fromId="65" toId="12">
</dataflow>
<dataflow id="68" from="StgValue_67" to="buffer" fromId="67" toId="13">
</dataflow>
<dataflow id="69" from="StgValue_67" to="diagonal_buffer" fromId="67" toId="14">
</dataflow>
<dataflow id="70" from="StgValue_67" to="top_buffer" fromId="67" toId="15">
</dataflow>
<dataflow id="71" from="StgValue_67" to="left_buffer" fromId="67" toId="16">
</dataflow>
<dataflow id="72" from="StgValue_67" to="inner_buffer" fromId="67" toId="17">
</dataflow>
<dataflow id="74" from="_ssdm_op_SpecInterface" to="specinterface_ln226" fromId="73" toId="18">
</dataflow>
<dataflow id="75" from="gmem" to="specinterface_ln226" fromId="48" toId="18">
</dataflow>
<dataflow id="77" from="p_str3" to="specinterface_ln226" fromId="76" toId="18">
</dataflow>
<dataflow id="79" from="StgValue_78" to="specinterface_ln226" fromId="78" toId="18">
</dataflow>
<dataflow id="80" from="StgValue_78" to="specinterface_ln226" fromId="78" toId="18">
</dataflow>
<dataflow id="82" from="p_str4" to="specinterface_ln226" fromId="81" toId="18">
</dataflow>
<dataflow id="83" from="StgValue_78" to="specinterface_ln226" fromId="78" toId="18">
</dataflow>
<dataflow id="84" from="StgValue_78" to="specinterface_ln226" fromId="78" toId="18">
</dataflow>
<dataflow id="86" from="p_str5" to="specinterface_ln226" fromId="85" toId="18">
</dataflow>
<dataflow id="88" from="p_str6" to="specinterface_ln226" fromId="87" toId="18">
</dataflow>
<dataflow id="89" from="p_str4" to="specinterface_ln226" fromId="81" toId="18">
</dataflow>
<dataflow id="91" from="StgValue_90" to="specinterface_ln226" fromId="90" toId="18">
</dataflow>
<dataflow id="92" from="StgValue_90" to="specinterface_ln226" fromId="90" toId="18">
</dataflow>
<dataflow id="93" from="StgValue_90" to="specinterface_ln226" fromId="90" toId="18">
</dataflow>
<dataflow id="94" from="StgValue_90" to="specinterface_ln226" fromId="90" toId="18">
</dataflow>
<dataflow id="95" from="p_str4" to="specinterface_ln226" fromId="81" toId="18">
</dataflow>
<dataflow id="96" from="p_str4" to="specinterface_ln226" fromId="81" toId="18">
</dataflow>
<dataflow id="97" from="_ssdm_op_SpecInterface" to="specinterface_ln227" fromId="73" toId="19">
</dataflow>
<dataflow id="98" from="result" to="specinterface_ln227" fromId="49" toId="19">
</dataflow>
<dataflow id="100" from="p_str7" to="specinterface_ln227" fromId="99" toId="19">
</dataflow>
<dataflow id="101" from="StgValue_78" to="specinterface_ln227" fromId="78" toId="19">
</dataflow>
<dataflow id="102" from="StgValue_78" to="specinterface_ln227" fromId="78" toId="19">
</dataflow>
<dataflow id="103" from="p_str4" to="specinterface_ln227" fromId="81" toId="19">
</dataflow>
<dataflow id="104" from="StgValue_78" to="specinterface_ln227" fromId="78" toId="19">
</dataflow>
<dataflow id="105" from="StgValue_78" to="specinterface_ln227" fromId="78" toId="19">
</dataflow>
<dataflow id="107" from="p_str8" to="specinterface_ln227" fromId="106" toId="19">
</dataflow>
<dataflow id="108" from="p_str4" to="specinterface_ln227" fromId="81" toId="19">
</dataflow>
<dataflow id="109" from="p_str4" to="specinterface_ln227" fromId="81" toId="19">
</dataflow>
<dataflow id="110" from="StgValue_78" to="specinterface_ln227" fromId="78" toId="19">
</dataflow>
<dataflow id="111" from="StgValue_78" to="specinterface_ln227" fromId="78" toId="19">
</dataflow>
<dataflow id="112" from="StgValue_78" to="specinterface_ln227" fromId="78" toId="19">
</dataflow>
<dataflow id="113" from="StgValue_78" to="specinterface_ln227" fromId="78" toId="19">
</dataflow>
<dataflow id="114" from="p_str4" to="specinterface_ln227" fromId="81" toId="19">
</dataflow>
<dataflow id="115" from="p_str4" to="specinterface_ln227" fromId="81" toId="19">
</dataflow>
<dataflow id="116" from="_ssdm_op_SpecInterface" to="specinterface_ln228" fromId="73" toId="20">
</dataflow>
<dataflow id="117" from="StgValue_78" to="specinterface_ln228" fromId="78" toId="20">
</dataflow>
<dataflow id="118" from="p_str7" to="specinterface_ln228" fromId="99" toId="20">
</dataflow>
<dataflow id="119" from="StgValue_78" to="specinterface_ln228" fromId="78" toId="20">
</dataflow>
<dataflow id="120" from="StgValue_78" to="specinterface_ln228" fromId="78" toId="20">
</dataflow>
<dataflow id="121" from="p_str4" to="specinterface_ln228" fromId="81" toId="20">
</dataflow>
<dataflow id="122" from="StgValue_78" to="specinterface_ln228" fromId="78" toId="20">
</dataflow>
<dataflow id="123" from="StgValue_78" to="specinterface_ln228" fromId="78" toId="20">
</dataflow>
<dataflow id="124" from="p_str8" to="specinterface_ln228" fromId="106" toId="20">
</dataflow>
<dataflow id="125" from="p_str4" to="specinterface_ln228" fromId="81" toId="20">
</dataflow>
<dataflow id="126" from="p_str4" to="specinterface_ln228" fromId="81" toId="20">
</dataflow>
<dataflow id="127" from="StgValue_78" to="specinterface_ln228" fromId="78" toId="20">
</dataflow>
<dataflow id="128" from="StgValue_78" to="specinterface_ln228" fromId="78" toId="20">
</dataflow>
<dataflow id="129" from="StgValue_78" to="specinterface_ln228" fromId="78" toId="20">
</dataflow>
<dataflow id="130" from="StgValue_78" to="specinterface_ln228" fromId="78" toId="20">
</dataflow>
<dataflow id="131" from="p_str4" to="specinterface_ln228" fromId="81" toId="20">
</dataflow>
<dataflow id="132" from="p_str4" to="specinterface_ln228" fromId="81" toId="20">
</dataflow>
<dataflow id="134" from="StgValue_133" to="i_0" fromId="133" toId="22">
<condition id="-1">
<or_exp><and_exp></and_exp></or_exp>
</condition>
</dataflow>
<dataflow id="135" from="br_ln241" to="i_0" fromId="21" toId="22">
</dataflow>
<dataflow id="136" from="i" to="i_0" fromId="33" toId="22">
<BackEdge/>
<condition id="-1">
<or_exp><and_exp></and_exp></or_exp>
</condition>
</dataflow>
<dataflow id="137" from="br_ln241" to="i_0" fromId="35" toId="22">
<BackEdge/>
</dataflow>
<dataflow id="138" from="i_0" to="icmp_ln241" fromId="22" toId="23">
</dataflow>
<dataflow id="140" from="StgValue_139" to="icmp_ln241" fromId="139" toId="23">
</dataflow>
<dataflow id="142" from="_ssdm_op_SpecLoopTripCount" to="empty" fromId="141" toId="24">
</dataflow>
<dataflow id="144" from="StgValue_143" to="empty" fromId="143" toId="24">
</dataflow>
<dataflow id="145" from="StgValue_143" to="empty" fromId="143" toId="24">
</dataflow>
<dataflow id="146" from="StgValue_143" to="empty" fromId="143" toId="24">
</dataflow>
<dataflow id="147" from="icmp_ln241" to="br_ln241" fromId="23" toId="25">
</dataflow>
<dataflow id="148" from="i_0" to="zext_ln242" fromId="22" toId="26">
</dataflow>
<dataflow id="150" from="lud_diagonal" to="call_ln242" fromId="149" toId="27">
</dataflow>
<dataflow id="151" from="gmem" to="call_ln242" fromId="48" toId="27">
</dataflow>
<dataflow id="152" from="result1" to="call_ln242" fromId="10" toId="27">
</dataflow>
<dataflow id="153" from="zext_ln242" to="call_ln242" fromId="26" toId="27">
</dataflow>
<dataflow id="154" from="buffer" to="call_ln242" fromId="13" toId="27">
</dataflow>
<dataflow id="155" from="lud_diagonal" to="call_ln248" fromId="149" toId="28">
</dataflow>
<dataflow id="156" from="gmem" to="call_ln248" fromId="48" toId="28">
</dataflow>
<dataflow id="157" from="result1" to="call_ln248" fromId="10" toId="28">
</dataflow>
<dataflow id="159" from="StgValue_158" to="call_ln248" fromId="158" toId="28">
</dataflow>
<dataflow id="160" from="buffer" to="call_ln248" fromId="13" toId="28">
</dataflow>
<dataflow id="161" from="lud_diagonal" to="call_ln242" fromId="149" toId="29">
</dataflow>
<dataflow id="162" from="gmem" to="call_ln242" fromId="48" toId="29">
</dataflow>
<dataflow id="163" from="result1" to="call_ln242" fromId="10" toId="29">
</dataflow>
<dataflow id="164" from="zext_ln242" to="call_ln242" fromId="26" toId="29">
</dataflow>
<dataflow id="165" from="buffer" to="call_ln242" fromId="13" toId="29">
</dataflow>
<dataflow id="167" from="lud_perimeter" to="call_ln243" fromId="166" toId="30">
</dataflow>
<dataflow id="168" from="gmem" to="call_ln243" fromId="48" toId="30">
</dataflow>
<dataflow id="169" from="result1" to="call_ln243" fromId="10" toId="30">
</dataflow>
<dataflow id="170" from="i_0" to="call_ln243" fromId="22" toId="30">
</dataflow>
<dataflow id="171" from="diagonal_buffer" to="call_ln243" fromId="14" toId="30">
</dataflow>
<dataflow id="172" from="top_buffer" to="call_ln243" fromId="15" toId="30">
</dataflow>
<dataflow id="173" from="left_buffer" to="call_ln243" fromId="16" toId="30">
</dataflow>
<dataflow id="174" from="lud_perimeter" to="call_ln243" fromId="166" toId="31">
</dataflow>
<dataflow id="175" from="gmem" to="call_ln243" fromId="48" toId="31">
</dataflow>
<dataflow id="176" from="result1" to="call_ln243" fromId="10" toId="31">
</dataflow>
<dataflow id="177" from="i_0" to="call_ln243" fromId="22" toId="31">
</dataflow>
<dataflow id="178" from="diagonal_buffer" to="call_ln243" fromId="14" toId="31">
</dataflow>
<dataflow id="179" from="top_buffer" to="call_ln243" fromId="15" toId="31">
</dataflow>
<dataflow id="180" from="left_buffer" to="call_ln243" fromId="16" toId="31">
</dataflow>
<dataflow id="182" from="lud_internal" to="call_ln244" fromId="181" toId="32">
</dataflow>
<dataflow id="183" from="gmem" to="call_ln244" fromId="48" toId="32">
</dataflow>
<dataflow id="184" from="result1" to="call_ln244" fromId="10" toId="32">
</dataflow>
<dataflow id="185" from="i_0" to="call_ln244" fromId="22" toId="32">
</dataflow>
<dataflow id="186" from="top_buffer" to="call_ln244" fromId="15" toId="32">
</dataflow>
<dataflow id="187" from="left_buffer" to="call_ln244" fromId="16" toId="32">
</dataflow>
<dataflow id="188" from="inner_buffer" to="call_ln244" fromId="17" toId="32">
</dataflow>
<dataflow id="189" from="i_0" to="i" fromId="22" toId="33">
</dataflow>
<dataflow id="191" from="StgValue_190" to="i" fromId="190" toId="33">
</dataflow>
<dataflow id="192" from="lud_internal" to="call_ln244" fromId="181" toId="34">
</dataflow>
<dataflow id="193" from="gmem" to="call_ln244" fromId="48" toId="34">
</dataflow>
<dataflow id="194" from="result1" to="call_ln244" fromId="10" toId="34">
</dataflow>
<dataflow id="195" from="i_0" to="call_ln244" fromId="22" toId="34">
</dataflow>
<dataflow id="196" from="top_buffer" to="call_ln244" fromId="15" toId="34">
</dataflow>
<dataflow id="197" from="left_buffer" to="call_ln244" fromId="16" toId="34">
</dataflow>
<dataflow id="198" from="inner_buffer" to="call_ln244" fromId="17" toId="34">
</dataflow>
<dataflow id="199" from="lud_diagonal" to="call_ln248" fromId="149" toId="36">
</dataflow>
<dataflow id="200" from="gmem" to="call_ln248" fromId="48" toId="36">
</dataflow>
<dataflow id="201" from="result1" to="call_ln248" fromId="10" toId="36">
</dataflow>
<dataflow id="202" from="StgValue_158" to="call_ln248" fromId="158" toId="36">
</dataflow>
<dataflow id="203" from="buffer" to="call_ln248" fromId="13" toId="36">
</dataflow>
<dataflow id="204" from="icmp_ln241" to="StgValue_2" fromId="23" toId="2">
</dataflow>
</dataflows>


</stg>
