<profile>

<section name = "Vivado HLS Report for 'kernel_bicg_base'" level="0">
<item name = "Date">Tue Jan 17 18:09:47 2023
</item>
<item name = "Version">2019.2 (Build 2704478 on Wed Nov 06 22:10:23 MST 2019)</item>
<item name = "Project">bicg</item>
<item name = "Solution">base</item>
<item name = "Product family">zynq</item>
<item name = "Target device">xc7z045-ffg900-2</item>
</section>

<section name = "Performance Estimates" level="0">
<item name = "Timing">
<section name = "" level="1">
<item name = "Summary"><table name="" hasTotal="0">
<keys size="4">Clock, Target, Estimated, Uncertainty</keys>
<column name="ap_clk">10.00 ns, 8.588 ns, 1.25 ns</column>
</table>
</item>
</section>
</item>
<item name = "Latency">
<section name = "" level="1">
<item name = "Summary"><table name="" hasTotal="0">
<keys size="8">, min, max, min, max, min, max, Type</keys>
<column name="">1600212, 1600212, 16.002 ms, 16.002 ms, 1600212, 1600212, none</column>
</table>
</item>
<item name = "Detail">
<section name = "" level="1">
<item name = "Instance"><table name="" hasTotal="0">
<keys size="9">Instance, Module, min, max, min, max, min, max, Type</keys>
</table>
</item>
<item name = "Loop"><table name="" hasTotal="0">
<keys size="8">Loop Name, min, max, Latency, achieved, target, Count, Pipelined</keys>
<column name="- Loop 1">390, 390, 1, -, -, 390, no</column>
<column name="- Loop 2">1599820, 1599820, 3902, -, -, 410, no</column>
<column name=" + Loop 2.1">3900, 3900, 10, -, -, 390, no</column>
</table>
</item>
</section>
</item>
</section>
</item>
</section>

<section name = "Utilization Estimates" level="0">
<item name = "Summary"><table name="" hasTotal="1">
<keys size="6">Name, BRAM_18K, DSP48E, FF, LUT, URAM</keys>
<column name="DSP">-, -, -, -, -</column>
<column name="Expression">-, -, 0, 78, -</column>
<column name="FIFO">-, -, -, -, -</column>
<column name="Instance">-, 10, 710, 1448, -</column>
<column name="Memory">-, -, -, -, -</column>
<column name="Multiplexer">-, -, -, 33, -</column>
<column name="Register">-, -, 409, -, -</column>
<specialColumn name="Available">1090, 900, 437200, 218600, 0</specialColumn>
<specialColumn name="Utilization (%)">0, 1, ~0, ~0, 0</specialColumn>
</table>
</item>
<item name = "Detail">
<section name = "" level="1">
<item name = "Instance"><table name="" hasTotal="1">
<keys size="7">Instance, Module, BRAM_18K, DSP48E, FF, LUT, URAM</keys>
<column name="kernel_bicg_base_bkb_U1">kernel_bicg_base_bkb, 0, 2, 227, 404, 0</column>
<column name="kernel_bicg_base_bkb_U2">kernel_bicg_base_bkb, 0, 2, 227, 404, 0</column>
<column name="kernel_bicg_base_cud_U3">kernel_bicg_base_cud, 0, 3, 128, 320, 0</column>
<column name="kernel_bicg_base_cud_U4">kernel_bicg_base_cud, 0, 3, 128, 320, 0</column>
</table>
</item>
<item name = "DSP48E"><table name="" hasTotal="0">
<keys size="3">Instance, Module, Expression</keys>
</table>
</item>
<item name = "Memory"><table name="" hasTotal="1">
<keys size="10">Memory, Module, BRAM_18K, FF, LUT, URAM, Words, Bits, Banks, W*Bits*Banks</keys>
</table>
</item>
<item name = "FIFO"><table name="" hasTotal="1">
<keys size="8">Name, BRAM_18K, FF, LUT, URAM, Depth, Bits, Size:D*B</keys>
</table>
</item>
<item name = "Expression"><table name="" hasTotal="1">
<keys size="7">Variable Name, Operation, DSP48E, FF, LUT, Bitwidth P0, Bitwidth P1</keys>
<column name="add_ln36_fu_206_p2">+, 0, 0, 18, 18, 9</column>
<column name="add_ln39_fu_252_p2">+, 0, 0, 18, 18, 18</column>
<column name="i_2_fu_218_p2">+, 0, 0, 9, 9, 1</column>
<column name="i_fu_195_p2">+, 0, 0, 9, 9, 1</column>
<column name="j_fu_236_p2">+, 0, 0, 9, 9, 1</column>
<column name="icmp_ln34_fu_189_p2">icmp, 0, 0, 5, 9, 8</column>
<column name="icmp_ln36_fu_212_p2">icmp, 0, 0, 5, 9, 8</column>
<column name="icmp_ln38_fu_230_p2">icmp, 0, 0, 5, 9, 8</column>
</table>
</item>
<item name = "Multiplexer"><table name="" hasTotal="1">
<keys size="5">Name, LUT, Input Size, Bits, Total Bits</keys>
<column name="ap_NS_fsm">6, 14, 1, 14</column>
<column name="i_0_reg_115">3, 2, 9, 18</column>
<column name="i_1_reg_126">3, 2, 9, 18</column>
<column name="j_0_reg_161">3, 2, 9, 18</column>
<column name="phi_mul_reg_137">3, 2, 18, 36</column>
<column name="q_address0">3, 3, 9, 27</column>
<column name="q_d0">3, 3, 32, 96</column>
<column name="q_load_reg_149">3, 2, 32, 64</column>
<column name="s_address0">3, 3, 9, 27</column>
<column name="s_d0">3, 3, 32, 96</column>
</table>
</item>
<item name = "Register"><table name="" hasTotal="1">
<keys size="5">Name, FF, LUT, Bits, Const Bits</keys>
<column name="A_load_reg_322">32, 0, 32, 0</column>
<column name="add_ln36_reg_271">18, 0, 18, 0</column>
<column name="ap_CS_fsm">13, 0, 13, 0</column>
<column name="i_0_reg_115">9, 0, 9, 0</column>
<column name="i_1_reg_126">9, 0, 9, 0</column>
<column name="i_2_reg_279">9, 0, 9, 0</column>
<column name="j_0_reg_161">9, 0, 9, 0</column>
<column name="j_reg_297">9, 0, 9, 0</column>
<column name="p_load_reg_328">32, 0, 32, 0</column>
<column name="phi_mul_reg_137">18, 0, 18, 0</column>
<column name="q_addr_reg_284">9, 0, 9, 0</column>
<column name="q_load_reg_149">32, 0, 32, 0</column>
<column name="r_addr_reg_289">9, 0, 9, 0</column>
<column name="r_load_reg_317">32, 0, 32, 0</column>
<column name="s_addr_1_reg_307">9, 0, 9, 0</column>
<column name="s_load_reg_333">32, 0, 32, 0</column>
<column name="tmp_1_reg_348">32, 0, 32, 0</column>
<column name="tmp_2_reg_343">32, 0, 32, 0</column>
<column name="tmp_3_reg_353">32, 0, 32, 0</column>
<column name="tmp_reg_338">32, 0, 32, 0</column>
</table>
</item>
</section>
</item>
</section>

<section name = "Interface" level="0">
<item name = "Summary"><table name="" hasTotal="0">
<keys size="6">RTL Ports, Dir, Bits, Protocol, Source Object, C Type</keys>
<column name="ap_clk">in, 1, ap_ctrl_hs, kernel_bicg_base, return value</column>
<column name="ap_rst">in, 1, ap_ctrl_hs, kernel_bicg_base, return value</column>
<column name="ap_start">in, 1, ap_ctrl_hs, kernel_bicg_base, return value</column>
<column name="ap_done">out, 1, ap_ctrl_hs, kernel_bicg_base, return value</column>
<column name="ap_idle">out, 1, ap_ctrl_hs, kernel_bicg_base, return value</column>
<column name="ap_ready">out, 1, ap_ctrl_hs, kernel_bicg_base, return value</column>
<column name="m">in, 32, ap_none, m, scalar</column>
<column name="n">in, 32, ap_none, n, scalar</column>
<column name="A_address0">out, 18, ap_memory, A, array</column>
<column name="A_ce0">out, 1, ap_memory, A, array</column>
<column name="A_q0">in, 32, ap_memory, A, array</column>
<column name="s_address0">out, 9, ap_memory, s, array</column>
<column name="s_ce0">out, 1, ap_memory, s, array</column>
<column name="s_we0">out, 1, ap_memory, s, array</column>
<column name="s_d0">out, 32, ap_memory, s, array</column>
<column name="s_q0">in, 32, ap_memory, s, array</column>
<column name="q_address0">out, 9, ap_memory, q, array</column>
<column name="q_ce0">out, 1, ap_memory, q, array</column>
<column name="q_we0">out, 1, ap_memory, q, array</column>
<column name="q_d0">out, 32, ap_memory, q, array</column>
<column name="p_address0">out, 9, ap_memory, p, array</column>
<column name="p_ce0">out, 1, ap_memory, p, array</column>
<column name="p_q0">in, 32, ap_memory, p, array</column>
<column name="r_address0">out, 9, ap_memory, r, array</column>
<column name="r_ce0">out, 1, ap_memory, r, array</column>
<column name="r_q0">in, 32, ap_memory, r, array</column>
</table>
</item>
</section>
</profile>
