<annotationInfo>
<annotationInfo>
<item  id="19" filename="bicg/base.c" linenumber="34" name="icmp_ln34" contextFuncName="kernel_bicg_base" moduleName="kernel_bicg_base" rtlName="icmp_ln34_fu_189_p2" latency="0" BRAM="-1" DSP="-1" FF="0" LUT="5" fileDirectory="C:\Users\GregRoom\Desktop\AutoScaleDSE_Artifact"><\/item>
<item  id="21" filename="bicg/base.c" linenumber="34" name="i" contextFuncName="kernel_bicg_base" moduleName="kernel_bicg_base" rtlName="i_fu_195_p2" latency="0" BRAM="-1" DSP="-1" FF="0" LUT="9" fileDirectory="C:\Users\GregRoom\Desktop\AutoScaleDSE_Artifact"><\/item>
<item  id="24" filename="bicg/base.c" linenumber="35" name="zext_ln35" contextFuncName="kernel_bicg_base" moduleName="kernel_bicg_base" rtlName="zext_ln35_fu_201_p1" latency="0" BRAM="-1" DSP="-1" FF="-1" LUT="-1" fileDirectory="C:\Users\GregRoom\Desktop\AutoScaleDSE_Artifact"><\/item>
<item  id="33" filename="bicg/base.c" linenumber="36" name="add_ln36" contextFuncName="kernel_bicg_base" moduleName="kernel_bicg_base" rtlName="add_ln36_fu_206_p2" latency="0" BRAM="-1" DSP="-1" FF="0" LUT="18" fileDirectory="C:\Users\GregRoom\Desktop\AutoScaleDSE_Artifact"><\/item>
<item  id="34" filename="bicg/base.c" linenumber="36" name="icmp_ln36" contextFuncName="kernel_bicg_base" moduleName="kernel_bicg_base" rtlName="icmp_ln36_fu_212_p2" latency="0" BRAM="-1" DSP="-1" FF="0" LUT="5" fileDirectory="C:\Users\GregRoom\Desktop\AutoScaleDSE_Artifact"><\/item>
<item  id="36" filename="bicg/base.c" linenumber="36" name="i_2" contextFuncName="kernel_bicg_base" moduleName="kernel_bicg_base" rtlName="i_2_fu_218_p2" latency="0" BRAM="-1" DSP="-1" FF="0" LUT="9" fileDirectory="C:\Users\GregRoom\Desktop\AutoScaleDSE_Artifact"><\/item>
<item  id="39" filename="bicg/base.c" linenumber="37" name="zext_ln37" contextFuncName="kernel_bicg_base" moduleName="kernel_bicg_base" rtlName="zext_ln37_fu_224_p1" latency="0" BRAM="-1" DSP="-1" FF="-1" LUT="-1" fileDirectory="C:\Users\GregRoom\Desktop\AutoScaleDSE_Artifact"><\/item>
<item  id="47" filename="bicg/base.c" linenumber="38" name="icmp_ln38" contextFuncName="kernel_bicg_base" moduleName="kernel_bicg_base" rtlName="icmp_ln38_fu_230_p2" latency="0" BRAM="-1" DSP="-1" FF="0" LUT="5" fileDirectory="C:\Users\GregRoom\Desktop\AutoScaleDSE_Artifact"><\/item>
<item  id="49" filename="bicg/base.c" linenumber="38" name="j" contextFuncName="kernel_bicg_base" moduleName="kernel_bicg_base" rtlName="j_fu_236_p2" latency="0" BRAM="-1" DSP="-1" FF="0" LUT="9" fileDirectory="C:\Users\GregRoom\Desktop\AutoScaleDSE_Artifact"><\/item>
<item  id="52" filename="bicg/base.c" linenumber="39" name="zext_ln39" contextFuncName="kernel_bicg_base" moduleName="kernel_bicg_base" rtlName="zext_ln39_fu_242_p1" latency="0" BRAM="-1" DSP="-1" FF="-1" LUT="-1" fileDirectory="C:\Users\GregRoom\Desktop\AutoScaleDSE_Artifact"><\/item>
<item  id="53" filename="bicg/base.c" linenumber="39" name="zext_ln39_1" contextFuncName="kernel_bicg_base" moduleName="kernel_bicg_base" rtlName="zext_ln39_1_fu_248_p1" latency="0" BRAM="-1" DSP="-1" FF="-1" LUT="-1" fileDirectory="C:\Users\GregRoom\Desktop\AutoScaleDSE_Artifact"><\/item>
<item  id="54" filename="bicg/base.c" linenumber="39" name="add_ln39" contextFuncName="kernel_bicg_base" moduleName="kernel_bicg_base" rtlName="add_ln39_fu_252_p2" latency="0" BRAM="-1" DSP="-1" FF="0" LUT="18" fileDirectory="C:\Users\GregRoom\Desktop\AutoScaleDSE_Artifact"><\/item>
<item  id="55" filename="bicg/base.c" linenumber="39" name="zext_ln39_2" contextFuncName="kernel_bicg_base" moduleName="kernel_bicg_base" rtlName="zext_ln39_2_fu_258_p1" latency="0" BRAM="-1" DSP="-1" FF="-1" LUT="-1" fileDirectory="C:\Users\GregRoom\Desktop\AutoScaleDSE_Artifact"><\/item>
<item  id="61" filename="bicg/base.c" linenumber="39" name="tmp" contextFuncName="kernel_bicg_base" moduleName="kernel_bicg_base" rtlName="kernel_bicg_base_cud_U3" latency="2" BRAM="-1" DSP="-1" FF="-1" LUT="-1" fileDirectory="C:\Users\GregRoom\Desktop\AutoScaleDSE_Artifact"><\/item>
<item  id="62" filename="bicg/base.c" linenumber="39" name="tmp_1" contextFuncName="kernel_bicg_base" moduleName="kernel_bicg_base" rtlName="kernel_bicg_base_bkb_U1" latency="3" BRAM="-1" DSP="-1" FF="-1" LUT="-1" fileDirectory="C:\Users\GregRoom\Desktop\AutoScaleDSE_Artifact"><\/item>
<item  id="66" filename="bicg/base.c" linenumber="40" name="tmp_2" contextFuncName="kernel_bicg_base" moduleName="kernel_bicg_base" rtlName="kernel_bicg_base_cud_U4" latency="2" BRAM="-1" DSP="-1" FF="-1" LUT="-1" fileDirectory="C:\Users\GregRoom\Desktop\AutoScaleDSE_Artifact"><\/item>
<item  id="67" filename="bicg/base.c" linenumber="40" name="tmp_3" contextFuncName="kernel_bicg_base" moduleName="kernel_bicg_base" rtlName="kernel_bicg_base_bkb_U2" latency="3" BRAM="-1" DSP="-1" FF="-1" LUT="-1" fileDirectory="C:\Users\GregRoom\Desktop\AutoScaleDSE_Artifact"><\/item>
<\/annotationInfo>
</annotationInfo>
