<stg><name>kernel_bicg_base</name>


<trans_list>

<trans id="85" from="1" to="2">
<condition id="-1">
<or_exp><and_exp></and_exp></or_exp>
</condition>
</trans>

<trans id="86" from="2" to="2">
<condition id="-1">
<or_exp><and_exp><literal name="icmp_ln34" val="0"/>
</and_exp></or_exp>
</condition>
</trans>

<trans id="87" from="2" to="3">
<condition id="-1">
<or_exp><and_exp><literal name="icmp_ln34" val="1"/>
</and_exp></or_exp>
</condition>
</trans>

<trans id="88" from="3" to="4">
<condition id="-1">
<or_exp><and_exp><literal name="icmp_ln36" val="0"/>
</and_exp></or_exp>
</condition>
</trans>

<trans id="89" from="4" to="5">
<condition id="-1">
<or_exp><and_exp><literal name="icmp_ln38" val="0"/>
</and_exp></or_exp>
</condition>
</trans>

<trans id="100" from="4" to="3">
<condition id="-1">
<or_exp><and_exp><literal name="icmp_ln38" val="1"/>
</and_exp></or_exp>
</condition>
</trans>

<trans id="91" from="5" to="6">
<condition id="-1">
<or_exp><and_exp></and_exp></or_exp>
</condition>
</trans>

<trans id="92" from="6" to="7">
<condition id="-1">
<or_exp><and_exp></and_exp></or_exp>
</condition>
</trans>

<trans id="93" from="7" to="8">
<condition id="-1">
<or_exp><and_exp></and_exp></or_exp>
</condition>
</trans>

<trans id="94" from="8" to="9">
<condition id="-1">
<or_exp><and_exp></and_exp></or_exp>
</condition>
</trans>

<trans id="95" from="9" to="10">
<condition id="-1">
<or_exp><and_exp></and_exp></or_exp>
</condition>
</trans>

<trans id="96" from="10" to="11">
<condition id="-1">
<or_exp><and_exp></and_exp></or_exp>
</condition>
</trans>

<trans id="97" from="11" to="12">
<condition id="-1">
<or_exp><and_exp></and_exp></or_exp>
</condition>
</trans>

<trans id="98" from="12" to="13">
<condition id="-1">
<or_exp><and_exp></and_exp></or_exp>
</condition>
</trans>

<trans id="99" from="13" to="4">
<condition id="-1">
<or_exp><and_exp></and_exp></or_exp>
</condition>
</trans>
</trans_list>



<state_list>

<state id="1" st_id="1">

<operation id="14" st_id="1" stage="1" lat="1">
<core>NULL</core>
<MemPortIdVec></MemPortIdVec>
<condition id="-1">
<or_exp><and_exp></and_exp></or_exp>
</condition>

<Node id="8" bw="0" op_0_bw="0" op_1_bw="32">
<![CDATA[
:0  call void (...)* @_ssdm_op_SpecBitsMap(i32 %m) nounwind, !map !7

]]></Node>
<StgValue><ssdm name="specbitsmap_ln0"/></StgValue>
</operation>

<operation id="15" st_id="1" stage="1" lat="1">
<core>NULL</core>
<MemPortIdVec></MemPortIdVec>
<condition id="-1">
<or_exp><and_exp></and_exp></or_exp>
</condition>

<Node id="9" bw="0" op_0_bw="0" op_1_bw="32">
<![CDATA[
:1  call void (...)* @_ssdm_op_SpecBitsMap(i32 %n) nounwind, !map !13

]]></Node>
<StgValue><ssdm name="specbitsmap_ln0"/></StgValue>
</operation>

<operation id="16" st_id="1" stage="1" lat="1">
<core>NULL</core>
<MemPortIdVec></MemPortIdVec>
<condition id="-1">
<or_exp><and_exp></and_exp></or_exp>
</condition>

<Node id="10" bw="0" op_0_bw="0" op_1_bw="32">
<![CDATA[
:2  call void (...)* @_ssdm_op_SpecBitsMap([159900 x float]* %A) nounwind, !map !17

]]></Node>
<StgValue><ssdm name="specbitsmap_ln0"/></StgValue>
</operation>

<operation id="17" st_id="1" stage="1" lat="1">
<core>NULL</core>
<MemPortIdVec></MemPortIdVec>
<condition id="-1">
<or_exp><and_exp></and_exp></or_exp>
</condition>

<Node id="11" bw="0" op_0_bw="0" op_1_bw="32">
<![CDATA[
:3  call void (...)* @_ssdm_op_SpecBitsMap([390 x float]* %s) nounwind, !map !24

]]></Node>
<StgValue><ssdm name="specbitsmap_ln0"/></StgValue>
</operation>

<operation id="18" st_id="1" stage="1" lat="1">
<core>NULL</core>
<MemPortIdVec></MemPortIdVec>
<condition id="-1">
<or_exp><and_exp></and_exp></or_exp>
</condition>

<Node id="12" bw="0" op_0_bw="0" op_1_bw="32">
<![CDATA[
:4  call void (...)* @_ssdm_op_SpecBitsMap([410 x float]* %q) nounwind, !map !29

]]></Node>
<StgValue><ssdm name="specbitsmap_ln0"/></StgValue>
</operation>

<operation id="19" st_id="1" stage="1" lat="1">
<core>NULL</core>
<MemPortIdVec></MemPortIdVec>
<condition id="-1">
<or_exp><and_exp></and_exp></or_exp>
</condition>

<Node id="13" bw="0" op_0_bw="0" op_1_bw="32">
<![CDATA[
:5  call void (...)* @_ssdm_op_SpecBitsMap([390 x float]* %p) nounwind, !map !34

]]></Node>
<StgValue><ssdm name="specbitsmap_ln0"/></StgValue>
</operation>

<operation id="20" st_id="1" stage="1" lat="1">
<core>NULL</core>
<MemPortIdVec></MemPortIdVec>
<condition id="-1">
<or_exp><and_exp></and_exp></or_exp>
</condition>

<Node id="14" bw="0" op_0_bw="0" op_1_bw="32">
<![CDATA[
:6  call void (...)* @_ssdm_op_SpecBitsMap([410 x float]* %r) nounwind, !map !38

]]></Node>
<StgValue><ssdm name="specbitsmap_ln0"/></StgValue>
</operation>

<operation id="21" st_id="1" stage="1" lat="1">
<core>NULL</core>
<MemPortIdVec></MemPortIdVec>
<condition id="-1">
<or_exp><and_exp></and_exp></or_exp>
</condition>

<Node id="15" bw="0" op_0_bw="0" op_1_bw="0">
<![CDATA[
:7  call void (...)* @_ssdm_op_SpecTopModule([17 x i8]* @kernel_bicg_base_str) nounwind

]]></Node>
<StgValue><ssdm name="spectopmodule_ln0"/></StgValue>
</operation>

<operation id="22" st_id="1" stage="1" lat="1">
<core>NULL</core>
<MemPortIdVec></MemPortIdVec>
<condition id="-1">
<or_exp><and_exp></and_exp></or_exp>
</condition>

<Node id="16" bw="0" op_0_bw="0">
<![CDATA[
:8  br label %1

]]></Node>
<StgValue><ssdm name="br_ln34"/></StgValue>
</operation>
</state>

<state id="2" st_id="2">

<operation id="23" st_id="2" stage="1" lat="1">
<core>NULL</core>
<MemPortIdVec></MemPortIdVec>
<condition id="-1">
<or_exp><and_exp></and_exp></or_exp>
</condition>

<Node id="18" bw="9" op_0_bw="9" op_1_bw="0" op_2_bw="9" op_3_bw="0">
<![CDATA[
:0  %i_0 = phi i9 [ 0, %0 ], [ %i, %2 ]

]]></Node>
<StgValue><ssdm name="i_0"/></StgValue>
</operation>

<operation id="24" st_id="2" stage="1" lat="1">
<core>Cmp</core>
<MemPortIdVec></MemPortIdVec>
<condition id="-1">
<or_exp><and_exp></and_exp></or_exp>
</condition>

<Node id="19" bw="1" op_0_bw="9" op_1_bw="9">
<![CDATA[
:1  %icmp_ln34 = icmp eq i9 %i_0, -122

]]></Node>
<StgValue><ssdm name="icmp_ln34"/></StgValue>
</operation>

<operation id="25" st_id="2" stage="1" lat="1">
<core>NULL</core>
<MemPortIdVec></MemPortIdVec>
<condition id="-1">
<or_exp><and_exp></and_exp></or_exp>
</condition>

<Node id="20" bw="32" op_0_bw="32" op_1_bw="64" op_2_bw="64" op_3_bw="64">
<![CDATA[
:2  %empty = call i32 (...)* @_ssdm_op_SpecLoopTripCount(i64 390, i64 390, i64 390) nounwind

]]></Node>
<StgValue><ssdm name="empty"/></StgValue>
</operation>

<operation id="26" st_id="2" stage="1" lat="1">
<core>AddSub</core>
<MemPortIdVec></MemPortIdVec>
<condition id="-1">
<or_exp><and_exp></and_exp></or_exp>
</condition>

<Node id="21" bw="9" op_0_bw="9" op_1_bw="9">
<![CDATA[
:3  %i = add i9 %i_0, 1

]]></Node>
<StgValue><ssdm name="i"/></StgValue>
</operation>

<operation id="27" st_id="2" stage="1" lat="1">
<core>NULL</core>
<MemPortIdVec></MemPortIdVec>
<condition id="-1">
<or_exp><and_exp></and_exp></or_exp>
</condition>

<Node id="22" bw="0" op_0_bw="1" op_1_bw="0" op_2_bw="0">
<![CDATA[
:4  br i1 %icmp_ln34, label %.preheader.preheader, label %2

]]></Node>
<StgValue><ssdm name="br_ln34"/></StgValue>
</operation>

<operation id="28" st_id="2" stage="1" lat="1">
<core>NULL</core>
<MemPortIdVec></MemPortIdVec>
<condition id="-1">
<or_exp><and_exp><literal name="icmp_ln34" val="0"/>
</and_exp></or_exp>
</condition>

<Node id="24" bw="64" op_0_bw="9">
<![CDATA[
:0  %zext_ln35 = zext i9 %i_0 to i64

]]></Node>
<StgValue><ssdm name="zext_ln35"/></StgValue>
</operation>

<operation id="29" st_id="2" stage="1" lat="1">
<core>NULL</core>
<MemPortIdVec></MemPortIdVec>
<condition id="-1">
<or_exp><and_exp><literal name="icmp_ln34" val="0"/>
</and_exp></or_exp>
</condition>

<Node id="25" bw="9" op_0_bw="32" op_1_bw="64" op_2_bw="64">
<![CDATA[
:1  %s_addr = getelementptr [390 x float]* %s, i64 0, i64 %zext_ln35

]]></Node>
<StgValue><ssdm name="s_addr"/></StgValue>
</operation>

<operation id="30" st_id="2" stage="1" lat="1">
<core>RAM</core>
<MemPortIdVec>0 </MemPortIdVec>
<condition id="-1">
<or_exp><and_exp><literal name="icmp_ln34" val="0"/>
</and_exp></or_exp>
</condition>

<Node id="26" bw="0" op_0_bw="32" op_1_bw="9">
<![CDATA[
:2  store float 0.000000e+00, float* %s_addr, align 4

]]></Node>
<StgValue><ssdm name="store_ln35"/></StgValue>
</operation>

<operation id="31" st_id="2" stage="1" lat="1">
<core>NULL</core>
<MemPortIdVec></MemPortIdVec>
<condition id="-1">
<or_exp><and_exp><literal name="icmp_ln34" val="0"/>
</and_exp></or_exp>
</condition>

<Node id="27" bw="0" op_0_bw="0">
<![CDATA[
:3  br label %1

]]></Node>
<StgValue><ssdm name="br_ln34"/></StgValue>
</operation>

<operation id="32" st_id="2" stage="1" lat="1">
<core>NULL</core>
<MemPortIdVec></MemPortIdVec>
<condition id="-1">
<or_exp><and_exp><literal name="icmp_ln34" val="1"/>
</and_exp></or_exp>
</condition>

<Node id="29" bw="0" op_0_bw="0">
<![CDATA[
.preheader.preheader:0  br label %.preheader

]]></Node>
<StgValue><ssdm name="br_ln36"/></StgValue>
</operation>
</state>

<state id="3" st_id="3">

<operation id="33" st_id="3" stage="1" lat="1">
<core>NULL</core>
<MemPortIdVec></MemPortIdVec>
<condition id="-1">
<or_exp><and_exp></and_exp></or_exp>
</condition>

<Node id="31" bw="9" op_0_bw="9" op_1_bw="0" op_2_bw="9" op_3_bw="0">
<![CDATA[
.preheader:0  %i_1 = phi i9 [ %i_2, %.preheader.loopexit ], [ 0, %.preheader.preheader ]

]]></Node>
<StgValue><ssdm name="i_1"/></StgValue>
</operation>

<operation id="34" st_id="3" stage="1" lat="1">
<core>NULL</core>
<MemPortIdVec></MemPortIdVec>
<condition id="-1">
<or_exp><and_exp></and_exp></or_exp>
</condition>

<Node id="32" bw="18" op_0_bw="18" op_1_bw="0" op_2_bw="18" op_3_bw="0">
<![CDATA[
.preheader:1  %phi_mul = phi i18 [ %add_ln36, %.preheader.loopexit ], [ 0, %.preheader.preheader ]

]]></Node>
<StgValue><ssdm name="phi_mul"/></StgValue>
</operation>

<operation id="35" st_id="3" stage="1" lat="1">
<core>AddSub</core>
<MemPortIdVec></MemPortIdVec>
<condition id="-1">
<or_exp><and_exp></and_exp></or_exp>
</condition>

<Node id="33" bw="18" op_0_bw="18" op_1_bw="18">
<![CDATA[
.preheader:2  %add_ln36 = add i18 %phi_mul, 390

]]></Node>
<StgValue><ssdm name="add_ln36"/></StgValue>
</operation>

<operation id="36" st_id="3" stage="1" lat="1">
<core>Cmp</core>
<MemPortIdVec></MemPortIdVec>
<condition id="-1">
<or_exp><and_exp></and_exp></or_exp>
</condition>

<Node id="34" bw="1" op_0_bw="9" op_1_bw="9">
<![CDATA[
.preheader:3  %icmp_ln36 = icmp eq i9 %i_1, -102

]]></Node>
<StgValue><ssdm name="icmp_ln36"/></StgValue>
</operation>

<operation id="37" st_id="3" stage="1" lat="1">
<core>NULL</core>
<MemPortIdVec></MemPortIdVec>
<condition id="-1">
<or_exp><and_exp></and_exp></or_exp>
</condition>

<Node id="35" bw="32" op_0_bw="32" op_1_bw="64" op_2_bw="64" op_3_bw="64">
<![CDATA[
.preheader:4  %empty_2 = call i32 (...)* @_ssdm_op_SpecLoopTripCount(i64 410, i64 410, i64 410) nounwind

]]></Node>
<StgValue><ssdm name="empty_2"/></StgValue>
</operation>

<operation id="38" st_id="3" stage="1" lat="1">
<core>AddSub</core>
<MemPortIdVec></MemPortIdVec>
<condition id="-1">
<or_exp><and_exp></and_exp></or_exp>
</condition>

<Node id="36" bw="9" op_0_bw="9" op_1_bw="9">
<![CDATA[
.preheader:5  %i_2 = add i9 %i_1, 1

]]></Node>
<StgValue><ssdm name="i_2"/></StgValue>
</operation>

<operation id="39" st_id="3" stage="1" lat="1">
<core>NULL</core>
<MemPortIdVec></MemPortIdVec>
<condition id="-1">
<or_exp><and_exp></and_exp></or_exp>
</condition>

<Node id="37" bw="0" op_0_bw="1" op_1_bw="0" op_2_bw="0">
<![CDATA[
.preheader:6  br i1 %icmp_ln36, label %6, label %3

]]></Node>
<StgValue><ssdm name="br_ln36"/></StgValue>
</operation>

<operation id="40" st_id="3" stage="1" lat="1">
<core>NULL</core>
<MemPortIdVec></MemPortIdVec>
<condition id="-1">
<or_exp><and_exp><literal name="icmp_ln36" val="0"/>
</and_exp></or_exp>
</condition>

<Node id="39" bw="64" op_0_bw="9">
<![CDATA[
:0  %zext_ln37 = zext i9 %i_1 to i64

]]></Node>
<StgValue><ssdm name="zext_ln37"/></StgValue>
</operation>

<operation id="41" st_id="3" stage="1" lat="1">
<core>NULL</core>
<MemPortIdVec></MemPortIdVec>
<condition id="-1">
<or_exp><and_exp><literal name="icmp_ln36" val="0"/>
</and_exp></or_exp>
</condition>

<Node id="40" bw="9" op_0_bw="32" op_1_bw="64" op_2_bw="64">
<![CDATA[
:1  %q_addr = getelementptr [410 x float]* %q, i64 0, i64 %zext_ln37

]]></Node>
<StgValue><ssdm name="q_addr"/></StgValue>
</operation>

<operation id="42" st_id="3" stage="1" lat="1">
<core>RAM</core>
<MemPortIdVec>0 </MemPortIdVec>
<condition id="-1">
<or_exp><and_exp><literal name="icmp_ln36" val="0"/>
</and_exp></or_exp>
</condition>

<Node id="41" bw="0" op_0_bw="32" op_1_bw="9">
<![CDATA[
:2  store float 0.000000e+00, float* %q_addr, align 4

]]></Node>
<StgValue><ssdm name="store_ln37"/></StgValue>
</operation>

<operation id="43" st_id="3" stage="1" lat="1">
<core>NULL</core>
<MemPortIdVec></MemPortIdVec>
<condition id="-1">
<or_exp><and_exp><literal name="icmp_ln36" val="0"/>
</and_exp></or_exp>
</condition>

<Node id="42" bw="9" op_0_bw="32" op_1_bw="64" op_2_bw="64">
<![CDATA[
:3  %r_addr = getelementptr [410 x float]* %r, i64 0, i64 %zext_ln37

]]></Node>
<StgValue><ssdm name="r_addr"/></StgValue>
</operation>

<operation id="44" st_id="3" stage="1" lat="1">
<core>NULL</core>
<MemPortIdVec></MemPortIdVec>
<condition id="-1">
<or_exp><and_exp><literal name="icmp_ln36" val="0"/>
</and_exp></or_exp>
</condition>

<Node id="43" bw="0" op_0_bw="0">
<![CDATA[
:4  br label %4

]]></Node>
<StgValue><ssdm name="br_ln38"/></StgValue>
</operation>

<operation id="45" st_id="3" stage="1" lat="1">
<core>NULL</core>
<MemPortIdVec></MemPortIdVec>
<condition id="-1">
<or_exp><and_exp><literal name="icmp_ln36" val="1"/>
</and_exp></or_exp>
</condition>

<Node id="73" bw="0">
<![CDATA[
:0  ret void

]]></Node>
<StgValue><ssdm name="ret_ln44"/></StgValue>
</operation>
</state>

<state id="4" st_id="4">

<operation id="46" st_id="4" stage="1" lat="1">
<core>NULL</core>
<MemPortIdVec></MemPortIdVec>
<condition id="-1">
<or_exp><and_exp></and_exp></or_exp>
</condition>

<Node id="45" bw="32" op_0_bw="32" op_1_bw="0" op_2_bw="32" op_3_bw="0">
<![CDATA[
:0  %q_load = phi float [ 0.000000e+00, %3 ], [ %tmp_3, %5 ]

]]></Node>
<StgValue><ssdm name="q_load"/></StgValue>
</operation>

<operation id="47" st_id="4" stage="1" lat="1">
<core>NULL</core>
<MemPortIdVec></MemPortIdVec>
<condition id="-1">
<or_exp><and_exp></and_exp></or_exp>
</condition>

<Node id="46" bw="9" op_0_bw="9" op_1_bw="0" op_2_bw="9" op_3_bw="0">
<![CDATA[
:1  %j_0 = phi i9 [ 0, %3 ], [ %j, %5 ]

]]></Node>
<StgValue><ssdm name="j_0"/></StgValue>
</operation>

<operation id="48" st_id="4" stage="1" lat="1">
<core>Cmp</core>
<MemPortIdVec></MemPortIdVec>
<condition id="-1">
<or_exp><and_exp></and_exp></or_exp>
</condition>

<Node id="47" bw="1" op_0_bw="9" op_1_bw="9">
<![CDATA[
:2  %icmp_ln38 = icmp eq i9 %j_0, -122

]]></Node>
<StgValue><ssdm name="icmp_ln38"/></StgValue>
</operation>

<operation id="49" st_id="4" stage="1" lat="1">
<core>NULL</core>
<MemPortIdVec></MemPortIdVec>
<condition id="-1">
<or_exp><and_exp></and_exp></or_exp>
</condition>

<Node id="48" bw="32" op_0_bw="32" op_1_bw="64" op_2_bw="64" op_3_bw="64">
<![CDATA[
:3  %empty_3 = call i32 (...)* @_ssdm_op_SpecLoopTripCount(i64 390, i64 390, i64 390) nounwind

]]></Node>
<StgValue><ssdm name="empty_3"/></StgValue>
</operation>

<operation id="50" st_id="4" stage="1" lat="1">
<core>AddSub</core>
<MemPortIdVec></MemPortIdVec>
<condition id="-1">
<or_exp><and_exp></and_exp></or_exp>
</condition>

<Node id="49" bw="9" op_0_bw="9" op_1_bw="9">
<![CDATA[
:4  %j = add i9 %j_0, 1

]]></Node>
<StgValue><ssdm name="j"/></StgValue>
</operation>

<operation id="51" st_id="4" stage="1" lat="1">
<core>NULL</core>
<MemPortIdVec></MemPortIdVec>
<condition id="-1">
<or_exp><and_exp></and_exp></or_exp>
</condition>

<Node id="50" bw="0" op_0_bw="1" op_1_bw="0" op_2_bw="0">
<![CDATA[
:5  br i1 %icmp_ln38, label %.preheader.loopexit, label %5

]]></Node>
<StgValue><ssdm name="br_ln38"/></StgValue>
</operation>

<operation id="52" st_id="4" stage="1" lat="1">
<core>NULL</core>
<MemPortIdVec></MemPortIdVec>
<condition id="-1">
<or_exp><and_exp><literal name="icmp_ln38" val="0"/>
</and_exp></or_exp>
</condition>

<Node id="52" bw="64" op_0_bw="9">
<![CDATA[
:0  %zext_ln39 = zext i9 %j_0 to i64

]]></Node>
<StgValue><ssdm name="zext_ln39"/></StgValue>
</operation>

<operation id="53" st_id="4" stage="1" lat="1">
<core>NULL</core>
<MemPortIdVec></MemPortIdVec>
<condition id="-1">
<or_exp><and_exp><literal name="icmp_ln38" val="0"/>
</and_exp></or_exp>
</condition>

<Node id="53" bw="18" op_0_bw="9">
<![CDATA[
:1  %zext_ln39_1 = zext i9 %j_0 to i18

]]></Node>
<StgValue><ssdm name="zext_ln39_1"/></StgValue>
</operation>

<operation id="54" st_id="4" stage="1" lat="1">
<core>AddSub</core>
<MemPortIdVec></MemPortIdVec>
<condition id="-1">
<or_exp><and_exp><literal name="icmp_ln38" val="0"/>
</and_exp></or_exp>
</condition>

<Node id="54" bw="18" op_0_bw="18" op_1_bw="18">
<![CDATA[
:2  %add_ln39 = add i18 %phi_mul, %zext_ln39_1

]]></Node>
<StgValue><ssdm name="add_ln39"/></StgValue>
</operation>

<operation id="55" st_id="4" stage="1" lat="1">
<core>NULL</core>
<MemPortIdVec></MemPortIdVec>
<condition id="-1">
<or_exp><and_exp><literal name="icmp_ln38" val="0"/>
</and_exp></or_exp>
</condition>

<Node id="55" bw="64" op_0_bw="18">
<![CDATA[
:3  %zext_ln39_2 = zext i18 %add_ln39 to i64

]]></Node>
<StgValue><ssdm name="zext_ln39_2"/></StgValue>
</operation>

<operation id="56" st_id="4" stage="1" lat="1">
<core>NULL</core>
<MemPortIdVec></MemPortIdVec>
<condition id="-1">
<or_exp><and_exp><literal name="icmp_ln38" val="0"/>
</and_exp></or_exp>
</condition>

<Node id="56" bw="18" op_0_bw="32" op_1_bw="64" op_2_bw="64">
<![CDATA[
:4  %A_addr = getelementptr [159900 x float]* %A, i64 0, i64 %zext_ln39_2

]]></Node>
<StgValue><ssdm name="A_addr"/></StgValue>
</operation>

<operation id="57" st_id="4" stage="1" lat="1">
<core>NULL</core>
<MemPortIdVec></MemPortIdVec>
<condition id="-1">
<or_exp><and_exp><literal name="icmp_ln38" val="0"/>
</and_exp></or_exp>
</condition>

<Node id="57" bw="9" op_0_bw="32" op_1_bw="64" op_2_bw="64">
<![CDATA[
:5  %s_addr_1 = getelementptr [390 x float]* %s, i64 0, i64 %zext_ln39

]]></Node>
<StgValue><ssdm name="s_addr_1"/></StgValue>
</operation>

<operation id="58" st_id="4" stage="2" lat="2">
<core>RAM</core>
<MemPortIdVec>0 </MemPortIdVec>
<condition id="-1">
<or_exp><and_exp><literal name="icmp_ln38" val="0"/>
</and_exp></or_exp>
</condition>

<Node id="59" bw="32" op_0_bw="9">
<![CDATA[
:7  %r_load = load float* %r_addr, align 4

]]></Node>
<StgValue><ssdm name="r_load"/></StgValue>
</operation>

<operation id="59" st_id="4" stage="2" lat="2">
<core>RAM</core>
<MemPortIdVec>0 </MemPortIdVec>
<condition id="-1">
<or_exp><and_exp><literal name="icmp_ln38" val="0"/>
</and_exp></or_exp>
</condition>

<Node id="60" bw="32" op_0_bw="18">
<![CDATA[
:8  %A_load = load float* %A_addr, align 4

]]></Node>
<StgValue><ssdm name="A_load"/></StgValue>
</operation>

<operation id="60" st_id="4" stage="1" lat="1">
<core>NULL</core>
<MemPortIdVec></MemPortIdVec>
<condition id="-1">
<or_exp><and_exp><literal name="icmp_ln38" val="0"/>
</and_exp></or_exp>
</condition>

<Node id="64" bw="9" op_0_bw="32" op_1_bw="64" op_2_bw="64">
<![CDATA[
:12  %p_addr = getelementptr [390 x float]* %p, i64 0, i64 %zext_ln39

]]></Node>
<StgValue><ssdm name="p_addr"/></StgValue>
</operation>

<operation id="61" st_id="4" stage="2" lat="2">
<core>RAM</core>
<MemPortIdVec>0 </MemPortIdVec>
<condition id="-1">
<or_exp><and_exp><literal name="icmp_ln38" val="0"/>
</and_exp></or_exp>
</condition>

<Node id="65" bw="32" op_0_bw="9">
<![CDATA[
:13  %p_load = load float* %p_addr, align 4

]]></Node>
<StgValue><ssdm name="p_load"/></StgValue>
</operation>

<operation id="62" st_id="4" stage="1" lat="1">
<core>NULL</core>
<MemPortIdVec></MemPortIdVec>
<condition id="-1">
<or_exp><and_exp><literal name="icmp_ln38" val="1"/>
</and_exp></or_exp>
</condition>

<Node id="71" bw="0" op_0_bw="0">
<![CDATA[
.preheader.loopexit:0  br label %.preheader

]]></Node>
<StgValue><ssdm name="br_ln0"/></StgValue>
</operation>
</state>

<state id="5" st_id="5">

<operation id="63" st_id="5" stage="1" lat="2">
<core>RAM</core>
<MemPortIdVec>0 </MemPortIdVec>
<condition id="-1">
<or_exp><and_exp></and_exp></or_exp>
</condition>

<Node id="59" bw="32" op_0_bw="9">
<![CDATA[
:7  %r_load = load float* %r_addr, align 4

]]></Node>
<StgValue><ssdm name="r_load"/></StgValue>
</operation>

<operation id="64" st_id="5" stage="1" lat="2">
<core>RAM</core>
<MemPortIdVec>0 </MemPortIdVec>
<condition id="-1">
<or_exp><and_exp></and_exp></or_exp>
</condition>

<Node id="60" bw="32" op_0_bw="18">
<![CDATA[
:8  %A_load = load float* %A_addr, align 4

]]></Node>
<StgValue><ssdm name="A_load"/></StgValue>
</operation>

<operation id="65" st_id="5" stage="1" lat="2">
<core>RAM</core>
<MemPortIdVec>0 </MemPortIdVec>
<condition id="-1">
<or_exp><and_exp></and_exp></or_exp>
</condition>

<Node id="65" bw="32" op_0_bw="9">
<![CDATA[
:13  %p_load = load float* %p_addr, align 4

]]></Node>
<StgValue><ssdm name="p_load"/></StgValue>
</operation>
</state>

<state id="6" st_id="6">

<operation id="66" st_id="6" stage="3" lat="3">
<core>FMul</core>
<MemPortIdVec></MemPortIdVec>
<condition id="-1">
<or_exp><and_exp></and_exp></or_exp>
</condition>

<Node id="61" bw="32" op_0_bw="32" op_1_bw="32">
<![CDATA[
:9  %tmp = fmul float %r_load, %A_load

]]></Node>
<StgValue><ssdm name="tmp"/></StgValue>
</operation>

<operation id="67" st_id="6" stage="3" lat="3">
<core>FMul</core>
<MemPortIdVec></MemPortIdVec>
<condition id="-1">
<or_exp><and_exp></and_exp></or_exp>
</condition>

<Node id="66" bw="32" op_0_bw="32" op_1_bw="32">
<![CDATA[
:14  %tmp_2 = fmul float %A_load, %p_load

]]></Node>
<StgValue><ssdm name="tmp_2"/></StgValue>
</operation>
</state>

<state id="7" st_id="7">

<operation id="68" st_id="7" stage="2" lat="2">
<core>RAM</core>
<MemPortIdVec>0 </MemPortIdVec>
<condition id="-1">
<or_exp><and_exp></and_exp></or_exp>
</condition>

<Node id="58" bw="32" op_0_bw="9">
<![CDATA[
:6  %s_load = load float* %s_addr_1, align 4

]]></Node>
<StgValue><ssdm name="s_load"/></StgValue>
</operation>

<operation id="69" st_id="7" stage="2" lat="3">
<core>FMul</core>
<MemPortIdVec></MemPortIdVec>
<condition id="-1">
<or_exp><and_exp></and_exp></or_exp>
</condition>

<Node id="61" bw="32" op_0_bw="32" op_1_bw="32">
<![CDATA[
:9  %tmp = fmul float %r_load, %A_load

]]></Node>
<StgValue><ssdm name="tmp"/></StgValue>
</operation>

<operation id="70" st_id="7" stage="2" lat="3">
<core>FMul</core>
<MemPortIdVec></MemPortIdVec>
<condition id="-1">
<or_exp><and_exp></and_exp></or_exp>
</condition>

<Node id="66" bw="32" op_0_bw="32" op_1_bw="32">
<![CDATA[
:14  %tmp_2 = fmul float %A_load, %p_load

]]></Node>
<StgValue><ssdm name="tmp_2"/></StgValue>
</operation>
</state>

<state id="8" st_id="8">

<operation id="71" st_id="8" stage="1" lat="2">
<core>RAM</core>
<MemPortIdVec>0 </MemPortIdVec>
<condition id="-1">
<or_exp><and_exp></and_exp></or_exp>
</condition>

<Node id="58" bw="32" op_0_bw="9">
<![CDATA[
:6  %s_load = load float* %s_addr_1, align 4

]]></Node>
<StgValue><ssdm name="s_load"/></StgValue>
</operation>

<operation id="72" st_id="8" stage="1" lat="3">
<core>FMul</core>
<MemPortIdVec></MemPortIdVec>
<condition id="-1">
<or_exp><and_exp></and_exp></or_exp>
</condition>

<Node id="61" bw="32" op_0_bw="32" op_1_bw="32">
<![CDATA[
:9  %tmp = fmul float %r_load, %A_load

]]></Node>
<StgValue><ssdm name="tmp"/></StgValue>
</operation>

<operation id="73" st_id="8" stage="1" lat="3">
<core>FMul</core>
<MemPortIdVec></MemPortIdVec>
<condition id="-1">
<or_exp><and_exp></and_exp></or_exp>
</condition>

<Node id="66" bw="32" op_0_bw="32" op_1_bw="32">
<![CDATA[
:14  %tmp_2 = fmul float %A_load, %p_load

]]></Node>
<StgValue><ssdm name="tmp_2"/></StgValue>
</operation>
</state>

<state id="9" st_id="9">

<operation id="74" st_id="9" stage="4" lat="4">
<core>FAddSub</core>
<MemPortIdVec></MemPortIdVec>
<condition id="-1">
<or_exp><and_exp></and_exp></or_exp>
</condition>

<Node id="62" bw="32" op_0_bw="32" op_1_bw="32">
<![CDATA[
:10  %tmp_1 = fadd float %s_load, %tmp

]]></Node>
<StgValue><ssdm name="tmp_1"/></StgValue>
</operation>

<operation id="75" st_id="9" stage="4" lat="4">
<core>FAddSub</core>
<MemPortIdVec></MemPortIdVec>
<condition id="-1">
<or_exp><and_exp></and_exp></or_exp>
</condition>

<Node id="67" bw="32" op_0_bw="32" op_1_bw="32">
<![CDATA[
:15  %tmp_3 = fadd float %q_load, %tmp_2

]]></Node>
<StgValue><ssdm name="tmp_3"/></StgValue>
</operation>
</state>

<state id="10" st_id="10">

<operation id="76" st_id="10" stage="3" lat="4">
<core>FAddSub</core>
<MemPortIdVec></MemPortIdVec>
<condition id="-1">
<or_exp><and_exp></and_exp></or_exp>
</condition>

<Node id="62" bw="32" op_0_bw="32" op_1_bw="32">
<![CDATA[
:10  %tmp_1 = fadd float %s_load, %tmp

]]></Node>
<StgValue><ssdm name="tmp_1"/></StgValue>
</operation>

<operation id="77" st_id="10" stage="3" lat="4">
<core>FAddSub</core>
<MemPortIdVec></MemPortIdVec>
<condition id="-1">
<or_exp><and_exp></and_exp></or_exp>
</condition>

<Node id="67" bw="32" op_0_bw="32" op_1_bw="32">
<![CDATA[
:15  %tmp_3 = fadd float %q_load, %tmp_2

]]></Node>
<StgValue><ssdm name="tmp_3"/></StgValue>
</operation>
</state>

<state id="11" st_id="11">

<operation id="78" st_id="11" stage="2" lat="4">
<core>FAddSub</core>
<MemPortIdVec></MemPortIdVec>
<condition id="-1">
<or_exp><and_exp></and_exp></or_exp>
</condition>

<Node id="62" bw="32" op_0_bw="32" op_1_bw="32">
<![CDATA[
:10  %tmp_1 = fadd float %s_load, %tmp

]]></Node>
<StgValue><ssdm name="tmp_1"/></StgValue>
</operation>

<operation id="79" st_id="11" stage="2" lat="4">
<core>FAddSub</core>
<MemPortIdVec></MemPortIdVec>
<condition id="-1">
<or_exp><and_exp></and_exp></or_exp>
</condition>

<Node id="67" bw="32" op_0_bw="32" op_1_bw="32">
<![CDATA[
:15  %tmp_3 = fadd float %q_load, %tmp_2

]]></Node>
<StgValue><ssdm name="tmp_3"/></StgValue>
</operation>
</state>

<state id="12" st_id="12">

<operation id="80" st_id="12" stage="1" lat="4">
<core>FAddSub</core>
<MemPortIdVec></MemPortIdVec>
<condition id="-1">
<or_exp><and_exp></and_exp></or_exp>
</condition>

<Node id="62" bw="32" op_0_bw="32" op_1_bw="32">
<![CDATA[
:10  %tmp_1 = fadd float %s_load, %tmp

]]></Node>
<StgValue><ssdm name="tmp_1"/></StgValue>
</operation>

<operation id="81" st_id="12" stage="1" lat="4">
<core>FAddSub</core>
<MemPortIdVec></MemPortIdVec>
<condition id="-1">
<or_exp><and_exp></and_exp></or_exp>
</condition>

<Node id="67" bw="32" op_0_bw="32" op_1_bw="32">
<![CDATA[
:15  %tmp_3 = fadd float %q_load, %tmp_2

]]></Node>
<StgValue><ssdm name="tmp_3"/></StgValue>
</operation>
</state>

<state id="13" st_id="13">

<operation id="82" st_id="13" stage="1" lat="1">
<core>RAM</core>
<MemPortIdVec>0 </MemPortIdVec>
<condition id="-1">
<or_exp><and_exp></and_exp></or_exp>
</condition>

<Node id="63" bw="0" op_0_bw="32" op_1_bw="9" op_2_bw="32">
<![CDATA[
:11  store float %tmp_1, float* %s_addr_1, align 4

]]></Node>
<StgValue><ssdm name="store_ln39"/></StgValue>
</operation>

<operation id="83" st_id="13" stage="1" lat="1">
<core>RAM</core>
<MemPortIdVec>0 </MemPortIdVec>
<condition id="-1">
<or_exp><and_exp></and_exp></or_exp>
</condition>

<Node id="68" bw="0" op_0_bw="32" op_1_bw="9">
<![CDATA[
:16  store float %tmp_3, float* %q_addr, align 4

]]></Node>
<StgValue><ssdm name="store_ln40"/></StgValue>
</operation>

<operation id="84" st_id="13" stage="1" lat="1">
<core>NULL</core>
<MemPortIdVec></MemPortIdVec>
<condition id="-1">
<or_exp><and_exp></and_exp></or_exp>
</condition>

<Node id="69" bw="0" op_0_bw="0">
<![CDATA[
:17  br label %4

]]></Node>
<StgValue><ssdm name="br_ln38"/></StgValue>
</operation>
</state>
</state_list>


<ports>
<port id="101" name="m" dir="0" iftype="0">
<core>NULL</core><StgValue><ssdm name="m"/></StgValue>
</port>
<port id="102" name="n" dir="0" iftype="0">
<core>NULL</core><StgValue><ssdm name="n"/></StgValue>
</port>
<port id="103" name="A" dir="0" iftype="1">
<core>RAM</core><StgValue><ssdm name="A"/><MemPortTyVec>1 3 </MemPortTyVec>
</StgValue>
</port>
<port id="104" name="s" dir="2" iftype="1">
<core>RAM</core><StgValue><ssdm name="s"/><MemPortTyVec>2 3 </MemPortTyVec>
</StgValue>
</port>
<port id="105" name="q" dir="1" iftype="1">
<core>RAM</core><StgValue><ssdm name="q"/><MemPortTyVec>0 3 </MemPortTyVec>
</StgValue>
</port>
<port id="106" name="p" dir="0" iftype="1">
<core>RAM</core><StgValue><ssdm name="p"/><MemPortTyVec>1 3 </MemPortTyVec>
</StgValue>
</port>
<port id="107" name="r" dir="0" iftype="1">
<core>RAM</core><StgValue><ssdm name="r"/><MemPortTyVec>1 3 </MemPortTyVec>
</StgValue>
</port>
</ports>


<dataflows>
<dataflow id="109" from="_ssdm_op_SpecBitsMap" to="specbitsmap_ln0" fromId="108" toId="14">
</dataflow>
<dataflow id="110" from="m" to="specbitsmap_ln0" fromId="101" toId="14">
</dataflow>
<dataflow id="111" from="_ssdm_op_SpecBitsMap" to="specbitsmap_ln0" fromId="108" toId="15">
</dataflow>
<dataflow id="112" from="n" to="specbitsmap_ln0" fromId="102" toId="15">
</dataflow>
<dataflow id="113" from="_ssdm_op_SpecBitsMap" to="specbitsmap_ln0" fromId="108" toId="16">
</dataflow>
<dataflow id="114" from="A" to="specbitsmap_ln0" fromId="103" toId="16">
</dataflow>
<dataflow id="115" from="_ssdm_op_SpecBitsMap" to="specbitsmap_ln0" fromId="108" toId="17">
</dataflow>
<dataflow id="116" from="s" to="specbitsmap_ln0" fromId="104" toId="17">
</dataflow>
<dataflow id="117" from="_ssdm_op_SpecBitsMap" to="specbitsmap_ln0" fromId="108" toId="18">
</dataflow>
<dataflow id="118" from="q" to="specbitsmap_ln0" fromId="105" toId="18">
</dataflow>
<dataflow id="119" from="_ssdm_op_SpecBitsMap" to="specbitsmap_ln0" fromId="108" toId="19">
</dataflow>
<dataflow id="120" from="p" to="specbitsmap_ln0" fromId="106" toId="19">
</dataflow>
<dataflow id="121" from="_ssdm_op_SpecBitsMap" to="specbitsmap_ln0" fromId="108" toId="20">
</dataflow>
<dataflow id="122" from="r" to="specbitsmap_ln0" fromId="107" toId="20">
</dataflow>
<dataflow id="124" from="_ssdm_op_SpecTopModule" to="spectopmodule_ln0" fromId="123" toId="21">
</dataflow>
<dataflow id="126" from="kernel_bicg_base_str" to="spectopmodule_ln0" fromId="125" toId="21">
</dataflow>
<dataflow id="128" from="StgValue_127" to="i_0" fromId="127" toId="23">
<condition id="-1">
<or_exp><and_exp></and_exp></or_exp>
</condition>
</dataflow>
<dataflow id="129" from="br_ln34" to="i_0" fromId="22" toId="23">
</dataflow>
<dataflow id="130" from="i" to="i_0" fromId="26" toId="23">
<BackEdge/>
<condition id="-1">
<or_exp><and_exp><literal name="icmp_ln34" val="0"/>
</and_exp></or_exp>
</condition>
</dataflow>
<dataflow id="131" from="br_ln34" to="i_0" fromId="31" toId="23">
<BackEdge/>
</dataflow>
<dataflow id="132" from="i_0" to="icmp_ln34" fromId="23" toId="24">
</dataflow>
<dataflow id="134" from="StgValue_133" to="icmp_ln34" fromId="133" toId="24">
</dataflow>
<dataflow id="136" from="_ssdm_op_SpecLoopTripCount" to="empty" fromId="135" toId="25">
</dataflow>
<dataflow id="138" from="StgValue_137" to="empty" fromId="137" toId="25">
</dataflow>
<dataflow id="139" from="StgValue_137" to="empty" fromId="137" toId="25">
</dataflow>
<dataflow id="140" from="StgValue_137" to="empty" fromId="137" toId="25">
</dataflow>
<dataflow id="141" from="i_0" to="i" fromId="23" toId="26">
</dataflow>
<dataflow id="143" from="StgValue_142" to="i" fromId="142" toId="26">
</dataflow>
<dataflow id="144" from="icmp_ln34" to="br_ln34" fromId="24" toId="27">
</dataflow>
<dataflow id="145" from="i_0" to="zext_ln35" fromId="23" toId="28">
</dataflow>
<dataflow id="146" from="s" to="s_addr" fromId="104" toId="29">
</dataflow>
<dataflow id="148" from="StgValue_147" to="s_addr" fromId="147" toId="29">
</dataflow>
<dataflow id="149" from="zext_ln35" to="s_addr" fromId="28" toId="29">
</dataflow>
<dataflow id="151" from="StgValue_150" to="store_ln35" fromId="150" toId="30">
</dataflow>
<dataflow id="152" from="s_addr" to="store_ln35" fromId="29" toId="30">
</dataflow>
<dataflow id="153" from="i_2" to="i_1" fromId="38" toId="33">
<BackEdge/>
<condition id="-1">
<or_exp><and_exp><literal name="icmp_ln38" val="1"/>
</and_exp></or_exp>
</condition>
</dataflow>
<dataflow id="154" from="br_ln0" to="i_1" fromId="62" toId="33">
<BackEdge/>
</dataflow>
<dataflow id="155" from="StgValue_127" to="i_1" fromId="127" toId="33">
<condition id="-1">
<or_exp><and_exp><literal name="icmp_ln34" val="1"/>
</and_exp></or_exp>
</condition>
</dataflow>
<dataflow id="156" from="br_ln36" to="i_1" fromId="32" toId="33">
</dataflow>
<dataflow id="157" from="add_ln36" to="phi_mul" fromId="35" toId="34">
<BackEdge/>
<condition id="-1">
<or_exp><and_exp><literal name="icmp_ln38" val="1"/>
</and_exp></or_exp>
</condition>
</dataflow>
<dataflow id="158" from="br_ln0" to="phi_mul" fromId="62" toId="34">
<BackEdge/>
</dataflow>
<dataflow id="160" from="StgValue_159" to="phi_mul" fromId="159" toId="34">
<condition id="-1">
<or_exp><and_exp><literal name="icmp_ln34" val="1"/>
</and_exp></or_exp>
</condition>
</dataflow>
<dataflow id="161" from="br_ln36" to="phi_mul" fromId="32" toId="34">
</dataflow>
<dataflow id="162" from="phi_mul" to="add_ln36" fromId="34" toId="35">
</dataflow>
<dataflow id="164" from="StgValue_163" to="add_ln36" fromId="163" toId="35">
</dataflow>
<dataflow id="165" from="i_1" to="icmp_ln36" fromId="33" toId="36">
</dataflow>
<dataflow id="167" from="StgValue_166" to="icmp_ln36" fromId="166" toId="36">
</dataflow>
<dataflow id="168" from="_ssdm_op_SpecLoopTripCount" to="empty_2" fromId="135" toId="37">
</dataflow>
<dataflow id="170" from="StgValue_169" to="empty_2" fromId="169" toId="37">
</dataflow>
<dataflow id="171" from="StgValue_169" to="empty_2" fromId="169" toId="37">
</dataflow>
<dataflow id="172" from="StgValue_169" to="empty_2" fromId="169" toId="37">
</dataflow>
<dataflow id="173" from="i_1" to="i_2" fromId="33" toId="38">
</dataflow>
<dataflow id="174" from="StgValue_142" to="i_2" fromId="142" toId="38">
</dataflow>
<dataflow id="175" from="icmp_ln36" to="br_ln36" fromId="36" toId="39">
</dataflow>
<dataflow id="176" from="i_1" to="zext_ln37" fromId="33" toId="40">
</dataflow>
<dataflow id="177" from="q" to="q_addr" fromId="105" toId="41">
</dataflow>
<dataflow id="178" from="StgValue_147" to="q_addr" fromId="147" toId="41">
</dataflow>
<dataflow id="179" from="zext_ln37" to="q_addr" fromId="40" toId="41">
</dataflow>
<dataflow id="180" from="StgValue_150" to="store_ln37" fromId="150" toId="42">
</dataflow>
<dataflow id="181" from="q_addr" to="store_ln37" fromId="41" toId="42">
</dataflow>
<dataflow id="182" from="r" to="r_addr" fromId="107" toId="43">
</dataflow>
<dataflow id="183" from="StgValue_147" to="r_addr" fromId="147" toId="43">
</dataflow>
<dataflow id="184" from="zext_ln37" to="r_addr" fromId="40" toId="43">
</dataflow>
<dataflow id="185" from="StgValue_150" to="q_load" fromId="150" toId="46">
<condition id="-1">
<or_exp><and_exp><literal name="icmp_ln36" val="0"/>
</and_exp></or_exp>
</condition>
</dataflow>
<dataflow id="186" from="br_ln38" to="q_load" fromId="44" toId="46">
</dataflow>
<dataflow id="187" from="tmp_3" to="q_load" fromId="81" toId="46">
<BackEdge/>
<condition id="-1">
<or_exp><and_exp></and_exp></or_exp>
</condition>
</dataflow>
<dataflow id="188" from="br_ln38" to="q_load" fromId="84" toId="46">
<BackEdge/>
</dataflow>
<dataflow id="189" from="StgValue_127" to="j_0" fromId="127" toId="47">
<condition id="-1">
<or_exp><and_exp><literal name="icmp_ln36" val="0"/>
</and_exp></or_exp>
</condition>
</dataflow>
<dataflow id="190" from="br_ln38" to="j_0" fromId="44" toId="47">
</dataflow>
<dataflow id="191" from="j" to="j_0" fromId="50" toId="47">
<BackEdge/>
<condition id="-1">
<or_exp><and_exp></and_exp></or_exp>
</condition>
</dataflow>
<dataflow id="192" from="br_ln38" to="j_0" fromId="84" toId="47">
<BackEdge/>
</dataflow>
<dataflow id="193" from="j_0" to="icmp_ln38" fromId="47" toId="48">
</dataflow>
<dataflow id="194" from="StgValue_133" to="icmp_ln38" fromId="133" toId="48">
</dataflow>
<dataflow id="195" from="_ssdm_op_SpecLoopTripCount" to="empty_3" fromId="135" toId="49">
</dataflow>
<dataflow id="196" from="StgValue_137" to="empty_3" fromId="137" toId="49">
</dataflow>
<dataflow id="197" from="StgValue_137" to="empty_3" fromId="137" toId="49">
</dataflow>
<dataflow id="198" from="StgValue_137" to="empty_3" fromId="137" toId="49">
</dataflow>
<dataflow id="199" from="j_0" to="j" fromId="47" toId="50">
</dataflow>
<dataflow id="200" from="StgValue_142" to="j" fromId="142" toId="50">
</dataflow>
<dataflow id="201" from="icmp_ln38" to="br_ln38" fromId="48" toId="51">
</dataflow>
<dataflow id="202" from="j_0" to="zext_ln39" fromId="47" toId="52">
</dataflow>
<dataflow id="203" from="j_0" to="zext_ln39_1" fromId="47" toId="53">
</dataflow>
<dataflow id="204" from="phi_mul" to="add_ln39" fromId="34" toId="54">
</dataflow>
<dataflow id="205" from="zext_ln39_1" to="add_ln39" fromId="53" toId="54">
</dataflow>
<dataflow id="206" from="add_ln39" to="zext_ln39_2" fromId="54" toId="55">
</dataflow>
<dataflow id="207" from="A" to="A_addr" fromId="103" toId="56">
</dataflow>
<dataflow id="208" from="StgValue_147" to="A_addr" fromId="147" toId="56">
</dataflow>
<dataflow id="209" from="zext_ln39_2" to="A_addr" fromId="55" toId="56">
</dataflow>
<dataflow id="210" from="s" to="s_addr_1" fromId="104" toId="57">
</dataflow>
<dataflow id="211" from="StgValue_147" to="s_addr_1" fromId="147" toId="57">
</dataflow>
<dataflow id="212" from="zext_ln39" to="s_addr_1" fromId="52" toId="57">
</dataflow>
<dataflow id="213" from="r_addr" to="r_load" fromId="43" toId="58">
</dataflow>
<dataflow id="214" from="A_addr" to="A_load" fromId="56" toId="59">
</dataflow>
<dataflow id="215" from="p" to="p_addr" fromId="106" toId="60">
</dataflow>
<dataflow id="216" from="StgValue_147" to="p_addr" fromId="147" toId="60">
</dataflow>
<dataflow id="217" from="zext_ln39" to="p_addr" fromId="52" toId="60">
</dataflow>
<dataflow id="218" from="p_addr" to="p_load" fromId="60" toId="61">
</dataflow>
<dataflow id="219" from="r_addr" to="r_load" fromId="43" toId="63">
</dataflow>
<dataflow id="220" from="A_addr" to="A_load" fromId="56" toId="64">
</dataflow>
<dataflow id="221" from="p_addr" to="p_load" fromId="60" toId="65">
</dataflow>
<dataflow id="222" from="r_load" to="tmp" fromId="63" toId="66">
</dataflow>
<dataflow id="223" from="A_load" to="tmp" fromId="64" toId="66">
</dataflow>
<dataflow id="224" from="A_load" to="tmp_2" fromId="64" toId="67">
</dataflow>
<dataflow id="225" from="p_load" to="tmp_2" fromId="65" toId="67">
</dataflow>
<dataflow id="226" from="s_addr_1" to="s_load" fromId="57" toId="68">
</dataflow>
<dataflow id="227" from="r_load" to="tmp" fromId="63" toId="69">
</dataflow>
<dataflow id="228" from="A_load" to="tmp" fromId="64" toId="69">
</dataflow>
<dataflow id="229" from="A_load" to="tmp_2" fromId="64" toId="70">
</dataflow>
<dataflow id="230" from="p_load" to="tmp_2" fromId="65" toId="70">
</dataflow>
<dataflow id="231" from="s_addr_1" to="s_load" fromId="57" toId="71">
</dataflow>
<dataflow id="232" from="r_load" to="tmp" fromId="63" toId="72">
</dataflow>
<dataflow id="233" from="A_load" to="tmp" fromId="64" toId="72">
</dataflow>
<dataflow id="234" from="A_load" to="tmp_2" fromId="64" toId="73">
</dataflow>
<dataflow id="235" from="p_load" to="tmp_2" fromId="65" toId="73">
</dataflow>
<dataflow id="236" from="s_load" to="tmp_1" fromId="71" toId="74">
</dataflow>
<dataflow id="237" from="tmp" to="tmp_1" fromId="72" toId="74">
</dataflow>
<dataflow id="238" from="q_load" to="tmp_3" fromId="46" toId="75">
</dataflow>
<dataflow id="239" from="tmp_2" to="tmp_3" fromId="73" toId="75">
</dataflow>
<dataflow id="240" from="s_load" to="tmp_1" fromId="71" toId="76">
</dataflow>
<dataflow id="241" from="tmp" to="tmp_1" fromId="72" toId="76">
</dataflow>
<dataflow id="242" from="q_load" to="tmp_3" fromId="46" toId="77">
</dataflow>
<dataflow id="243" from="tmp_2" to="tmp_3" fromId="73" toId="77">
</dataflow>
<dataflow id="244" from="s_load" to="tmp_1" fromId="71" toId="78">
</dataflow>
<dataflow id="245" from="tmp" to="tmp_1" fromId="72" toId="78">
</dataflow>
<dataflow id="246" from="q_load" to="tmp_3" fromId="46" toId="79">
</dataflow>
<dataflow id="247" from="tmp_2" to="tmp_3" fromId="73" toId="79">
</dataflow>
<dataflow id="248" from="s_load" to="tmp_1" fromId="71" toId="80">
</dataflow>
<dataflow id="249" from="tmp" to="tmp_1" fromId="72" toId="80">
</dataflow>
<dataflow id="250" from="q_load" to="tmp_3" fromId="46" toId="81">
</dataflow>
<dataflow id="251" from="tmp_2" to="tmp_3" fromId="73" toId="81">
</dataflow>
<dataflow id="252" from="tmp_1" to="store_ln39" fromId="80" toId="82">
</dataflow>
<dataflow id="253" from="s_addr_1" to="store_ln39" fromId="57" toId="82">
</dataflow>
<dataflow id="254" from="tmp_3" to="store_ln40" fromId="81" toId="83">
</dataflow>
<dataflow id="255" from="q_addr" to="store_ln40" fromId="41" toId="83">
</dataflow>
<dataflow id="256" from="icmp_ln34" to="StgValue_2" fromId="24" toId="2">
</dataflow>
<dataflow id="257" from="icmp_ln36" to="StgValue_3" fromId="36" toId="3">
</dataflow>
<dataflow id="258" from="icmp_ln38" to="StgValue_4" fromId="48" toId="4">
</dataflow>
</dataflows>


</stg>
