<stg><name>kernel_bicg_base</name>


<trans_list>

<trans id="85" from="1" to="2">
<condition id="-1">
<or_exp><and_exp></and_exp></or_exp>
</condition>
</trans>

<trans id="86" from="2" to="2">
<condition id="-1">
<or_exp><and_exp><literal name="icmp_ln34" val="0"/>
</and_exp></or_exp>
</condition>
</trans>

<trans id="87" from="2" to="3">
<condition id="-1">
<or_exp><and_exp><literal name="icmp_ln34" val="1"/>
</and_exp></or_exp>
</condition>
</trans>

<trans id="88" from="3" to="4">
<condition id="-1">
<or_exp><and_exp><literal name="icmp_ln36" val="0"/>
</and_exp></or_exp>
</condition>
</trans>

<trans id="89" from="4" to="5">
<condition id="-1">
<or_exp><and_exp><literal name="icmp_ln38" val="0"/>
</and_exp></or_exp>
</condition>
</trans>

<trans id="100" from="4" to="3">
<condition id="-1">
<or_exp><and_exp><literal name="icmp_ln38" val="1"/>
</and_exp></or_exp>
</condition>
</trans>

<trans id="91" from="5" to="6">
<condition id="-1">
<or_exp><and_exp></and_exp></or_exp>
</condition>
</trans>

<trans id="92" from="6" to="7">
<condition id="-1">
<or_exp><and_exp></and_exp></or_exp>
</condition>
</trans>

<trans id="93" from="7" to="8">
<condition id="-1">
<or_exp><and_exp></and_exp></or_exp>
</condition>
</trans>

<trans id="94" from="8" to="9">
<condition id="-1">
<or_exp><and_exp></and_exp></or_exp>
</condition>
</trans>

<trans id="95" from="9" to="10">
<condition id="-1">
<or_exp><and_exp></and_exp></or_exp>
</condition>
</trans>

<trans id="96" from="10" to="11">
<condition id="-1">
<or_exp><and_exp></and_exp></or_exp>
</condition>
</trans>

<trans id="97" from="11" to="12">
<condition id="-1">
<or_exp><and_exp></and_exp></or_exp>
</condition>
</trans>

<trans id="98" from="12" to="13">
<condition id="-1">
<or_exp><and_exp></and_exp></or_exp>
</condition>
</trans>

<trans id="99" from="13" to="4">
<condition id="-1">
<or_exp><and_exp></and_exp></or_exp>
</condition>
</trans>
</trans_list>



<state_list>

<state id="1" st_id="1">

<operation id="14" st_id="1" stage="1" lat="1">
<core>NULL</core>
<MemPortIdVec></MemPortIdVec>
<condition id="-1">
<or_exp><and_exp></and_exp></or_exp>
</condition>

<Node id="8" bw="0" op_0_bw="0" op_1_bw="32">
<![CDATA[
:0  call void (...)* @_ssdm_op_SpecBitsMap(i32 %m) nounwind, !map !7

]]></Node>
<StgValue><ssdm name="specbitsmap_ln0"/></StgValue>
</operation>

<operation id="15" st_id="1" stage="1" lat="1">
<core>NULL</core>
<MemPortIdVec></MemPortIdVec>
<condition id="-1">
<or_exp><and_exp></and_exp></or_exp>
</condition>

<Node id="9" bw="0" op_0_bw="0" op_1_bw="32">
<![CDATA[
:1  call void (...)* @_ssdm_op_SpecBitsMap(i32 %n) nounwind, !map !13

]]></Node>
<StgValue><ssdm name="specbitsmap_ln0"/></StgValue>
</operation>

<operation id="16" st_id="1" stage="1" lat="1">
<core>NULL</core>
<MemPortIdVec></MemPortIdVec>
<condition id="-1">
<or_exp><and_exp></and_exp></or_exp>
</condition>

<Node id="10" bw="0" op_0_bw="0" op_1_bw="32">
<![CDATA[
:2  call void (...)* @_ssdm_op_SpecBitsMap([159900 x float]* %A) nounwind, !map !17

]]></Node>
<StgValue><ssdm name="specbitsmap_ln0"/></StgValue>
</operation>

<operation id="17" st_id="1" stage="1" lat="1">
<core>NULL</core>
<MemPortIdVec></MemPortIdVec>
<condition id="-1">
<or_exp><and_exp></and_exp></or_exp>
</condition>

<Node id="11" bw="0" op_0_bw="0" op_1_bw="32">
<![CDATA[
:3  call void (...)* @_ssdm_op_SpecBitsMap([390 x float]* %s) nounwind, !map !24

]]></Node>
<StgValue><ssdm name="specbitsmap_ln0"/></StgValue>
</operation>

<operation id="18" st_id="1" stage="1" lat="1">
<core>NULL</core>
<MemPortIdVec></MemPortIdVec>
<condition id="-1">
<or_exp><and_exp></and_exp></or_exp>
</condition>

<Node id="12" bw="0" op_0_bw="0" op_1_bw="32">
<![CDATA[
:4  call void (...)* @_ssdm_op_SpecBitsMap([410 x float]* %q) nounwind, !map !29

]]></Node>
<StgValue><ssdm name="specbitsmap_ln0"/></StgValue>
</operation>

<operation id="19" st_id="1" stage="1" lat="1">
<core>NULL</core>
<MemPortIdVec></MemPortIdVec>
<condition id="-1">
<or_exp><and_exp></and_exp></or_exp>
</condition>

<Node id="13" bw="0" op_0_bw="0" op_1_bw="32">
<![CDATA[
:5  call void (...)* @_ssdm_op_SpecBitsMap([390 x float]* %p) nounwind, !map !34

]]></Node>
<StgValue><ssdm name="specbitsmap_ln0"/></StgValue>
</operation>

<operation id="20" st_id="1" stage="1" lat="1">
<core>NULL</core>
<MemPortIdVec></MemPortIdVec>
<condition id="-1">
<or_exp><and_exp></and_exp></or_exp>
</condition>

<Node id="14" bw="0" op_0_bw="0" op_1_bw="32">
<![CDATA[
:6  call void (...)* @_ssdm_op_SpecBitsMap([410 x float]* %r) nounwind, !map !38

]]></Node>
<StgValue><ssdm name="specbitsmap_ln0"/></StgValue>
</operation>

<operation id="21" st_id="1" stage="1" lat="1">
<core>NULL</core>
<MemPortIdVec></MemPortIdVec>
<condition id="-1">
<or_exp><and_exp></and_exp></or_exp>
</condition>

<Node id="15" bw="0" op_0_bw="0" op_1_bw="0">
<![CDATA[
:7  call void (...)* @_ssdm_op_SpecTopModule([17 x i8]* @kernel_bicg_base_str) nounwind

]]></Node>
<StgValue><ssdm name="spectopmodule_ln0"/></StgValue>
</operation>

<operation id="22" st_id="1" stage="1" lat="1">
<core>NULL</core>
<MemPortIdVec></MemPortIdVec>
<condition id="-1">
<or_exp><and_exp></and_exp></or_exp>
</condition>

<Node id="16" bw="0" op_0_bw="0">
<![CDATA[
:8  br label %1

]]></Node>
<StgValue><ssdm name="br_ln34"/></StgValue>
</operation>
</state>

<state id="2" st_id="2">

<operation id="23" st_id="2" stage="1" lat="1">
<core>NULL</core>
<MemPortIdVec></MemPortIdVec>
<condition id="-1">
<or_exp><and_exp></and_exp></or_exp>
</condition>

<Node id="18" bw="9" op_0_bw="9" op_1_bw="0" op_2_bw="9" op_3_bw="0">
<![CDATA[
:0  %i_0 = phi i9 [ 0, %0 ], [ %i, %2 ]

]]></Node>
<StgValue><ssdm name="i_0"/></StgValue>
</operation>

<operation id="24" st_id="2" stage="1" lat="1">
<core>Cmp</core>
<MemPortIdVec></MemPortIdVec>
<condition id="-1">
<or_exp><and_exp></and_exp></or_exp>
</condition>

<Node id="19" bw="1" op_0_bw="9" op_1_bw="9">
<![CDATA[
:1  %icmp_ln34 = icmp eq i9 %i_0, -122

]]></Node>
<StgValue><ssdm name="icmp_ln34"/></StgValue>
</operation>

<operation id="25" st_id="2" stage="1" lat="1">
<core>NULL</core>
<MemPortIdVec></MemPortIdVec>
<condition id="-1">
<or_exp><and_exp></and_exp></or_exp>
</condition>

<Node id="20" bw="32" op_0_bw="32" op_1_bw="64" op_2_bw="64" op_3_bw="64">
<![CDATA[
:2  %empty = call i32 (...)* @_ssdm_op_SpecLoopTripCount(i64 390, i64 390, i64 390) nounwind

]]></Node>
<StgValue><ssdm name="empty"/></StgValue>
</operation>

<operation id="26" st_id="2" stage="1" lat="1">
<core>AddSub</core>
<MemPortIdVec></MemPortIdVec>
<condition id="-1">
<or_exp><and_exp></and_exp></or_exp>
</condition>

<Node id="21" bw="9" op_0_bw="9" op_1_bw="9">
<![CDATA[
:3  %i = add i9 %i_0, 1

]]></Node>
<StgValue><ssdm name="i"/></StgValue>
</operation>

<operation id="27" st_id="2" stage="1" lat="1">
<core>NULL</core>
<MemPortIdVec></MemPortIdVec>
<condition id="-1">
<or_exp><and_exp></and_exp></or_exp>
</condition>

<Node id="22" bw="0" op_0_bw="1" op_1_bw="0" op_2_bw="0">
<![CDATA[
:4  br i1 %icmp_ln34, label %.preheader.preheader, label %2

]]></Node>
<StgValue><ssdm name="br_ln34"/></StgValue>
</operation>

<operation id="28" st_id="2" stage="1" lat="1">
<core>NULL</core>
<MemPortIdVec></MemPortIdVec>
<condition id="-1">
<or_exp><and_exp><literal name="icmp_ln34" val="0"/>
</and_exp></or_exp>
</condition>

<Node id="24" bw="64" op_0_bw="9">
<![CDATA[
:0  %zext_ln35 = zext i9 %i_0 to i64

]]></Node>
<StgValue><ssdm name="zext_ln35"/></StgValue>
</operation>

<operation id="29" st_id="2" stage="1" lat="1">
<core>NULL</core>
<MemPortIdVec></MemPortIdVec>
<condition id="-1">
<or_exp><and_exp><literal name="icmp_ln34" val="0"/>
</and_exp></or_exp>
</condition>

<Node id="25" bw="9" op_0_bw="32" op_1_bw="64" op_2_bw="64">
<![CDATA[
:1  %s_addr = getelementptr [390 x float]* %s, i64 0, i64 %zext_ln35

]]></Node>
<StgValue><ssdm name="s_addr"/></StgValue>
</operation>

<operation id="30" st_id="2" stage="1" lat="1">
<core>RAM</core>
<MemPortIdVec></MemPortIdVec>
<condition id="-1">
<or_exp><and_exp><literal name="icmp_ln34" val="0"/>
</and_exp></or_exp>
</condition>

<Node id="26" bw="0" op_0_bw="32" op_1_bw="9">
<![CDATA[
:2  store float 0.000000e+00, float* %s_addr, align 4

]]></Node>
<StgValue><ssdm name="store_ln35"/></StgValue>
</operation>

<operation id="31" st_id="2" stage="1" lat="1">
<core>NULL</core>
<MemPortIdVec></MemPortIdVec>
<condition id="-1">
<or_exp><and_exp><literal name="icmp_ln34" val="0"/>
</and_exp></or_exp>
</condition>

<Node id="27" bw="0" op_0_bw="0">
<![CDATA[
:3  br label %1

]]></Node>
<StgValue><ssdm name="br_ln34"/></StgValue>
</operation>

<operation id="32" st_id="2" stage="1" lat="1">
<core>NULL</core>
<MemPortIdVec></MemPortIdVec>
<condition id="-1">
<or_exp><and_exp><literal name="icmp_ln34" val="1"/>
</and_exp></or_exp>
</condition>

<Node id="29" bw="0" op_0_bw="0">
<![CDATA[
.preheader.preheader:0  br label %.preheader

]]></Node>
<StgValue><ssdm name="br_ln36"/></StgValue>
</operation>
</state>

<state id="3" st_id="3">

<operation id="33" st_id="3" stage="1" lat="1">
<core>NULL</core>
<MemPortIdVec></MemPortIdVec>
<condition id="-1">
<or_exp><and_exp></and_exp></or_exp>
</condition>

<Node id="31" bw="9" op_0_bw="9" op_1_bw="0" op_2_bw="9" op_3_bw="0">
<![CDATA[
.preheader:0  %i_1 = phi i9 [ %i_2, %.preheader.loopexit ], [ 0, %.preheader.preheader ]

]]></Node>
<StgValue><ssdm name="i_1"/></StgValue>
</operation>

<operation id="34" st_id="3" stage="1" lat="1">
<core>NULL</core>
<MemPortIdVec></MemPortIdVec>
<condition id="-1">
<or_exp><and_exp></and_exp></or_exp>
</condition>

<Node id="32" bw="18" op_0_bw="18" op_1_bw="0" op_2_bw="18" op_3_bw="0">
<![CDATA[
.preheader:1  %phi_mul = phi i18 [ %add_ln36, %.preheader.loopexit ], [ 0, %.preheader.preheader ]

]]></Node>
<StgValue><ssdm name="phi_mul"/></StgValue>
</operation>

<operation id="35" st_id="3" stage="1" lat="1">
<core>AddSub</core>
<MemPortIdVec></MemPortIdVec>
<condition id="-1">
<or_exp><and_exp></and_exp></or_exp>
</condition>

<Node id="33" bw="18" op_0_bw="18" op_1_bw="18">
<![CDATA[
.preheader:2  %add_ln36 = add i18 %phi_mul, 390

]]></Node>
<StgValue><ssdm name="add_ln36"/></StgValue>
</operation>

<operation id="36" st_id="3" stage="1" lat="1">
<core>Cmp</core>
<MemPortIdVec></MemPortIdVec>
<condition id="-1">
<or_exp><and_exp></and_exp></or_exp>
</condition>

<Node id="34" bw="1" op_0_bw="9" op_1_bw="9">
<![CDATA[
.preheader:3  %icmp_ln36 = icmp eq i9 %i_1, -102

]]></Node>
<StgValue><ssdm name="icmp_ln36"/></StgValue>
</operation>

<operation id="37" st_id="3" stage="1" lat="1">
<core>NULL</core>
<MemPortIdVec></MemPortIdVec>
<condition id="-1">
<or_exp><and_exp></and_exp></or_exp>
</condition>

<Node id="35" bw="32" op_0_bw="32" op_1_bw="64" op_2_bw="64" op_3_bw="64">
<![CDATA[
.preheader:4  %empty_2 = call i32 (...)* @_ssdm_op_SpecLoopTripCount(i64 410, i64 410, i64 410) nounwind

]]></Node>
<StgValue><ssdm name="empty_2"/></StgValue>
</operation>

<operation id="38" st_id="3" stage="1" lat="1">
<core>AddSub</core>
<MemPortIdVec></MemPortIdVec>
<condition id="-1">
<or_exp><and_exp></and_exp></or_exp>
</condition>

<Node id="36" bw="9" op_0_bw="9" op_1_bw="9">
<![CDATA[
.preheader:5  %i_2 = add i9 %i_1, 1

]]></Node>
<StgValue><ssdm name="i_2"/></StgValue>
</operation>

<operation id="39" st_id="3" stage="1" lat="1">
<core>NULL</core>
<MemPortIdVec></MemPortIdVec>
<condition id="-1">
<or_exp><and_exp></and_exp></or_exp>
</condition>

<Node id="37" bw="0" op_0_bw="1" op_1_bw="0" op_2_bw="0">
<![CDATA[
.preheader:6  br i1 %icmp_ln36, label %6, label %3

]]></Node>
<StgValue><ssdm name="br_ln36"/></StgValue>
</operation>

<operation id="40" st_id="3" stage="1" lat="1">
<core>NULL</core>
<MemPortIdVec></MemPortIdVec>
<condition id="-1">
<or_exp><and_exp><literal name="icmp_ln36" val="0"/>
</and_exp></or_exp>
</condition>

<Node id="39" bw="64" op_0_bw="9">
<![CDATA[
:0  %zext_ln37 = zext i9 %i_1 to i64

]]></Node>
<StgValue><ssdm name="zext_ln37"/></StgValue>
</operation>

<operation id="41" st_id="3" stage="1" lat="1">
<core>NULL</core>
<MemPortIdVec></MemPortIdVec>
<condition id="-1">
<or_exp><and_exp><literal name="icmp_ln36" val="0"/>
</and_exp></or_exp>
</condition>

<Node id="40" bw="9" op_0_bw="32" op_1_bw="64" op_2_bw="64">
<![CDATA[
:1  %q_addr = getelementptr [410 x float]* %q, i64 0, i64 %zext_ln37

]]></Node>
<StgValue><ssdm name="q_addr"/></StgValue>
</operation>

<operation id="42" st_id="3" stage="1" lat="1">
<core>RAM</core>
<MemPortIdVec></MemPortIdVec>
<condition id="-1">
<or_exp><and_exp><literal name="icmp_ln36" val="0"/>
</and_exp></or_exp>
</condition>

<Node id="41" bw="0" op_0_bw="32" op_1_bw="9">
<![CDATA[
:2  store float 0.000000e+00, float* %q_addr, align 4

]]></Node>
<StgValue><ssdm name="store_ln37"/></StgValue>
</operation>

<operation id="43" st_id="3" stage="1" lat="1">
<core>NULL</core>
<MemPortIdVec></MemPortIdVec>
<condition id="-1">
<or_exp><and_exp><literal name="icmp_ln36" val="0"/>
</and_exp></or_exp>
</condition>

<Node id="42" bw="9" op_0_bw="32" op_1_bw="64" op_2_bw="64">
<![CDATA[
:3  %r_addr = getelementptr [410 x float]* %r, i64 0, i64 %zext_ln37

]]></Node>
<StgValue><ssdm name="r_addr"/></StgValue>
</operation>

<operation id="44" st_id="3" stage="1" lat="1">
<core>NULL</core>
<MemPortIdVec></MemPortIdVec>
<condition id="-1">
<or_exp><and_exp><literal name="icmp_ln36" val="0"/>
</and_exp></or_exp>
</condition>

<Node id="43" bw="0" op_0_bw="0">
<![CDATA[
:4  br label %4

]]></Node>
<StgValue><ssdm name="br_ln38"/></StgValue>
</operation>

<operation id="45" st_id="3" stage="1" lat="1">
<core>NULL</core>
<MemPortIdVec></MemPortIdVec>
<condition id="-1">
<or_exp><and_exp><literal name="icmp_ln36" val="1"/>
</and_exp></or_exp>
</condition>

<Node id="73" bw="0">
<![CDATA[
:0  ret void

]]></Node>
<StgValue><ssdm name="ret_ln44"/></StgValue>
</operation>
</state>

<state id="4" st_id="4">

<operation id="46" st_id="4" stage="1" lat="1">
<core>NULL</core>
<MemPortIdVec></MemPortIdVec>
<condition id="-1">
<or_exp><and_exp></and_exp></or_exp>
</condition>

<Node id="45" bw="32" op_0_bw="32" op_1_bw="0" op_2_bw="32" op_3_bw="0">
<![CDATA[
:0  %q_load = phi float [ 0.000000e+00, %3 ], [ %tmp_3, %5 ]

]]></Node>
<StgValue><ssdm name="q_load"/></StgValue>
</operation>

<operation id="47" st_id="4" stage="1" lat="1">
<core>NULL</core>
<MemPortIdVec></MemPortIdVec>
<condition id="-1">
<or_exp><and_exp></and_exp></or_exp>
</condition>

<Node id="46" bw="9" op_0_bw="9" op_1_bw="0" op_2_bw="9" op_3_bw="0">
<![CDATA[
:1  %j_0 = phi i9 [ 0, %3 ], [ %j, %5 ]

]]></Node>
<StgValue><ssdm name="j_0"/></StgValue>
</operation>

<operation id="48" st_id="4" stage="1" lat="1">
<core>Cmp</core>
<MemPortIdVec></MemPortIdVec>
<condition id="-1">
<or_exp><and_exp></and_exp></or_exp>
</condition>

<Node id="47" bw="1" op_0_bw="9" op_1_bw="9">
<![CDATA[
:2  %icmp_ln38 = icmp eq i9 %j_0, -122

]]></Node>
<StgValue><ssdm name="icmp_ln38"/></StgValue>
</operation>

<operation id="49" st_id="4" stage="1" lat="1">
<core>NULL</core>
<MemPortIdVec></MemPortIdVec>
<condition id="-1">
<or_exp><and_exp></and_exp></or_exp>
</condition>

<Node id="48" bw="32" op_0_bw="32" op_1_bw="64" op_2_bw="64" op_3_bw="64">
<![CDATA[
:3  %empty_3 = call i32 (...)* @_ssdm_op_SpecLoopTripCount(i64 390, i64 390, i64 390) nounwind

]]></Node>
<StgValue><ssdm name="empty_3"/></StgValue>
</operation>

<operation id="50" st_id="4" stage="1" lat="1">
<core>AddSub</core>
<MemPortIdVec></MemPortIdVec>
<condition id="-1">
<or_exp><and_exp></and_exp></or_exp>
</condition>

<Node id="49" bw="9" op_0_bw="9" op_1_bw="9">
<![CDATA[
:4  %j = add i9 %j_0, 1

]]></Node>
<StgValue><ssdm name="j"/></StgValue>
</operation>

<operation id="51" st_id="4" stage="1" lat="1">
<core>NULL</core>
<MemPortIdVec></MemPortIdVec>
<condition id="-1">
<or_exp><and_exp></and_exp></or_exp>
</condition>

<Node id="50" bw="0" op_0_bw="1" op_1_bw="0" op_2_bw="0">
<![CDATA[
:5  br i1 %icmp_ln38, label %.preheader.loopexit, label %5

]]></Node>
<StgValue><ssdm name="br_ln38"/></StgValue>
</operation>

<operation id="52" st_id="4" stage="1" lat="1">
<core>NULL</core>
<MemPortIdVec></MemPortIdVec>
<condition id="-1">
<or_exp><and_exp><literal name="icmp_ln38" val="0"/>
</and_exp></or_exp>
</condition>

<Node id="52" bw="64" op_0_bw="9">
<![CDATA[
:0  %zext_ln39 = zext i9 %j_0 to i64

]]></Node>
<StgValue><ssdm name="zext_ln39"/></StgValue>
</operation>

<operation id="53" st_id="4" stage="1" lat="1">
<core>NULL</core>
<MemPortIdVec></MemPortIdVec>
<condition id="-1">
<or_exp><and_exp><literal name="icmp_ln38" val="0"/>
</and_exp></or_exp>
</condition>

<Node id="53" bw="18" op_0_bw="9">
<![CDATA[
:1  %zext_ln39_1 = zext i9 %j_0 to i18

]]></Node>
<StgValue><ssdm name="zext_ln39_1"/></StgValue>
</operation>

<operation id="54" st_id="4" stage="1" lat="1">
<core>AddSub</core>
<MemPortIdVec></MemPortIdVec>
<condition id="-1">
<or_exp><and_exp><literal name="icmp_ln38" val="0"/>
</and_exp></or_exp>
</condition>

<Node id="54" bw="18" op_0_bw="18" op_1_bw="18">
<![CDATA[
:2  %add_ln39 = add i18 %phi_mul, %zext_ln39_1

]]></Node>
<StgValue><ssdm name="add_ln39"/></StgValue>
</operation>

<operation id="55" st_id="4" stage="1" lat="1">
<core>NULL</core>
<MemPortIdVec></MemPortIdVec>
<condition id="-1">
<or_exp><and_exp><literal name="icmp_ln38" val="0"/>
</and_exp></or_exp>
</condition>

<Node id="55" bw="64" op_0_bw="18">
<![CDATA[
:3  %zext_ln39_2 = zext i18 %add_ln39 to i64

]]></Node>
<StgValue><ssdm name="zext_ln39_2"/></StgValue>
</operation>

<operation id="56" st_id="4" stage="1" lat="1">
<core>NULL</core>
<MemPortIdVec></MemPortIdVec>
<condition id="-1">
<or_exp><and_exp><literal name="icmp_ln38" val="0"/>
</and_exp></or_exp>
</condition>

<Node id="56" bw="18" op_0_bw="32" op_1_bw="64" op_2_bw="64">
<![CDATA[
:4  %A_addr = getelementptr [159900 x float]* %A, i64 0, i64 %zext_ln39_2

]]></Node>
<StgValue><ssdm name="A_addr"/></StgValue>
</operation>

<operation id="57" st_id="4" stage="1" lat="1">
<core>NULL</core>
<MemPortIdVec></MemPortIdVec>
<condition id="-1">
<or_exp><and_exp><literal name="icmp_ln38" val="0"/>
</and_exp></or_exp>
</condition>

<Node id="57" bw="9" op_0_bw="32" op_1_bw="64" op_2_bw="64">
<![CDATA[
:5  %s_addr_1 = getelementptr [390 x float]* %s, i64 0, i64 %zext_ln39

]]></Node>
<StgValue><ssdm name="s_addr_1"/></StgValue>
</operation>

<operation id="58" st_id="4" stage="2" lat="2">
<core>RAM</core>
<MemPortIdVec></MemPortIdVec>
<condition id="-1">
<or_exp><and_exp><literal name="icmp_ln38" val="0"/>
</and_exp></or_exp>
</condition>

<Node id="59" bw="32" op_0_bw="9">
<![CDATA[
:7  %r_load = load float* %r_addr, align 4

]]></Node>
<StgValue><ssdm name="r_load"/></StgValue>
</operation>

<operation id="59" st_id="4" stage="2" lat="2">
<core>RAM</core>
<MemPortIdVec></MemPortIdVec>
<condition id="-1">
<or_exp><and_exp><literal name="icmp_ln38" val="0"/>
</and_exp></or_exp>
</condition>

<Node id="60" bw="32" op_0_bw="18">
<![CDATA[
:8  %A_load = load float* %A_addr, align 4

]]></Node>
<StgValue><ssdm name="A_load"/></StgValue>
</operation>

<operation id="60" st_id="4" stage="1" lat="1">
<core>NULL</core>
<MemPortIdVec></MemPortIdVec>
<condition id="-1">
<or_exp><and_exp><literal name="icmp_ln38" val="0"/>
</and_exp></or_exp>
</condition>

<Node id="64" bw="9" op_0_bw="32" op_1_bw="64" op_2_bw="64">
<![CDATA[
:12  %p_addr = getelementptr [390 x float]* %p, i64 0, i64 %zext_ln39

]]></Node>
<StgValue><ssdm name="p_addr"/></StgValue>
</operation>

<operation id="61" st_id="4" stage="2" lat="2">
<core>RAM</core>
<MemPortIdVec></MemPortIdVec>
<condition id="-1">
<or_exp><and_exp><literal name="icmp_ln38" val="0"/>
</and_exp></or_exp>
</condition>

<Node id="65" bw="32" op_0_bw="9">
<![CDATA[
:13  %p_load = load float* %p_addr, align 4

]]></Node>
<StgValue><ssdm name="p_load"/></StgValue>
</operation>

<operation id="62" st_id="4" stage="1" lat="1">
<core>NULL</core>
<MemPortIdVec></MemPortIdVec>
<condition id="-1">
<or_exp><and_exp><literal name="icmp_ln38" val="1"/>
</and_exp></or_exp>
</condition>

<Node id="71" bw="0" op_0_bw="0">
<![CDATA[
.preheader.loopexit:0  br label %.preheader

]]></Node>
<StgValue><ssdm name="br_ln0"/></StgValue>
</operation>
</state>

<state id="5" st_id="5">

<operation id="63" st_id="5" stage="1" lat="2">
<core>RAM</core>
<MemPortIdVec></MemPortIdVec>
<condition id="-1">
<or_exp><and_exp></and_exp></or_exp>
</condition>

<Node id="59" bw="32" op_0_bw="9">
<![CDATA[
:7  %r_load = load float* %r_addr, align 4

]]></Node>
<StgValue><ssdm name="r_load"/></StgValue>
</operation>

<operation id="64" st_id="5" stage="1" lat="2">
<core>RAM</core>
<MemPortIdVec></MemPortIdVec>
<condition id="-1">
<or_exp><and_exp></and_exp></or_exp>
</condition>

<Node id="60" bw="32" op_0_bw="18">
<![CDATA[
:8  %A_load = load float* %A_addr, align 4

]]></Node>
<StgValue><ssdm name="A_load"/></StgValue>
</operation>

<operation id="65" st_id="5" stage="1" lat="2">
<core>RAM</core>
<MemPortIdVec></MemPortIdVec>
<condition id="-1">
<or_exp><and_exp></and_exp></or_exp>
</condition>

<Node id="65" bw="32" op_0_bw="9">
<![CDATA[
:13  %p_load = load float* %p_addr, align 4

]]></Node>
<StgValue><ssdm name="p_load"/></StgValue>
</operation>
</state>

<state id="6" st_id="6">

<operation id="66" st_id="6" stage="3" lat="3">
<core>FMul</core>
<MemPortIdVec></MemPortIdVec>
<condition id="-1">
<or_exp><and_exp></and_exp></or_exp>
</condition>

<Node id="61" bw="32" op_0_bw="32" op_1_bw="32">
<![CDATA[
:9  %tmp = fmul float %r_load, %A_load

]]></Node>
<StgValue><ssdm name="tmp"/></StgValue>
</operation>

<operation id="67" st_id="6" stage="3" lat="3">
<core>FMul</core>
<MemPortIdVec></MemPortIdVec>
<condition id="-1">
<or_exp><and_exp></and_exp></or_exp>
</condition>

<Node id="66" bw="32" op_0_bw="32" op_1_bw="32">
<![CDATA[
:14  %tmp_2 = fmul float %A_load, %p_load

]]></Node>
<StgValue><ssdm name="tmp_2"/></StgValue>
</operation>
</state>

<state id="7" st_id="7">

<operation id="68" st_id="7" stage="2" lat="2">
<core>RAM</core>
<MemPortIdVec></MemPortIdVec>
<condition id="-1">
<or_exp><and_exp></and_exp></or_exp>
</condition>

<Node id="58" bw="32" op_0_bw="9">
<![CDATA[
:6  %s_load = load float* %s_addr_1, align 4

]]></Node>
<StgValue><ssdm name="s_load"/></StgValue>
</operation>

<operation id="69" st_id="7" stage="2" lat="3">
<core>FMul</core>
<MemPortIdVec></MemPortIdVec>
<condition id="-1">
<or_exp><and_exp></and_exp></or_exp>
</condition>

<Node id="61" bw="32" op_0_bw="32" op_1_bw="32">
<![CDATA[
:9  %tmp = fmul float %r_load, %A_load

]]></Node>
<StgValue><ssdm name="tmp"/></StgValue>
</operation>

<operation id="70" st_id="7" stage="2" lat="3">
<core>FMul</core>
<MemPortIdVec></MemPortIdVec>
<condition id="-1">
<or_exp><and_exp></and_exp></or_exp>
</condition>

<Node id="66" bw="32" op_0_bw="32" op_1_bw="32">
<![CDATA[
:14  %tmp_2 = fmul float %A_load, %p_load

]]></Node>
<StgValue><ssdm name="tmp_2"/></StgValue>
</operation>
</state>

<state id="8" st_id="8">

<operation id="71" st_id="8" stage="1" lat="2">
<core>RAM</core>
<MemPortIdVec></MemPortIdVec>
<condition id="-1">
<or_exp><and_exp></and_exp></or_exp>
</condition>

<Node id="58" bw="32" op_0_bw="9">
<![CDATA[
:6  %s_load = load float* %s_addr_1, align 4

]]></Node>
<StgValue><ssdm name="s_load"/></StgValue>
</operation>

<operation id="72" st_id="8" stage="1" lat="3">
<core>FMul</core>
<MemPortIdVec></MemPortIdVec>
<condition id="-1">
<or_exp><and_exp></and_exp></or_exp>
</condition>

<Node id="61" bw="32" op_0_bw="32" op_1_bw="32">
<![CDATA[
:9  %tmp = fmul float %r_load, %A_load

]]></Node>
<StgValue><ssdm name="tmp"/></StgValue>
</operation>

<operation id="73" st_id="8" stage="1" lat="3">
<core>FMul</core>
<MemPortIdVec></MemPortIdVec>
<condition id="-1">
<or_exp><and_exp></and_exp></or_exp>
</condition>

<Node id="66" bw="32" op_0_bw="32" op_1_bw="32">
<![CDATA[
:14  %tmp_2 = fmul float %A_load, %p_load

]]></Node>
<StgValue><ssdm name="tmp_2"/></StgValue>
</operation>
</state>

<state id="9" st_id="9">

<operation id="74" st_id="9" stage="4" lat="4">
<core>FAddSub</core>
<MemPortIdVec></MemPortIdVec>
<condition id="-1">
<or_exp><and_exp></and_exp></or_exp>
</condition>

<Node id="62" bw="32" op_0_bw="32" op_1_bw="32">
<![CDATA[
:10  %tmp_1 = fadd float %s_load, %tmp

]]></Node>
<StgValue><ssdm name="tmp_1"/></StgValue>
</operation>

<operation id="75" st_id="9" stage="4" lat="4">
<core>FAddSub</core>
<MemPortIdVec></MemPortIdVec>
<condition id="-1">
<or_exp><and_exp></and_exp></or_exp>
</condition>

<Node id="67" bw="32" op_0_bw="32" op_1_bw="32">
<![CDATA[
:15  %tmp_3 = fadd float %q_load, %tmp_2

]]></Node>
<StgValue><ssdm name="tmp_3"/></StgValue>
</operation>
</state>

<state id="10" st_id="10">

<operation id="76" st_id="10" stage="3" lat="4">
<core>FAddSub</core>
<MemPortIdVec></MemPortIdVec>
<condition id="-1">
<or_exp><and_exp></and_exp></or_exp>
</condition>

<Node id="62" bw="32" op_0_bw="32" op_1_bw="32">
<![CDATA[
:10  %tmp_1 = fadd float %s_load, %tmp

]]></Node>
<StgValue><ssdm name="tmp_1"/></StgValue>
</operation>

<operation id="77" st_id="10" stage="3" lat="4">
<core>FAddSub</core>
<MemPortIdVec></MemPortIdVec>
<condition id="-1">
<or_exp><and_exp></and_exp></or_exp>
</condition>

<Node id="67" bw="32" op_0_bw="32" op_1_bw="32">
<![CDATA[
:15  %tmp_3 = fadd float %q_load, %tmp_2

]]></Node>
<StgValue><ssdm name="tmp_3"/></StgValue>
</operation>
</state>

<state id="11" st_id="11">

<operation id="78" st_id="11" stage="2" lat="4">
<core>FAddSub</core>
<MemPortIdVec></MemPortIdVec>
<condition id="-1">
<or_exp><and_exp></and_exp></or_exp>
</condition>

<Node id="62" bw="32" op_0_bw="32" op_1_bw="32">
<![CDATA[
:10  %tmp_1 = fadd float %s_load, %tmp

]]></Node>
<StgValue><ssdm name="tmp_1"/></StgValue>
</operation>

<operation id="79" st_id="11" stage="2" lat="4">
<core>FAddSub</core>
<MemPortIdVec></MemPortIdVec>
<condition id="-1">
<or_exp><and_exp></and_exp></or_exp>
</condition>

<Node id="67" bw="32" op_0_bw="32" op_1_bw="32">
<![CDATA[
:15  %tmp_3 = fadd float %q_load, %tmp_2

]]></Node>
<StgValue><ssdm name="tmp_3"/></StgValue>
</operation>
</state>

<state id="12" st_id="12">

<operation id="80" st_id="12" stage="1" lat="4">
<core>FAddSub</core>
<MemPortIdVec></MemPortIdVec>
<condition id="-1">
<or_exp><and_exp></and_exp></or_exp>
</condition>

<Node id="62" bw="32" op_0_bw="32" op_1_bw="32">
<![CDATA[
:10  %tmp_1 = fadd float %s_load, %tmp

]]></Node>
<StgValue><ssdm name="tmp_1"/></StgValue>
</operation>

<operation id="81" st_id="12" stage="1" lat="4">
<core>FAddSub</core>
<MemPortIdVec></MemPortIdVec>
<condition id="-1">
<or_exp><and_exp></and_exp></or_exp>
</condition>

<Node id="67" bw="32" op_0_bw="32" op_1_bw="32">
<![CDATA[
:15  %tmp_3 = fadd float %q_load, %tmp_2

]]></Node>
<StgValue><ssdm name="tmp_3"/></StgValue>
</operation>
</state>

<state id="13" st_id="13">

<operation id="82" st_id="13" stage="1" lat="1">
<core>RAM</core>
<MemPortIdVec></MemPortIdVec>
<condition id="-1">
<or_exp><and_exp></and_exp></or_exp>
</condition>

<Node id="63" bw="0" op_0_bw="32" op_1_bw="9" op_2_bw="32">
<![CDATA[
:11  store float %tmp_1, float* %s_addr_1, align 4

]]></Node>
<StgValue><ssdm name="store_ln39"/></StgValue>
</operation>

<operation id="83" st_id="13" stage="1" lat="1">
<core>RAM</core>
<MemPortIdVec></MemPortIdVec>
<condition id="-1">
<or_exp><and_exp></and_exp></or_exp>
</condition>

<Node id="68" bw="0" op_0_bw="32" op_1_bw="9">
<![CDATA[
:16  store float %tmp_3, float* %q_addr, align 4

]]></Node>
<StgValue><ssdm name="store_ln40"/></StgValue>
</operation>

<operation id="84" st_id="13" stage="1" lat="1">
<core>NULL</core>
<MemPortIdVec></MemPortIdVec>
<condition id="-1">
<or_exp><and_exp></and_exp></or_exp>
</condition>

<Node id="69" bw="0" op_0_bw="0">
<![CDATA[
:17  br label %4

]]></Node>
<StgValue><ssdm name="br_ln38"/></StgValue>
</operation>
</state>
</state_list>


<ports>
</ports>


<dataflows>
</dataflows>


</stg>
