<profile>

<section name = "Vivado HLS Report for 'kernel_bicg_base'" level="0">
<item name = "Date">Tue Jan 17 18:09:47 2023
</item>
<item name = "Version">2019.2 (Build 2704478 on Wed Nov 06 22:10:23 MST 2019)</item>
<item name = "Project">bicg</item>
<item name = "Solution">base</item>
<item name = "Product family">zynq</item>
<item name = "Target device">xc7z045-ffg900-2</item>
</section>

<section name = "Performance Estimates" level="0">
<item name = "Timing">
<section name = "" level="1">
<item name = "Summary"><table name="" hasTotal="0">
<keys size="4">Clock, Target, Estimated, Uncertainty</keys>
<column name="ap_clk">10.00 ns, 8.588 ns, 1.25 ns</column>
</table>
</item>
</section>
</item>
<item name = "Latency">
<section name = "" level="1">
<item name = "Summary"><table name="" hasTotal="0">
<keys size="8">, min, max, min, max, min, max, Type</keys>
<column name="">1600212, 1600212, 16.002 ms, 16.002 ms, 1600212, 1600212, none</column>
</table>
</item>
<item name = "Detail">
<section name = "" level="1">
<item name = "Instance"><table name="" hasTotal="0">
<keys size="9">Instance, Module, min, max, min, max, min, max, Type</keys>
</table>
</item>
<item name = "Loop"><table name="" hasTotal="0">
<keys size="8">Loop Name, min, max, Latency, achieved, target, Count, Pipelined</keys>
<column name="- Loop 1">390, 390, 1, -, -, 390, no</column>
<column name="- Loop 2">1599820, 1599820, 3902, -, -, 410, no</column>
<column name=" + Loop 2.1">3900, 3900, 10, -, -, 390, no</column>
</table>
</item>
</section>
</item>
</section>
</item>
</section>
</profile>
