{
  "Top": "workload_based_tiled",
  "RtlTop": "workload_based_tiled",
  "RtlPrefix": "",
  "SourceLanguage": "cpp",
  "ResetStyle": "control",
  "GenerateBdFiles": "0",
  "HostMachineBits": "64",
  "Target": {
    "Family": "zynq",
    "Device": "xc7z045",
    "Package": "-ffg900",
    "Speed": "-2"
  },
  "HlsSolution": {
    
  },
  "Args": {"result": {
      "index": "0",
      "type": {
        "kinds": ["array"],
        "dataType": "float",
        "dataWidth": "32",
        "arraySizes": ["65536"],
        "interfaceRef": "m_axi_gmem"
      }
    }},
  "Return": {
    
  },
  "ClockInfo": {
    "ClockName": "ap_clk",
    "ClockPeriod": "10",
    "IsCombLogic": "0",
    "II": "x",
    "Latency": "39241",
    "Uncertainty": "1.25"
  },
  "Xdc": {"OocClocks": ["create_clock -name ap_clk -period 10.000 [get_ports ap_clk]"]},
  "Ipx": {
    "Vendor": "xilinx.com",
    "Library": "hls",
    "Name": "workload_based_tiled",
    "Version": "1.0",
    "DisplayName": "Workload_based_tiled",
    "Revision": "",
    "Description": "An IP generated by Vivado HLS",
    "Taxonomy": "\/VIVADO_HLS_IP",
    "AutoFamilySupport": ""
  },
  "Files": {
    "CSource": ["..\/lud_based_tiled.cpp"],
    "Vhdl": [
      "impl\/vhdl\/diagonal_load.vhd",
      "impl\/vhdl\/diagonal_store.vhd",
      "impl\/vhdl\/internal_load.vhd",
      "impl\/vhdl\/internal_store.vhd",
      "impl\/vhdl\/lud_diagonal.vhd",
      "impl\/vhdl\/lud_internal.vhd",
      "impl\/vhdl\/lud_perimeter.vhd",
      "impl\/vhdl\/perimeter_load.vhd",
      "impl\/vhdl\/perimeter_store.vhd",
      "impl\/vhdl\/workload_based_tibkb.vhd",
      "impl\/vhdl\/workload_based_ticud.vhd",
      "impl\/vhdl\/workload_based_tidEe.vhd",
      "impl\/vhdl\/workload_based_tieOg.vhd",
      "impl\/vhdl\/workload_based_tifYi.vhd",
      "impl\/vhdl\/workload_based_tig8j.vhd",
      "impl\/vhdl\/workload_based_tihbi.vhd",
      "impl\/vhdl\/workload_based_tiibs.vhd",
      "impl\/vhdl\/workload_based_tiled_control_s_axi.vhd",
      "impl\/vhdl\/workload_based_tiled_gmem_m_axi.vhd",
      "impl\/vhdl\/workload_based_tiled.vhd"
    ],
    "Verilog": [
      "impl\/verilog\/diagonal_load.v",
      "impl\/verilog\/diagonal_store.v",
      "impl\/verilog\/internal_load.v",
      "impl\/verilog\/internal_store.v",
      "impl\/verilog\/lud_diagonal.v",
      "impl\/verilog\/lud_internal.v",
      "impl\/verilog\/lud_perimeter.v",
      "impl\/verilog\/perimeter_load.v",
      "impl\/verilog\/perimeter_store.v",
      "impl\/verilog\/workload_based_tibkb.v",
      "impl\/verilog\/workload_based_ticud.v",
      "impl\/verilog\/workload_based_tidEe.v",
      "impl\/verilog\/workload_based_tieOg.v",
      "impl\/verilog\/workload_based_tifYi.v",
      "impl\/verilog\/workload_based_tig8j.v",
      "impl\/verilog\/workload_based_tihbi.v",
      "impl\/verilog\/workload_based_tiibs.v",
      "impl\/verilog\/workload_based_tiled_control_s_axi.v",
      "impl\/verilog\/workload_based_tiled_gmem_m_axi.v",
      "impl\/verilog\/workload_based_tiled.v"
    ],
    "SwDriver": [
      "impl\/misc\/drivers\/workload_based_tiled_v1_0\/data\/workload_based_tiled.mdd",
      "impl\/misc\/drivers\/workload_based_tiled_v1_0\/data\/workload_based_tiled.tcl",
      "impl\/misc\/drivers\/workload_based_tiled_v1_0\/src\/Makefile",
      "impl\/misc\/drivers\/workload_based_tiled_v1_0\/src\/xworkload_based_tiled.c",
      "impl\/misc\/drivers\/workload_based_tiled_v1_0\/src\/xworkload_based_tiled.h",
      "impl\/misc\/drivers\/workload_based_tiled_v1_0\/src\/xworkload_based_tiled_hw.h",
      "impl\/misc\/drivers\/workload_based_tiled_v1_0\/src\/xworkload_based_tiled_linux.c",
      "impl\/misc\/drivers\/workload_based_tiled_v1_0\/src\/xworkload_based_tiled_sinit.c"
    ],
    "Misc": ["impl\/misc\/logo.png"],
    "Subcore": [
      "impl\/misc\/workload_based_tiled_ap_faddfsub_2_full_dsp_32_ip.tcl",
      "impl\/misc\/workload_based_tiled_ap_fdiv_10_no_dsp_32_ip.tcl",
      "impl\/misc\/workload_based_tiled_ap_fmul_1_max_dsp_32_ip.tcl",
      "impl\/misc\/workload_based_tiled_ap_fsub_2_full_dsp_32_ip.tcl"
    ],
    "DesignXml": "C:\/Users\/Greg\/Desktop\/lud\/base_tiled\/.autopilot\/db\/workload_based_tiled.design.xml",
    "DebugDir": "C:\/Users\/Greg\/Desktop\/lud\/base_tiled\/.debug",
    "ProtoInst": ["C:\/Users\/Greg\/Desktop\/lud\/base_tiled\/.debug\/workload_based_tiled.protoinst"]
  },
  "SubcoreInfo": {
    "HasXpmMemory": false,
    "HasClockedDsp": false,
    "IP": [
      {
        "name": "workload_based_tiled_ap_faddfsub_2_full_dsp_32",
        "vlnv": "xilinx.com:ip:floating_point:7.1",
        "params": "CONFIG.a_precision_type Single CONFIG.a_tuser_width 1 CONFIG.add_sub_value Both CONFIG.b_tuser_width 1 CONFIG.c_a_exponent_width 8 CONFIG.c_a_fraction_width 24 CONFIG.c_compare_operation Programmable CONFIG.c_has_divide_by_zero false CONFIG.c_has_invalid_op false CONFIG.c_has_overflow false CONFIG.c_has_underflow false CONFIG.c_latency 2 CONFIG.c_mult_usage Full_Usage CONFIG.c_optimization Speed_Optimized CONFIG.c_rate 1 CONFIG.c_result_exponent_width 8 CONFIG.c_result_fraction_width 24 CONFIG.component_name workload_based_tiled_ap_faddfsub_2_full_dsp_32 CONFIG.flow_control NonBlocking CONFIG.has_a_tlast false CONFIG.has_a_tuser false CONFIG.has_aclken true CONFIG.has_aresetn false CONFIG.has_b_tlast false CONFIG.has_b_tuser false CONFIG.has_operation_tlast false CONFIG.has_operation_tuser false CONFIG.has_result_tready false CONFIG.maximum_latency false CONFIG.operation_tuser_width 1 CONFIG.operation_type Add_Subtract CONFIG.result_precision_type Single CONFIG.result_tlast_behv Null"
      },
      {
        "name": "workload_based_tiled_ap_fdiv_10_no_dsp_32",
        "vlnv": "xilinx.com:ip:floating_point:7.1",
        "params": "CONFIG.a_precision_type Single CONFIG.a_tuser_width 1 CONFIG.add_sub_value Both CONFIG.b_tuser_width 1 CONFIG.c_a_exponent_width 8 CONFIG.c_a_fraction_width 24 CONFIG.c_compare_operation Programmable CONFIG.c_has_divide_by_zero false CONFIG.c_has_invalid_op false CONFIG.c_has_overflow false CONFIG.c_has_underflow false CONFIG.c_latency 10 CONFIG.c_mult_usage No_Usage CONFIG.c_optimization Speed_Optimized CONFIG.c_rate 1 CONFIG.c_result_exponent_width 8 CONFIG.c_result_fraction_width 24 CONFIG.component_name workload_based_tiled_ap_fdiv_10_no_dsp_32 CONFIG.flow_control NonBlocking CONFIG.has_a_tlast false CONFIG.has_a_tuser false CONFIG.has_aclken true CONFIG.has_aresetn false CONFIG.has_b_tlast false CONFIG.has_b_tuser false CONFIG.has_operation_tlast false CONFIG.has_operation_tuser false CONFIG.has_result_tready false CONFIG.maximum_latency false CONFIG.operation_tuser_width 1 CONFIG.operation_type Divide CONFIG.result_precision_type Single CONFIG.result_tlast_behv Null"
      },
      {
        "name": "workload_based_tiled_ap_fmul_1_max_dsp_32",
        "vlnv": "xilinx.com:ip:floating_point:7.1",
        "params": "CONFIG.a_precision_type Single CONFIG.a_tuser_width 1 CONFIG.add_sub_value Both CONFIG.b_tuser_width 1 CONFIG.c_a_exponent_width 8 CONFIG.c_a_fraction_width 24 CONFIG.c_compare_operation Programmable CONFIG.c_has_divide_by_zero false CONFIG.c_has_invalid_op false CONFIG.c_has_overflow false CONFIG.c_has_underflow false CONFIG.c_latency 1 CONFIG.c_mult_usage Max_Usage CONFIG.c_optimization Speed_Optimized CONFIG.c_rate 1 CONFIG.c_result_exponent_width 8 CONFIG.c_result_fraction_width 24 CONFIG.component_name workload_based_tiled_ap_fmul_1_max_dsp_32 CONFIG.flow_control NonBlocking CONFIG.has_a_tlast false CONFIG.has_a_tuser false CONFIG.has_aclken true CONFIG.has_aresetn false CONFIG.has_b_tlast false CONFIG.has_b_tuser false CONFIG.has_operation_tlast false CONFIG.has_operation_tuser false CONFIG.has_result_tready false CONFIG.maximum_latency false CONFIG.operation_tuser_width 1 CONFIG.operation_type Multiply CONFIG.result_precision_type Single CONFIG.result_tlast_behv Null"
      },
      {
        "name": "workload_based_tiled_ap_fsub_2_full_dsp_32",
        "vlnv": "xilinx.com:ip:floating_point:7.1",
        "params": "CONFIG.a_precision_type Single CONFIG.a_tuser_width 1 CONFIG.add_sub_value Subtract CONFIG.b_tuser_width 1 CONFIG.c_a_exponent_width 8 CONFIG.c_a_fraction_width 24 CONFIG.c_compare_operation Programmable CONFIG.c_has_divide_by_zero false CONFIG.c_has_invalid_op false CONFIG.c_has_overflow false CONFIG.c_has_underflow false CONFIG.c_latency 2 CONFIG.c_mult_usage Full_Usage CONFIG.c_optimization Speed_Optimized CONFIG.c_rate 1 CONFIG.c_result_exponent_width 8 CONFIG.c_result_fraction_width 24 CONFIG.component_name workload_based_tiled_ap_fsub_2_full_dsp_32 CONFIG.flow_control NonBlocking CONFIG.has_a_tlast false CONFIG.has_a_tuser false CONFIG.has_aclken true CONFIG.has_aresetn false CONFIG.has_b_tlast false CONFIG.has_b_tuser false CONFIG.has_operation_tlast false CONFIG.has_operation_tuser false CONFIG.has_result_tready false CONFIG.maximum_latency false CONFIG.operation_tuser_width 1 CONFIG.operation_type Add_Subtract CONFIG.result_precision_type Single CONFIG.result_tlast_behv Null"
      }
    ]
  },
  "Interfaces": {
    "ap_clk": {
      "type": "clock",
      "ctype": {"CLK": {"Type": "bool"}},
      "bundle_name": "ap_clk",
      "bundle_role": "default",
      "buses": "s_axi_control m_axi_gmem",
      "reset": "ap_rst_n"
    },
    "ap_rst_n": {
      "type": "reset",
      "polarity": "ACTIVE_LOW",
      "ctype": {"RST": {"Type": "bool"}},
      "bundle_name": "ap_rst_n",
      "bundle_role": "default"
    },
    "interrupt": {
      "type": "interrupt",
      "ctype": {"INTERRUPT": {"Type": "bool"}},
      "bundle_name": "control",
      "bundle_role": "interrupt"
    },
    "m_axi_gmem": {
      "type": "native_axim",
      "is_adaptor": "true",
      "mode": "master",
      "port_prefix": "m_axi_gmem",
      "data_width": "32",
      "param_prefix": "C_M_AXI_GMEM",
      "ctype": {
        "AWLEN": {
          "Type": "integer unsigned",
          "Width": "8"
        },
        "AWSIZE": {
          "Type": "integer unsigned",
          "Width": "3"
        },
        "AWBURST": {
          "Type": "integer unsigned",
          "Width": "2"
        },
        "AWLOCK": {
          "Type": "integer unsigned",
          "Width": "2"
        },
        "AWREGION": {
          "Type": "integer unsigned",
          "Width": "4"
        },
        "AWCACHE": {
          "Type": "integer unsigned",
          "Width": "4"
        },
        "AWPROT": {
          "Type": "integer unsigned",
          "Width": "3"
        },
        "AWQOS": {
          "Type": "integer unsigned",
          "Width": "4"
        },
        "AWVALID": {"Type": "bool"},
        "AWREADY": {"Type": "bool"},
        "WLAST": {"Type": "bool"},
        "WVALID": {"Type": "bool"},
        "WREADY": {"Type": "bool"},
        "BVALID": {"Type": "bool"},
        "BREADY": {"Type": "bool"},
        "BRESP": {
          "Type": "integer unsigned",
          "Width": "2"
        },
        "ARLEN": {
          "Type": "integer unsigned",
          "Width": "8"
        },
        "ARSIZE": {
          "Type": "integer unsigned",
          "Width": "3"
        },
        "ARBURST": {
          "Type": "integer unsigned",
          "Width": "2"
        },
        "ARLOCK": {
          "Type": "integer unsigned",
          "Width": "2"
        },
        "ARREGION": {
          "Type": "integer unsigned",
          "Width": "4"
        },
        "ARCACHE": {
          "Type": "integer unsigned",
          "Width": "4"
        },
        "ARPROT": {
          "Type": "integer unsigned",
          "Width": "3"
        },
        "ARQOS": {
          "Type": "integer unsigned",
          "Width": "4"
        },
        "ARVALID": {"Type": "bool"},
        "ARREADY": {"Type": "bool"},
        "RLAST": {"Type": "bool"},
        "RVALID": {"Type": "bool"},
        "RREADY": {"Type": "bool"},
        "RRESP": {
          "Type": "integer unsigned",
          "Width": "2"
        },
        "AWADDR": {
          "Type": "integer unsigned",
          "Width": "32"
        },
        "AWID": {
          "Type": "integer unsigned",
          "Width": "1"
        },
        "AWUSER": {
          "Type": "integer unsigned",
          "Width": "1"
        },
        "WDATA": {
          "Type": "real float",
          "Width": "32"
        },
        "WSTRB": {
          "Type": "integer unsigned",
          "Width": "4"
        },
        "WID": {
          "Type": "integer unsigned",
          "Width": "1"
        },
        "WUSER": {
          "Type": "integer unsigned",
          "Width": "1"
        },
        "ARADDR": {
          "Type": "integer unsigned",
          "Width": "32"
        },
        "ARID": {
          "Type": "integer unsigned",
          "Width": "1"
        },
        "ARUSER": {
          "Type": "integer unsigned",
          "Width": "1"
        },
        "RDATA": {
          "Type": "real float",
          "Width": "32"
        },
        "RID": {
          "Type": "integer unsigned",
          "Width": "1"
        },
        "RUSER": {
          "Type": "integer unsigned",
          "Width": "1"
        },
        "BID": {
          "Type": "integer unsigned",
          "Width": "1"
        },
        "BUSER": {
          "Type": "integer unsigned",
          "Width": "1"
        }
      },
      "HasOffset": "1",
      "preferred_usage_value": "MEMORY",
      "has_dependant_on": "1",
      "NUM_READ_OUTSTANDING": "16",
      "NUM_WRITE_OUTSTANDING": "16",
      "MAX_READ_BURST_LENGTH": "16",
      "MAX_WRITE_BURST_LENGTH": "16",
      "offset_slave_name": "s_axi_control",
      "port_width": {
        "ARADDR": "32",
        "ARID": "1",
        "ARUSER": "1",
        "AWADDR": "32",
        "AWID": "1",
        "AWUSER": "1",
        "BID": "1",
        "BUSER": "1",
        "RDATA": "32",
        "RID": "1",
        "RUSER": "1",
        "WDATA": "32",
        "WID": "1",
        "WSTRB": "4",
        "WUSER": "1"
      }
    },
    "s_axi_control": {
      "type": "axi4lite",
      "is_adaptor": "true",
      "mode": "slave",
      "port_prefix": "s_axi_control",
      "param_prefix": "C_S_AXI_CONTROL",
      "addr_bits": "5",
      "registers": [
        {
          "offset": "0x00",
          "name": "CTRL",
          "access": "RW",
          "reset_value": "0x0",
          "description": "Control signals",
          "fields": [
            {
              "offset": "0",
              "width": "1",
              "name": "AP_START",
              "access": "RW",
              "reset_value": "0",
              "description": "Control signal Register for 'ap_start'."
            },
            {
              "offset": "1",
              "width": "1",
              "name": "AP_DONE",
              "access": "R",
              "reset_value": "0",
              "description": "Control signal Register for 'ap_done'."
            },
            {
              "offset": "2",
              "width": "1",
              "name": "AP_IDLE",
              "access": "R",
              "reset_value": "0",
              "description": "Control signal Register for 'ap_idle'."
            },
            {
              "offset": "3",
              "width": "1",
              "name": "AP_READY",
              "access": "R",
              "reset_value": "0",
              "description": "Control signal Register for 'ap_ready'."
            },
            {
              "offset": "4",
              "width": "3",
              "name": "RESERVED_1",
              "access": "R",
              "reset_value": "0",
              "description": "Reserved.  0s on read."
            },
            {
              "offset": "7",
              "width": "1",
              "name": "AUTO_RESTART",
              "access": "RW",
              "reset_value": "0",
              "description": "Control signal Register for 'auto_restart'."
            },
            {
              "offset": "8",
              "width": "24",
              "name": "RESERVED_2",
              "access": "R",
              "reset_value": "0",
              "description": "Reserved.  0s on read."
            }
          ]
        },
        {
          "offset": "0x04",
          "name": "GIER",
          "access": "RW",
          "reset_value": "0x0",
          "description": "Global Interrupt Enable Register",
          "fields": [
            {
              "offset": "0",
              "width": "1",
              "name": "Enable",
              "access": "RW",
              "reset_value": "0",
              "description": "Master enable for the device interrupt output to the system interrupt controller: 0 = Disabled, 1 = Enabled"
            },
            {
              "offset": "1",
              "width": "31",
              "name": "RESERVED",
              "access": "R",
              "reset_value": "0",
              "description": "Reserved.  0s on read."
            }
          ]
        },
        {
          "offset": "0x08",
          "name": "IP_IER",
          "access": "RW",
          "reset_value": "0x0",
          "description": "IP Interrupt Enable Register",
          "fields": [
            {
              "offset": "0",
              "width": "1",
              "name": "CHAN0_INT_EN",
              "access": "RW",
              "reset_value": "0",
              "description": "Enable Channel 0 (ap_done) Interrupt.  0 = Disabled, 1 = Enabled."
            },
            {
              "offset": "1",
              "width": "1",
              "name": "CHAN1_INT_EN",
              "access": "RW",
              "reset_value": "0",
              "description": "Enable Channel 1 (ap_ready) Interrupt.  0 = Disabled, 1 = Enabled."
            },
            {
              "offset": "2",
              "width": "30",
              "name": "RESERVED",
              "access": "R",
              "reset_value": "0",
              "description": "Reserved.  0s on read."
            }
          ]
        },
        {
          "offset": "0x0c",
          "name": "IP_ISR",
          "access": "RW",
          "reset_value": "0x0",
          "description": "IP Interrupt Status Register",
          "fields": [
            {
              "offset": "0",
              "width": "1",
              "name": "CHAN0_INT_ST",
              "access": "RTOW",
              "reset_value": "0",
              "description": "Channel 0 (ap_done) Interrupt Status. 0 = No Channel 0 input interrupt, 1 = Channel 0 input interrup"
            },
            {
              "offset": "1",
              "width": "1",
              "name": "CHAN1_INT_ST",
              "access": "RTOW",
              "reset_value": "0",
              "description": "Channel 1 (ap_ready) Interrupt Status. 0 = No Channel 1 input interrupt, 1 = Channel 1 input interrup"
            },
            {
              "offset": "2",
              "width": "30",
              "name": "RESERVED",
              "access": "R",
              "reset_value": "0",
              "description": "Reserved.  0s on read."
            }
          ]
        },
        {
          "offset": "0x10",
          "name": "result",
          "access": "W",
          "reset_value": "0x0",
          "description": "Data signal of result",
          "fields": [{
              "offset": "0",
              "width": "32",
              "name": "result",
              "access": "W",
              "reset_value": "0",
              "description": "Bit 31 to 0 Data signal of result"
            }]
        }
      ],
      "ctype": {
        "AWVALID": {"Type": "bool"},
        "AWREADY": {"Type": "bool"},
        "WVALID": {"Type": "bool"},
        "WREADY": {"Type": "bool"},
        "BVALID": {"Type": "bool"},
        "BREADY": {"Type": "bool"},
        "BRESP": {
          "Type": "integer unsigned",
          "Width": "2"
        },
        "ARVALID": {"Type": "bool"},
        "ARREADY": {"Type": "bool"},
        "RVALID": {"Type": "bool"},
        "RREADY": {"Type": "bool"},
        "RRESP": {
          "Type": "integer unsigned",
          "Width": "2"
        },
        "AWADDR": {
          "Type": "integer unsigned",
          "Width": "5"
        },
        "WDATA": {
          "Type": "null",
          "Width": "32"
        },
        "WSTRB": {
          "Type": "integer unsigned",
          "Width": "4"
        },
        "ARADDR": {
          "Type": "integer unsigned",
          "Width": "5"
        },
        "RDATA": {
          "Type": "null",
          "Width": "32"
        }
      },
      "data_width": "32",
      "port_width": {
        "ARADDR": "5",
        "AWADDR": "5",
        "RDATA": "32",
        "WDATA": "32",
        "WSTRB": "4"
      }
    }
  },
  "RtlPorts": {
    "s_axi_control_AWVALID": {
      "dir": "in",
      "width": "1"
    },
    "s_axi_control_AWREADY": {
      "dir": "out",
      "width": "1"
    },
    "s_axi_control_AWADDR": {
      "dir": "in",
      "width": "5"
    },
    "s_axi_control_WVALID": {
      "dir": "in",
      "width": "1"
    },
    "s_axi_control_WREADY": {
      "dir": "out",
      "width": "1"
    },
    "s_axi_control_WDATA": {
      "dir": "in",
      "width": "32"
    },
    "s_axi_control_WSTRB": {
      "dir": "in",
      "width": "4"
    },
    "s_axi_control_ARVALID": {
      "dir": "in",
      "width": "1"
    },
    "s_axi_control_ARREADY": {
      "dir": "out",
      "width": "1"
    },
    "s_axi_control_ARADDR": {
      "dir": "in",
      "width": "5"
    },
    "s_axi_control_RVALID": {
      "dir": "out",
      "width": "1"
    },
    "s_axi_control_RREADY": {
      "dir": "in",
      "width": "1"
    },
    "s_axi_control_RDATA": {
      "dir": "out",
      "width": "32"
    },
    "s_axi_control_RRESP": {
      "dir": "out",
      "width": "2"
    },
    "s_axi_control_BVALID": {
      "dir": "out",
      "width": "1"
    },
    "s_axi_control_BREADY": {
      "dir": "in",
      "width": "1"
    },
    "s_axi_control_BRESP": {
      "dir": "out",
      "width": "2"
    },
    "ap_clk": {
      "dir": "in",
      "width": "1"
    },
    "ap_rst_n": {
      "dir": "in",
      "width": "1"
    },
    "interrupt": {
      "dir": "out",
      "width": "1",
      "isVector": "true"
    },
    "m_axi_gmem_AWVALID": {
      "dir": "out",
      "width": "1"
    },
    "m_axi_gmem_AWREADY": {
      "dir": "in",
      "width": "1"
    },
    "m_axi_gmem_AWADDR": {
      "dir": "out",
      "width": "32"
    },
    "m_axi_gmem_AWID": {
      "dir": "out",
      "width": "1",
      "isVector": "true"
    },
    "m_axi_gmem_AWLEN": {
      "dir": "out",
      "width": "8"
    },
    "m_axi_gmem_AWSIZE": {
      "dir": "out",
      "width": "3"
    },
    "m_axi_gmem_AWBURST": {
      "dir": "out",
      "width": "2"
    },
    "m_axi_gmem_AWLOCK": {
      "dir": "out",
      "width": "2"
    },
    "m_axi_gmem_AWCACHE": {
      "dir": "out",
      "width": "4"
    },
    "m_axi_gmem_AWPROT": {
      "dir": "out",
      "width": "3"
    },
    "m_axi_gmem_AWQOS": {
      "dir": "out",
      "width": "4"
    },
    "m_axi_gmem_AWREGION": {
      "dir": "out",
      "width": "4"
    },
    "m_axi_gmem_AWUSER": {
      "dir": "out",
      "width": "1",
      "isVector": "true"
    },
    "m_axi_gmem_WVALID": {
      "dir": "out",
      "width": "1"
    },
    "m_axi_gmem_WREADY": {
      "dir": "in",
      "width": "1"
    },
    "m_axi_gmem_WDATA": {
      "dir": "out",
      "width": "32"
    },
    "m_axi_gmem_WSTRB": {
      "dir": "out",
      "width": "4"
    },
    "m_axi_gmem_WLAST": {
      "dir": "out",
      "width": "1"
    },
    "m_axi_gmem_WID": {
      "dir": "out",
      "width": "1",
      "isVector": "true"
    },
    "m_axi_gmem_WUSER": {
      "dir": "out",
      "width": "1",
      "isVector": "true"
    },
    "m_axi_gmem_ARVALID": {
      "dir": "out",
      "width": "1"
    },
    "m_axi_gmem_ARREADY": {
      "dir": "in",
      "width": "1"
    },
    "m_axi_gmem_ARADDR": {
      "dir": "out",
      "width": "32"
    },
    "m_axi_gmem_ARID": {
      "dir": "out",
      "width": "1",
      "isVector": "true"
    },
    "m_axi_gmem_ARLEN": {
      "dir": "out",
      "width": "8"
    },
    "m_axi_gmem_ARSIZE": {
      "dir": "out",
      "width": "3"
    },
    "m_axi_gmem_ARBURST": {
      "dir": "out",
      "width": "2"
    },
    "m_axi_gmem_ARLOCK": {
      "dir": "out",
      "width": "2"
    },
    "m_axi_gmem_ARCACHE": {
      "dir": "out",
      "width": "4"
    },
    "m_axi_gmem_ARPROT": {
      "dir": "out",
      "width": "3"
    },
    "m_axi_gmem_ARQOS": {
      "dir": "out",
      "width": "4"
    },
    "m_axi_gmem_ARREGION": {
      "dir": "out",
      "width": "4"
    },
    "m_axi_gmem_ARUSER": {
      "dir": "out",
      "width": "1",
      "isVector": "true"
    },
    "m_axi_gmem_RVALID": {
      "dir": "in",
      "width": "1"
    },
    "m_axi_gmem_RREADY": {
      "dir": "out",
      "width": "1"
    },
    "m_axi_gmem_RDATA": {
      "dir": "in",
      "width": "32"
    },
    "m_axi_gmem_RLAST": {
      "dir": "in",
      "width": "1"
    },
    "m_axi_gmem_RID": {
      "dir": "in",
      "width": "1",
      "isVector": "true"
    },
    "m_axi_gmem_RUSER": {
      "dir": "in",
      "width": "1",
      "isVector": "true"
    },
    "m_axi_gmem_RRESP": {
      "dir": "in",
      "width": "2"
    },
    "m_axi_gmem_BVALID": {
      "dir": "in",
      "width": "1"
    },
    "m_axi_gmem_BREADY": {
      "dir": "out",
      "width": "1"
    },
    "m_axi_gmem_BRESP": {
      "dir": "in",
      "width": "2"
    },
    "m_axi_gmem_BID": {
      "dir": "in",
      "width": "1",
      "isVector": "true"
    },
    "m_axi_gmem_BUSER": {
      "dir": "in",
      "width": "1",
      "isVector": "true"
    }
  },
  "ModuleInfo": {
    "Hierarchy": {
      "ModuleName": "workload_based_tiled",
      "Instances": [
        {
          "ModuleName": "lud_perimeter",
          "InstanceName": "grp_lud_perimeter_fu_94",
          "Instances": [
            {
              "ModuleName": "perimeter_store",
              "InstanceName": "grp_perimeter_store_fu_309"
            },
            {
              "ModuleName": "perimeter_load",
              "InstanceName": "grp_perimeter_load_fu_323"
            }
          ]
        },
        {
          "ModuleName": "lud_diagonal",
          "InstanceName": "grp_lud_diagonal_fu_106",
          "Instances": [
            {
              "ModuleName": "diagonal_store",
              "InstanceName": "grp_diagonal_store_fu_200"
            },
            {
              "ModuleName": "diagonal_load",
              "InstanceName": "grp_diagonal_load_fu_210"
            }
          ]
        },
        {
          "ModuleName": "lud_internal",
          "InstanceName": "grp_lud_internal_fu_116",
          "Instances": [
            {
              "ModuleName": "internal_load",
              "InstanceName": "grp_internal_load_fu_182"
            },
            {
              "ModuleName": "internal_store",
              "InstanceName": "grp_internal_store_fu_199"
            }
          ]
        }
      ]
    },
    "Info": {
      "diagonal_load": {
        "FunctionProtocol": "ap_ctrl_hs",
        "isTaskLevelControl": "1",
        "isPipelined": "0",
        "isCombinational": "0",
        "isOneStateSeq": "0"
      },
      "diagonal_store": {
        "FunctionProtocol": "ap_ctrl_hs",
        "isTaskLevelControl": "1",
        "isPipelined": "0",
        "isCombinational": "0",
        "isOneStateSeq": "0"
      },
      "lud_diagonal": {
        "FunctionProtocol": "ap_ctrl_hs",
        "isTaskLevelControl": "1",
        "isPipelined": "0",
        "isCombinational": "0",
        "isOneStateSeq": "0"
      },
      "perimeter_load": {
        "FunctionProtocol": "ap_ctrl_hs",
        "isTaskLevelControl": "1",
        "isPipelined": "0",
        "isCombinational": "0",
        "isOneStateSeq": "0"
      },
      "perimeter_store": {
        "FunctionProtocol": "ap_ctrl_hs",
        "isTaskLevelControl": "1",
        "isPipelined": "0",
        "isCombinational": "0",
        "isOneStateSeq": "0"
      },
      "lud_perimeter": {
        "FunctionProtocol": "ap_ctrl_hs",
        "isTaskLevelControl": "1",
        "isPipelined": "0",
        "isCombinational": "0",
        "isOneStateSeq": "0"
      },
      "internal_load": {
        "FunctionProtocol": "ap_ctrl_hs",
        "isTaskLevelControl": "1",
        "isPipelined": "0",
        "isCombinational": "0",
        "isOneStateSeq": "0"
      },
      "internal_store": {
        "FunctionProtocol": "ap_ctrl_hs",
        "isTaskLevelControl": "1",
        "isPipelined": "0",
        "isCombinational": "0",
        "isOneStateSeq": "0"
      },
      "lud_internal": {
        "FunctionProtocol": "ap_ctrl_hs",
        "isTaskLevelControl": "1",
        "isPipelined": "0",
        "isCombinational": "0",
        "isOneStateSeq": "0"
      },
      "workload_based_tiled": {
        "FunctionProtocol": "ap_ctrl_hs",
        "isTaskLevelControl": "1",
        "isPipelined": "0",
        "isCombinational": "0",
        "isOneStateSeq": "0"
      }
    },
    "Metrics": {
      "diagonal_load": {
        "Latency": {
          "LatencyBest": "657",
          "LatencyAvg": "657",
          "LatencyWorst": "657",
          "PipelineII": "657",
          "PipelineDepth": "",
          "PipelineType": "none"
        },
        "Timing": {
          "Target": "10.00",
          "Uncertainty": "1.25",
          "Estimate": "8.750"
        },
        "Loops": [{
            "Name": "Loop 1",
            "TripCount": "16",
            "Latency": "656",
            "PipelineII": "",
            "PipelineDepth": "41",
            "Loops": [{
                "Name": "Loop 1.1",
                "TripCount": "16",
                "Latency": "32",
                "PipelineII": "",
                "PipelineDepth": "2"
              }]
          }],
        "Area": {
          "FF": "140",
          "LUT": "86",
          "BRAM_18K": "0",
          "DSP48E": "0",
          "URAM": "0"
        }
      },
      "diagonal_store": {
        "Latency": {
          "LatencyBest": "881",
          "LatencyAvg": "881",
          "LatencyWorst": "881",
          "PipelineII": "881",
          "PipelineDepth": "",
          "PipelineType": "none"
        },
        "Timing": {
          "Target": "10.00",
          "Uncertainty": "1.25",
          "Estimate": "8.750"
        },
        "Loops": [{
            "Name": "Loop 1",
            "TripCount": "16",
            "Latency": "880",
            "PipelineII": "",
            "PipelineDepth": "55",
            "Loops": [{
                "Name": "Loop 1.1",
                "TripCount": "16",
                "Latency": "48",
                "PipelineII": "",
                "PipelineDepth": "3"
              }]
          }],
        "Area": {
          "FF": "131",
          "LUT": "88",
          "BRAM_18K": "0",
          "DSP48E": "0",
          "URAM": "0"
        }
      },
      "lud_diagonal": {
        "Latency": {
          "LatencyBest": "1829",
          "LatencyAvg": "",
          "LatencyWorst": "78389",
          "PipelineIIMin": "1829",
          "PipelineIIMax": "78389",
          "PipelineII": "1829 ~ 78389",
          "PipelineDepth": "",
          "PipelineType": "none"
        },
        "Timing": {
          "Target": "10.00",
          "Uncertainty": "1.25",
          "Estimate": "8.750"
        },
        "Loops": [{
            "Name": "Loop 1",
            "TripCount": "16",
            "LatencyMin": "288",
            "LatencyMax": "76848",
            "Latency": "288 ~ 76848",
            "PipelineII": "",
            "PipelineDepthMin": "18",
            "PipelineDepthMax": "4803",
            "PipelineDepth": "18 ~ 4803",
            "Loops": [
              {
                "Name": "top",
                "TripCount": "",
                "LatencyMin": "2",
                "LatencyMax": "2432",
                "Latency": "2 ~ 2432",
                "PipelineII": "",
                "PipelineDepthMin": "2",
                "PipelineDepthMax": "152",
                "PipelineDepth": "2 ~ 152",
                "Loops": [{
                    "Name": "top.1",
                    "TripCount": "",
                    "LatencyMin": "0",
                    "LatencyMax": "150",
                    "Latency": "0 ~ 150",
                    "PipelineII": "",
                    "PipelineDepth": "10"
                  }]
              },
              {
                "Name": "left",
                "TripCount": "",
                "LatencyMin": "0",
                "LatencyMax": "2355",
                "Latency": "0 ~ 2355",
                "PipelineII": "",
                "PipelineDepthMin": "7",
                "PipelineDepthMax": "157",
                "PipelineDepth": "7 ~ 157",
                "Loops": [{
                    "Name": "left.1",
                    "TripCount": "",
                    "LatencyMin": "0",
                    "LatencyMax": "150",
                    "Latency": "0 ~ 150",
                    "PipelineII": "",
                    "PipelineDepth": "10"
                  }]
              }
            ]
          }],
        "Area": {
          "DSP48E": "5",
          "FF": "1591",
          "LUT": "2182",
          "BRAM_18K": "0",
          "URAM": "0"
        }
      },
      "perimeter_load": {
        "Latency": {
          "LatencyBest": "3250",
          "LatencyAvg": "3250",
          "LatencyWorst": "3250",
          "PipelineII": "3250",
          "PipelineDepth": "",
          "PipelineType": "none"
        },
        "Timing": {
          "Target": "10.00",
          "Uncertainty": "1.25",
          "Estimate": "8.750"
        },
        "Loops": [
          {
            "Name": "Loop 1",
            "TripCount": "16",
            "Latency": "2592",
            "PipelineII": "",
            "PipelineDepth": "162",
            "Loops": [{
                "Name": "Loop 1.1",
                "TripCount": "16",
                "Latency": "160",
                "PipelineII": "",
                "PipelineDepth": "10"
              }]
          },
          {
            "Name": "Loop 2",
            "TripCount": "16",
            "Latency": "656",
            "PipelineII": "",
            "PipelineDepth": "41",
            "Loops": [{
                "Name": "Loop 2.1",
                "TripCount": "16",
                "Latency": "32",
                "PipelineII": "",
                "PipelineDepth": "2"
              }]
          }
        ],
        "Area": {
          "FF": "272",
          "LUT": "206",
          "BRAM_18K": "0",
          "DSP48E": "0",
          "URAM": "0"
        }
      },
      "perimeter_store": {
        "Latency": {
          "LatencyBest": "2962",
          "LatencyAvg": "2962",
          "LatencyWorst": "2962",
          "PipelineII": "2962",
          "PipelineDepth": "",
          "PipelineType": "none"
        },
        "Timing": {
          "Target": "10.00",
          "Uncertainty": "1.25",
          "Estimate": "8.750"
        },
        "Loops": [
          {
            "Name": "Loop 1",
            "TripCount": "16",
            "Latency": "2080",
            "PipelineII": "",
            "PipelineDepth": "130",
            "Loops": [{
                "Name": "Loop 1.1",
                "TripCount": "16",
                "Latency": "128",
                "PipelineII": "",
                "PipelineDepth": "8"
              }]
          },
          {
            "Name": "Loop 2",
            "TripCount": "16",
            "Latency": "880",
            "PipelineII": "",
            "PipelineDepth": "55",
            "Loops": [{
                "Name": "Loop 2.1",
                "TripCount": "16",
                "Latency": "48",
                "PipelineII": "",
                "PipelineDepth": "3"
              }]
          }
        ],
        "Area": {
          "FF": "253",
          "LUT": "210",
          "BRAM_18K": "0",
          "DSP48E": "0",
          "URAM": "0"
        }
      },
      "lud_perimeter": {
        "Latency": {
          "LatencyBest": "658",
          "LatencyAvg": "",
          "LatencyWorst": "1239193",
          "PipelineIIMin": "658",
          "PipelineIIMax": "1239193",
          "PipelineII": "658 ~ 1239193",
          "PipelineDepth": "",
          "PipelineType": "none"
        },
        "Timing": {
          "Target": "10.00",
          "Uncertainty": "1.25",
          "Estimate": "8.750"
        },
        "Loops": [
          {
            "Name": "diagonal",
            "TripCount": "16",
            "Latency": "656",
            "PipelineII": "",
            "PipelineDepth": "41",
            "Loops": [{
                "Name": "diagonal.1",
                "TripCount": "16",
                "Latency": "32",
                "PipelineII": "",
                "PipelineDepth": "2"
              }]
          },
          {
            "Name": "Loop 2",
            "TripCount": "",
            "LatencyMin": "0",
            "LatencyMax": "1238535",
            "Latency": "0 ~ 1238535",
            "PipelineII": "",
            "PipelineDepthMin": "13449",
            "PipelineDepthMax": "82569",
            "PipelineDepth": "13449 ~ 82569",
            "Loops": [
              {
                "Name": "Loop 2.1",
                "TripCount": "16",
                "LatencyMin": "2080",
                "LatencyMax": "36640",
                "Latency": "2080 ~ 36640",
                "PipelineII": "",
                "PipelineDepthMin": "130",
                "PipelineDepthMax": "2290",
                "PipelineDepth": "130 ~ 2290",
                "Loops": [{
                    "Name": "Loop 2.1.1",
                    "TripCount": "16",
                    "LatencyMin": "128",
                    "LatencyMax": "2288",
                    "Latency": "128 ~ 2288",
                    "PipelineII": "",
                    "PipelineDepthMin": "8",
                    "PipelineDepthMax": "143",
                    "PipelineDepth": "8 ~ 143",
                    "Loops": [{
                        "Name": "Loop 2.1.1.1",
                        "TripCount": "",
                        "LatencyMin": "0",
                        "LatencyMax": "135",
                        "Latency": "0 ~ 135",
                        "PipelineII": "",
                        "PipelineDepth": "9"
                      }]
                  }]
              },
              {
                "Name": "Loop 2.2",
                "TripCount": "16",
                "LatencyMin": "5152",
                "LatencyMax": "39712",
                "Latency": "5152 ~ 39712",
                "PipelineII": "",
                "PipelineDepthMin": "322",
                "PipelineDepthMax": "2482",
                "PipelineDepth": "322 ~ 2482",
                "Loops": [{
                    "Name": "Loop 2.2.1",
                    "TripCount": "16",
                    "LatencyMin": "320",
                    "LatencyMax": "2480",
                    "Latency": "320 ~ 2480",
                    "PipelineII": "",
                    "PipelineDepthMin": "20",
                    "PipelineDepthMax": "155",
                    "PipelineDepth": "20 ~ 155",
                    "Loops": [{
                        "Name": "Loop 2.2.1.1",
                        "TripCount": "",
                        "LatencyMin": "0",
                        "LatencyMax": "135",
                        "Latency": "0 ~ 135",
                        "PipelineII": "",
                        "PipelineDepth": "9"
                      }]
                  }]
              }
            ]
          }
        ],
        "Area": {
          "DSP48E": "5",
          "FF": "2009",
          "LUT": "2464",
          "BRAM_18K": "0",
          "URAM": "0"
        }
      },
      "internal_load": {
        "Latency": {
          "LatencyBest": "1982",
          "LatencyAvg": "1982",
          "LatencyWorst": "1982",
          "PipelineII": "1982",
          "PipelineDepth": "",
          "PipelineType": "none"
        },
        "Timing": {
          "Target": "10.00",
          "Uncertainty": "1.25",
          "Estimate": "8.750"
        },
        "Loops": [
          {
            "Name": "Loop 1",
            "TripCount": "16",
            "Latency": "656",
            "PipelineII": "",
            "PipelineDepth": "41",
            "Loops": [{
                "Name": "Loop 1.1",
                "TripCount": "16",
                "Latency": "32",
                "PipelineII": "",
                "PipelineDepth": "2"
              }]
          },
          {
            "Name": "Loop 2",
            "TripCount": "16",
            "Latency": "656",
            "PipelineII": "",
            "PipelineDepth": "41",
            "Loops": [{
                "Name": "Loop 2.1",
                "TripCount": "16",
                "Latency": "32",
                "PipelineII": "",
                "PipelineDepth": "2"
              }]
          },
          {
            "Name": "Loop 3",
            "TripCount": "16",
            "Latency": "656",
            "PipelineII": "",
            "PipelineDepth": "41",
            "Loops": [{
                "Name": "Loop 3.1",
                "TripCount": "16",
                "Latency": "32",
                "PipelineII": "",
                "PipelineDepth": "2"
              }]
          }
        ],
        "Area": {
          "FF": "660",
          "LUT": "424",
          "BRAM_18K": "0",
          "DSP48E": "0",
          "URAM": "0"
        }
      },
      "internal_store": {
        "Latency": {
          "LatencyBest": "2092",
          "LatencyAvg": "2092",
          "LatencyWorst": "2092",
          "PipelineII": "2092",
          "PipelineDepth": "",
          "PipelineType": "none"
        },
        "Timing": {
          "Target": "10.00",
          "Uncertainty": "1.25",
          "Estimate": "8.750"
        },
        "Loops": [{
            "Name": "Loop 1",
            "TripCount": "16",
            "Latency": "2080",
            "PipelineII": "",
            "PipelineDepth": "130",
            "Loops": [{
                "Name": "Loop 1.1",
                "TripCount": "16",
                "Latency": "128",
                "PipelineII": "",
                "PipelineDepth": "8"
              }]
          }],
        "Area": {
          "FF": "386",
          "LUT": "242",
          "BRAM_18K": "0",
          "DSP48E": "0",
          "URAM": "0"
        }
      },
      "lud_internal": {
        "Latency": {
          "LatencyBest": "1",
          "LatencyAvg": "",
          "LatencyWorst": "9679951",
          "PipelineIIMin": "1",
          "PipelineIIMax": "9679951",
          "PipelineII": "1 ~ 9679951",
          "PipelineDepth": "",
          "PipelineType": "none"
        },
        "Timing": {
          "Target": "10.00",
          "Uncertainty": "1.25",
          "Estimate": "8.750"
        },
        "Loops": [{
            "Name": "Loop 1",
            "TripCount": "",
            "LatencyMin": "0",
            "LatencyMax": "9679950",
            "Latency": "0 ~ 9679950",
            "PipelineII": "",
            "PipelineDepth": "43022",
            "Loops": [{
                "Name": "Loop 1.1",
                "TripCount": "16",
                "Latency": "38944",
                "PipelineII": "",
                "PipelineDepth": "2434",
                "Loops": [{
                    "Name": "Loop 1.1.1",
                    "TripCount": "16",
                    "Latency": "2432",
                    "PipelineII": "",
                    "PipelineDepth": "152",
                    "Loops": [{
                        "Name": "Loop 1.1.1.1",
                        "TripCount": "16",
                        "Latency": "144",
                        "PipelineII": "",
                        "PipelineDepth": "9"
                      }]
                  }]
              }]
          }],
        "Area": {
          "DSP48E": "5",
          "FF": "1692",
          "LUT": "1576",
          "BRAM_18K": "0",
          "URAM": "0"
        }
      },
      "workload_based_tiled": {
        "Latency": {
          "LatencyBest": "39241",
          "LatencyAvg": "",
          "LatencyWorst": "165041476",
          "PipelineIIMin": "39242",
          "PipelineIIMax": "165041477",
          "PipelineII": "39242 ~ 165041477",
          "PipelineDepth": "",
          "PipelineType": "none"
        },
        "Timing": {
          "Target": "10.00",
          "Uncertainty": "1.25",
          "Estimate": "8.750"
        },
        "Loops": [{
            "Name": "Loop 1",
            "TripCount": "15",
            "LatencyMin": "37410",
            "LatencyMax": "164963085",
            "Latency": "37410 ~ 164963085",
            "PipelineII": "",
            "PipelineDepthMin": "2494",
            "PipelineDepthMax": "10997539",
            "PipelineDepth": "2494 ~ 10997539"
          }],
        "Area": {
          "BRAM_18K": "8",
          "DSP48E": "15",
          "FF": "5943",
          "LUT": "7061",
          "URAM": "0"
        }
      }
    }
  },
  "Sdx": {
    "Target": "none",
    "ProfileOption": "0",
    "ProfileType": "none",
    "XO": "",
    "KernelName": "workload_based_tiled",
    "EnableXoSwEmu": "1"
  },
  "GenData": {
    "DataVersion": "0.2",
    "Time": "2023-01-26 13:39:40 -0600",
    "ToolName": "vivado_hls",
    "ToolVersion": "2019.2"
  }
}
