<stg><name>add_bias_to_activati</name>


<trans_list>

<trans id="63" from="1" to="2">
<condition id="-1">
<or_exp><and_exp></and_exp></or_exp>
</condition>
</trans>

<trans id="64" from="2" to="3">
<condition id="-1">
<or_exp><and_exp><literal name="icmp_ln47" val="0"/>
</and_exp></or_exp>
</condition>
</trans>

<trans id="66" from="3" to="4">
<condition id="-1">
<or_exp><and_exp></and_exp></or_exp>
</condition>
</trans>

<trans id="67" from="4" to="5">
<condition id="-1">
<or_exp><and_exp></and_exp></or_exp>
</condition>
</trans>

<trans id="68" from="5" to="6">
<condition id="-1">
<or_exp><and_exp></and_exp></or_exp>
</condition>
</trans>

<trans id="69" from="6" to="7">
<condition id="-1">
<or_exp><and_exp></and_exp></or_exp>
</condition>
</trans>

<trans id="70" from="7" to="8">
<condition id="-1">
<or_exp><and_exp></and_exp></or_exp>
</condition>
</trans>

<trans id="71" from="8" to="9">
<condition id="-1">
<or_exp><and_exp></and_exp></or_exp>
</condition>
</trans>

<trans id="72" from="9" to="2">
<condition id="-1">
<or_exp><and_exp></and_exp></or_exp>
</condition>
</trans>
</trans_list>



<state_list>

<state id="1" st_id="1">

<operation id="10" st_id="1" stage="1" lat="1">
<core>NULL</core>
<MemPortIdVec></MemPortIdVec>
<condition id="-1">
<or_exp><and_exp></and_exp></or_exp>
</condition>

<Node id="9" bw="0" op_0_bw="0">
<![CDATA[
:0  br label %1

]]></Node>
<StgValue><ssdm name="br_ln47"/></StgValue>
</operation>
</state>

<state id="2" st_id="2">

<operation id="11" st_id="2" stage="1" lat="1">
<core>NULL</core>
<MemPortIdVec></MemPortIdVec>
<condition id="-1">
<or_exp><and_exp></and_exp></or_exp>
</condition>

<Node id="11" bw="7" op_0_bw="7" op_1_bw="0" op_2_bw="7" op_3_bw="0">
<![CDATA[
:0  %i_0 = phi i7 [ 0, %0 ], [ %i, %3 ]

]]></Node>
<StgValue><ssdm name="i_0"/></StgValue>
</operation>

<operation id="12" st_id="2" stage="1" lat="1">
<core>NULL</core>
<MemPortIdVec></MemPortIdVec>
<condition id="-1">
<or_exp><and_exp></and_exp></or_exp>
</condition>

<Node id="12" bw="32" op_0_bw="32" op_1_bw="64" op_2_bw="64" op_3_bw="64">
<![CDATA[
:1  %empty = call i32 (...)* @_ssdm_op_SpecLoopTripCount(i64 64, i64 64, i64 64)

]]></Node>
<StgValue><ssdm name="empty"/></StgValue>
</operation>

<operation id="13" st_id="2" stage="1" lat="1">
<core>Cmp</core>
<MemPortIdVec></MemPortIdVec>
<condition id="-1">
<or_exp><and_exp></and_exp></or_exp>
</condition>

<Node id="13" bw="1" op_0_bw="7" op_1_bw="7">
<![CDATA[
:2  %icmp_ln47 = icmp eq i7 %i_0, -64

]]></Node>
<StgValue><ssdm name="icmp_ln47"/></StgValue>
</operation>

<operation id="14" st_id="2" stage="1" lat="1">
<core>AddSub</core>
<MemPortIdVec></MemPortIdVec>
<condition id="-1">
<or_exp><and_exp></and_exp></or_exp>
</condition>

<Node id="14" bw="7" op_0_bw="7" op_1_bw="7">
<![CDATA[
:3  %i = add i7 %i_0, 1

]]></Node>
<StgValue><ssdm name="i"/></StgValue>
</operation>

<operation id="15" st_id="2" stage="1" lat="1">
<core>NULL</core>
<MemPortIdVec></MemPortIdVec>
<condition id="-1">
<or_exp><and_exp></and_exp></or_exp>
</condition>

<Node id="15" bw="0" op_0_bw="1" op_1_bw="0" op_2_bw="0">
<![CDATA[
:4  br i1 %icmp_ln47, label %4, label %2

]]></Node>
<StgValue><ssdm name="br_ln47"/></StgValue>
</operation>

<operation id="16" st_id="2" stage="1" lat="1">
<core>NULL</core>
<MemPortIdVec></MemPortIdVec>
<condition id="-1">
<or_exp><and_exp><literal name="icmp_ln47" val="0"/>
</and_exp></or_exp>
</condition>

<Node id="18" bw="2" op_0_bw="7">
<![CDATA[
:1  %trunc_ln48 = trunc i7 %i_0 to i2

]]></Node>
<StgValue><ssdm name="trunc_ln48"/></StgValue>
</operation>

<operation id="17" st_id="2" stage="1" lat="1">
<core>NULL</core>
<MemPortIdVec></MemPortIdVec>
<condition id="-1">
<or_exp><and_exp><literal name="icmp_ln47" val="0"/>
</and_exp></or_exp>
</condition>

<Node id="20" bw="5" op_0_bw="5" op_1_bw="7" op_2_bw="32" op_3_bw="32">
<![CDATA[
:3  %lshr_ln = call i5 @_ssdm_op_PartSelect.i5.i7.i32.i32(i7 %i_0, i32 2, i32 6)

]]></Node>
<StgValue><ssdm name="lshr_ln"/></StgValue>
</operation>

<operation id="18" st_id="2" stage="1" lat="1">
<core>NULL</core>
<MemPortIdVec></MemPortIdVec>
<condition id="-1">
<or_exp><and_exp><literal name="icmp_ln47" val="0"/>
</and_exp></or_exp>
</condition>

<Node id="21" bw="64" op_0_bw="5">
<![CDATA[
:4  %zext_ln48_1 = zext i5 %lshr_ln to i64

]]></Node>
<StgValue><ssdm name="zext_ln48_1"/></StgValue>
</operation>

<operation id="19" st_id="2" stage="1" lat="1">
<core>NULL</core>
<MemPortIdVec></MemPortIdVec>
<condition id="-1">
<or_exp><and_exp><literal name="icmp_ln47" val="0"/>
</and_exp></or_exp>
</condition>

<Node id="22" bw="4" op_0_bw="64" op_1_bw="64" op_2_bw="64">
<![CDATA[
:5  %activations_0_addr = getelementptr [16 x double]* %activations_0, i64 0, i64 %zext_ln48_1

]]></Node>
<StgValue><ssdm name="activations_0_addr"/></StgValue>
</operation>

<operation id="20" st_id="2" stage="1" lat="1">
<core>NULL</core>
<MemPortIdVec></MemPortIdVec>
<condition id="-1">
<or_exp><and_exp><literal name="icmp_ln47" val="0"/>
</and_exp></or_exp>
</condition>

<Node id="23" bw="4" op_0_bw="64" op_1_bw="64" op_2_bw="64">
<![CDATA[
:6  %activations_1_addr = getelementptr [16 x double]* %activations_1, i64 0, i64 %zext_ln48_1

]]></Node>
<StgValue><ssdm name="activations_1_addr"/></StgValue>
</operation>

<operation id="21" st_id="2" stage="1" lat="1">
<core>NULL</core>
<MemPortIdVec></MemPortIdVec>
<condition id="-1">
<or_exp><and_exp><literal name="icmp_ln47" val="0"/>
</and_exp></or_exp>
</condition>

<Node id="24" bw="4" op_0_bw="64" op_1_bw="64" op_2_bw="64">
<![CDATA[
:7  %activations_2_addr = getelementptr [16 x double]* %activations_2, i64 0, i64 %zext_ln48_1

]]></Node>
<StgValue><ssdm name="activations_2_addr"/></StgValue>
</operation>

<operation id="22" st_id="2" stage="1" lat="1">
<core>NULL</core>
<MemPortIdVec></MemPortIdVec>
<condition id="-1">
<or_exp><and_exp><literal name="icmp_ln47" val="0"/>
</and_exp></or_exp>
</condition>

<Node id="25" bw="4" op_0_bw="64" op_1_bw="64" op_2_bw="64">
<![CDATA[
:8  %activations_3_addr = getelementptr [16 x double]* %activations_3, i64 0, i64 %zext_ln48_1

]]></Node>
<StgValue><ssdm name="activations_3_addr"/></StgValue>
</operation>

<operation id="23" st_id="2" stage="2" lat="2">
<core>RAM</core>
<MemPortIdVec>0 </MemPortIdVec>
<condition id="-1">
<or_exp><and_exp><literal name="icmp_ln47" val="0"/>
</and_exp></or_exp>
</condition>

<Node id="26" bw="64" op_0_bw="4">
<![CDATA[
:9  %activations_0_load = load double* %activations_0_addr, align 8

]]></Node>
<StgValue><ssdm name="activations_0_load"/></StgValue>
</operation>

<operation id="24" st_id="2" stage="2" lat="2">
<core>RAM</core>
<MemPortIdVec>0 </MemPortIdVec>
<condition id="-1">
<or_exp><and_exp><literal name="icmp_ln47" val="0"/>
</and_exp></or_exp>
</condition>

<Node id="27" bw="64" op_0_bw="4">
<![CDATA[
:10  %activations_1_load = load double* %activations_1_addr, align 8

]]></Node>
<StgValue><ssdm name="activations_1_load"/></StgValue>
</operation>

<operation id="25" st_id="2" stage="2" lat="2">
<core>RAM</core>
<MemPortIdVec>0 </MemPortIdVec>
<condition id="-1">
<or_exp><and_exp><literal name="icmp_ln47" val="0"/>
</and_exp></or_exp>
</condition>

<Node id="28" bw="64" op_0_bw="4">
<![CDATA[
:11  %activations_2_load = load double* %activations_2_addr, align 8

]]></Node>
<StgValue><ssdm name="activations_2_load"/></StgValue>
</operation>

<operation id="26" st_id="2" stage="2" lat="2">
<core>RAM</core>
<MemPortIdVec>0 </MemPortIdVec>
<condition id="-1">
<or_exp><and_exp><literal name="icmp_ln47" val="0"/>
</and_exp></or_exp>
</condition>

<Node id="29" bw="64" op_0_bw="4">
<![CDATA[
:12  %activations_3_load = load double* %activations_3_addr, align 8

]]></Node>
<StgValue><ssdm name="activations_3_load"/></StgValue>
</operation>

<operation id="27" st_id="2" stage="1" lat="1">
<core>NULL</core>
<MemPortIdVec></MemPortIdVec>
<condition id="-1">
<or_exp><and_exp><literal name="icmp_ln47" val="0"/>
</and_exp></or_exp>
</condition>

<Node id="31" bw="4" op_0_bw="64" op_1_bw="64" op_2_bw="64">
<![CDATA[
:14  %biases_0_addr = getelementptr [16 x double]* %biases_0, i64 0, i64 %zext_ln48_1

]]></Node>
<StgValue><ssdm name="biases_0_addr"/></StgValue>
</operation>

<operation id="28" st_id="2" stage="2" lat="2">
<core>RAM</core>
<MemPortIdVec>0 </MemPortIdVec>
<condition id="-1">
<or_exp><and_exp><literal name="icmp_ln47" val="0"/>
</and_exp></or_exp>
</condition>

<Node id="32" bw="64" op_0_bw="4">
<![CDATA[
:15  %biases_0_load = load double* %biases_0_addr, align 8

]]></Node>
<StgValue><ssdm name="biases_0_load"/></StgValue>
</operation>

<operation id="29" st_id="2" stage="1" lat="1">
<core>NULL</core>
<MemPortIdVec></MemPortIdVec>
<condition id="-1">
<or_exp><and_exp><literal name="icmp_ln47" val="0"/>
</and_exp></or_exp>
</condition>

<Node id="33" bw="4" op_0_bw="64" op_1_bw="64" op_2_bw="64">
<![CDATA[
:16  %biases_1_addr = getelementptr [16 x double]* %biases_1, i64 0, i64 %zext_ln48_1

]]></Node>
<StgValue><ssdm name="biases_1_addr"/></StgValue>
</operation>

<operation id="30" st_id="2" stage="2" lat="2">
<core>RAM</core>
<MemPortIdVec>0 </MemPortIdVec>
<condition id="-1">
<or_exp><and_exp><literal name="icmp_ln47" val="0"/>
</and_exp></or_exp>
</condition>

<Node id="34" bw="64" op_0_bw="4">
<![CDATA[
:17  %biases_1_load = load double* %biases_1_addr, align 8

]]></Node>
<StgValue><ssdm name="biases_1_load"/></StgValue>
</operation>

<operation id="31" st_id="2" stage="1" lat="1">
<core>NULL</core>
<MemPortIdVec></MemPortIdVec>
<condition id="-1">
<or_exp><and_exp><literal name="icmp_ln47" val="0"/>
</and_exp></or_exp>
</condition>

<Node id="35" bw="4" op_0_bw="64" op_1_bw="64" op_2_bw="64">
<![CDATA[
:18  %biases_2_addr = getelementptr [16 x double]* %biases_2, i64 0, i64 %zext_ln48_1

]]></Node>
<StgValue><ssdm name="biases_2_addr"/></StgValue>
</operation>

<operation id="32" st_id="2" stage="2" lat="2">
<core>RAM</core>
<MemPortIdVec>0 </MemPortIdVec>
<condition id="-1">
<or_exp><and_exp><literal name="icmp_ln47" val="0"/>
</and_exp></or_exp>
</condition>

<Node id="36" bw="64" op_0_bw="4">
<![CDATA[
:19  %biases_2_load = load double* %biases_2_addr, align 8

]]></Node>
<StgValue><ssdm name="biases_2_load"/></StgValue>
</operation>

<operation id="33" st_id="2" stage="1" lat="1">
<core>NULL</core>
<MemPortIdVec></MemPortIdVec>
<condition id="-1">
<or_exp><and_exp><literal name="icmp_ln47" val="0"/>
</and_exp></or_exp>
</condition>

<Node id="37" bw="4" op_0_bw="64" op_1_bw="64" op_2_bw="64">
<![CDATA[
:20  %biases_3_addr = getelementptr [16 x double]* %biases_3, i64 0, i64 %zext_ln48_1

]]></Node>
<StgValue><ssdm name="biases_3_addr"/></StgValue>
</operation>

<operation id="34" st_id="2" stage="2" lat="2">
<core>RAM</core>
<MemPortIdVec>0 </MemPortIdVec>
<condition id="-1">
<or_exp><and_exp><literal name="icmp_ln47" val="0"/>
</and_exp></or_exp>
</condition>

<Node id="38" bw="64" op_0_bw="4">
<![CDATA[
:21  %biases_3_load = load double* %biases_3_addr, align 8

]]></Node>
<StgValue><ssdm name="biases_3_load"/></StgValue>
</operation>

<operation id="35" st_id="2" stage="1" lat="1">
<core>NULL</core>
<MemPortIdVec></MemPortIdVec>
<condition id="-1">
<or_exp><and_exp><literal name="icmp_ln47" val="1"/>
</and_exp></or_exp>
</condition>

<Node id="57" bw="0">
<![CDATA[
:0  ret void

]]></Node>
<StgValue><ssdm name="ret_ln50"/></StgValue>
</operation>
</state>

<state id="3" st_id="3">

<operation id="36" st_id="3" stage="1" lat="1">
<core>NULL</core>
<MemPortIdVec></MemPortIdVec>
<condition id="-1">
<or_exp><and_exp></and_exp></or_exp>
</condition>

<Node id="19" bw="32" op_0_bw="2">
<![CDATA[
:2  %zext_ln48 = zext i2 %trunc_ln48 to i32

]]></Node>
<StgValue><ssdm name="zext_ln48"/></StgValue>
</operation>

<operation id="37" st_id="3" stage="1" lat="2">
<core>RAM</core>
<MemPortIdVec>0 </MemPortIdVec>
<condition id="-1">
<or_exp><and_exp></and_exp></or_exp>
</condition>

<Node id="26" bw="64" op_0_bw="4">
<![CDATA[
:9  %activations_0_load = load double* %activations_0_addr, align 8

]]></Node>
<StgValue><ssdm name="activations_0_load"/></StgValue>
</operation>

<operation id="38" st_id="3" stage="1" lat="2">
<core>RAM</core>
<MemPortIdVec>0 </MemPortIdVec>
<condition id="-1">
<or_exp><and_exp></and_exp></or_exp>
</condition>

<Node id="27" bw="64" op_0_bw="4">
<![CDATA[
:10  %activations_1_load = load double* %activations_1_addr, align 8

]]></Node>
<StgValue><ssdm name="activations_1_load"/></StgValue>
</operation>

<operation id="39" st_id="3" stage="1" lat="2">
<core>RAM</core>
<MemPortIdVec>0 </MemPortIdVec>
<condition id="-1">
<or_exp><and_exp></and_exp></or_exp>
</condition>

<Node id="28" bw="64" op_0_bw="4">
<![CDATA[
:11  %activations_2_load = load double* %activations_2_addr, align 8

]]></Node>
<StgValue><ssdm name="activations_2_load"/></StgValue>
</operation>

<operation id="40" st_id="3" stage="1" lat="2">
<core>RAM</core>
<MemPortIdVec>0 </MemPortIdVec>
<condition id="-1">
<or_exp><and_exp></and_exp></or_exp>
</condition>

<Node id="29" bw="64" op_0_bw="4">
<![CDATA[
:12  %activations_3_load = load double* %activations_3_addr, align 8

]]></Node>
<StgValue><ssdm name="activations_3_load"/></StgValue>
</operation>

<operation id="41" st_id="3" stage="1" lat="1">
<core>MuxnS</core>
<MemPortIdVec></MemPortIdVec>
<condition id="-1">
<or_exp><and_exp></and_exp></or_exp>
</condition>

<Node id="30" bw="64" op_0_bw="64" op_1_bw="64" op_2_bw="64" op_3_bw="64" op_4_bw="64" op_5_bw="32">
<![CDATA[
:13  %tmp_s = call double @_ssdm_op_Mux.ap_auto.4double.i32(double %activations_0_load, double %activations_1_load, double %activations_2_load, double %activations_3_load, i32 %zext_ln48)

]]></Node>
<StgValue><ssdm name="tmp_s"/></StgValue>
</operation>

<operation id="42" st_id="3" stage="1" lat="2">
<core>RAM</core>
<MemPortIdVec>0 </MemPortIdVec>
<condition id="-1">
<or_exp><and_exp></and_exp></or_exp>
</condition>

<Node id="32" bw="64" op_0_bw="4">
<![CDATA[
:15  %biases_0_load = load double* %biases_0_addr, align 8

]]></Node>
<StgValue><ssdm name="biases_0_load"/></StgValue>
</operation>

<operation id="43" st_id="3" stage="1" lat="2">
<core>RAM</core>
<MemPortIdVec>0 </MemPortIdVec>
<condition id="-1">
<or_exp><and_exp></and_exp></or_exp>
</condition>

<Node id="34" bw="64" op_0_bw="4">
<![CDATA[
:17  %biases_1_load = load double* %biases_1_addr, align 8

]]></Node>
<StgValue><ssdm name="biases_1_load"/></StgValue>
</operation>

<operation id="44" st_id="3" stage="1" lat="2">
<core>RAM</core>
<MemPortIdVec>0 </MemPortIdVec>
<condition id="-1">
<or_exp><and_exp></and_exp></or_exp>
</condition>

<Node id="36" bw="64" op_0_bw="4">
<![CDATA[
:19  %biases_2_load = load double* %biases_2_addr, align 8

]]></Node>
<StgValue><ssdm name="biases_2_load"/></StgValue>
</operation>

<operation id="45" st_id="3" stage="1" lat="2">
<core>RAM</core>
<MemPortIdVec>0 </MemPortIdVec>
<condition id="-1">
<or_exp><and_exp></and_exp></or_exp>
</condition>

<Node id="38" bw="64" op_0_bw="4">
<![CDATA[
:21  %biases_3_load = load double* %biases_3_addr, align 8

]]></Node>
<StgValue><ssdm name="biases_3_load"/></StgValue>
</operation>

<operation id="46" st_id="3" stage="1" lat="1">
<core>MuxnS</core>
<MemPortIdVec></MemPortIdVec>
<condition id="-1">
<or_exp><and_exp></and_exp></or_exp>
</condition>

<Node id="39" bw="64" op_0_bw="64" op_1_bw="64" op_2_bw="64" op_3_bw="64" op_4_bw="64" op_5_bw="32">
<![CDATA[
:22  %tmp_11 = call double @_ssdm_op_Mux.ap_auto.4double.i32(double %biases_0_load, double %biases_1_load, double %biases_2_load, double %biases_3_load, i32 %zext_ln48)

]]></Node>
<StgValue><ssdm name="tmp_11"/></StgValue>
</operation>
</state>

<state id="4" st_id="4">

<operation id="47" st_id="4" stage="5" lat="5">
<core>DAddSub</core>
<MemPortIdVec></MemPortIdVec>
<condition id="-1">
<or_exp><and_exp></and_exp></or_exp>
</condition>

<Node id="40" bw="64" op_0_bw="64" op_1_bw="64">
<![CDATA[
:23  %tmp = fadd double %tmp_s, %tmp_11

]]></Node>
<StgValue><ssdm name="tmp"/></StgValue>
</operation>
</state>

<state id="5" st_id="5">

<operation id="48" st_id="5" stage="4" lat="5">
<core>DAddSub</core>
<MemPortIdVec></MemPortIdVec>
<condition id="-1">
<or_exp><and_exp></and_exp></or_exp>
</condition>

<Node id="40" bw="64" op_0_bw="64" op_1_bw="64">
<![CDATA[
:23  %tmp = fadd double %tmp_s, %tmp_11

]]></Node>
<StgValue><ssdm name="tmp"/></StgValue>
</operation>
</state>

<state id="6" st_id="6">

<operation id="49" st_id="6" stage="3" lat="5">
<core>DAddSub</core>
<MemPortIdVec></MemPortIdVec>
<condition id="-1">
<or_exp><and_exp></and_exp></or_exp>
</condition>

<Node id="40" bw="64" op_0_bw="64" op_1_bw="64">
<![CDATA[
:23  %tmp = fadd double %tmp_s, %tmp_11

]]></Node>
<StgValue><ssdm name="tmp"/></StgValue>
</operation>
</state>

<state id="7" st_id="7">

<operation id="50" st_id="7" stage="2" lat="5">
<core>DAddSub</core>
<MemPortIdVec></MemPortIdVec>
<condition id="-1">
<or_exp><and_exp></and_exp></or_exp>
</condition>

<Node id="40" bw="64" op_0_bw="64" op_1_bw="64">
<![CDATA[
:23  %tmp = fadd double %tmp_s, %tmp_11

]]></Node>
<StgValue><ssdm name="tmp"/></StgValue>
</operation>
</state>

<state id="8" st_id="8">

<operation id="51" st_id="8" stage="1" lat="1">
<core>NULL</core>
<MemPortIdVec></MemPortIdVec>
<condition id="-1">
<or_exp><and_exp></and_exp></or_exp>
</condition>

<Node id="17" bw="0" op_0_bw="0" op_1_bw="0">
<![CDATA[
:0  call void (...)* @_ssdm_op_SpecLoopName([6 x i8]* @p_str4) nounwind

]]></Node>
<StgValue><ssdm name="specloopname_ln47"/></StgValue>
</operation>

<operation id="52" st_id="8" stage="1" lat="5">
<core>DAddSub</core>
<MemPortIdVec></MemPortIdVec>
<condition id="-1">
<or_exp><and_exp></and_exp></or_exp>
</condition>

<Node id="40" bw="64" op_0_bw="64" op_1_bw="64">
<![CDATA[
:23  %tmp = fadd double %tmp_s, %tmp_11

]]></Node>
<StgValue><ssdm name="tmp"/></StgValue>
</operation>

<operation id="53" st_id="8" stage="1" lat="1">
<core>NULL</core>
<MemPortIdVec></MemPortIdVec>
<condition id="-1">
<or_exp><and_exp></and_exp></or_exp>
</condition>

<Node id="41" bw="0" op_0_bw="2" op_1_bw="0" op_2_bw="2" op_3_bw="0" op_4_bw="2" op_5_bw="0" op_6_bw="2" op_7_bw="0">
<![CDATA[
:24  switch i2 %trunc_ln48, label %branch3 [
    i2 0, label %branch0
    i2 1, label %branch1
    i2 -2, label %branch2
  ]

]]></Node>
<StgValue><ssdm name="switch_ln48"/></StgValue>
</operation>
</state>

<state id="9" st_id="9">

<operation id="54" st_id="9" stage="1" lat="1">
<core>RAM</core>
<MemPortIdVec>0 </MemPortIdVec>
<condition id="-1">
<or_exp><and_exp><literal name="trunc_ln48" val="-2"/>
</and_exp></or_exp>
</condition>

<Node id="43" bw="0" op_0_bw="64" op_1_bw="4" op_2_bw="64">
<![CDATA[
branch2:0  store double %tmp, double* %activations_2_addr, align 8

]]></Node>
<StgValue><ssdm name="store_ln48"/></StgValue>
</operation>

<operation id="55" st_id="9" stage="1" lat="1">
<core>NULL</core>
<MemPortIdVec></MemPortIdVec>
<condition id="-1">
<or_exp><and_exp><literal name="trunc_ln48" val="-2"/>
</and_exp></or_exp>
</condition>

<Node id="44" bw="0" op_0_bw="0">
<![CDATA[
branch2:1  br label %3

]]></Node>
<StgValue><ssdm name="br_ln48"/></StgValue>
</operation>

<operation id="56" st_id="9" stage="1" lat="1">
<core>RAM</core>
<MemPortIdVec>0 </MemPortIdVec>
<condition id="-1">
<or_exp><and_exp><literal name="trunc_ln48" val="1"/>
</and_exp></or_exp>
</condition>

<Node id="46" bw="0" op_0_bw="64" op_1_bw="4" op_2_bw="64">
<![CDATA[
branch1:0  store double %tmp, double* %activations_1_addr, align 8

]]></Node>
<StgValue><ssdm name="store_ln48"/></StgValue>
</operation>

<operation id="57" st_id="9" stage="1" lat="1">
<core>NULL</core>
<MemPortIdVec></MemPortIdVec>
<condition id="-1">
<or_exp><and_exp><literal name="trunc_ln48" val="1"/>
</and_exp></or_exp>
</condition>

<Node id="47" bw="0" op_0_bw="0">
<![CDATA[
branch1:1  br label %3

]]></Node>
<StgValue><ssdm name="br_ln48"/></StgValue>
</operation>

<operation id="58" st_id="9" stage="1" lat="1">
<core>RAM</core>
<MemPortIdVec>0 </MemPortIdVec>
<condition id="-1">
<or_exp><and_exp><literal name="trunc_ln48" val="0"/>
</and_exp></or_exp>
</condition>

<Node id="49" bw="0" op_0_bw="64" op_1_bw="4" op_2_bw="64">
<![CDATA[
branch0:0  store double %tmp, double* %activations_0_addr, align 8

]]></Node>
<StgValue><ssdm name="store_ln48"/></StgValue>
</operation>

<operation id="59" st_id="9" stage="1" lat="1">
<core>NULL</core>
<MemPortIdVec></MemPortIdVec>
<condition id="-1">
<or_exp><and_exp><literal name="trunc_ln48" val="0"/>
</and_exp></or_exp>
</condition>

<Node id="50" bw="0" op_0_bw="0">
<![CDATA[
branch0:1  br label %3

]]></Node>
<StgValue><ssdm name="br_ln48"/></StgValue>
</operation>

<operation id="60" st_id="9" stage="1" lat="1">
<core>RAM</core>
<MemPortIdVec>0 </MemPortIdVec>
<condition id="-1">
<or_exp><and_exp><literal name="trunc_ln48" val="-1"/>
</and_exp></or_exp>
</condition>

<Node id="52" bw="0" op_0_bw="64" op_1_bw="4" op_2_bw="64">
<![CDATA[
branch3:0  store double %tmp, double* %activations_3_addr, align 8

]]></Node>
<StgValue><ssdm name="store_ln48"/></StgValue>
</operation>

<operation id="61" st_id="9" stage="1" lat="1">
<core>NULL</core>
<MemPortIdVec></MemPortIdVec>
<condition id="-1">
<or_exp><and_exp><literal name="trunc_ln48" val="-1"/>
</and_exp></or_exp>
</condition>

<Node id="53" bw="0" op_0_bw="0">
<![CDATA[
branch3:1  br label %3

]]></Node>
<StgValue><ssdm name="br_ln48"/></StgValue>
</operation>

<operation id="62" st_id="9" stage="1" lat="1">
<core>NULL</core>
<MemPortIdVec></MemPortIdVec>
<condition id="-1">
<or_exp><and_exp></and_exp></or_exp>
</condition>

<Node id="55" bw="0" op_0_bw="0">
<![CDATA[
:0  br label %1

]]></Node>
<StgValue><ssdm name="br_ln47"/></StgValue>
</operation>
</state>
</state_list>


<ports>
<port id="73" name="biases_0" dir="0" iftype="1">
<core>RAM</core><StgValue><ssdm name="biases_0"/><MemPortTyVec>1 3 </MemPortTyVec>
</StgValue>
</port>
<port id="74" name="biases_1" dir="0" iftype="1">
<core>RAM</core><StgValue><ssdm name="biases_1"/><MemPortTyVec>1 3 </MemPortTyVec>
</StgValue>
</port>
<port id="75" name="biases_2" dir="0" iftype="1">
<core>RAM</core><StgValue><ssdm name="biases_2"/><MemPortTyVec>1 3 </MemPortTyVec>
</StgValue>
</port>
<port id="76" name="biases_3" dir="0" iftype="1">
<core>RAM</core><StgValue><ssdm name="biases_3"/><MemPortTyVec>1 3 </MemPortTyVec>
</StgValue>
</port>
<port id="77" name="activations_0" dir="2" iftype="1">
<core>RAM</core><StgValue><ssdm name="activations_0"/><MemPortTyVec>2 3 </MemPortTyVec>
</StgValue>
</port>
<port id="78" name="activations_1" dir="2" iftype="1">
<core>RAM</core><StgValue><ssdm name="activations_1"/><MemPortTyVec>2 3 </MemPortTyVec>
</StgValue>
</port>
<port id="79" name="activations_2" dir="2" iftype="1">
<core>RAM</core><StgValue><ssdm name="activations_2"/><MemPortTyVec>2 3 </MemPortTyVec>
</StgValue>
</port>
<port id="80" name="activations_3" dir="2" iftype="1">
<core>RAM</core><StgValue><ssdm name="activations_3"/><MemPortTyVec>2 3 </MemPortTyVec>
</StgValue>
</port>
</ports>


<dataflows>
<dataflow id="82" from="StgValue_81" to="i_0" fromId="81" toId="11">
<condition id="-1">
<or_exp><and_exp></and_exp></or_exp>
</condition>
</dataflow>
<dataflow id="83" from="br_ln47" to="i_0" fromId="10" toId="11">
</dataflow>
<dataflow id="84" from="i" to="i_0" fromId="14" toId="11">
<BackEdge/>
<condition id="-1">
<or_exp><and_exp></and_exp></or_exp>
</condition>
</dataflow>
<dataflow id="85" from="br_ln47" to="i_0" fromId="62" toId="11">
<BackEdge/>
</dataflow>
<dataflow id="87" from="_ssdm_op_SpecLoopTripCount" to="empty" fromId="86" toId="12">
</dataflow>
<dataflow id="89" from="StgValue_88" to="empty" fromId="88" toId="12">
</dataflow>
<dataflow id="90" from="StgValue_88" to="empty" fromId="88" toId="12">
</dataflow>
<dataflow id="91" from="StgValue_88" to="empty" fromId="88" toId="12">
</dataflow>
<dataflow id="92" from="i_0" to="icmp_ln47" fromId="11" toId="13">
</dataflow>
<dataflow id="94" from="StgValue_93" to="icmp_ln47" fromId="93" toId="13">
</dataflow>
<dataflow id="95" from="i_0" to="i" fromId="11" toId="14">
</dataflow>
<dataflow id="97" from="StgValue_96" to="i" fromId="96" toId="14">
</dataflow>
<dataflow id="98" from="icmp_ln47" to="br_ln47" fromId="13" toId="15">
</dataflow>
<dataflow id="99" from="i_0" to="trunc_ln48" fromId="11" toId="16">
</dataflow>
<dataflow id="101" from="_ssdm_op_PartSelect.i5.i7.i32.i32" to="lshr_ln" fromId="100" toId="17">
</dataflow>
<dataflow id="102" from="i_0" to="lshr_ln" fromId="11" toId="17">
</dataflow>
<dataflow id="104" from="StgValue_103" to="lshr_ln" fromId="103" toId="17">
</dataflow>
<dataflow id="106" from="StgValue_105" to="lshr_ln" fromId="105" toId="17">
</dataflow>
<dataflow id="107" from="lshr_ln" to="zext_ln48_1" fromId="17" toId="18">
</dataflow>
<dataflow id="108" from="activations_0" to="activations_0_addr" fromId="77" toId="19">
</dataflow>
<dataflow id="110" from="StgValue_109" to="activations_0_addr" fromId="109" toId="19">
</dataflow>
<dataflow id="111" from="zext_ln48_1" to="activations_0_addr" fromId="18" toId="19">
</dataflow>
<dataflow id="112" from="activations_1" to="activations_1_addr" fromId="78" toId="20">
</dataflow>
<dataflow id="113" from="StgValue_109" to="activations_1_addr" fromId="109" toId="20">
</dataflow>
<dataflow id="114" from="zext_ln48_1" to="activations_1_addr" fromId="18" toId="20">
</dataflow>
<dataflow id="115" from="activations_2" to="activations_2_addr" fromId="79" toId="21">
</dataflow>
<dataflow id="116" from="StgValue_109" to="activations_2_addr" fromId="109" toId="21">
</dataflow>
<dataflow id="117" from="zext_ln48_1" to="activations_2_addr" fromId="18" toId="21">
</dataflow>
<dataflow id="118" from="activations_3" to="activations_3_addr" fromId="80" toId="22">
</dataflow>
<dataflow id="119" from="StgValue_109" to="activations_3_addr" fromId="109" toId="22">
</dataflow>
<dataflow id="120" from="zext_ln48_1" to="activations_3_addr" fromId="18" toId="22">
</dataflow>
<dataflow id="121" from="activations_0_addr" to="activations_0_load" fromId="19" toId="23">
</dataflow>
<dataflow id="122" from="activations_1_addr" to="activations_1_load" fromId="20" toId="24">
</dataflow>
<dataflow id="123" from="activations_2_addr" to="activations_2_load" fromId="21" toId="25">
</dataflow>
<dataflow id="124" from="activations_3_addr" to="activations_3_load" fromId="22" toId="26">
</dataflow>
<dataflow id="125" from="biases_0" to="biases_0_addr" fromId="73" toId="27">
</dataflow>
<dataflow id="126" from="StgValue_109" to="biases_0_addr" fromId="109" toId="27">
</dataflow>
<dataflow id="127" from="zext_ln48_1" to="biases_0_addr" fromId="18" toId="27">
</dataflow>
<dataflow id="128" from="biases_0_addr" to="biases_0_load" fromId="27" toId="28">
</dataflow>
<dataflow id="129" from="biases_1" to="biases_1_addr" fromId="74" toId="29">
</dataflow>
<dataflow id="130" from="StgValue_109" to="biases_1_addr" fromId="109" toId="29">
</dataflow>
<dataflow id="131" from="zext_ln48_1" to="biases_1_addr" fromId="18" toId="29">
</dataflow>
<dataflow id="132" from="biases_1_addr" to="biases_1_load" fromId="29" toId="30">
</dataflow>
<dataflow id="133" from="biases_2" to="biases_2_addr" fromId="75" toId="31">
</dataflow>
<dataflow id="134" from="StgValue_109" to="biases_2_addr" fromId="109" toId="31">
</dataflow>
<dataflow id="135" from="zext_ln48_1" to="biases_2_addr" fromId="18" toId="31">
</dataflow>
<dataflow id="136" from="biases_2_addr" to="biases_2_load" fromId="31" toId="32">
</dataflow>
<dataflow id="137" from="biases_3" to="biases_3_addr" fromId="76" toId="33">
</dataflow>
<dataflow id="138" from="StgValue_109" to="biases_3_addr" fromId="109" toId="33">
</dataflow>
<dataflow id="139" from="zext_ln48_1" to="biases_3_addr" fromId="18" toId="33">
</dataflow>
<dataflow id="140" from="biases_3_addr" to="biases_3_load" fromId="33" toId="34">
</dataflow>
<dataflow id="141" from="trunc_ln48" to="zext_ln48" fromId="16" toId="36">
</dataflow>
<dataflow id="142" from="activations_0_addr" to="activations_0_load" fromId="19" toId="37">
</dataflow>
<dataflow id="143" from="activations_1_addr" to="activations_1_load" fromId="20" toId="38">
</dataflow>
<dataflow id="144" from="activations_2_addr" to="activations_2_load" fromId="21" toId="39">
</dataflow>
<dataflow id="145" from="activations_3_addr" to="activations_3_load" fromId="22" toId="40">
</dataflow>
<dataflow id="147" from="_ssdm_op_Mux.ap_auto.4double.i32" to="tmp_s" fromId="146" toId="41">
</dataflow>
<dataflow id="148" from="activations_0_load" to="tmp_s" fromId="37" toId="41">
</dataflow>
<dataflow id="149" from="activations_1_load" to="tmp_s" fromId="38" toId="41">
</dataflow>
<dataflow id="150" from="activations_2_load" to="tmp_s" fromId="39" toId="41">
</dataflow>
<dataflow id="151" from="activations_3_load" to="tmp_s" fromId="40" toId="41">
</dataflow>
<dataflow id="152" from="zext_ln48" to="tmp_s" fromId="36" toId="41">
</dataflow>
<dataflow id="153" from="biases_0_addr" to="biases_0_load" fromId="27" toId="42">
</dataflow>
<dataflow id="154" from="biases_1_addr" to="biases_1_load" fromId="29" toId="43">
</dataflow>
<dataflow id="155" from="biases_2_addr" to="biases_2_load" fromId="31" toId="44">
</dataflow>
<dataflow id="156" from="biases_3_addr" to="biases_3_load" fromId="33" toId="45">
</dataflow>
<dataflow id="157" from="_ssdm_op_Mux.ap_auto.4double.i32" to="tmp_11" fromId="146" toId="46">
</dataflow>
<dataflow id="158" from="biases_0_load" to="tmp_11" fromId="42" toId="46">
</dataflow>
<dataflow id="159" from="biases_1_load" to="tmp_11" fromId="43" toId="46">
</dataflow>
<dataflow id="160" from="biases_2_load" to="tmp_11" fromId="44" toId="46">
</dataflow>
<dataflow id="161" from="biases_3_load" to="tmp_11" fromId="45" toId="46">
</dataflow>
<dataflow id="162" from="zext_ln48" to="tmp_11" fromId="36" toId="46">
</dataflow>
<dataflow id="163" from="tmp_s" to="tmp" fromId="41" toId="47">
</dataflow>
<dataflow id="164" from="tmp_11" to="tmp" fromId="46" toId="47">
</dataflow>
<dataflow id="165" from="tmp_s" to="tmp" fromId="41" toId="48">
</dataflow>
<dataflow id="166" from="tmp_11" to="tmp" fromId="46" toId="48">
</dataflow>
<dataflow id="167" from="tmp_s" to="tmp" fromId="41" toId="49">
</dataflow>
<dataflow id="168" from="tmp_11" to="tmp" fromId="46" toId="49">
</dataflow>
<dataflow id="169" from="tmp_s" to="tmp" fromId="41" toId="50">
</dataflow>
<dataflow id="170" from="tmp_11" to="tmp" fromId="46" toId="50">
</dataflow>
<dataflow id="172" from="_ssdm_op_SpecLoopName" to="specloopname_ln47" fromId="171" toId="51">
</dataflow>
<dataflow id="174" from="p_str4" to="specloopname_ln47" fromId="173" toId="51">
</dataflow>
<dataflow id="175" from="tmp_s" to="tmp" fromId="41" toId="52">
</dataflow>
<dataflow id="176" from="tmp_11" to="tmp" fromId="46" toId="52">
</dataflow>
<dataflow id="177" from="trunc_ln48" to="switch_ln48" fromId="16" toId="53">
</dataflow>
<dataflow id="179" from="StgValue_178" to="switch_ln48" fromId="178" toId="53">
</dataflow>
<dataflow id="181" from="StgValue_180" to="switch_ln48" fromId="180" toId="53">
</dataflow>
<dataflow id="183" from="StgValue_182" to="switch_ln48" fromId="182" toId="53">
</dataflow>
<dataflow id="184" from="tmp" to="store_ln48" fromId="52" toId="54">
</dataflow>
<dataflow id="185" from="activations_2_addr" to="store_ln48" fromId="21" toId="54">
</dataflow>
<dataflow id="186" from="tmp" to="store_ln48" fromId="52" toId="56">
</dataflow>
<dataflow id="187" from="activations_1_addr" to="store_ln48" fromId="20" toId="56">
</dataflow>
<dataflow id="188" from="tmp" to="store_ln48" fromId="52" toId="58">
</dataflow>
<dataflow id="189" from="activations_0_addr" to="store_ln48" fromId="19" toId="58">
</dataflow>
<dataflow id="190" from="tmp" to="store_ln48" fromId="52" toId="60">
</dataflow>
<dataflow id="191" from="activations_3_addr" to="store_ln48" fromId="22" toId="60">
</dataflow>
<dataflow id="192" from="icmp_ln47" to="StgValue_2" fromId="13" toId="2">
</dataflow>
<dataflow id="193" from="trunc_ln48" to="StgValue_9" fromId="16" toId="9">
</dataflow>
</dataflows>


</stg>
