<profile>

<section name = "Vivado HLS Report for 'backprop'" level="0">
<item name = "Date">Wed Apr 20 10:32:40 2022
</item>
<item name = "Version">2019.2 (Build 2704478 on Wed Nov 06 22:10:23 MST 2019)</item>
<item name = "Project">backprop</item>
<item name = "Solution">adse</item>
<item name = "Product family">zynq</item>
<item name = "Target device">xc7z045-ffg900-2</item>
</section>

<section name = "Performance Estimates" level="0">
<item name = "Timing">
<section name = "" level="1">
<item name = "Summary"><table name="" hasTotal="0">
<keys size="4">Clock, Target, Estimated, Uncertainty</keys>
<column name="ap_clk">10.00 ns, 9.900 ns, 1.25 ns</column>
</table>
</item>
</section>
</item>
<item name = "Latency">
<section name = "" level="1">
<item name = "Summary"><table name="" hasTotal="0">
<keys size="8">, min, max, min, max, min, max, Type</keys>
<column name="">6266862, 6266862, 62.669 ms, 62.669 ms, 6266862, 6266862, none</column>
</table>
</item>
<item name = "Detail">
<section name = "" level="1">
<item name = "Instance"><table name="" hasTotal="0">
<keys size="9">Instance, Module, min, max, min, max, min, max, Type</keys>
<column name="grp_update_weights_fu_832">update_weights, 28646, 28646, 0.286 ms, 0.286 ms, 28646, 28646, none</column>
<column name="grp_get_oracle_activatio_fu_973">get_oracle_activatio, 36, 36, 0.360 us, 0.360 us, 36, 36, none</column>
<column name="grp_RELU_fu_1018">RELU, 184, 184, 1.840 us, 1.840 us, 184, 184, none</column>
<column name="grp_matrix_vector_produc_2_fu_1028">matrix_vector_produc_2, 543, 543, 5.430 us, 5.430 us, 543, 543, none</column>
<column name="grp_RELU_1_1_fu_1080">RELU_1_1, 3457, 3457, 34.570 us, 34.570 us, 3457, 3457, none</column>
<column name="grp_soft_max_fu_1092">soft_max, 82, 82, 0.820 us, 0.820 us, 82, 82, none</column>
<column name="grp_RELU_1_fu_1102">RELU_1, 3457, 3457, 34.570 us, 34.570 us, 3457, 3457, none</column>
<column name="grp_get_delta_matrix_wei_1_fu_1111">get_delta_matrix_wei_1, 520, 520, 5.200 us, 5.200 us, 520, 520, none</column>
<column name="grp_get_delta_matrix_wei_2_fu_1127">get_delta_matrix_wei_2, 112, 112, 1.120 us, 1.120 us, 112, 112, none</column>
<column name="grp_matrix_vector_produc_1_fu_1143">matrix_vector_produc_1, 38, 38, 0.380 us, 0.380 us, 38, 38, none</column>
<column name="grp_get_delta_matrix_wei_fu_1158">get_delta_matrix_wei, 56, 56, 0.560 us, 0.560 us, 56, 56, none</column>
<column name="grp_matrix_vector_produc_fu_1173">matrix_vector_produc, 1039, 1039, 10.390 us, 10.390 us, 1039, 1039, none</column>
<column name="grp_get_oracle_activatio_1_fu_1194">get_oracle_activatio_1, 146, 146, 1.460 us, 1.460 us, 146, 146, none</column>
</table>
</item>
<item name = "Loop"><table name="" hasTotal="0">
<keys size="8">Loop Name, min, max, Latency, achieved, target, Count, Pipelined</keys>
<column name="- Loop39">6266861, 6266861, 38447, -, -, 163, no</column>
<column name=" + Loop40">128, 128, 2, -, -, 64, no</column>
<column name=" + Loop39.2">15, 15, 13, 1, 1, 3, yes</column>
</table>
</item>
</section>
</item>
</section>
</item>
</section>

<section name = "Utilization Estimates" level="0">
<item name = "Summary"><table name="" hasTotal="1">
<keys size="6">Name, BRAM_18K, DSP48E, FF, LUT, URAM</keys>
<column name="DSP">-, -, -, -, -</column>
<column name="Expression">-, -, 0, 644, -</column>
<column name="FIFO">-, -, -, -, -</column>
<column name="Instance">0, 786, 177097, 162520, -</column>
<column name="Memory">122, -, 0, 0, 0</column>
<column name="Multiplexer">-, -, -, 1153, -</column>
<column name="Register">0, -, 2884, 64, -</column>
<specialColumn name="Available">1090, 900, 437200, 218600, 0</specialColumn>
<specialColumn name="Utilization (%)">11, 87, 41, 75, 0</specialColumn>
</table>
</item>
<item name = "Detail">
<section name = "" level="1">
<item name = "Instance"><table name="" hasTotal="1">
<keys size="7">Instance, Module, BRAM_18K, DSP48E, FF, LUT, URAM</keys>
<column name="grp_RELU_fu_1018">RELU, 0, 40, 6160, 8596, 0</column>
<column name="grp_RELU_1_fu_1102">RELU_1, 0, 40, 5538, 8074, 0</column>
<column name="grp_RELU_1_1_fu_1080">RELU_1_1, 0, 40, 5618, 8074, 0</column>
<column name="backprop_dmul_64ndEe_U342">backprop_dmul_64ndEe, 0, 11, 299, 570, 0</column>
<column name="backprop_dsub_64nibs_U341">backprop_dsub_64nibs, 0, 3, 445, 1149, 0</column>
<column name="backprop_mux_32_6hbi_U343">backprop_mux_32_6hbi, 0, 0, 0, 13, 0</column>
<column name="backprop_mux_32_6hbi_U344">backprop_mux_32_6hbi, 0, 0, 0, 13, 0</column>
<column name="grp_get_delta_matrix_wei_fu_1158">get_delta_matrix_wei, 0, 44, 2045, 2552, 0</column>
<column name="grp_get_delta_matrix_wei_1_fu_1111">get_delta_matrix_wei_1, 0, 88, 7173, 5194, 0</column>
<column name="grp_get_delta_matrix_wei_2_fu_1127">get_delta_matrix_wei_2, 0, 88, 7094, 4837, 0</column>
<column name="grp_get_oracle_activatio_fu_973">get_oracle_activatio, 0, 232, 17104, 16975, 0</column>
<column name="grp_get_oracle_activatio_1_fu_1194">get_oracle_activatio_1, 0, 25, 1738, 2490, 0</column>
<column name="grp_matrix_vector_produc_fu_1173">matrix_vector_produc, 0, 17, 1920, 3224, 0</column>
<column name="grp_matrix_vector_produc_1_fu_1143">matrix_vector_produc_1, 0, 28, 2860, 3879, 0</column>
<column name="grp_matrix_vector_produc_2_fu_1028">matrix_vector_produc_2, 0, 59, 5462, 9229, 0</column>
<column name="grp_soft_max_fu_1092">soft_max, 0, 29, 5482, 7870, 0</column>
<column name="grp_update_weights_fu_832">update_weights, 0, 42, 108159, 79781, 0</column>
</table>
</item>
<item name = "DSP48E"><table name="" hasTotal="0">
<keys size="3">Instance, Module, Expression</keys>
</table>
</item>
<item name = "Memory"><table name="" hasTotal="1">
<keys size="10">Memory, Module, BRAM_18K, FF, LUT, URAM, Words, Bits, Banks, W*Bits*Banks</keys>
<column name="activations1_0_U">backprop_activatikbM, 2, 0, 0, 0, 16, 64, 1, 1024</column>
<column name="activations1_1_U">backprop_activatikbM, 2, 0, 0, 0, 16, 64, 1, 1024</column>
<column name="activations1_2_U">backprop_activatikbM, 2, 0, 0, 0, 16, 64, 1, 1024</column>
<column name="activations1_3_U">backprop_activatikbM, 2, 0, 0, 0, 16, 64, 1, 1024</column>
<column name="activations2_0_U">backprop_activatiocq, 4, 0, 0, 0, 16, 64, 1, 1024</column>
<column name="activations2_1_U">backprop_activatiocq, 4, 0, 0, 0, 16, 64, 1, 1024</column>
<column name="activations2_2_U">backprop_activatiocq, 4, 0, 0, 0, 16, 64, 1, 1024</column>
<column name="activations2_3_U">backprop_activatiocq, 4, 0, 0, 0, 16, 64, 1, 1024</column>
<column name="dactivations2_0_U">backprop_activatiocq, 4, 0, 0, 0, 16, 64, 1, 1024</column>
<column name="dactivations2_1_U">backprop_activatiocq, 4, 0, 0, 0, 16, 64, 1, 1024</column>
<column name="dactivations2_2_U">backprop_activatiocq, 4, 0, 0, 0, 16, 64, 1, 1024</column>
<column name="dactivations2_3_U">backprop_activatiocq, 4, 0, 0, 0, 16, 64, 1, 1024</column>
<column name="oracle_activations1_s_U">backprop_activatiocq, 4, 0, 0, 0, 16, 64, 1, 1024</column>
<column name="oracle_activations1_1_U">backprop_activatiocq, 4, 0, 0, 0, 16, 64, 1, 1024</column>
<column name="oracle_activations1_2_U">backprop_activatiocq, 4, 0, 0, 0, 16, 64, 1, 1024</column>
<column name="oracle_activations1_3_U">backprop_activatiocq, 4, 0, 0, 0, 16, 64, 1, 1024</column>
<column name="oracle_activations2_1_U">backprop_activatiocq, 4, 0, 0, 0, 16, 64, 1, 1024</column>
<column name="oracle_activations2_2_U">backprop_activatiocq, 4, 0, 0, 0, 16, 64, 1, 1024</column>
<column name="oracle_activations2_3_U">backprop_activatiocq, 4, 0, 0, 0, 16, 64, 1, 1024</column>
<column name="dactivations1_U">backprop_dactivatsc4, 2, 0, 0, 0, 64, 64, 1, 4096</column>
<column name="delta_weights2_0_U">backprop_delta_weBew, 4, 0, 0, 0, 1024, 64, 1, 65536</column>
<column name="delta_weights2_1_U">backprop_delta_weBew, 4, 0, 0, 0, 1024, 64, 1, 65536</column>
<column name="delta_weights2_2_U">backprop_delta_weBew, 4, 0, 0, 0, 1024, 64, 1, 65536</column>
<column name="delta_weights2_3_U">backprop_delta_weBew, 4, 0, 0, 0, 1024, 64, 1, 65536</column>
<column name="delta_weights3_0_U">backprop_delta_weFfa, 4, 0, 0, 0, 48, 64, 1, 3072</column>
<column name="delta_weights3_1_U">backprop_delta_weFfa, 4, 0, 0, 0, 48, 64, 1, 3072</column>
<column name="delta_weights3_2_U">backprop_delta_weFfa, 4, 0, 0, 0, 48, 64, 1, 3072</column>
<column name="delta_weights3_3_U">backprop_delta_weFfa, 4, 0, 0, 0, 48, 64, 1, 3072</column>
<column name="delta_weights1_0_U">backprop_delta_wexdS, 4, 0, 0, 0, 208, 64, 1, 13312</column>
<column name="delta_weights1_1_U">backprop_delta_wexdS, 4, 0, 0, 0, 208, 64, 1, 13312</column>
<column name="delta_weights1_2_U">backprop_delta_wexdS, 4, 0, 0, 0, 208, 64, 1, 13312</column>
<column name="delta_weights1_3_U">backprop_delta_wexdS, 4, 0, 0, 0, 208, 64, 1, 13312</column>
<column name="oracle_activations2_s_U">backprop_oracle_aNgs, 4, 0, 0, 0, 16, 64, 1, 1024</column>
</table>
</item>
<item name = "FIFO"><table name="" hasTotal="1">
<keys size="8">Name, BRAM_18K, FF, LUT, URAM, Depth, Bits, Size:D*B</keys>
</table>
</item>
<item name = "Expression"><table name="" hasTotal="1">
<keys size="7">Variable Name, Operation, DSP48E, FF, LUT, Bitwidth P0, Bitwidth P1</keys>
<column name="add_ln153_fu_1469_p2">+, 0, 0, 10, 10, 10</column>
<column name="add_ln581_fu_1214_p2">+, 0, 0, 12, 12, 4</column>
<column name="i_fu_1226_p2">+, 0, 0, 8, 8, 1</column>
<column name="j_fu_1242_p2">+, 0, 0, 7, 7, 1</column>
<column name="v4_fu_1459_p2">+, 0, 0, 3, 2, 1</column>
<column name="sub_ln141_fu_1340_p2">-, 0, 0, 10, 10, 10</column>
<column name="icmp_ln150_fu_1453_p2">icmp, 0, 0, 1, 2, 2</column>
<column name="icmp_ln581_fu_1220_p2">icmp, 0, 0, 4, 8, 8</column>
<column name="icmp_ln582_fu_1236_p2">icmp, 0, 0, 4, 7, 8</column>
<column name="icmp_ln585_fu_1274_p2">icmp, 0, 0, 3, 7, 2</column>
<column name="icmp_ln586_1_fu_1294_p2">icmp, 0, 0, 1, 2, 1</column>
<column name="icmp_ln586_fu_1280_p2">icmp, 0, 0, 1, 2, 1</column>
<column name="ap_block_state30_on_subcall_done">or, 0, 0, 1, 1, 1</column>
<column name="activations3_0_2_fu_1300_p3">select, 0, 0, 64, 1, 64</column>
<column name="activations3_1_2_fu_1308_p3">select, 0, 0, 64, 1, 1</column>
<column name="activations3_2_2_fu_1324_p3">select, 0, 0, 64, 1, 64</column>
<column name="output_difference_0_fu_1520_p3">select, 0, 0, 64, 1, 64</column>
<column name="output_difference_1_fu_1529_p3">select, 0, 0, 64, 1, 64</column>
<column name="output_difference_2_fu_1538_p3">select, 0, 0, 64, 1, 64</column>
<column name="select_ln586_1_fu_1316_p3">select, 0, 0, 64, 1, 64</column>
<column name="select_ln586_fu_1286_p3">select, 0, 0, 64, 1, 1</column>
<column name="ap_enable_pp0">xor, 0, 0, 2, 1, 2</column>
<column name="xor_ln155_fu_1492_p2">xor, 0, 0, 65, 64, 65</column>
</table>
</item>
<item name = "Multiplexer"><table name="" hasTotal="1">
<keys size="5">Name, LUT, Input Size, Bits, Total Bits</keys>
<column name="activations1_0_address0">4, 5, 4, 20</column>
<column name="activations1_0_ce0">4, 5, 1, 5</column>
<column name="activations1_0_d0">3, 4, 64, 256</column>
<column name="activations1_0_we0">3, 4, 1, 4</column>
<column name="activations1_1_address0">4, 5, 4, 20</column>
<column name="activations1_1_ce0">4, 5, 1, 5</column>
<column name="activations1_1_d0">3, 4, 64, 256</column>
<column name="activations1_1_we0">3, 4, 1, 4</column>
<column name="activations1_2_address0">4, 5, 4, 20</column>
<column name="activations1_2_ce0">4, 5, 1, 5</column>
<column name="activations1_2_d0">3, 4, 64, 256</column>
<column name="activations1_2_we0">3, 4, 1, 4</column>
<column name="activations1_3_address0">4, 6, 4, 24</column>
<column name="activations1_3_ce0">4, 6, 1, 6</column>
<column name="activations1_3_d0">3, 4, 64, 256</column>
<column name="activations1_3_we0">3, 4, 1, 4</column>
<column name="activations2_0_address0">4, 5, 4, 20</column>
<column name="activations2_0_ce0">4, 5, 1, 5</column>
<column name="activations2_0_ce1">3, 2, 1, 2</column>
<column name="activations2_0_d0">3, 4, 64, 256</column>
<column name="activations2_0_we0">3, 4, 1, 4</column>
<column name="activations2_1_address0">4, 5, 4, 20</column>
<column name="activations2_1_ce0">4, 5, 1, 5</column>
<column name="activations2_1_ce1">3, 2, 1, 2</column>
<column name="activations2_1_d0">3, 4, 64, 256</column>
<column name="activations2_1_we0">3, 4, 1, 4</column>
<column name="activations2_2_address0">4, 5, 4, 20</column>
<column name="activations2_2_ce0">4, 5, 1, 5</column>
<column name="activations2_2_ce1">3, 2, 1, 2</column>
<column name="activations2_2_d0">3, 4, 64, 256</column>
<column name="activations2_2_we0">3, 4, 1, 4</column>
<column name="activations2_3_address0">4, 6, 4, 24</column>
<column name="activations2_3_ce0">4, 6, 1, 6</column>
<column name="activations2_3_ce1">3, 2, 1, 2</column>
<column name="activations2_3_d0">3, 4, 64, 256</column>
<column name="activations2_3_we0">3, 4, 1, 4</column>
<column name="activations3_0_1_be_reg_643">3, 2, 64, 128</column>
<column name="activations3_0_1_reg_597">3, 2, 64, 128</column>
<column name="activations3_1_1_be_reg_631">3, 2, 64, 128</column>
<column name="activations3_1_1_reg_586">3, 2, 64, 128</column>
<column name="activations3_2_1_be_reg_619">3, 2, 64, 128</column>
<column name="activations3_2_1_reg_575">3, 2, 64, 128</column>
<column name="ap_NS_fsm">10, 27, 1, 27</column>
<column name="ap_enable_reg_pp0_iter12">3, 2, 1, 2</column>
<column name="ap_phi_mux_v23_1_i_phi_fu_774_p6">3, 3, 64, 192</column>
<column name="ap_phi_mux_v24_1_i_phi_fu_821_p6">3, 3, 64, 192</column>
<column name="ap_phi_mux_v2_1_i_phi_fu_759_p6">3, 3, 64, 192</column>
<column name="ap_phi_mux_v4_0_i_phi_fu_659_p4">3, 2, 2, 4</column>
<column name="ap_phi_mux_write_flag3_1_i_phi_fu_743_p6">3, 3, 1, 3</column>
<column name="ap_phi_mux_write_flag6_1_i_phi_fu_789_p6">3, 3, 1, 3</column>
<column name="ap_phi_mux_write_flag_1_i_phi_fu_805_p6">3, 3, 1, 3</column>
<column name="biases1_0_address0">3, 3, 4, 12</column>
<column name="biases1_0_ce0">3, 3, 1, 3</column>
<column name="biases1_0_ce1">3, 2, 1, 2</column>
<column name="biases1_0_we0">3, 2, 1, 2</column>
<column name="biases1_0_we1">3, 2, 1, 2</column>
<column name="biases1_1_address0">3, 3, 4, 12</column>
<column name="biases1_1_ce0">3, 3, 1, 3</column>
<column name="biases1_1_ce1">3, 2, 1, 2</column>
<column name="biases1_1_we0">3, 2, 1, 2</column>
<column name="biases1_1_we1">3, 2, 1, 2</column>
<column name="biases1_2_address0">3, 3, 4, 12</column>
<column name="biases1_2_ce0">3, 3, 1, 3</column>
<column name="biases1_2_ce1">3, 2, 1, 2</column>
<column name="biases1_2_we0">3, 2, 1, 2</column>
<column name="biases1_2_we1">3, 2, 1, 2</column>
<column name="biases1_3_address0">3, 3, 4, 12</column>
<column name="biases1_3_ce0">3, 3, 1, 3</column>
<column name="biases1_3_ce1">3, 2, 1, 2</column>
<column name="biases1_3_we0">3, 2, 1, 2</column>
<column name="biases1_3_we1">3, 2, 1, 2</column>
<column name="biases2_0_address0">3, 3, 4, 12</column>
<column name="biases2_0_ce0">3, 3, 1, 3</column>
<column name="biases2_0_ce1">3, 2, 1, 2</column>
<column name="biases2_0_we0">3, 2, 1, 2</column>
<column name="biases2_0_we1">3, 2, 1, 2</column>
<column name="biases2_1_address0">3, 3, 4, 12</column>
<column name="biases2_1_ce0">3, 3, 1, 3</column>
<column name="biases2_1_ce1">3, 2, 1, 2</column>
<column name="biases2_1_we0">3, 2, 1, 2</column>
<column name="biases2_1_we1">3, 2, 1, 2</column>
<column name="biases2_2_address0">3, 3, 4, 12</column>
<column name="biases2_2_ce0">3, 3, 1, 3</column>
<column name="biases2_2_ce1">3, 2, 1, 2</column>
<column name="biases2_2_we0">3, 2, 1, 2</column>
<column name="biases2_2_we1">3, 2, 1, 2</column>
<column name="biases2_3_address0">3, 3, 4, 12</column>
<column name="biases2_3_ce0">3, 3, 1, 3</column>
<column name="biases2_3_ce1">3, 2, 1, 2</column>
<column name="biases2_3_we0">3, 2, 1, 2</column>
<column name="biases2_3_we1">3, 2, 1, 2</column>
<column name="biases3_address0">3, 3, 2, 6</column>
<column name="biases3_ce0">3, 3, 1, 3</column>
<column name="biases3_ce1">3, 2, 1, 2</column>
<column name="biases3_we0">3, 2, 1, 2</column>
<column name="biases3_we1">3, 2, 1, 2</column>
<column name="dactivations1_address0">3, 3, 6, 18</column>
<column name="dactivations1_ce0">3, 3, 1, 3</column>
<column name="dactivations1_we0">3, 2, 1, 2</column>
<column name="dactivations2_0_address0">3, 3, 4, 12</column>
<column name="dactivations2_0_ce0">3, 3, 1, 3</column>
<column name="dactivations2_0_ce1">3, 2, 1, 2</column>
<column name="dactivations2_0_we0">3, 2, 1, 2</column>
<column name="dactivations2_1_address0">3, 3, 4, 12</column>
<column name="dactivations2_1_ce0">3, 3, 1, 3</column>
<column name="dactivations2_1_ce1">3, 2, 1, 2</column>
<column name="dactivations2_1_we0">3, 2, 1, 2</column>
<column name="dactivations2_2_address0">3, 3, 4, 12</column>
<column name="dactivations2_2_ce0">3, 3, 1, 3</column>
<column name="dactivations2_2_ce1">3, 2, 1, 2</column>
<column name="dactivations2_2_we0">3, 2, 1, 2</column>
<column name="dactivations2_3_address0">3, 3, 4, 12</column>
<column name="dactivations2_3_ce0">3, 3, 1, 3</column>
<column name="dactivations2_3_ce1">3, 2, 1, 2</column>
<column name="dactivations2_3_we0">3, 2, 1, 2</column>
<column name="delta_weights1_0_address0">3, 3, 8, 24</column>
<column name="delta_weights1_0_ce0">3, 3, 1, 3</column>
<column name="delta_weights1_0_ce1">3, 2, 1, 2</column>
<column name="delta_weights1_0_we0">3, 2, 1, 2</column>
<column name="delta_weights1_0_we1">3, 2, 1, 2</column>
<column name="delta_weights1_1_address0">3, 3, 8, 24</column>
<column name="delta_weights1_1_ce0">3, 3, 1, 3</column>
<column name="delta_weights1_1_ce1">3, 2, 1, 2</column>
<column name="delta_weights1_1_we0">3, 2, 1, 2</column>
<column name="delta_weights1_1_we1">3, 2, 1, 2</column>
<column name="delta_weights1_2_address0">3, 3, 8, 24</column>
<column name="delta_weights1_2_ce0">3, 3, 1, 3</column>
<column name="delta_weights1_2_ce1">3, 2, 1, 2</column>
<column name="delta_weights1_2_we0">3, 2, 1, 2</column>
<column name="delta_weights1_2_we1">3, 2, 1, 2</column>
<column name="delta_weights1_3_address0">3, 3, 8, 24</column>
<column name="delta_weights1_3_ce0">3, 3, 1, 3</column>
<column name="delta_weights1_3_ce1">3, 2, 1, 2</column>
<column name="delta_weights1_3_we0">3, 2, 1, 2</column>
<column name="delta_weights1_3_we1">3, 2, 1, 2</column>
<column name="delta_weights2_0_address0">3, 3, 10, 30</column>
<column name="delta_weights2_0_ce0">3, 3, 1, 3</column>
<column name="delta_weights2_0_ce1">3, 2, 1, 2</column>
<column name="delta_weights2_0_we0">3, 2, 1, 2</column>
<column name="delta_weights2_0_we1">3, 2, 1, 2</column>
<column name="delta_weights2_1_address0">3, 3, 10, 30</column>
<column name="delta_weights2_1_ce0">3, 3, 1, 3</column>
<column name="delta_weights2_1_ce1">3, 2, 1, 2</column>
<column name="delta_weights2_1_we0">3, 2, 1, 2</column>
<column name="delta_weights2_1_we1">3, 2, 1, 2</column>
<column name="delta_weights2_2_address0">3, 3, 10, 30</column>
<column name="delta_weights2_2_ce0">3, 3, 1, 3</column>
<column name="delta_weights2_2_ce1">3, 2, 1, 2</column>
<column name="delta_weights2_2_we0">3, 2, 1, 2</column>
<column name="delta_weights2_2_we1">3, 2, 1, 2</column>
<column name="delta_weights2_3_address0">3, 3, 10, 30</column>
<column name="delta_weights2_3_ce0">3, 3, 1, 3</column>
<column name="delta_weights2_3_ce1">3, 2, 1, 2</column>
<column name="delta_weights2_3_we0">3, 2, 1, 2</column>
<column name="delta_weights2_3_we1">3, 2, 1, 2</column>
<column name="delta_weights3_0_address0">3, 3, 6, 18</column>
<column name="delta_weights3_0_ce0">3, 3, 1, 3</column>
<column name="delta_weights3_0_ce1">3, 2, 1, 2</column>
<column name="delta_weights3_0_we0">3, 2, 1, 2</column>
<column name="delta_weights3_1_address0">3, 3, 6, 18</column>
<column name="delta_weights3_1_ce0">3, 3, 1, 3</column>
<column name="delta_weights3_1_ce1">3, 2, 1, 2</column>
<column name="delta_weights3_1_we0">3, 2, 1, 2</column>
<column name="delta_weights3_2_address0">3, 3, 6, 18</column>
<column name="delta_weights3_2_ce0">3, 3, 1, 3</column>
<column name="delta_weights3_2_ce1">3, 2, 1, 2</column>
<column name="delta_weights3_2_we0">3, 2, 1, 2</column>
<column name="delta_weights3_3_address0">3, 3, 6, 18</column>
<column name="delta_weights3_3_ce0">3, 3, 1, 3</column>
<column name="delta_weights3_3_ce1">3, 2, 1, 2</column>
<column name="delta_weights3_3_we0">3, 2, 1, 2</column>
<column name="i_0_reg_551">3, 2, 8, 16</column>
<column name="j_0_reg_608">3, 2, 7, 14</column>
<column name="oracle_activations1_1_address0">3, 4, 4, 16</column>
<column name="oracle_activations1_1_address1">3, 3, 4, 12</column>
<column name="oracle_activations1_1_ce0">3, 4, 1, 4</column>
<column name="oracle_activations1_1_ce1">3, 3, 1, 3</column>
<column name="oracle_activations1_1_we0">3, 2, 1, 2</column>
<column name="oracle_activations1_2_address0">3, 4, 4, 16</column>
<column name="oracle_activations1_2_address1">3, 3, 4, 12</column>
<column name="oracle_activations1_2_ce0">3, 4, 1, 4</column>
<column name="oracle_activations1_2_ce1">3, 3, 1, 3</column>
<column name="oracle_activations1_2_we0">3, 2, 1, 2</column>
<column name="oracle_activations1_3_address0">3, 4, 4, 16</column>
<column name="oracle_activations1_3_address1">3, 3, 4, 12</column>
<column name="oracle_activations1_3_ce0">3, 4, 1, 4</column>
<column name="oracle_activations1_3_ce1">3, 3, 1, 3</column>
<column name="oracle_activations1_3_we0">3, 2, 1, 2</column>
<column name="oracle_activations1_s_address0">3, 4, 4, 16</column>
<column name="oracle_activations1_s_address1">3, 3, 4, 12</column>
<column name="oracle_activations1_s_ce0">3, 4, 1, 4</column>
<column name="oracle_activations1_s_ce1">3, 3, 1, 3</column>
<column name="oracle_activations1_s_we0">3, 2, 1, 2</column>
<column name="oracle_activations2_1_address0">3, 4, 4, 16</column>
<column name="oracle_activations2_1_address1">3, 3, 4, 12</column>
<column name="oracle_activations2_1_ce0">3, 4, 1, 4</column>
<column name="oracle_activations2_1_ce1">3, 3, 1, 3</column>
<column name="oracle_activations2_1_we0">3, 2, 1, 2</column>
<column name="oracle_activations2_2_address0">3, 4, 4, 16</column>
<column name="oracle_activations2_2_address1">3, 3, 4, 12</column>
<column name="oracle_activations2_2_ce0">3, 4, 1, 4</column>
<column name="oracle_activations2_2_ce1">3, 3, 1, 3</column>
<column name="oracle_activations2_2_we0">3, 2, 1, 2</column>
<column name="oracle_activations2_3_address0">4, 5, 4, 20</column>
<column name="oracle_activations2_3_address1">3, 3, 4, 12</column>
<column name="oracle_activations2_3_ce0">4, 5, 1, 5</column>
<column name="oracle_activations2_3_ce1">3, 3, 1, 3</column>
<column name="oracle_activations2_3_we0">3, 2, 1, 2</column>
<column name="oracle_activations2_s_address0">3, 4, 4, 16</column>
<column name="oracle_activations2_s_address1">3, 4, 4, 16</column>
<column name="oracle_activations2_s_ce0">3, 4, 1, 4</column>
<column name="oracle_activations2_s_ce1">3, 4, 1, 4</column>
<column name="oracle_activations2_s_we0">3, 2, 1, 2</column>
<column name="oracle_activations2_s_we1">3, 2, 1, 2</column>
<column name="phi_mul_reg_563">3, 2, 12, 24</column>
<column name="training_data_address0">3, 3, 12, 36</column>
<column name="training_data_ce0">3, 3, 1, 3</column>
<column name="v4_0_i_reg_655">3, 2, 2, 4</column>
<column name="weights1_0_address0">3, 3, 6, 18</column>
<column name="weights1_0_ce0">3, 3, 1, 3</column>
<column name="weights1_0_ce1">3, 2, 1, 2</column>
<column name="weights1_0_we0">3, 2, 1, 2</column>
<column name="weights1_0_we1">3, 2, 1, 2</column>
<column name="weights1_10_address0">3, 3, 6, 18</column>
<column name="weights1_10_ce0">3, 3, 1, 3</column>
<column name="weights1_10_ce1">3, 2, 1, 2</column>
<column name="weights1_10_we0">3, 2, 1, 2</column>
<column name="weights1_10_we1">3, 2, 1, 2</column>
<column name="weights1_11_address0">3, 3, 6, 18</column>
<column name="weights1_11_ce0">3, 3, 1, 3</column>
<column name="weights1_11_ce1">3, 2, 1, 2</column>
<column name="weights1_11_we0">3, 2, 1, 2</column>
<column name="weights1_11_we1">3, 2, 1, 2</column>
<column name="weights1_12_address0">3, 3, 6, 18</column>
<column name="weights1_12_ce0">3, 3, 1, 3</column>
<column name="weights1_12_ce1">3, 2, 1, 2</column>
<column name="weights1_12_we0">3, 2, 1, 2</column>
<column name="weights1_12_we1">3, 2, 1, 2</column>
<column name="weights1_13_address0">3, 3, 6, 18</column>
<column name="weights1_13_ce0">3, 3, 1, 3</column>
<column name="weights1_13_ce1">3, 2, 1, 2</column>
<column name="weights1_13_we0">3, 2, 1, 2</column>
<column name="weights1_13_we1">3, 2, 1, 2</column>
<column name="weights1_14_address0">3, 3, 6, 18</column>
<column name="weights1_14_ce0">3, 3, 1, 3</column>
<column name="weights1_14_ce1">3, 2, 1, 2</column>
<column name="weights1_14_we0">3, 2, 1, 2</column>
<column name="weights1_14_we1">3, 2, 1, 2</column>
<column name="weights1_15_address0">3, 3, 6, 18</column>
<column name="weights1_15_ce0">3, 3, 1, 3</column>
<column name="weights1_15_ce1">3, 2, 1, 2</column>
<column name="weights1_15_we0">3, 2, 1, 2</column>
<column name="weights1_15_we1">3, 2, 1, 2</column>
<column name="weights1_1_address0">3, 3, 6, 18</column>
<column name="weights1_1_ce0">3, 3, 1, 3</column>
<column name="weights1_1_ce1">3, 2, 1, 2</column>
<column name="weights1_1_we0">3, 2, 1, 2</column>
<column name="weights1_1_we1">3, 2, 1, 2</column>
<column name="weights1_2_address0">3, 3, 6, 18</column>
<column name="weights1_2_ce0">3, 3, 1, 3</column>
<column name="weights1_2_ce1">3, 2, 1, 2</column>
<column name="weights1_2_we0">3, 2, 1, 2</column>
<column name="weights1_2_we1">3, 2, 1, 2</column>
<column name="weights1_3_address0">3, 3, 6, 18</column>
<column name="weights1_3_ce0">3, 3, 1, 3</column>
<column name="weights1_3_ce1">3, 2, 1, 2</column>
<column name="weights1_3_we0">3, 2, 1, 2</column>
<column name="weights1_3_we1">3, 2, 1, 2</column>
<column name="weights1_4_address0">3, 3, 6, 18</column>
<column name="weights1_4_ce0">3, 3, 1, 3</column>
<column name="weights1_4_ce1">3, 2, 1, 2</column>
<column name="weights1_4_we0">3, 2, 1, 2</column>
<column name="weights1_4_we1">3, 2, 1, 2</column>
<column name="weights1_5_address0">3, 3, 6, 18</column>
<column name="weights1_5_ce0">3, 3, 1, 3</column>
<column name="weights1_5_ce1">3, 2, 1, 2</column>
<column name="weights1_5_we0">3, 2, 1, 2</column>
<column name="weights1_5_we1">3, 2, 1, 2</column>
<column name="weights1_6_address0">3, 3, 6, 18</column>
<column name="weights1_6_ce0">3, 3, 1, 3</column>
<column name="weights1_6_ce1">3, 2, 1, 2</column>
<column name="weights1_6_we0">3, 2, 1, 2</column>
<column name="weights1_6_we1">3, 2, 1, 2</column>
<column name="weights1_7_address0">3, 3, 6, 18</column>
<column name="weights1_7_ce0">3, 3, 1, 3</column>
<column name="weights1_7_ce1">3, 2, 1, 2</column>
<column name="weights1_7_we0">3, 2, 1, 2</column>
<column name="weights1_7_we1">3, 2, 1, 2</column>
<column name="weights1_8_address0">3, 3, 6, 18</column>
<column name="weights1_8_ce0">3, 3, 1, 3</column>
<column name="weights1_8_ce1">3, 2, 1, 2</column>
<column name="weights1_8_we0">3, 2, 1, 2</column>
<column name="weights1_8_we1">3, 2, 1, 2</column>
<column name="weights1_9_address0">3, 3, 6, 18</column>
<column name="weights1_9_ce0">3, 3, 1, 3</column>
<column name="weights1_9_ce1">3, 2, 1, 2</column>
<column name="weights1_9_we0">3, 2, 1, 2</column>
<column name="weights1_9_we1">3, 2, 1, 2</column>
<column name="weights2_15_address0">3, 4, 8, 32</column>
<column name="weights2_15_ce0">3, 4, 1, 4</column>
<column name="weights2_15_ce1">3, 2, 1, 2</column>
<column name="weights2_15_we0">3, 2, 1, 2</column>
<column name="weights2_15_we1">3, 2, 1, 2</column>
<column name="weights2_7_address0">3, 3, 8, 24</column>
<column name="weights2_7_ce0">3, 3, 1, 3</column>
<column name="weights2_7_ce1">3, 2, 1, 2</column>
<column name="weights2_7_we0">3, 2, 1, 2</column>
<column name="weights2_7_we1">3, 2, 1, 2</column>
<column name="weights3_0_address0">3, 3, 4, 12</column>
<column name="weights3_0_ce0">3, 3, 1, 3</column>
<column name="weights3_0_ce1">3, 2, 1, 2</column>
<column name="weights3_0_we0">3, 2, 1, 2</column>
<column name="weights3_10_address0">3, 3, 4, 12</column>
<column name="weights3_10_ce0">3, 3, 1, 3</column>
<column name="weights3_10_ce1">3, 2, 1, 2</column>
<column name="weights3_10_we0">3, 2, 1, 2</column>
<column name="weights3_11_address0">3, 3, 4, 12</column>
<column name="weights3_11_ce0">3, 3, 1, 3</column>
<column name="weights3_11_ce1">3, 2, 1, 2</column>
<column name="weights3_11_we0">3, 2, 1, 2</column>
<column name="weights3_12_address0">3, 3, 4, 12</column>
<column name="weights3_12_ce0">3, 3, 1, 3</column>
<column name="weights3_12_ce1">3, 2, 1, 2</column>
<column name="weights3_12_we0">3, 2, 1, 2</column>
<column name="weights3_13_address0">3, 3, 4, 12</column>
<column name="weights3_13_ce0">3, 3, 1, 3</column>
<column name="weights3_13_ce1">3, 2, 1, 2</column>
<column name="weights3_13_we0">3, 2, 1, 2</column>
<column name="weights3_14_address0">3, 3, 4, 12</column>
<column name="weights3_14_ce0">3, 3, 1, 3</column>
<column name="weights3_14_ce1">3, 2, 1, 2</column>
<column name="weights3_14_we0">3, 2, 1, 2</column>
<column name="weights3_15_address0">3, 4, 4, 16</column>
<column name="weights3_15_address1">3, 3, 4, 12</column>
<column name="weights3_15_ce0">3, 4, 1, 4</column>
<column name="weights3_15_ce1">3, 3, 1, 3</column>
<column name="weights3_15_we0">3, 2, 1, 2</column>
<column name="weights3_1_address0">3, 3, 4, 12</column>
<column name="weights3_1_ce0">3, 3, 1, 3</column>
<column name="weights3_1_ce1">3, 2, 1, 2</column>
<column name="weights3_1_we0">3, 2, 1, 2</column>
<column name="weights3_2_address0">3, 3, 4, 12</column>
<column name="weights3_2_ce0">3, 3, 1, 3</column>
<column name="weights3_2_ce1">3, 2, 1, 2</column>
<column name="weights3_2_we0">3, 2, 1, 2</column>
<column name="weights3_3_address0">3, 3, 4, 12</column>
<column name="weights3_3_ce0">3, 3, 1, 3</column>
<column name="weights3_3_ce1">3, 2, 1, 2</column>
<column name="weights3_3_we0">3, 2, 1, 2</column>
<column name="weights3_4_address0">3, 3, 4, 12</column>
<column name="weights3_4_ce0">3, 3, 1, 3</column>
<column name="weights3_4_ce1">3, 2, 1, 2</column>
<column name="weights3_4_we0">3, 2, 1, 2</column>
<column name="weights3_5_address0">3, 3, 4, 12</column>
<column name="weights3_5_ce0">3, 3, 1, 3</column>
<column name="weights3_5_ce1">3, 2, 1, 2</column>
<column name="weights3_5_we0">3, 2, 1, 2</column>
<column name="weights3_6_address0">3, 3, 4, 12</column>
<column name="weights3_6_ce0">3, 3, 1, 3</column>
<column name="weights3_6_ce1">3, 2, 1, 2</column>
<column name="weights3_6_we0">3, 2, 1, 2</column>
<column name="weights3_7_address0">3, 3, 4, 12</column>
<column name="weights3_7_ce0">3, 3, 1, 3</column>
<column name="weights3_7_ce1">3, 2, 1, 2</column>
<column name="weights3_7_we0">3, 2, 1, 2</column>
<column name="weights3_8_address0">3, 3, 4, 12</column>
<column name="weights3_8_ce0">3, 3, 1, 3</column>
<column name="weights3_8_ce1">3, 2, 1, 2</column>
<column name="weights3_8_we0">3, 2, 1, 2</column>
<column name="weights3_9_address0">3, 3, 4, 12</column>
<column name="weights3_9_ce0">3, 3, 1, 3</column>
<column name="weights3_9_ce1">3, 2, 1, 2</column>
<column name="weights3_9_we0">3, 2, 1, 2</column>
<column name="write_flag3_0_i_reg_667">3, 2, 1, 2</column>
<column name="write_flag6_0_i_reg_703">3, 2, 1, 2</column>
<column name="write_flag_0_i_reg_715">3, 2, 1, 2</column>
</table>
</item>
<item name = "Register"><table name="" hasTotal="1">
<keys size="5">Name, FF, LUT, Bits, Const Bits</keys>
<column name="activations3_0_0_reg_539">64, 0, 64, 0</column>
<column name="activations3_0_1_be_reg_643">64, 0, 64, 0</column>
<column name="activations3_0_1_reg_597">64, 0, 64, 0</column>
<column name="activations3_0_3_reg_1729">64, 0, 64, 0</column>
<column name="activations3_0_reg_1684">64, 0, 64, 0</column>
<column name="activations3_1_0_reg_527">64, 0, 64, 0</column>
<column name="activations3_1_1_be_reg_631">64, 0, 64, 0</column>
<column name="activations3_1_1_reg_586">64, 0, 64, 0</column>
<column name="activations3_1_3_reg_1735">64, 0, 64, 0</column>
<column name="activations3_1_reg_1689">64, 0, 64, 0</column>
<column name="activations3_2_0_reg_515">64, 0, 64, 0</column>
<column name="activations3_2_1_be_reg_619">64, 0, 64, 0</column>
<column name="activations3_2_1_reg_575">64, 0, 64, 0</column>
<column name="activations3_2_3_reg_1741">64, 0, 64, 0</column>
<column name="activations3_2_reg_1694">64, 0, 64, 0</column>
<column name="add_ln581_reg_1617">12, 0, 12, 0</column>
<column name="ap_CS_fsm">26, 0, 26, 0</column>
<column name="ap_enable_reg_pp0_iter0">1, 0, 1, 0</column>
<column name="ap_enable_reg_pp0_iter1">1, 0, 1, 0</column>
<column name="ap_enable_reg_pp0_iter10">1, 0, 1, 0</column>
<column name="ap_enable_reg_pp0_iter11">1, 0, 1, 0</column>
<column name="ap_enable_reg_pp0_iter12">1, 0, 1, 0</column>
<column name="ap_enable_reg_pp0_iter2">1, 0, 1, 0</column>
<column name="ap_enable_reg_pp0_iter3">1, 0, 1, 0</column>
<column name="ap_enable_reg_pp0_iter4">1, 0, 1, 0</column>
<column name="ap_enable_reg_pp0_iter5">1, 0, 1, 0</column>
<column name="ap_enable_reg_pp0_iter6">1, 0, 1, 0</column>
<column name="ap_enable_reg_pp0_iter7">1, 0, 1, 0</column>
<column name="ap_enable_reg_pp0_iter8">1, 0, 1, 0</column>
<column name="ap_enable_reg_pp0_iter9">1, 0, 1, 0</column>
<column name="dactivations3_0_1_fu_230">64, 0, 64, 0</column>
<column name="dactivations3_0_reg_1724">64, 0, 64, 0</column>
<column name="dactivations3_1_1_fu_234">64, 0, 64, 0</column>
<column name="dactivations3_1_reg_1719">64, 0, 64, 0</column>
<column name="dactivations3_2_1_fu_238">64, 0, 64, 0</column>
<column name="dactivations3_2_reg_1714">64, 0, 64, 0</column>
<column name="grp_RELU_1_1_fu_1080_ap_start_reg">1, 0, 1, 0</column>
<column name="grp_RELU_1_fu_1102_ap_start_reg">1, 0, 1, 0</column>
<column name="grp_RELU_fu_1018_ap_start_reg">1, 0, 1, 0</column>
<column name="grp_get_delta_matrix_wei_1_fu_1111_ap_start_reg">1, 0, 1, 0</column>
<column name="grp_get_delta_matrix_wei_2_fu_1127_ap_start_reg">1, 0, 1, 0</column>
<column name="grp_get_delta_matrix_wei_fu_1158_ap_start_reg">1, 0, 1, 0</column>
<column name="grp_get_oracle_activatio_1_fu_1194_ap_start_reg">1, 0, 1, 0</column>
<column name="grp_get_oracle_activatio_fu_973_ap_start_reg">1, 0, 1, 0</column>
<column name="grp_matrix_vector_produc_1_fu_1143_ap_start_reg">1, 0, 1, 0</column>
<column name="grp_matrix_vector_produc_2_fu_1028_ap_start_reg">1, 0, 1, 0</column>
<column name="grp_matrix_vector_produc_fu_1173_ap_start_reg">1, 0, 1, 0</column>
<column name="grp_soft_max_fu_1092_ap_start_reg">1, 0, 1, 0</column>
<column name="grp_update_weights_fu_832_ap_start_reg">1, 0, 1, 0</column>
<column name="i_0_reg_551">8, 0, 8, 0</column>
<column name="i_reg_1625">8, 0, 8, 0</column>
<column name="icmp_ln150_reg_1762">1, 0, 1, 0</column>
<column name="j_0_reg_608">7, 0, 7, 0</column>
<column name="j_reg_1638">7, 0, 7, 0</column>
<column name="net_outputs_0_1_fu_242">64, 0, 64, 0</column>
<column name="net_outputs_0_reg_1747">64, 0, 64, 0</column>
<column name="net_outputs_1_1_fu_246">64, 0, 64, 0</column>
<column name="net_outputs_1_reg_1752">64, 0, 64, 0</column>
<column name="net_outputs_2_1_fu_250">64, 0, 64, 0</column>
<column name="net_outputs_2_reg_1757">64, 0, 64, 0</column>
<column name="output_difference_0_reg_1808">64, 0, 64, 0</column>
<column name="output_difference_1_reg_1814">64, 0, 64, 0</column>
<column name="output_difference_2_reg_1820">64, 0, 64, 0</column>
<column name="phi_mul_reg_563">12, 0, 12, 0</column>
<column name="sub_ln141_reg_1664">10, 0, 10, 0</column>
<column name="v10_reg_1801">64, 0, 64, 0</column>
<column name="v23_04_i_reg_691">64, 0, 64, 0</column>
<column name="v24_03_i_reg_727">64, 0, 64, 0</column>
<column name="v2_05_i_reg_679">64, 0, 64, 0</column>
<column name="v2_0_read_assign_fu_254">64, 0, 64, 0</column>
<column name="v2_1_read_assign_fu_258">64, 0, 64, 0</column>
<column name="v2_2_read_assign_fu_262">64, 0, 64, 0</column>
<column name="v4_0_i_reg_655">2, 0, 2, 0</column>
<column name="v4_reg_1766">2, 0, 2, 0</column>
<column name="v5_reg_1776">64, 0, 64, 0</column>
<column name="v6_reg_1781">64, 0, 64, 0</column>
<column name="v9_reg_1791">64, 0, 64, 0</column>
<column name="write_flag3_0_i_reg_667">1, 0, 1, 0</column>
<column name="write_flag6_0_i_reg_703">1, 0, 1, 0</column>
<column name="write_flag_0_i_reg_715">1, 0, 1, 0</column>
<column name="xor_ln155_reg_1786">64, 0, 64, 0</column>
<column name="zext_ln141_reg_1630">8, 0, 10, 2</column>
<column name="icmp_ln150_reg_1762">64, 32, 1, 0</column>
<column name="v4_0_i_reg_655">64, 32, 2, 0</column>
</table>
</item>
</section>
</item>
</section>

<section name = "Interface" level="0">
<item name = "Summary"><table name="" hasTotal="0">
<keys size="6">RTL Ports, Dir, Bits, Protocol, Source Object, C Type</keys>
<column name="ap_clk">in, 1, ap_ctrl_hs, backprop, return value</column>
<column name="ap_rst">in, 1, ap_ctrl_hs, backprop, return value</column>
<column name="ap_start">in, 1, ap_ctrl_hs, backprop, return value</column>
<column name="ap_done">out, 1, ap_ctrl_hs, backprop, return value</column>
<column name="ap_idle">out, 1, ap_ctrl_hs, backprop, return value</column>
<column name="ap_ready">out, 1, ap_ctrl_hs, backprop, return value</column>
<column name="weights1_0_address0">out, 6, ap_memory, weights1_0, array</column>
<column name="weights1_0_ce0">out, 1, ap_memory, weights1_0, array</column>
<column name="weights1_0_we0">out, 1, ap_memory, weights1_0, array</column>
<column name="weights1_0_d0">out, 64, ap_memory, weights1_0, array</column>
<column name="weights1_0_q0">in, 64, ap_memory, weights1_0, array</column>
<column name="weights1_0_address1">out, 6, ap_memory, weights1_0, array</column>
<column name="weights1_0_ce1">out, 1, ap_memory, weights1_0, array</column>
<column name="weights1_0_we1">out, 1, ap_memory, weights1_0, array</column>
<column name="weights1_0_d1">out, 64, ap_memory, weights1_0, array</column>
<column name="weights1_0_q1">in, 64, ap_memory, weights1_0, array</column>
<column name="weights1_1_address0">out, 6, ap_memory, weights1_1, array</column>
<column name="weights1_1_ce0">out, 1, ap_memory, weights1_1, array</column>
<column name="weights1_1_we0">out, 1, ap_memory, weights1_1, array</column>
<column name="weights1_1_d0">out, 64, ap_memory, weights1_1, array</column>
<column name="weights1_1_q0">in, 64, ap_memory, weights1_1, array</column>
<column name="weights1_1_address1">out, 6, ap_memory, weights1_1, array</column>
<column name="weights1_1_ce1">out, 1, ap_memory, weights1_1, array</column>
<column name="weights1_1_we1">out, 1, ap_memory, weights1_1, array</column>
<column name="weights1_1_d1">out, 64, ap_memory, weights1_1, array</column>
<column name="weights1_1_q1">in, 64, ap_memory, weights1_1, array</column>
<column name="weights1_2_address0">out, 6, ap_memory, weights1_2, array</column>
<column name="weights1_2_ce0">out, 1, ap_memory, weights1_2, array</column>
<column name="weights1_2_we0">out, 1, ap_memory, weights1_2, array</column>
<column name="weights1_2_d0">out, 64, ap_memory, weights1_2, array</column>
<column name="weights1_2_q0">in, 64, ap_memory, weights1_2, array</column>
<column name="weights1_2_address1">out, 6, ap_memory, weights1_2, array</column>
<column name="weights1_2_ce1">out, 1, ap_memory, weights1_2, array</column>
<column name="weights1_2_we1">out, 1, ap_memory, weights1_2, array</column>
<column name="weights1_2_d1">out, 64, ap_memory, weights1_2, array</column>
<column name="weights1_2_q1">in, 64, ap_memory, weights1_2, array</column>
<column name="weights1_3_address0">out, 6, ap_memory, weights1_3, array</column>
<column name="weights1_3_ce0">out, 1, ap_memory, weights1_3, array</column>
<column name="weights1_3_we0">out, 1, ap_memory, weights1_3, array</column>
<column name="weights1_3_d0">out, 64, ap_memory, weights1_3, array</column>
<column name="weights1_3_q0">in, 64, ap_memory, weights1_3, array</column>
<column name="weights1_3_address1">out, 6, ap_memory, weights1_3, array</column>
<column name="weights1_3_ce1">out, 1, ap_memory, weights1_3, array</column>
<column name="weights1_3_we1">out, 1, ap_memory, weights1_3, array</column>
<column name="weights1_3_d1">out, 64, ap_memory, weights1_3, array</column>
<column name="weights1_3_q1">in, 64, ap_memory, weights1_3, array</column>
<column name="weights1_4_address0">out, 6, ap_memory, weights1_4, array</column>
<column name="weights1_4_ce0">out, 1, ap_memory, weights1_4, array</column>
<column name="weights1_4_we0">out, 1, ap_memory, weights1_4, array</column>
<column name="weights1_4_d0">out, 64, ap_memory, weights1_4, array</column>
<column name="weights1_4_q0">in, 64, ap_memory, weights1_4, array</column>
<column name="weights1_4_address1">out, 6, ap_memory, weights1_4, array</column>
<column name="weights1_4_ce1">out, 1, ap_memory, weights1_4, array</column>
<column name="weights1_4_we1">out, 1, ap_memory, weights1_4, array</column>
<column name="weights1_4_d1">out, 64, ap_memory, weights1_4, array</column>
<column name="weights1_4_q1">in, 64, ap_memory, weights1_4, array</column>
<column name="weights1_5_address0">out, 6, ap_memory, weights1_5, array</column>
<column name="weights1_5_ce0">out, 1, ap_memory, weights1_5, array</column>
<column name="weights1_5_we0">out, 1, ap_memory, weights1_5, array</column>
<column name="weights1_5_d0">out, 64, ap_memory, weights1_5, array</column>
<column name="weights1_5_q0">in, 64, ap_memory, weights1_5, array</column>
<column name="weights1_5_address1">out, 6, ap_memory, weights1_5, array</column>
<column name="weights1_5_ce1">out, 1, ap_memory, weights1_5, array</column>
<column name="weights1_5_we1">out, 1, ap_memory, weights1_5, array</column>
<column name="weights1_5_d1">out, 64, ap_memory, weights1_5, array</column>
<column name="weights1_5_q1">in, 64, ap_memory, weights1_5, array</column>
<column name="weights1_6_address0">out, 6, ap_memory, weights1_6, array</column>
<column name="weights1_6_ce0">out, 1, ap_memory, weights1_6, array</column>
<column name="weights1_6_we0">out, 1, ap_memory, weights1_6, array</column>
<column name="weights1_6_d0">out, 64, ap_memory, weights1_6, array</column>
<column name="weights1_6_q0">in, 64, ap_memory, weights1_6, array</column>
<column name="weights1_6_address1">out, 6, ap_memory, weights1_6, array</column>
<column name="weights1_6_ce1">out, 1, ap_memory, weights1_6, array</column>
<column name="weights1_6_we1">out, 1, ap_memory, weights1_6, array</column>
<column name="weights1_6_d1">out, 64, ap_memory, weights1_6, array</column>
<column name="weights1_6_q1">in, 64, ap_memory, weights1_6, array</column>
<column name="weights1_7_address0">out, 6, ap_memory, weights1_7, array</column>
<column name="weights1_7_ce0">out, 1, ap_memory, weights1_7, array</column>
<column name="weights1_7_we0">out, 1, ap_memory, weights1_7, array</column>
<column name="weights1_7_d0">out, 64, ap_memory, weights1_7, array</column>
<column name="weights1_7_q0">in, 64, ap_memory, weights1_7, array</column>
<column name="weights1_7_address1">out, 6, ap_memory, weights1_7, array</column>
<column name="weights1_7_ce1">out, 1, ap_memory, weights1_7, array</column>
<column name="weights1_7_we1">out, 1, ap_memory, weights1_7, array</column>
<column name="weights1_7_d1">out, 64, ap_memory, weights1_7, array</column>
<column name="weights1_7_q1">in, 64, ap_memory, weights1_7, array</column>
<column name="weights1_8_address0">out, 6, ap_memory, weights1_8, array</column>
<column name="weights1_8_ce0">out, 1, ap_memory, weights1_8, array</column>
<column name="weights1_8_we0">out, 1, ap_memory, weights1_8, array</column>
<column name="weights1_8_d0">out, 64, ap_memory, weights1_8, array</column>
<column name="weights1_8_q0">in, 64, ap_memory, weights1_8, array</column>
<column name="weights1_8_address1">out, 6, ap_memory, weights1_8, array</column>
<column name="weights1_8_ce1">out, 1, ap_memory, weights1_8, array</column>
<column name="weights1_8_we1">out, 1, ap_memory, weights1_8, array</column>
<column name="weights1_8_d1">out, 64, ap_memory, weights1_8, array</column>
<column name="weights1_8_q1">in, 64, ap_memory, weights1_8, array</column>
<column name="weights1_9_address0">out, 6, ap_memory, weights1_9, array</column>
<column name="weights1_9_ce0">out, 1, ap_memory, weights1_9, array</column>
<column name="weights1_9_we0">out, 1, ap_memory, weights1_9, array</column>
<column name="weights1_9_d0">out, 64, ap_memory, weights1_9, array</column>
<column name="weights1_9_q0">in, 64, ap_memory, weights1_9, array</column>
<column name="weights1_9_address1">out, 6, ap_memory, weights1_9, array</column>
<column name="weights1_9_ce1">out, 1, ap_memory, weights1_9, array</column>
<column name="weights1_9_we1">out, 1, ap_memory, weights1_9, array</column>
<column name="weights1_9_d1">out, 64, ap_memory, weights1_9, array</column>
<column name="weights1_9_q1">in, 64, ap_memory, weights1_9, array</column>
<column name="weights1_10_address0">out, 6, ap_memory, weights1_10, array</column>
<column name="weights1_10_ce0">out, 1, ap_memory, weights1_10, array</column>
<column name="weights1_10_we0">out, 1, ap_memory, weights1_10, array</column>
<column name="weights1_10_d0">out, 64, ap_memory, weights1_10, array</column>
<column name="weights1_10_q0">in, 64, ap_memory, weights1_10, array</column>
<column name="weights1_10_address1">out, 6, ap_memory, weights1_10, array</column>
<column name="weights1_10_ce1">out, 1, ap_memory, weights1_10, array</column>
<column name="weights1_10_we1">out, 1, ap_memory, weights1_10, array</column>
<column name="weights1_10_d1">out, 64, ap_memory, weights1_10, array</column>
<column name="weights1_10_q1">in, 64, ap_memory, weights1_10, array</column>
<column name="weights1_11_address0">out, 6, ap_memory, weights1_11, array</column>
<column name="weights1_11_ce0">out, 1, ap_memory, weights1_11, array</column>
<column name="weights1_11_we0">out, 1, ap_memory, weights1_11, array</column>
<column name="weights1_11_d0">out, 64, ap_memory, weights1_11, array</column>
<column name="weights1_11_q0">in, 64, ap_memory, weights1_11, array</column>
<column name="weights1_11_address1">out, 6, ap_memory, weights1_11, array</column>
<column name="weights1_11_ce1">out, 1, ap_memory, weights1_11, array</column>
<column name="weights1_11_we1">out, 1, ap_memory, weights1_11, array</column>
<column name="weights1_11_d1">out, 64, ap_memory, weights1_11, array</column>
<column name="weights1_11_q1">in, 64, ap_memory, weights1_11, array</column>
<column name="weights1_12_address0">out, 6, ap_memory, weights1_12, array</column>
<column name="weights1_12_ce0">out, 1, ap_memory, weights1_12, array</column>
<column name="weights1_12_we0">out, 1, ap_memory, weights1_12, array</column>
<column name="weights1_12_d0">out, 64, ap_memory, weights1_12, array</column>
<column name="weights1_12_q0">in, 64, ap_memory, weights1_12, array</column>
<column name="weights1_12_address1">out, 6, ap_memory, weights1_12, array</column>
<column name="weights1_12_ce1">out, 1, ap_memory, weights1_12, array</column>
<column name="weights1_12_we1">out, 1, ap_memory, weights1_12, array</column>
<column name="weights1_12_d1">out, 64, ap_memory, weights1_12, array</column>
<column name="weights1_12_q1">in, 64, ap_memory, weights1_12, array</column>
<column name="weights1_13_address0">out, 6, ap_memory, weights1_13, array</column>
<column name="weights1_13_ce0">out, 1, ap_memory, weights1_13, array</column>
<column name="weights1_13_we0">out, 1, ap_memory, weights1_13, array</column>
<column name="weights1_13_d0">out, 64, ap_memory, weights1_13, array</column>
<column name="weights1_13_q0">in, 64, ap_memory, weights1_13, array</column>
<column name="weights1_13_address1">out, 6, ap_memory, weights1_13, array</column>
<column name="weights1_13_ce1">out, 1, ap_memory, weights1_13, array</column>
<column name="weights1_13_we1">out, 1, ap_memory, weights1_13, array</column>
<column name="weights1_13_d1">out, 64, ap_memory, weights1_13, array</column>
<column name="weights1_13_q1">in, 64, ap_memory, weights1_13, array</column>
<column name="weights1_14_address0">out, 6, ap_memory, weights1_14, array</column>
<column name="weights1_14_ce0">out, 1, ap_memory, weights1_14, array</column>
<column name="weights1_14_we0">out, 1, ap_memory, weights1_14, array</column>
<column name="weights1_14_d0">out, 64, ap_memory, weights1_14, array</column>
<column name="weights1_14_q0">in, 64, ap_memory, weights1_14, array</column>
<column name="weights1_14_address1">out, 6, ap_memory, weights1_14, array</column>
<column name="weights1_14_ce1">out, 1, ap_memory, weights1_14, array</column>
<column name="weights1_14_we1">out, 1, ap_memory, weights1_14, array</column>
<column name="weights1_14_d1">out, 64, ap_memory, weights1_14, array</column>
<column name="weights1_14_q1">in, 64, ap_memory, weights1_14, array</column>
<column name="weights1_15_address0">out, 6, ap_memory, weights1_15, array</column>
<column name="weights1_15_ce0">out, 1, ap_memory, weights1_15, array</column>
<column name="weights1_15_we0">out, 1, ap_memory, weights1_15, array</column>
<column name="weights1_15_d0">out, 64, ap_memory, weights1_15, array</column>
<column name="weights1_15_q0">in, 64, ap_memory, weights1_15, array</column>
<column name="weights1_15_address1">out, 6, ap_memory, weights1_15, array</column>
<column name="weights1_15_ce1">out, 1, ap_memory, weights1_15, array</column>
<column name="weights1_15_we1">out, 1, ap_memory, weights1_15, array</column>
<column name="weights1_15_d1">out, 64, ap_memory, weights1_15, array</column>
<column name="weights1_15_q1">in, 64, ap_memory, weights1_15, array</column>
<column name="weights2_0_address0">out, 8, ap_memory, weights2_0, array</column>
<column name="weights2_0_ce0">out, 1, ap_memory, weights2_0, array</column>
<column name="weights2_0_we0">out, 1, ap_memory, weights2_0, array</column>
<column name="weights2_0_d0">out, 64, ap_memory, weights2_0, array</column>
<column name="weights2_0_q0">in, 64, ap_memory, weights2_0, array</column>
<column name="weights2_0_address1">out, 8, ap_memory, weights2_0, array</column>
<column name="weights2_0_ce1">out, 1, ap_memory, weights2_0, array</column>
<column name="weights2_0_we1">out, 1, ap_memory, weights2_0, array</column>
<column name="weights2_0_d1">out, 64, ap_memory, weights2_0, array</column>
<column name="weights2_0_q1">in, 64, ap_memory, weights2_0, array</column>
<column name="weights2_1_address0">out, 8, ap_memory, weights2_1, array</column>
<column name="weights2_1_ce0">out, 1, ap_memory, weights2_1, array</column>
<column name="weights2_1_we0">out, 1, ap_memory, weights2_1, array</column>
<column name="weights2_1_d0">out, 64, ap_memory, weights2_1, array</column>
<column name="weights2_1_q0">in, 64, ap_memory, weights2_1, array</column>
<column name="weights2_1_address1">out, 8, ap_memory, weights2_1, array</column>
<column name="weights2_1_ce1">out, 1, ap_memory, weights2_1, array</column>
<column name="weights2_1_we1">out, 1, ap_memory, weights2_1, array</column>
<column name="weights2_1_d1">out, 64, ap_memory, weights2_1, array</column>
<column name="weights2_1_q1">in, 64, ap_memory, weights2_1, array</column>
<column name="weights2_2_address0">out, 8, ap_memory, weights2_2, array</column>
<column name="weights2_2_ce0">out, 1, ap_memory, weights2_2, array</column>
<column name="weights2_2_we0">out, 1, ap_memory, weights2_2, array</column>
<column name="weights2_2_d0">out, 64, ap_memory, weights2_2, array</column>
<column name="weights2_2_q0">in, 64, ap_memory, weights2_2, array</column>
<column name="weights2_2_address1">out, 8, ap_memory, weights2_2, array</column>
<column name="weights2_2_ce1">out, 1, ap_memory, weights2_2, array</column>
<column name="weights2_2_we1">out, 1, ap_memory, weights2_2, array</column>
<column name="weights2_2_d1">out, 64, ap_memory, weights2_2, array</column>
<column name="weights2_2_q1">in, 64, ap_memory, weights2_2, array</column>
<column name="weights2_3_address0">out, 8, ap_memory, weights2_3, array</column>
<column name="weights2_3_ce0">out, 1, ap_memory, weights2_3, array</column>
<column name="weights2_3_we0">out, 1, ap_memory, weights2_3, array</column>
<column name="weights2_3_d0">out, 64, ap_memory, weights2_3, array</column>
<column name="weights2_3_q0">in, 64, ap_memory, weights2_3, array</column>
<column name="weights2_3_address1">out, 8, ap_memory, weights2_3, array</column>
<column name="weights2_3_ce1">out, 1, ap_memory, weights2_3, array</column>
<column name="weights2_3_we1">out, 1, ap_memory, weights2_3, array</column>
<column name="weights2_3_d1">out, 64, ap_memory, weights2_3, array</column>
<column name="weights2_3_q1">in, 64, ap_memory, weights2_3, array</column>
<column name="weights2_4_address0">out, 8, ap_memory, weights2_4, array</column>
<column name="weights2_4_ce0">out, 1, ap_memory, weights2_4, array</column>
<column name="weights2_4_we0">out, 1, ap_memory, weights2_4, array</column>
<column name="weights2_4_d0">out, 64, ap_memory, weights2_4, array</column>
<column name="weights2_4_q0">in, 64, ap_memory, weights2_4, array</column>
<column name="weights2_4_address1">out, 8, ap_memory, weights2_4, array</column>
<column name="weights2_4_ce1">out, 1, ap_memory, weights2_4, array</column>
<column name="weights2_4_we1">out, 1, ap_memory, weights2_4, array</column>
<column name="weights2_4_d1">out, 64, ap_memory, weights2_4, array</column>
<column name="weights2_4_q1">in, 64, ap_memory, weights2_4, array</column>
<column name="weights2_5_address0">out, 8, ap_memory, weights2_5, array</column>
<column name="weights2_5_ce0">out, 1, ap_memory, weights2_5, array</column>
<column name="weights2_5_we0">out, 1, ap_memory, weights2_5, array</column>
<column name="weights2_5_d0">out, 64, ap_memory, weights2_5, array</column>
<column name="weights2_5_q0">in, 64, ap_memory, weights2_5, array</column>
<column name="weights2_5_address1">out, 8, ap_memory, weights2_5, array</column>
<column name="weights2_5_ce1">out, 1, ap_memory, weights2_5, array</column>
<column name="weights2_5_we1">out, 1, ap_memory, weights2_5, array</column>
<column name="weights2_5_d1">out, 64, ap_memory, weights2_5, array</column>
<column name="weights2_5_q1">in, 64, ap_memory, weights2_5, array</column>
<column name="weights2_6_address0">out, 8, ap_memory, weights2_6, array</column>
<column name="weights2_6_ce0">out, 1, ap_memory, weights2_6, array</column>
<column name="weights2_6_we0">out, 1, ap_memory, weights2_6, array</column>
<column name="weights2_6_d0">out, 64, ap_memory, weights2_6, array</column>
<column name="weights2_6_q0">in, 64, ap_memory, weights2_6, array</column>
<column name="weights2_6_address1">out, 8, ap_memory, weights2_6, array</column>
<column name="weights2_6_ce1">out, 1, ap_memory, weights2_6, array</column>
<column name="weights2_6_we1">out, 1, ap_memory, weights2_6, array</column>
<column name="weights2_6_d1">out, 64, ap_memory, weights2_6, array</column>
<column name="weights2_6_q1">in, 64, ap_memory, weights2_6, array</column>
<column name="weights2_7_address0">out, 8, ap_memory, weights2_7, array</column>
<column name="weights2_7_ce0">out, 1, ap_memory, weights2_7, array</column>
<column name="weights2_7_we0">out, 1, ap_memory, weights2_7, array</column>
<column name="weights2_7_d0">out, 64, ap_memory, weights2_7, array</column>
<column name="weights2_7_q0">in, 64, ap_memory, weights2_7, array</column>
<column name="weights2_7_address1">out, 8, ap_memory, weights2_7, array</column>
<column name="weights2_7_ce1">out, 1, ap_memory, weights2_7, array</column>
<column name="weights2_7_we1">out, 1, ap_memory, weights2_7, array</column>
<column name="weights2_7_d1">out, 64, ap_memory, weights2_7, array</column>
<column name="weights2_7_q1">in, 64, ap_memory, weights2_7, array</column>
<column name="weights2_8_address0">out, 8, ap_memory, weights2_8, array</column>
<column name="weights2_8_ce0">out, 1, ap_memory, weights2_8, array</column>
<column name="weights2_8_we0">out, 1, ap_memory, weights2_8, array</column>
<column name="weights2_8_d0">out, 64, ap_memory, weights2_8, array</column>
<column name="weights2_8_q0">in, 64, ap_memory, weights2_8, array</column>
<column name="weights2_8_address1">out, 8, ap_memory, weights2_8, array</column>
<column name="weights2_8_ce1">out, 1, ap_memory, weights2_8, array</column>
<column name="weights2_8_we1">out, 1, ap_memory, weights2_8, array</column>
<column name="weights2_8_d1">out, 64, ap_memory, weights2_8, array</column>
<column name="weights2_8_q1">in, 64, ap_memory, weights2_8, array</column>
<column name="weights2_9_address0">out, 8, ap_memory, weights2_9, array</column>
<column name="weights2_9_ce0">out, 1, ap_memory, weights2_9, array</column>
<column name="weights2_9_we0">out, 1, ap_memory, weights2_9, array</column>
<column name="weights2_9_d0">out, 64, ap_memory, weights2_9, array</column>
<column name="weights2_9_q0">in, 64, ap_memory, weights2_9, array</column>
<column name="weights2_9_address1">out, 8, ap_memory, weights2_9, array</column>
<column name="weights2_9_ce1">out, 1, ap_memory, weights2_9, array</column>
<column name="weights2_9_we1">out, 1, ap_memory, weights2_9, array</column>
<column name="weights2_9_d1">out, 64, ap_memory, weights2_9, array</column>
<column name="weights2_9_q1">in, 64, ap_memory, weights2_9, array</column>
<column name="weights2_10_address0">out, 8, ap_memory, weights2_10, array</column>
<column name="weights2_10_ce0">out, 1, ap_memory, weights2_10, array</column>
<column name="weights2_10_we0">out, 1, ap_memory, weights2_10, array</column>
<column name="weights2_10_d0">out, 64, ap_memory, weights2_10, array</column>
<column name="weights2_10_q0">in, 64, ap_memory, weights2_10, array</column>
<column name="weights2_10_address1">out, 8, ap_memory, weights2_10, array</column>
<column name="weights2_10_ce1">out, 1, ap_memory, weights2_10, array</column>
<column name="weights2_10_we1">out, 1, ap_memory, weights2_10, array</column>
<column name="weights2_10_d1">out, 64, ap_memory, weights2_10, array</column>
<column name="weights2_10_q1">in, 64, ap_memory, weights2_10, array</column>
<column name="weights2_11_address0">out, 8, ap_memory, weights2_11, array</column>
<column name="weights2_11_ce0">out, 1, ap_memory, weights2_11, array</column>
<column name="weights2_11_we0">out, 1, ap_memory, weights2_11, array</column>
<column name="weights2_11_d0">out, 64, ap_memory, weights2_11, array</column>
<column name="weights2_11_q0">in, 64, ap_memory, weights2_11, array</column>
<column name="weights2_11_address1">out, 8, ap_memory, weights2_11, array</column>
<column name="weights2_11_ce1">out, 1, ap_memory, weights2_11, array</column>
<column name="weights2_11_we1">out, 1, ap_memory, weights2_11, array</column>
<column name="weights2_11_d1">out, 64, ap_memory, weights2_11, array</column>
<column name="weights2_11_q1">in, 64, ap_memory, weights2_11, array</column>
<column name="weights2_12_address0">out, 8, ap_memory, weights2_12, array</column>
<column name="weights2_12_ce0">out, 1, ap_memory, weights2_12, array</column>
<column name="weights2_12_we0">out, 1, ap_memory, weights2_12, array</column>
<column name="weights2_12_d0">out, 64, ap_memory, weights2_12, array</column>
<column name="weights2_12_q0">in, 64, ap_memory, weights2_12, array</column>
<column name="weights2_12_address1">out, 8, ap_memory, weights2_12, array</column>
<column name="weights2_12_ce1">out, 1, ap_memory, weights2_12, array</column>
<column name="weights2_12_we1">out, 1, ap_memory, weights2_12, array</column>
<column name="weights2_12_d1">out, 64, ap_memory, weights2_12, array</column>
<column name="weights2_12_q1">in, 64, ap_memory, weights2_12, array</column>
<column name="weights2_13_address0">out, 8, ap_memory, weights2_13, array</column>
<column name="weights2_13_ce0">out, 1, ap_memory, weights2_13, array</column>
<column name="weights2_13_we0">out, 1, ap_memory, weights2_13, array</column>
<column name="weights2_13_d0">out, 64, ap_memory, weights2_13, array</column>
<column name="weights2_13_q0">in, 64, ap_memory, weights2_13, array</column>
<column name="weights2_13_address1">out, 8, ap_memory, weights2_13, array</column>
<column name="weights2_13_ce1">out, 1, ap_memory, weights2_13, array</column>
<column name="weights2_13_we1">out, 1, ap_memory, weights2_13, array</column>
<column name="weights2_13_d1">out, 64, ap_memory, weights2_13, array</column>
<column name="weights2_13_q1">in, 64, ap_memory, weights2_13, array</column>
<column name="weights2_14_address0">out, 8, ap_memory, weights2_14, array</column>
<column name="weights2_14_ce0">out, 1, ap_memory, weights2_14, array</column>
<column name="weights2_14_we0">out, 1, ap_memory, weights2_14, array</column>
<column name="weights2_14_d0">out, 64, ap_memory, weights2_14, array</column>
<column name="weights2_14_q0">in, 64, ap_memory, weights2_14, array</column>
<column name="weights2_14_address1">out, 8, ap_memory, weights2_14, array</column>
<column name="weights2_14_ce1">out, 1, ap_memory, weights2_14, array</column>
<column name="weights2_14_we1">out, 1, ap_memory, weights2_14, array</column>
<column name="weights2_14_d1">out, 64, ap_memory, weights2_14, array</column>
<column name="weights2_14_q1">in, 64, ap_memory, weights2_14, array</column>
<column name="weights2_15_address0">out, 8, ap_memory, weights2_15, array</column>
<column name="weights2_15_ce0">out, 1, ap_memory, weights2_15, array</column>
<column name="weights2_15_we0">out, 1, ap_memory, weights2_15, array</column>
<column name="weights2_15_d0">out, 64, ap_memory, weights2_15, array</column>
<column name="weights2_15_q0">in, 64, ap_memory, weights2_15, array</column>
<column name="weights2_15_address1">out, 8, ap_memory, weights2_15, array</column>
<column name="weights2_15_ce1">out, 1, ap_memory, weights2_15, array</column>
<column name="weights2_15_we1">out, 1, ap_memory, weights2_15, array</column>
<column name="weights2_15_d1">out, 64, ap_memory, weights2_15, array</column>
<column name="weights2_15_q1">in, 64, ap_memory, weights2_15, array</column>
<column name="weights3_0_address0">out, 4, ap_memory, weights3_0, array</column>
<column name="weights3_0_ce0">out, 1, ap_memory, weights3_0, array</column>
<column name="weights3_0_we0">out, 1, ap_memory, weights3_0, array</column>
<column name="weights3_0_d0">out, 64, ap_memory, weights3_0, array</column>
<column name="weights3_0_q0">in, 64, ap_memory, weights3_0, array</column>
<column name="weights3_0_address1">out, 4, ap_memory, weights3_0, array</column>
<column name="weights3_0_ce1">out, 1, ap_memory, weights3_0, array</column>
<column name="weights3_0_q1">in, 64, ap_memory, weights3_0, array</column>
<column name="weights3_1_address0">out, 4, ap_memory, weights3_1, array</column>
<column name="weights3_1_ce0">out, 1, ap_memory, weights3_1, array</column>
<column name="weights3_1_we0">out, 1, ap_memory, weights3_1, array</column>
<column name="weights3_1_d0">out, 64, ap_memory, weights3_1, array</column>
<column name="weights3_1_q0">in, 64, ap_memory, weights3_1, array</column>
<column name="weights3_1_address1">out, 4, ap_memory, weights3_1, array</column>
<column name="weights3_1_ce1">out, 1, ap_memory, weights3_1, array</column>
<column name="weights3_1_q1">in, 64, ap_memory, weights3_1, array</column>
<column name="weights3_2_address0">out, 4, ap_memory, weights3_2, array</column>
<column name="weights3_2_ce0">out, 1, ap_memory, weights3_2, array</column>
<column name="weights3_2_we0">out, 1, ap_memory, weights3_2, array</column>
<column name="weights3_2_d0">out, 64, ap_memory, weights3_2, array</column>
<column name="weights3_2_q0">in, 64, ap_memory, weights3_2, array</column>
<column name="weights3_2_address1">out, 4, ap_memory, weights3_2, array</column>
<column name="weights3_2_ce1">out, 1, ap_memory, weights3_2, array</column>
<column name="weights3_2_q1">in, 64, ap_memory, weights3_2, array</column>
<column name="weights3_3_address0">out, 4, ap_memory, weights3_3, array</column>
<column name="weights3_3_ce0">out, 1, ap_memory, weights3_3, array</column>
<column name="weights3_3_we0">out, 1, ap_memory, weights3_3, array</column>
<column name="weights3_3_d0">out, 64, ap_memory, weights3_3, array</column>
<column name="weights3_3_q0">in, 64, ap_memory, weights3_3, array</column>
<column name="weights3_3_address1">out, 4, ap_memory, weights3_3, array</column>
<column name="weights3_3_ce1">out, 1, ap_memory, weights3_3, array</column>
<column name="weights3_3_q1">in, 64, ap_memory, weights3_3, array</column>
<column name="weights3_4_address0">out, 4, ap_memory, weights3_4, array</column>
<column name="weights3_4_ce0">out, 1, ap_memory, weights3_4, array</column>
<column name="weights3_4_we0">out, 1, ap_memory, weights3_4, array</column>
<column name="weights3_4_d0">out, 64, ap_memory, weights3_4, array</column>
<column name="weights3_4_q0">in, 64, ap_memory, weights3_4, array</column>
<column name="weights3_4_address1">out, 4, ap_memory, weights3_4, array</column>
<column name="weights3_4_ce1">out, 1, ap_memory, weights3_4, array</column>
<column name="weights3_4_q1">in, 64, ap_memory, weights3_4, array</column>
<column name="weights3_5_address0">out, 4, ap_memory, weights3_5, array</column>
<column name="weights3_5_ce0">out, 1, ap_memory, weights3_5, array</column>
<column name="weights3_5_we0">out, 1, ap_memory, weights3_5, array</column>
<column name="weights3_5_d0">out, 64, ap_memory, weights3_5, array</column>
<column name="weights3_5_q0">in, 64, ap_memory, weights3_5, array</column>
<column name="weights3_5_address1">out, 4, ap_memory, weights3_5, array</column>
<column name="weights3_5_ce1">out, 1, ap_memory, weights3_5, array</column>
<column name="weights3_5_q1">in, 64, ap_memory, weights3_5, array</column>
<column name="weights3_6_address0">out, 4, ap_memory, weights3_6, array</column>
<column name="weights3_6_ce0">out, 1, ap_memory, weights3_6, array</column>
<column name="weights3_6_we0">out, 1, ap_memory, weights3_6, array</column>
<column name="weights3_6_d0">out, 64, ap_memory, weights3_6, array</column>
<column name="weights3_6_q0">in, 64, ap_memory, weights3_6, array</column>
<column name="weights3_6_address1">out, 4, ap_memory, weights3_6, array</column>
<column name="weights3_6_ce1">out, 1, ap_memory, weights3_6, array</column>
<column name="weights3_6_q1">in, 64, ap_memory, weights3_6, array</column>
<column name="weights3_7_address0">out, 4, ap_memory, weights3_7, array</column>
<column name="weights3_7_ce0">out, 1, ap_memory, weights3_7, array</column>
<column name="weights3_7_we0">out, 1, ap_memory, weights3_7, array</column>
<column name="weights3_7_d0">out, 64, ap_memory, weights3_7, array</column>
<column name="weights3_7_q0">in, 64, ap_memory, weights3_7, array</column>
<column name="weights3_7_address1">out, 4, ap_memory, weights3_7, array</column>
<column name="weights3_7_ce1">out, 1, ap_memory, weights3_7, array</column>
<column name="weights3_7_q1">in, 64, ap_memory, weights3_7, array</column>
<column name="weights3_8_address0">out, 4, ap_memory, weights3_8, array</column>
<column name="weights3_8_ce0">out, 1, ap_memory, weights3_8, array</column>
<column name="weights3_8_we0">out, 1, ap_memory, weights3_8, array</column>
<column name="weights3_8_d0">out, 64, ap_memory, weights3_8, array</column>
<column name="weights3_8_q0">in, 64, ap_memory, weights3_8, array</column>
<column name="weights3_8_address1">out, 4, ap_memory, weights3_8, array</column>
<column name="weights3_8_ce1">out, 1, ap_memory, weights3_8, array</column>
<column name="weights3_8_q1">in, 64, ap_memory, weights3_8, array</column>
<column name="weights3_9_address0">out, 4, ap_memory, weights3_9, array</column>
<column name="weights3_9_ce0">out, 1, ap_memory, weights3_9, array</column>
<column name="weights3_9_we0">out, 1, ap_memory, weights3_9, array</column>
<column name="weights3_9_d0">out, 64, ap_memory, weights3_9, array</column>
<column name="weights3_9_q0">in, 64, ap_memory, weights3_9, array</column>
<column name="weights3_9_address1">out, 4, ap_memory, weights3_9, array</column>
<column name="weights3_9_ce1">out, 1, ap_memory, weights3_9, array</column>
<column name="weights3_9_q1">in, 64, ap_memory, weights3_9, array</column>
<column name="weights3_10_address0">out, 4, ap_memory, weights3_10, array</column>
<column name="weights3_10_ce0">out, 1, ap_memory, weights3_10, array</column>
<column name="weights3_10_we0">out, 1, ap_memory, weights3_10, array</column>
<column name="weights3_10_d0">out, 64, ap_memory, weights3_10, array</column>
<column name="weights3_10_q0">in, 64, ap_memory, weights3_10, array</column>
<column name="weights3_10_address1">out, 4, ap_memory, weights3_10, array</column>
<column name="weights3_10_ce1">out, 1, ap_memory, weights3_10, array</column>
<column name="weights3_10_q1">in, 64, ap_memory, weights3_10, array</column>
<column name="weights3_11_address0">out, 4, ap_memory, weights3_11, array</column>
<column name="weights3_11_ce0">out, 1, ap_memory, weights3_11, array</column>
<column name="weights3_11_we0">out, 1, ap_memory, weights3_11, array</column>
<column name="weights3_11_d0">out, 64, ap_memory, weights3_11, array</column>
<column name="weights3_11_q0">in, 64, ap_memory, weights3_11, array</column>
<column name="weights3_11_address1">out, 4, ap_memory, weights3_11, array</column>
<column name="weights3_11_ce1">out, 1, ap_memory, weights3_11, array</column>
<column name="weights3_11_q1">in, 64, ap_memory, weights3_11, array</column>
<column name="weights3_12_address0">out, 4, ap_memory, weights3_12, array</column>
<column name="weights3_12_ce0">out, 1, ap_memory, weights3_12, array</column>
<column name="weights3_12_we0">out, 1, ap_memory, weights3_12, array</column>
<column name="weights3_12_d0">out, 64, ap_memory, weights3_12, array</column>
<column name="weights3_12_q0">in, 64, ap_memory, weights3_12, array</column>
<column name="weights3_12_address1">out, 4, ap_memory, weights3_12, array</column>
<column name="weights3_12_ce1">out, 1, ap_memory, weights3_12, array</column>
<column name="weights3_12_q1">in, 64, ap_memory, weights3_12, array</column>
<column name="weights3_13_address0">out, 4, ap_memory, weights3_13, array</column>
<column name="weights3_13_ce0">out, 1, ap_memory, weights3_13, array</column>
<column name="weights3_13_we0">out, 1, ap_memory, weights3_13, array</column>
<column name="weights3_13_d0">out, 64, ap_memory, weights3_13, array</column>
<column name="weights3_13_q0">in, 64, ap_memory, weights3_13, array</column>
<column name="weights3_13_address1">out, 4, ap_memory, weights3_13, array</column>
<column name="weights3_13_ce1">out, 1, ap_memory, weights3_13, array</column>
<column name="weights3_13_q1">in, 64, ap_memory, weights3_13, array</column>
<column name="weights3_14_address0">out, 4, ap_memory, weights3_14, array</column>
<column name="weights3_14_ce0">out, 1, ap_memory, weights3_14, array</column>
<column name="weights3_14_we0">out, 1, ap_memory, weights3_14, array</column>
<column name="weights3_14_d0">out, 64, ap_memory, weights3_14, array</column>
<column name="weights3_14_q0">in, 64, ap_memory, weights3_14, array</column>
<column name="weights3_14_address1">out, 4, ap_memory, weights3_14, array</column>
<column name="weights3_14_ce1">out, 1, ap_memory, weights3_14, array</column>
<column name="weights3_14_q1">in, 64, ap_memory, weights3_14, array</column>
<column name="weights3_15_address0">out, 4, ap_memory, weights3_15, array</column>
<column name="weights3_15_ce0">out, 1, ap_memory, weights3_15, array</column>
<column name="weights3_15_we0">out, 1, ap_memory, weights3_15, array</column>
<column name="weights3_15_d0">out, 64, ap_memory, weights3_15, array</column>
<column name="weights3_15_q0">in, 64, ap_memory, weights3_15, array</column>
<column name="weights3_15_address1">out, 4, ap_memory, weights3_15, array</column>
<column name="weights3_15_ce1">out, 1, ap_memory, weights3_15, array</column>
<column name="weights3_15_q1">in, 64, ap_memory, weights3_15, array</column>
<column name="biases1_0_address0">out, 4, ap_memory, biases1_0, array</column>
<column name="biases1_0_ce0">out, 1, ap_memory, biases1_0, array</column>
<column name="biases1_0_we0">out, 1, ap_memory, biases1_0, array</column>
<column name="biases1_0_d0">out, 64, ap_memory, biases1_0, array</column>
<column name="biases1_0_q0">in, 64, ap_memory, biases1_0, array</column>
<column name="biases1_0_address1">out, 4, ap_memory, biases1_0, array</column>
<column name="biases1_0_ce1">out, 1, ap_memory, biases1_0, array</column>
<column name="biases1_0_we1">out, 1, ap_memory, biases1_0, array</column>
<column name="biases1_0_d1">out, 64, ap_memory, biases1_0, array</column>
<column name="biases1_0_q1">in, 64, ap_memory, biases1_0, array</column>
<column name="biases1_1_address0">out, 4, ap_memory, biases1_1, array</column>
<column name="biases1_1_ce0">out, 1, ap_memory, biases1_1, array</column>
<column name="biases1_1_we0">out, 1, ap_memory, biases1_1, array</column>
<column name="biases1_1_d0">out, 64, ap_memory, biases1_1, array</column>
<column name="biases1_1_q0">in, 64, ap_memory, biases1_1, array</column>
<column name="biases1_1_address1">out, 4, ap_memory, biases1_1, array</column>
<column name="biases1_1_ce1">out, 1, ap_memory, biases1_1, array</column>
<column name="biases1_1_we1">out, 1, ap_memory, biases1_1, array</column>
<column name="biases1_1_d1">out, 64, ap_memory, biases1_1, array</column>
<column name="biases1_1_q1">in, 64, ap_memory, biases1_1, array</column>
<column name="biases1_2_address0">out, 4, ap_memory, biases1_2, array</column>
<column name="biases1_2_ce0">out, 1, ap_memory, biases1_2, array</column>
<column name="biases1_2_we0">out, 1, ap_memory, biases1_2, array</column>
<column name="biases1_2_d0">out, 64, ap_memory, biases1_2, array</column>
<column name="biases1_2_q0">in, 64, ap_memory, biases1_2, array</column>
<column name="biases1_2_address1">out, 4, ap_memory, biases1_2, array</column>
<column name="biases1_2_ce1">out, 1, ap_memory, biases1_2, array</column>
<column name="biases1_2_we1">out, 1, ap_memory, biases1_2, array</column>
<column name="biases1_2_d1">out, 64, ap_memory, biases1_2, array</column>
<column name="biases1_2_q1">in, 64, ap_memory, biases1_2, array</column>
<column name="biases1_3_address0">out, 4, ap_memory, biases1_3, array</column>
<column name="biases1_3_ce0">out, 1, ap_memory, biases1_3, array</column>
<column name="biases1_3_we0">out, 1, ap_memory, biases1_3, array</column>
<column name="biases1_3_d0">out, 64, ap_memory, biases1_3, array</column>
<column name="biases1_3_q0">in, 64, ap_memory, biases1_3, array</column>
<column name="biases1_3_address1">out, 4, ap_memory, biases1_3, array</column>
<column name="biases1_3_ce1">out, 1, ap_memory, biases1_3, array</column>
<column name="biases1_3_we1">out, 1, ap_memory, biases1_3, array</column>
<column name="biases1_3_d1">out, 64, ap_memory, biases1_3, array</column>
<column name="biases1_3_q1">in, 64, ap_memory, biases1_3, array</column>
<column name="biases2_0_address0">out, 4, ap_memory, biases2_0, array</column>
<column name="biases2_0_ce0">out, 1, ap_memory, biases2_0, array</column>
<column name="biases2_0_we0">out, 1, ap_memory, biases2_0, array</column>
<column name="biases2_0_d0">out, 64, ap_memory, biases2_0, array</column>
<column name="biases2_0_q0">in, 64, ap_memory, biases2_0, array</column>
<column name="biases2_0_address1">out, 4, ap_memory, biases2_0, array</column>
<column name="biases2_0_ce1">out, 1, ap_memory, biases2_0, array</column>
<column name="biases2_0_we1">out, 1, ap_memory, biases2_0, array</column>
<column name="biases2_0_d1">out, 64, ap_memory, biases2_0, array</column>
<column name="biases2_0_q1">in, 64, ap_memory, biases2_0, array</column>
<column name="biases2_1_address0">out, 4, ap_memory, biases2_1, array</column>
<column name="biases2_1_ce0">out, 1, ap_memory, biases2_1, array</column>
<column name="biases2_1_we0">out, 1, ap_memory, biases2_1, array</column>
<column name="biases2_1_d0">out, 64, ap_memory, biases2_1, array</column>
<column name="biases2_1_q0">in, 64, ap_memory, biases2_1, array</column>
<column name="biases2_1_address1">out, 4, ap_memory, biases2_1, array</column>
<column name="biases2_1_ce1">out, 1, ap_memory, biases2_1, array</column>
<column name="biases2_1_we1">out, 1, ap_memory, biases2_1, array</column>
<column name="biases2_1_d1">out, 64, ap_memory, biases2_1, array</column>
<column name="biases2_1_q1">in, 64, ap_memory, biases2_1, array</column>
<column name="biases2_2_address0">out, 4, ap_memory, biases2_2, array</column>
<column name="biases2_2_ce0">out, 1, ap_memory, biases2_2, array</column>
<column name="biases2_2_we0">out, 1, ap_memory, biases2_2, array</column>
<column name="biases2_2_d0">out, 64, ap_memory, biases2_2, array</column>
<column name="biases2_2_q0">in, 64, ap_memory, biases2_2, array</column>
<column name="biases2_2_address1">out, 4, ap_memory, biases2_2, array</column>
<column name="biases2_2_ce1">out, 1, ap_memory, biases2_2, array</column>
<column name="biases2_2_we1">out, 1, ap_memory, biases2_2, array</column>
<column name="biases2_2_d1">out, 64, ap_memory, biases2_2, array</column>
<column name="biases2_2_q1">in, 64, ap_memory, biases2_2, array</column>
<column name="biases2_3_address0">out, 4, ap_memory, biases2_3, array</column>
<column name="biases2_3_ce0">out, 1, ap_memory, biases2_3, array</column>
<column name="biases2_3_we0">out, 1, ap_memory, biases2_3, array</column>
<column name="biases2_3_d0">out, 64, ap_memory, biases2_3, array</column>
<column name="biases2_3_q0">in, 64, ap_memory, biases2_3, array</column>
<column name="biases2_3_address1">out, 4, ap_memory, biases2_3, array</column>
<column name="biases2_3_ce1">out, 1, ap_memory, biases2_3, array</column>
<column name="biases2_3_we1">out, 1, ap_memory, biases2_3, array</column>
<column name="biases2_3_d1">out, 64, ap_memory, biases2_3, array</column>
<column name="biases2_3_q1">in, 64, ap_memory, biases2_3, array</column>
<column name="biases3_address0">out, 2, ap_memory, biases3, array</column>
<column name="biases3_ce0">out, 1, ap_memory, biases3, array</column>
<column name="biases3_we0">out, 1, ap_memory, biases3, array</column>
<column name="biases3_d0">out, 64, ap_memory, biases3, array</column>
<column name="biases3_q0">in, 64, ap_memory, biases3, array</column>
<column name="biases3_address1">out, 2, ap_memory, biases3, array</column>
<column name="biases3_ce1">out, 1, ap_memory, biases3, array</column>
<column name="biases3_we1">out, 1, ap_memory, biases3, array</column>
<column name="biases3_d1">out, 64, ap_memory, biases3, array</column>
<column name="training_data_address0">out, 12, ap_memory, training_data, array</column>
<column name="training_data_ce0">out, 1, ap_memory, training_data, array</column>
<column name="training_data_q0">in, 64, ap_memory, training_data, array</column>
<column name="training_targets_address0">out, 9, ap_memory, training_targets, array</column>
<column name="training_targets_ce0">out, 1, ap_memory, training_targets, array</column>
<column name="training_targets_q0">in, 64, ap_memory, training_targets, array</column>
</table>
</item>
</section>
</profile>
