<profile>

<section name = "Vivado HLS Report for 'backprop'" level="0">
<item name = "Date">Wed Apr 20 10:31:46 2022
</item>
<item name = "Version">2019.2 (Build 2704478 on Wed Nov 06 22:10:23 MST 2019)</item>
<item name = "Project">backprop</item>
<item name = "Solution">adse</item>
<item name = "Product family">zynq</item>
<item name = "Target device">xc7z045-ffg900-2</item>
</section>

<section name = "Performance Estimates" level="0">
<item name = "Timing">
<section name = "" level="1">
<item name = "Summary"><table name="" hasTotal="0">
<keys size="4">Clock, Target, Estimated, Uncertainty</keys>
<column name="ap_clk">10.00 ns, 9.900 ns, 1.25 ns</column>
</table>
</item>
</section>
</item>
<item name = "Latency">
<section name = "" level="1">
<item name = "Summary"><table name="" hasTotal="0">
<keys size="8">, min, max, min, max, min, max, Type</keys>
<column name="">6266862, 6266862, 62.669 ms, 62.669 ms, 6266862, 6266862, none</column>
</table>
</item>
<item name = "Detail">
<section name = "" level="1">
<item name = "Instance"><table name="" hasTotal="0">
<keys size="9">Instance, Module, min, max, min, max, min, max, Type</keys>
<column name="grp_update_weights_fu_832">update_weights, 28646, 28646, 0.286 ms, 0.286 ms, 28646, 28646, none</column>
<column name="grp_get_oracle_activatio_fu_973">get_oracle_activatio, 36, 36, 0.360 us, 0.360 us, 36, 36, none</column>
<column name="grp_RELU_fu_1018">RELU, 184, 184, 1.840 us, 1.840 us, 184, 184, none</column>
<column name="grp_matrix_vector_produc_2_fu_1028">matrix_vector_produc_2, 543, 543, 5.430 us, 5.430 us, 543, 543, none</column>
<column name="grp_RELU_1_1_fu_1080">RELU_1_1, 3457, 3457, 34.570 us, 34.570 us, 3457, 3457, none</column>
<column name="grp_soft_max_fu_1092">soft_max, 82, 82, 0.820 us, 0.820 us, 82, 82, none</column>
<column name="grp_RELU_1_fu_1102">RELU_1, 3457, 3457, 34.570 us, 34.570 us, 3457, 3457, none</column>
<column name="grp_get_delta_matrix_wei_1_fu_1111">get_delta_matrix_wei_1, 520, 520, 5.200 us, 5.200 us, 520, 520, none</column>
<column name="grp_get_delta_matrix_wei_2_fu_1127">get_delta_matrix_wei_2, 112, 112, 1.120 us, 1.120 us, 112, 112, none</column>
<column name="grp_matrix_vector_produc_1_fu_1143">matrix_vector_produc_1, 38, 38, 0.380 us, 0.380 us, 38, 38, none</column>
<column name="grp_get_delta_matrix_wei_fu_1158">get_delta_matrix_wei, 56, 56, 0.560 us, 0.560 us, 56, 56, none</column>
<column name="grp_matrix_vector_produc_fu_1173">matrix_vector_produc, 1039, 1039, 10.390 us, 10.390 us, 1039, 1039, none</column>
<column name="grp_get_oracle_activatio_1_fu_1194">get_oracle_activatio_1, 146, 146, 1.460 us, 1.460 us, 146, 146, none</column>
</table>
</item>
<item name = "Loop"><table name="" hasTotal="0">
<keys size="8">Loop Name, min, max, Latency, achieved, target, Count, Pipelined</keys>
<column name="- Loop39">6266861, 6266861, 38447, -, -, 163, no</column>
<column name=" + Loop40">128, 128, 2, -, -, 64, no</column>
<column name=" + Loop39.2">15, 15, 13, 1, 1, 3, yes</column>
</table>
</item>
</section>
</item>
</section>
</item>
</section>
</profile>
