<stg><name>get_oracle_activatio.1</name>


<trans_list>

<trans id="90" from="1" to="2">
<condition id="-1">
<or_exp><and_exp></and_exp></or_exp>
</condition>
</trans>

<trans id="146" from="2" to="20">
<condition id="-1">
<or_exp><and_exp><literal name="icmp_ln251" val="1"/>
</and_exp></or_exp>
</condition>
</trans>

<trans id="147" from="2" to="3">
<condition id="-1">
<or_exp><and_exp><literal name="icmp_ln251" val="0"/>
</and_exp></or_exp>
</condition>
</trans>

<trans id="129" from="3" to="4">
<condition id="-1">
<or_exp><and_exp></and_exp></or_exp>
</condition>
</trans>

<trans id="130" from="4" to="5">
<condition id="-1">
<or_exp><and_exp></and_exp></or_exp>
</condition>
</trans>

<trans id="131" from="5" to="6">
<condition id="-1">
<or_exp><and_exp></and_exp></or_exp>
</condition>
</trans>

<trans id="132" from="6" to="7">
<condition id="-1">
<or_exp><and_exp></and_exp></or_exp>
</condition>
</trans>

<trans id="133" from="7" to="8">
<condition id="-1">
<or_exp><and_exp></and_exp></or_exp>
</condition>
</trans>

<trans id="134" from="8" to="9">
<condition id="-1">
<or_exp><and_exp></and_exp></or_exp>
</condition>
</trans>

<trans id="135" from="9" to="10">
<condition id="-1">
<or_exp><and_exp></and_exp></or_exp>
</condition>
</trans>

<trans id="136" from="10" to="11">
<condition id="-1">
<or_exp><and_exp></and_exp></or_exp>
</condition>
</trans>

<trans id="137" from="11" to="12">
<condition id="-1">
<or_exp><and_exp></and_exp></or_exp>
</condition>
</trans>

<trans id="138" from="12" to="13">
<condition id="-1">
<or_exp><and_exp></and_exp></or_exp>
</condition>
</trans>

<trans id="139" from="13" to="14">
<condition id="-1">
<or_exp><and_exp></and_exp></or_exp>
</condition>
</trans>

<trans id="140" from="14" to="15">
<condition id="-1">
<or_exp><and_exp></and_exp></or_exp>
</condition>
</trans>

<trans id="141" from="15" to="16">
<condition id="-1">
<or_exp><and_exp></and_exp></or_exp>
</condition>
</trans>

<trans id="142" from="16" to="17">
<condition id="-1">
<or_exp><and_exp></and_exp></or_exp>
</condition>
</trans>

<trans id="143" from="17" to="18">
<condition id="-1">
<or_exp><and_exp></and_exp></or_exp>
</condition>
</trans>

<trans id="144" from="18" to="19">
<condition id="-1">
<or_exp><and_exp></and_exp></or_exp>
</condition>
</trans>

<trans id="145" from="19" to="2">
<condition id="-1">
<or_exp><and_exp></and_exp></or_exp>
</condition>
</trans>
</trans_list>



<state_list>

<state id="1" st_id="1">

<operation id="21" st_id="1" stage="1" lat="1">
<core>NULL</core>
<MemPortIdVec></MemPortIdVec>
<condition id="-1">
<or_exp><and_exp></and_exp></or_exp>
</condition>

<Node id="8" bw="0" op_0_bw="0">
<![CDATA[
:0  br label %.preheader

]]></Node>
<StgValue><ssdm name="br_ln251"/></StgValue>
</operation>
</state>

<state id="2" st_id="2">

<operation id="22" st_id="2" stage="1" lat="1">
<core>NULL</core>
<MemPortIdVec></MemPortIdVec>
<condition id="-1">
<or_exp><and_exp></and_exp></or_exp>
</condition>

<Node id="10" bw="8" op_0_bw="8" op_1_bw="0" op_2_bw="8" op_3_bw="0">
<![CDATA[
.preheader:0  %indvar_flatten = phi i8 [ 0, %0 ], [ %add_ln251, %hls_label_9_end ]

]]></Node>
<StgValue><ssdm name="indvar_flatten"/></StgValue>
</operation>

<operation id="23" st_id="2" stage="1" lat="1">
<core>NULL</core>
<MemPortIdVec></MemPortIdVec>
<condition id="-1">
<or_exp><and_exp></and_exp></or_exp>
</condition>

<Node id="11" bw="2" op_0_bw="2" op_1_bw="0" op_2_bw="2" op_3_bw="0">
<![CDATA[
.preheader:1  %v4_0 = phi i2 [ 0, %0 ], [ %select_ln251_1, %hls_label_9_end ]

]]></Node>
<StgValue><ssdm name="v4_0"/></StgValue>
</operation>

<operation id="24" st_id="2" stage="1" lat="1">
<core>NULL</core>
<MemPortIdVec></MemPortIdVec>
<condition id="-1">
<or_exp><and_exp></and_exp></or_exp>
</condition>

<Node id="12" bw="7" op_0_bw="7" op_1_bw="0" op_2_bw="7" op_3_bw="0">
<![CDATA[
.preheader:2  %v5_0 = phi i7 [ 0, %0 ], [ %v5, %hls_label_9_end ]

]]></Node>
<StgValue><ssdm name="v5_0"/></StgValue>
</operation>

<operation id="25" st_id="2" stage="1" lat="1">
<core>Cmp</core>
<MemPortIdVec></MemPortIdVec>
<condition id="-1">
<or_exp><and_exp></and_exp></or_exp>
</condition>

<Node id="13" bw="1" op_0_bw="8" op_1_bw="8">
<![CDATA[
.preheader:3  %icmp_ln251 = icmp eq i8 %indvar_flatten, -128

]]></Node>
<StgValue><ssdm name="icmp_ln251"/></StgValue>
</operation>

<operation id="26" st_id="2" stage="1" lat="1">
<core>AddSub</core>
<MemPortIdVec></MemPortIdVec>
<condition id="-1">
<or_exp><and_exp></and_exp></or_exp>
</condition>

<Node id="14" bw="8" op_0_bw="8" op_1_bw="8">
<![CDATA[
.preheader:4  %add_ln251 = add i8 %indvar_flatten, 1

]]></Node>
<StgValue><ssdm name="add_ln251"/></StgValue>
</operation>

<operation id="27" st_id="2" stage="1" lat="1">
<core>NULL</core>
<MemPortIdVec></MemPortIdVec>
<condition id="-1">
<or_exp><and_exp></and_exp></or_exp>
</condition>

<Node id="15" bw="0" op_0_bw="1" op_1_bw="0" op_2_bw="0">
<![CDATA[
.preheader:5  br i1 %icmp_ln251, label %1, label %hls_label_9_begin

]]></Node>
<StgValue><ssdm name="br_ln251"/></StgValue>
</operation>

<operation id="28" st_id="2" stage="1" lat="1">
<core>Cmp</core>
<MemPortIdVec></MemPortIdVec>
<condition id="-1">
<or_exp><and_exp><literal name="icmp_ln251" val="0"/>
</and_exp></or_exp>
</condition>

<Node id="18" bw="1" op_0_bw="7" op_1_bw="7">
<![CDATA[
hls_label_9_begin:1  %icmp_ln252 = icmp eq i7 %v5_0, -64

]]></Node>
<StgValue><ssdm name="icmp_ln252"/></StgValue>
</operation>

<operation id="29" st_id="2" stage="1" lat="1">
<core>Sel</core>
<MemPortIdVec></MemPortIdVec>
<condition id="-1">
<or_exp><and_exp><literal name="icmp_ln251" val="0"/>
</and_exp></or_exp>
</condition>

<Node id="19" bw="7" op_0_bw="1" op_1_bw="7" op_2_bw="7">
<![CDATA[
hls_label_9_begin:2  %select_ln251 = select i1 %icmp_ln252, i7 0, i7 %v5_0

]]></Node>
<StgValue><ssdm name="select_ln251"/></StgValue>
</operation>

<operation id="30" st_id="2" stage="1" lat="1">
<core>AddSub</core>
<MemPortIdVec></MemPortIdVec>
<condition id="-1">
<or_exp><and_exp><literal name="icmp_ln251" val="0"/>
</and_exp></or_exp>
</condition>

<Node id="20" bw="2" op_0_bw="2" op_1_bw="2">
<![CDATA[
hls_label_9_begin:3  %add_ln251_1 = add i2 1, %v4_0

]]></Node>
<StgValue><ssdm name="add_ln251_1"/></StgValue>
</operation>

<operation id="31" st_id="2" stage="1" lat="1">
<core>Sel</core>
<MemPortIdVec></MemPortIdVec>
<condition id="-1">
<or_exp><and_exp><literal name="icmp_ln251" val="0"/>
</and_exp></or_exp>
</condition>

<Node id="21" bw="2" op_0_bw="1" op_1_bw="2" op_2_bw="2">
<![CDATA[
hls_label_9_begin:4  %select_ln251_1 = select i1 %icmp_ln252, i2 %add_ln251_1, i2 %v4_0

]]></Node>
<StgValue><ssdm name="select_ln251_1"/></StgValue>
</operation>

<operation id="32" st_id="2" stage="1" lat="1">
<core>NULL</core>
<MemPortIdVec></MemPortIdVec>
<condition id="-1">
<or_exp><and_exp><literal name="icmp_ln251" val="0"/>
</and_exp></or_exp>
</condition>

<Node id="22" bw="1" op_0_bw="2">
<![CDATA[
hls_label_9_begin:5  %trunc_ln251 = trunc i2 %select_ln251_1 to i1

]]></Node>
<StgValue><ssdm name="trunc_ln251"/></StgValue>
</operation>

<operation id="33" st_id="2" stage="1" lat="1">
<core>NULL</core>
<MemPortIdVec></MemPortIdVec>
<condition id="-1">
<or_exp><and_exp><literal name="icmp_ln251" val="0"/>
</and_exp></or_exp>
</condition>

<Node id="23" bw="6" op_0_bw="6" op_1_bw="2" op_2_bw="1" op_3_bw="3">
<![CDATA[
hls_label_9_begin:6  %zext_ln257_mid2_v_v = call i6 @_ssdm_op_BitConcatenate.i6.i2.i1.i3(i2 0, i1 %trunc_ln251, i3 0)

]]></Node>
<StgValue><ssdm name="zext_ln257_mid2_v_v"/></StgValue>
</operation>

<operation id="34" st_id="2" stage="1" lat="1">
<core>NULL</core>
<MemPortIdVec></MemPortIdVec>
<condition id="-1">
<or_exp><and_exp><literal name="icmp_ln251" val="0"/>
</and_exp></or_exp>
</condition>

<Node id="24" bw="6" op_0_bw="6" op_1_bw="6">
<![CDATA[
hls_label_9_begin:7  %or_ln251 = or i6 %zext_ln257_mid2_v_v, 7

]]></Node>
<StgValue><ssdm name="or_ln251"/></StgValue>
</operation>

<operation id="35" st_id="2" stage="1" lat="1">
<core>NULL</core>
<MemPortIdVec></MemPortIdVec>
<condition id="-1">
<or_exp><and_exp><literal name="icmp_ln251" val="0"/>
</and_exp></or_exp>
</condition>

<Node id="25" bw="64" op_0_bw="6">
<![CDATA[
hls_label_9_begin:8  %zext_ln251 = zext i6 %or_ln251 to i64

]]></Node>
<StgValue><ssdm name="zext_ln251"/></StgValue>
</operation>

<operation id="36" st_id="2" stage="1" lat="1">
<core>NULL</core>
<MemPortIdVec></MemPortIdVec>
<condition id="-1">
<or_exp><and_exp><literal name="icmp_ln251" val="0"/>
</and_exp></or_exp>
</condition>

<Node id="26" bw="6" op_0_bw="6" op_1_bw="1" op_2_bw="5">
<![CDATA[
hls_label_9_begin:9  %or_ln258_mid2_v = call i6 @_ssdm_op_BitConcatenate.i6.i1.i5(i1 %trunc_ln251, i5 0)

]]></Node>
<StgValue><ssdm name="or_ln258_mid2_v"/></StgValue>
</operation>

<operation id="37" st_id="2" stage="1" lat="1">
<core>NULL</core>
<MemPortIdVec></MemPortIdVec>
<condition id="-1">
<or_exp><and_exp><literal name="icmp_ln251" val="0"/>
</and_exp></or_exp>
</condition>

<Node id="27" bw="6" op_0_bw="6" op_1_bw="6">
<![CDATA[
hls_label_9_begin:10  %or_ln251_1 = or i6 %or_ln258_mid2_v, 31

]]></Node>
<StgValue><ssdm name="or_ln251_1"/></StgValue>
</operation>

<operation id="38" st_id="2" stage="1" lat="1">
<core>NULL</core>
<MemPortIdVec></MemPortIdVec>
<condition id="-1">
<or_exp><and_exp><literal name="icmp_ln251" val="0"/>
</and_exp></or_exp>
</condition>

<Node id="31" bw="2" op_0_bw="7">
<![CDATA[
hls_label_9_begin:14  %trunc_ln256 = trunc i7 %select_ln251 to i2

]]></Node>
<StgValue><ssdm name="trunc_ln256"/></StgValue>
</operation>

<operation id="39" st_id="2" stage="1" lat="1">
<core>NULL</core>
<MemPortIdVec></MemPortIdVec>
<condition id="-1">
<or_exp><and_exp><literal name="icmp_ln251" val="0"/>
</and_exp></or_exp>
</condition>

<Node id="32" bw="5" op_0_bw="5" op_1_bw="7" op_2_bw="32" op_3_bw="32">
<![CDATA[
hls_label_9_begin:15  %lshr_ln = call i5 @_ssdm_op_PartSelect.i5.i7.i32.i32(i7 %select_ln251, i32 2, i32 6)

]]></Node>
<StgValue><ssdm name="lshr_ln"/></StgValue>
</operation>

<operation id="40" st_id="2" stage="1" lat="1">
<core>NULL</core>
<MemPortIdVec></MemPortIdVec>
<condition id="-1">
<or_exp><and_exp><literal name="icmp_ln251" val="0"/>
</and_exp></or_exp>
</condition>

<Node id="40" bw="4" op_0_bw="64" op_1_bw="64" op_2_bw="64">
<![CDATA[
hls_label_9_begin:23  %v1_3_addr = getelementptr [16 x double]* %v1_3, i64 0, i64 %zext_ln251

]]></Node>
<StgValue><ssdm name="v1_3_addr"/></StgValue>
</operation>

<operation id="41" st_id="2" stage="2" lat="2">
<core>RAM</core>
<MemPortIdVec>0 </MemPortIdVec>
<condition id="-1">
<or_exp><and_exp><literal name="icmp_ln251" val="0"/>
</and_exp></or_exp>
</condition>

<Node id="41" bw="64" op_0_bw="4">
<![CDATA[
hls_label_9_begin:24  %v1_3_load = load double* %v1_3_addr, align 8

]]></Node>
<StgValue><ssdm name="v1_3_load"/></StgValue>
</operation>

<operation id="42" st_id="2" stage="1" lat="1">
<core>NULL</core>
<MemPortIdVec></MemPortIdVec>
<condition id="-1">
<or_exp><and_exp><literal name="icmp_ln251" val="0"/>
</and_exp></or_exp>
</condition>

<Node id="42" bw="6" op_0_bw="7">
<![CDATA[
hls_label_9_begin:25  %trunc_ln258 = trunc i7 %select_ln251 to i6

]]></Node>
<StgValue><ssdm name="trunc_ln258"/></StgValue>
</operation>

<operation id="43" st_id="2" stage="1" lat="1">
<core>NULL</core>
<MemPortIdVec></MemPortIdVec>
<condition id="-1">
<or_exp><and_exp><literal name="icmp_ln251" val="0"/>
</and_exp></or_exp>
</condition>

<Node id="43" bw="2" op_0_bw="2" op_1_bw="6" op_2_bw="32" op_3_bw="32">
<![CDATA[
hls_label_9_begin:26  %tmp_s = call i2 @_ssdm_op_PartSelect.i2.i6.i32.i32(i6 %or_ln251_1, i32 4, i32 5)

]]></Node>
<StgValue><ssdm name="tmp_s"/></StgValue>
</operation>

<operation id="44" st_id="2" stage="1" lat="1">
<core>NULL</core>
<MemPortIdVec></MemPortIdVec>
<condition id="-1">
<or_exp><and_exp><literal name="icmp_ln251" val="0"/>
</and_exp></or_exp>
</condition>

<Node id="44" bw="8" op_0_bw="8" op_1_bw="6" op_2_bw="2">
<![CDATA[
hls_label_9_begin:27  %lshr_ln7 = call i8 @_ssdm_op_BitConcatenate.i8.i6.i2(i6 %trunc_ln258, i2 %tmp_s)

]]></Node>
<StgValue><ssdm name="lshr_ln7"/></StgValue>
</operation>

<operation id="45" st_id="2" stage="1" lat="1">
<core>NULL</core>
<MemPortIdVec></MemPortIdVec>
<condition id="-1">
<or_exp><and_exp><literal name="icmp_ln251" val="0"/>
</and_exp></or_exp>
</condition>

<Node id="45" bw="64" op_0_bw="8">
<![CDATA[
hls_label_9_begin:28  %zext_ln258 = zext i8 %lshr_ln7 to i64

]]></Node>
<StgValue><ssdm name="zext_ln258"/></StgValue>
</operation>

<operation id="46" st_id="2" stage="1" lat="1">
<core>NULL</core>
<MemPortIdVec></MemPortIdVec>
<condition id="-1">
<or_exp><and_exp><literal name="icmp_ln251" val="0"/>
</and_exp></or_exp>
</condition>

<Node id="46" bw="8" op_0_bw="64" op_1_bw="64" op_2_bw="64">
<![CDATA[
hls_label_9_begin:29  %v0_15_addr = getelementptr [256 x double]* %v0_15, i64 0, i64 %zext_ln258

]]></Node>
<StgValue><ssdm name="v0_15_addr"/></StgValue>
</operation>

<operation id="47" st_id="2" stage="2" lat="2">
<core>RAM</core>
<MemPortIdVec>0 </MemPortIdVec>
<condition id="-1">
<or_exp><and_exp><literal name="icmp_ln251" val="0"/>
</and_exp></or_exp>
</condition>

<Node id="47" bw="64" op_0_bw="8">
<![CDATA[
hls_label_9_begin:30  %v0_15_load = load double* %v0_15_addr, align 8

]]></Node>
<StgValue><ssdm name="v0_15_load"/></StgValue>
</operation>

<operation id="48" st_id="2" stage="1" lat="1">
<core>NULL</core>
<MemPortIdVec></MemPortIdVec>
<condition id="-1">
<or_exp><and_exp><literal name="icmp_ln251" val="0"/>
</and_exp></or_exp>
</condition>

<Node id="51" bw="0" op_0_bw="2" op_1_bw="0" op_2_bw="2" op_3_bw="0" op_4_bw="2" op_5_bw="0" op_6_bw="2" op_7_bw="0">
<![CDATA[
hls_label_9_begin:34  switch i2 %trunc_ln256, label %branch515 [
    i2 0, label %branch512
    i2 1, label %branch513
    i2 -2, label %branch514
  ]

]]></Node>
<StgValue><ssdm name="switch_ln266"/></StgValue>
</operation>

<operation id="49" st_id="2" stage="1" lat="1">
<core>AddSub</core>
<MemPortIdVec></MemPortIdVec>
<condition id="-1">
<or_exp><and_exp><literal name="icmp_ln251" val="0"/>
</and_exp></or_exp>
</condition>

<Node id="66" bw="7" op_0_bw="7" op_1_bw="7">
<![CDATA[
hls_label_9_end:1  %v5 = add i7 %select_ln251, 1

]]></Node>
<StgValue><ssdm name="v5"/></StgValue>
</operation>
</state>

<state id="3" st_id="3">

<operation id="50" st_id="3" stage="1" lat="2">
<core>RAM</core>
<MemPortIdVec>0 </MemPortIdVec>
<condition id="-1">
<or_exp><and_exp><literal name="icmp_ln251" val="0"/>
</and_exp></or_exp>
</condition>

<Node id="41" bw="64" op_0_bw="4">
<![CDATA[
hls_label_9_begin:24  %v1_3_load = load double* %v1_3_addr, align 8

]]></Node>
<StgValue><ssdm name="v1_3_load"/></StgValue>
</operation>

<operation id="51" st_id="3" stage="1" lat="2">
<core>RAM</core>
<MemPortIdVec>0 </MemPortIdVec>
<condition id="-1">
<or_exp><and_exp><literal name="icmp_ln251" val="0"/>
</and_exp></or_exp>
</condition>

<Node id="47" bw="64" op_0_bw="8">
<![CDATA[
hls_label_9_begin:30  %v0_15_load = load double* %v0_15_addr, align 8

]]></Node>
<StgValue><ssdm name="v0_15_load"/></StgValue>
</operation>
</state>

<state id="4" st_id="4">

<operation id="52" st_id="4" stage="5" lat="5">
<core>DMul</core>
<MemPortIdVec></MemPortIdVec>
<condition id="-1">
<or_exp><and_exp><literal name="icmp_ln251" val="0"/>
</and_exp></or_exp>
</condition>

<Node id="48" bw="64" op_0_bw="64" op_1_bw="64">
<![CDATA[
hls_label_9_begin:31  %v10_s = fmul double %v1_3_load, %v0_15_load

]]></Node>
<StgValue><ssdm name="v10_s"/></StgValue>
</operation>
</state>

<state id="5" st_id="5">

<operation id="53" st_id="5" stage="4" lat="5">
<core>DMul</core>
<MemPortIdVec></MemPortIdVec>
<condition id="-1">
<or_exp><and_exp><literal name="icmp_ln251" val="0"/>
</and_exp></or_exp>
</condition>

<Node id="48" bw="64" op_0_bw="64" op_1_bw="64">
<![CDATA[
hls_label_9_begin:31  %v10_s = fmul double %v1_3_load, %v0_15_load

]]></Node>
<StgValue><ssdm name="v10_s"/></StgValue>
</operation>
</state>

<state id="6" st_id="6">

<operation id="54" st_id="6" stage="3" lat="5">
<core>DMul</core>
<MemPortIdVec></MemPortIdVec>
<condition id="-1">
<or_exp><and_exp><literal name="icmp_ln251" val="0"/>
</and_exp></or_exp>
</condition>

<Node id="48" bw="64" op_0_bw="64" op_1_bw="64">
<![CDATA[
hls_label_9_begin:31  %v10_s = fmul double %v1_3_load, %v0_15_load

]]></Node>
<StgValue><ssdm name="v10_s"/></StgValue>
</operation>
</state>

<state id="7" st_id="7">

<operation id="55" st_id="7" stage="2" lat="5">
<core>DMul</core>
<MemPortIdVec></MemPortIdVec>
<condition id="-1">
<or_exp><and_exp><literal name="icmp_ln251" val="0"/>
</and_exp></or_exp>
</condition>

<Node id="48" bw="64" op_0_bw="64" op_1_bw="64">
<![CDATA[
hls_label_9_begin:31  %v10_s = fmul double %v1_3_load, %v0_15_load

]]></Node>
<StgValue><ssdm name="v10_s"/></StgValue>
</operation>
</state>

<state id="8" st_id="8">

<operation id="56" st_id="8" stage="1" lat="5">
<core>DMul</core>
<MemPortIdVec></MemPortIdVec>
<condition id="-1">
<or_exp><and_exp><literal name="icmp_ln251" val="0"/>
</and_exp></or_exp>
</condition>

<Node id="48" bw="64" op_0_bw="64" op_1_bw="64">
<![CDATA[
hls_label_9_begin:31  %v10_s = fmul double %v1_3_load, %v0_15_load

]]></Node>
<StgValue><ssdm name="v10_s"/></StgValue>
</operation>
</state>

<state id="9" st_id="9">

<operation id="57" st_id="9" stage="5" lat="5">
<core>DAddSub</core>
<MemPortIdVec></MemPortIdVec>
<condition id="-1">
<or_exp><and_exp><literal name="icmp_ln251" val="0"/>
</and_exp></or_exp>
</condition>

<Node id="49" bw="64" op_0_bw="64" op_1_bw="64">
<![CDATA[
hls_label_9_begin:32  %v12_s = fadd double %v10_s, 0.000000e+00

]]></Node>
<StgValue><ssdm name="v12_s"/></StgValue>
</operation>
</state>

<state id="10" st_id="10">

<operation id="58" st_id="10" stage="4" lat="5">
<core>DAddSub</core>
<MemPortIdVec></MemPortIdVec>
<condition id="-1">
<or_exp><and_exp><literal name="icmp_ln251" val="0"/>
</and_exp></or_exp>
</condition>

<Node id="49" bw="64" op_0_bw="64" op_1_bw="64">
<![CDATA[
hls_label_9_begin:32  %v12_s = fadd double %v10_s, 0.000000e+00

]]></Node>
<StgValue><ssdm name="v12_s"/></StgValue>
</operation>
</state>

<state id="11" st_id="11">

<operation id="59" st_id="11" stage="3" lat="5">
<core>DAddSub</core>
<MemPortIdVec></MemPortIdVec>
<condition id="-1">
<or_exp><and_exp><literal name="icmp_ln251" val="0"/>
</and_exp></or_exp>
</condition>

<Node id="49" bw="64" op_0_bw="64" op_1_bw="64">
<![CDATA[
hls_label_9_begin:32  %v12_s = fadd double %v10_s, 0.000000e+00

]]></Node>
<StgValue><ssdm name="v12_s"/></StgValue>
</operation>
</state>

<state id="12" st_id="12">

<operation id="60" st_id="12" stage="1" lat="1">
<core>NULL</core>
<MemPortIdVec></MemPortIdVec>
<condition id="-1">
<or_exp><and_exp><literal name="icmp_ln251" val="0"/>
</and_exp></or_exp>
</condition>

<Node id="30" bw="64" op_0_bw="7">
<![CDATA[
hls_label_9_begin:13  %zext_ln256 = zext i7 %select_ln251 to i64

]]></Node>
<StgValue><ssdm name="zext_ln256"/></StgValue>
</operation>

<operation id="61" st_id="12" stage="1" lat="1">
<core>NULL</core>
<MemPortIdVec></MemPortIdVec>
<condition id="-1">
<or_exp><and_exp><literal name="icmp_ln251" val="0"/>
</and_exp></or_exp>
</condition>

<Node id="38" bw="6" op_0_bw="64" op_1_bw="64" op_2_bw="64">
<![CDATA[
hls_label_9_begin:21  %v3_addr = getelementptr [64 x double]* %v3, i64 0, i64 %zext_ln256

]]></Node>
<StgValue><ssdm name="v3_addr"/></StgValue>
</operation>

<operation id="62" st_id="12" stage="2" lat="2">
<core>RAM</core>
<MemPortIdVec>0 </MemPortIdVec>
<condition id="-1">
<or_exp><and_exp><literal name="icmp_ln251" val="0"/>
</and_exp></or_exp>
</condition>

<Node id="39" bw="64" op_0_bw="6">
<![CDATA[
hls_label_9_begin:22  %v3_load = load double* %v3_addr, align 8

]]></Node>
<StgValue><ssdm name="v3_load"/></StgValue>
</operation>

<operation id="63" st_id="12" stage="2" lat="5">
<core>DAddSub</core>
<MemPortIdVec></MemPortIdVec>
<condition id="-1">
<or_exp><and_exp><literal name="icmp_ln251" val="0"/>
</and_exp></or_exp>
</condition>

<Node id="49" bw="64" op_0_bw="64" op_1_bw="64">
<![CDATA[
hls_label_9_begin:32  %v12_s = fadd double %v10_s, 0.000000e+00

]]></Node>
<StgValue><ssdm name="v12_s"/></StgValue>
</operation>
</state>

<state id="13" st_id="13">

<operation id="64" st_id="13" stage="1" lat="2">
<core>RAM</core>
<MemPortIdVec>0 </MemPortIdVec>
<condition id="-1">
<or_exp><and_exp><literal name="icmp_ln251" val="0"/>
</and_exp></or_exp>
</condition>

<Node id="39" bw="64" op_0_bw="6">
<![CDATA[
hls_label_9_begin:22  %v3_load = load double* %v3_addr, align 8

]]></Node>
<StgValue><ssdm name="v3_load"/></StgValue>
</operation>

<operation id="65" st_id="13" stage="1" lat="5">
<core>DAddSub</core>
<MemPortIdVec></MemPortIdVec>
<condition id="-1">
<or_exp><and_exp><literal name="icmp_ln251" val="0"/>
</and_exp></or_exp>
</condition>

<Node id="49" bw="64" op_0_bw="64" op_1_bw="64">
<![CDATA[
hls_label_9_begin:32  %v12_s = fadd double %v10_s, 0.000000e+00

]]></Node>
<StgValue><ssdm name="v12_s"/></StgValue>
</operation>
</state>

<state id="14" st_id="14">

<operation id="66" st_id="14" stage="5" lat="5">
<core>DMul</core>
<MemPortIdVec></MemPortIdVec>
<condition id="-1">
<or_exp><and_exp><literal name="icmp_ln251" val="0"/>
</and_exp></or_exp>
</condition>

<Node id="50" bw="64" op_0_bw="64" op_1_bw="64">
<![CDATA[
hls_label_9_begin:33  %v15_s = fmul double %v12_s, %v3_load

]]></Node>
<StgValue><ssdm name="v15_s"/></StgValue>
</operation>
</state>

<state id="15" st_id="15">

<operation id="67" st_id="15" stage="4" lat="5">
<core>DMul</core>
<MemPortIdVec></MemPortIdVec>
<condition id="-1">
<or_exp><and_exp><literal name="icmp_ln251" val="0"/>
</and_exp></or_exp>
</condition>

<Node id="50" bw="64" op_0_bw="64" op_1_bw="64">
<![CDATA[
hls_label_9_begin:33  %v15_s = fmul double %v12_s, %v3_load

]]></Node>
<StgValue><ssdm name="v15_s"/></StgValue>
</operation>
</state>

<state id="16" st_id="16">

<operation id="68" st_id="16" stage="3" lat="5">
<core>DMul</core>
<MemPortIdVec></MemPortIdVec>
<condition id="-1">
<or_exp><and_exp><literal name="icmp_ln251" val="0"/>
</and_exp></or_exp>
</condition>

<Node id="50" bw="64" op_0_bw="64" op_1_bw="64">
<![CDATA[
hls_label_9_begin:33  %v15_s = fmul double %v12_s, %v3_load

]]></Node>
<StgValue><ssdm name="v15_s"/></StgValue>
</operation>
</state>

<state id="17" st_id="17">

<operation id="69" st_id="17" stage="2" lat="5">
<core>DMul</core>
<MemPortIdVec></MemPortIdVec>
<condition id="-1">
<or_exp><and_exp><literal name="icmp_ln251" val="0"/>
</and_exp></or_exp>
</condition>

<Node id="50" bw="64" op_0_bw="64" op_1_bw="64">
<![CDATA[
hls_label_9_begin:33  %v15_s = fmul double %v12_s, %v3_load

]]></Node>
<StgValue><ssdm name="v15_s"/></StgValue>
</operation>
</state>

<state id="18" st_id="18">

<operation id="70" st_id="18" stage="1" lat="5">
<core>DMul</core>
<MemPortIdVec></MemPortIdVec>
<condition id="-1">
<or_exp><and_exp><literal name="icmp_ln251" val="0"/>
</and_exp></or_exp>
</condition>

<Node id="50" bw="64" op_0_bw="64" op_1_bw="64">
<![CDATA[
hls_label_9_begin:33  %v15_s = fmul double %v12_s, %v3_load

]]></Node>
<StgValue><ssdm name="v15_s"/></StgValue>
</operation>
</state>

<state id="19" st_id="19">

<operation id="71" st_id="19" stage="1" lat="1">
<core>NULL</core>
<MemPortIdVec></MemPortIdVec>
<condition id="-1">
<or_exp><and_exp><literal name="icmp_ln251" val="0"/>
</and_exp></or_exp>
</condition>

<Node id="17" bw="32" op_0_bw="32" op_1_bw="64" op_2_bw="64" op_3_bw="64">
<![CDATA[
hls_label_9_begin:0  %empty_45 = call i32 (...)* @_ssdm_op_SpecLoopTripCount(i64 128, i64 128, i64 128)

]]></Node>
<StgValue><ssdm name="empty_45"/></StgValue>
</operation>

<operation id="72" st_id="19" stage="1" lat="1">
<core>NULL</core>
<MemPortIdVec></MemPortIdVec>
<condition id="-1">
<or_exp><and_exp><literal name="icmp_ln251" val="0"/>
</and_exp></or_exp>
</condition>

<Node id="28" bw="32" op_0_bw="32" op_1_bw="0">
<![CDATA[
hls_label_9_begin:11  %tmp = call i32 (...)* @_ssdm_op_SpecRegionBegin([12 x i8]* @p_str12)

]]></Node>
<StgValue><ssdm name="tmp"/></StgValue>
</operation>

<operation id="73" st_id="19" stage="1" lat="1">
<core>NULL</core>
<MemPortIdVec></MemPortIdVec>
<condition id="-1">
<or_exp><and_exp><literal name="icmp_ln251" val="0"/>
</and_exp></or_exp>
</condition>

<Node id="29" bw="0" op_0_bw="0" op_1_bw="32" op_2_bw="32" op_3_bw="32" op_4_bw="32" op_5_bw="0">
<![CDATA[
hls_label_9_begin:12  call void (...)* @_ssdm_op_SpecPipeline(i32 -1, i32 1, i32 1, i32 0, [1 x i8]* @p_str1) nounwind

]]></Node>
<StgValue><ssdm name="specpipeline_ln253"/></StgValue>
</operation>

<operation id="74" st_id="19" stage="1" lat="1">
<core>NULL</core>
<MemPortIdVec></MemPortIdVec>
<condition id="-1">
<or_exp><and_exp><literal name="icmp_ln251" val="0"/>
</and_exp></or_exp>
</condition>

<Node id="33" bw="64" op_0_bw="5">
<![CDATA[
hls_label_9_begin:16  %zext_ln256_1 = zext i5 %lshr_ln to i64

]]></Node>
<StgValue><ssdm name="zext_ln256_1"/></StgValue>
</operation>

<operation id="75" st_id="19" stage="1" lat="1">
<core>NULL</core>
<MemPortIdVec></MemPortIdVec>
<condition id="-1">
<or_exp><and_exp><literal name="icmp_ln251" val="0"/>
</and_exp></or_exp>
</condition>

<Node id="34" bw="4" op_0_bw="64" op_1_bw="64" op_2_bw="64">
<![CDATA[
hls_label_9_begin:17  %v2_0_addr = getelementptr [16 x double]* %v2_0, i64 0, i64 %zext_ln256_1

]]></Node>
<StgValue><ssdm name="v2_0_addr"/></StgValue>
</operation>

<operation id="76" st_id="19" stage="1" lat="1">
<core>NULL</core>
<MemPortIdVec></MemPortIdVec>
<condition id="-1">
<or_exp><and_exp><literal name="icmp_ln251" val="0"/>
</and_exp></or_exp>
</condition>

<Node id="35" bw="4" op_0_bw="64" op_1_bw="64" op_2_bw="64">
<![CDATA[
hls_label_9_begin:18  %v2_1_addr = getelementptr [16 x double]* %v2_1, i64 0, i64 %zext_ln256_1

]]></Node>
<StgValue><ssdm name="v2_1_addr"/></StgValue>
</operation>

<operation id="77" st_id="19" stage="1" lat="1">
<core>NULL</core>
<MemPortIdVec></MemPortIdVec>
<condition id="-1">
<or_exp><and_exp><literal name="icmp_ln251" val="0"/>
</and_exp></or_exp>
</condition>

<Node id="36" bw="4" op_0_bw="64" op_1_bw="64" op_2_bw="64">
<![CDATA[
hls_label_9_begin:19  %v2_2_addr = getelementptr [16 x double]* %v2_2, i64 0, i64 %zext_ln256_1

]]></Node>
<StgValue><ssdm name="v2_2_addr"/></StgValue>
</operation>

<operation id="78" st_id="19" stage="1" lat="1">
<core>NULL</core>
<MemPortIdVec></MemPortIdVec>
<condition id="-1">
<or_exp><and_exp><literal name="icmp_ln251" val="0"/>
</and_exp></or_exp>
</condition>

<Node id="37" bw="4" op_0_bw="64" op_1_bw="64" op_2_bw="64">
<![CDATA[
hls_label_9_begin:20  %v2_3_addr = getelementptr [16 x double]* %v2_3, i64 0, i64 %zext_ln256_1

]]></Node>
<StgValue><ssdm name="v2_3_addr"/></StgValue>
</operation>

<operation id="79" st_id="19" stage="1" lat="1">
<core>RAM</core>
<MemPortIdVec>0 </MemPortIdVec>
<condition id="-1">
<or_exp><and_exp><literal name="trunc_ln256" val="-2"/>
</and_exp></or_exp>
</condition>

<Node id="53" bw="0" op_0_bw="64" op_1_bw="4">
<![CDATA[
branch514:0  store double %v15_s, double* %v2_2_addr, align 8

]]></Node>
<StgValue><ssdm name="store_ln266"/></StgValue>
</operation>

<operation id="80" st_id="19" stage="1" lat="1">
<core>NULL</core>
<MemPortIdVec></MemPortIdVec>
<condition id="-1">
<or_exp><and_exp><literal name="trunc_ln256" val="-2"/>
</and_exp></or_exp>
</condition>

<Node id="54" bw="0" op_0_bw="0">
<![CDATA[
branch514:1  br label %hls_label_9_end

]]></Node>
<StgValue><ssdm name="br_ln266"/></StgValue>
</operation>

<operation id="81" st_id="19" stage="1" lat="1">
<core>RAM</core>
<MemPortIdVec>0 </MemPortIdVec>
<condition id="-1">
<or_exp><and_exp><literal name="trunc_ln256" val="1"/>
</and_exp></or_exp>
</condition>

<Node id="56" bw="0" op_0_bw="64" op_1_bw="4">
<![CDATA[
branch513:0  store double %v15_s, double* %v2_1_addr, align 8

]]></Node>
<StgValue><ssdm name="store_ln266"/></StgValue>
</operation>

<operation id="82" st_id="19" stage="1" lat="1">
<core>NULL</core>
<MemPortIdVec></MemPortIdVec>
<condition id="-1">
<or_exp><and_exp><literal name="trunc_ln256" val="1"/>
</and_exp></or_exp>
</condition>

<Node id="57" bw="0" op_0_bw="0">
<![CDATA[
branch513:1  br label %hls_label_9_end

]]></Node>
<StgValue><ssdm name="br_ln266"/></StgValue>
</operation>

<operation id="83" st_id="19" stage="1" lat="1">
<core>RAM</core>
<MemPortIdVec>0 </MemPortIdVec>
<condition id="-1">
<or_exp><and_exp><literal name="trunc_ln256" val="0"/>
</and_exp></or_exp>
</condition>

<Node id="59" bw="0" op_0_bw="64" op_1_bw="4">
<![CDATA[
branch512:0  store double %v15_s, double* %v2_0_addr, align 8

]]></Node>
<StgValue><ssdm name="store_ln266"/></StgValue>
</operation>

<operation id="84" st_id="19" stage="1" lat="1">
<core>NULL</core>
<MemPortIdVec></MemPortIdVec>
<condition id="-1">
<or_exp><and_exp><literal name="trunc_ln256" val="0"/>
</and_exp></or_exp>
</condition>

<Node id="60" bw="0" op_0_bw="0">
<![CDATA[
branch512:1  br label %hls_label_9_end

]]></Node>
<StgValue><ssdm name="br_ln266"/></StgValue>
</operation>

<operation id="85" st_id="19" stage="1" lat="1">
<core>RAM</core>
<MemPortIdVec>0 </MemPortIdVec>
<condition id="-1">
<or_exp><and_exp><literal name="trunc_ln256" val="-1"/>
</and_exp></or_exp>
</condition>

<Node id="62" bw="0" op_0_bw="64" op_1_bw="4">
<![CDATA[
branch515:0  store double %v15_s, double* %v2_3_addr, align 8

]]></Node>
<StgValue><ssdm name="store_ln266"/></StgValue>
</operation>

<operation id="86" st_id="19" stage="1" lat="1">
<core>NULL</core>
<MemPortIdVec></MemPortIdVec>
<condition id="-1">
<or_exp><and_exp><literal name="trunc_ln256" val="-1"/>
</and_exp></or_exp>
</condition>

<Node id="63" bw="0" op_0_bw="0">
<![CDATA[
branch515:1  br label %hls_label_9_end

]]></Node>
<StgValue><ssdm name="br_ln266"/></StgValue>
</operation>

<operation id="87" st_id="19" stage="1" lat="1">
<core>NULL</core>
<MemPortIdVec></MemPortIdVec>
<condition id="-1">
<or_exp><and_exp><literal name="icmp_ln251" val="0"/>
</and_exp></or_exp>
</condition>

<Node id="65" bw="32" op_0_bw="32" op_1_bw="0" op_2_bw="32">
<![CDATA[
hls_label_9_end:0  %empty = call i32 (...)* @_ssdm_op_SpecRegionEnd([12 x i8]* @p_str12, i32 %tmp)

]]></Node>
<StgValue><ssdm name="empty"/></StgValue>
</operation>

<operation id="88" st_id="19" stage="1" lat="1">
<core>NULL</core>
<MemPortIdVec></MemPortIdVec>
<condition id="-1">
<or_exp><and_exp><literal name="icmp_ln251" val="0"/>
</and_exp></or_exp>
</condition>

<Node id="67" bw="0" op_0_bw="0">
<![CDATA[
hls_label_9_end:2  br label %.preheader

]]></Node>
<StgValue><ssdm name="br_ln252"/></StgValue>
</operation>
</state>

<state id="20" st_id="20">

<operation id="89" st_id="20" stage="1" lat="1">
<core>NULL</core>
<MemPortIdVec></MemPortIdVec>
<condition id="-1">
<or_exp><and_exp></and_exp></or_exp>
</condition>

<Node id="69" bw="0">
<![CDATA[
:0  ret void

]]></Node>
<StgValue><ssdm name="ret_ln270"/></StgValue>
</operation>
</state>
</state_list>


<ports>
<port id="148" name="v0_15" dir="0" iftype="1">
<core>RAM</core><StgValue><ssdm name="v0_15"/><MemPortTyVec>1 3 </MemPortTyVec>
</StgValue>
</port>
<port id="149" name="v1_3" dir="0" iftype="1">
<core>RAM</core><StgValue><ssdm name="v1_3"/><MemPortTyVec>1 3 </MemPortTyVec>
</StgValue>
</port>
<port id="150" name="v2_0" dir="1" iftype="1">
<core>RAM</core><StgValue><ssdm name="v2_0"/><MemPortTyVec>0 3 </MemPortTyVec>
</StgValue>
</port>
<port id="151" name="v2_1" dir="1" iftype="1">
<core>RAM</core><StgValue><ssdm name="v2_1"/><MemPortTyVec>0 3 </MemPortTyVec>
</StgValue>
</port>
<port id="152" name="v2_2" dir="1" iftype="1">
<core>RAM</core><StgValue><ssdm name="v2_2"/><MemPortTyVec>0 3 </MemPortTyVec>
</StgValue>
</port>
<port id="153" name="v2_3" dir="1" iftype="1">
<core>RAM</core><StgValue><ssdm name="v2_3"/><MemPortTyVec>0 3 </MemPortTyVec>
</StgValue>
</port>
<port id="154" name="v3" dir="0" iftype="1">
<core>RAM</core><StgValue><ssdm name="v3"/><MemPortTyVec>1 3 </MemPortTyVec>
</StgValue>
</port>
</ports>


<dataflows>
<dataflow id="156" from="StgValue_155" to="indvar_flatten" fromId="155" toId="22">
<condition id="-1">
<or_exp><and_exp></and_exp></or_exp>
</condition>
</dataflow>
<dataflow id="157" from="br_ln251" to="indvar_flatten" fromId="21" toId="22">
</dataflow>
<dataflow id="158" from="add_ln251" to="indvar_flatten" fromId="26" toId="22">
<BackEdge/>
<condition id="-1">
<or_exp><and_exp><literal name="icmp_ln251" val="0"/>
</and_exp></or_exp>
</condition>
</dataflow>
<dataflow id="159" from="br_ln252" to="indvar_flatten" fromId="88" toId="22">
<BackEdge/>
</dataflow>
<dataflow id="161" from="StgValue_160" to="v4_0" fromId="160" toId="23">
<condition id="-1">
<or_exp><and_exp></and_exp></or_exp>
</condition>
</dataflow>
<dataflow id="162" from="br_ln251" to="v4_0" fromId="21" toId="23">
</dataflow>
<dataflow id="163" from="select_ln251_1" to="v4_0" fromId="31" toId="23">
<BackEdge/>
<condition id="-1">
<or_exp><and_exp><literal name="icmp_ln251" val="0"/>
</and_exp></or_exp>
</condition>
</dataflow>
<dataflow id="164" from="br_ln252" to="v4_0" fromId="88" toId="23">
<BackEdge/>
</dataflow>
<dataflow id="166" from="StgValue_165" to="v5_0" fromId="165" toId="24">
<condition id="-1">
<or_exp><and_exp></and_exp></or_exp>
</condition>
</dataflow>
<dataflow id="167" from="br_ln251" to="v5_0" fromId="21" toId="24">
</dataflow>
<dataflow id="168" from="v5" to="v5_0" fromId="49" toId="24">
<BackEdge/>
<condition id="-1">
<or_exp><and_exp><literal name="icmp_ln251" val="0"/>
</and_exp></or_exp>
</condition>
</dataflow>
<dataflow id="169" from="br_ln252" to="v5_0" fromId="88" toId="24">
<BackEdge/>
</dataflow>
<dataflow id="170" from="indvar_flatten" to="icmp_ln251" fromId="22" toId="25">
</dataflow>
<dataflow id="172" from="StgValue_171" to="icmp_ln251" fromId="171" toId="25">
</dataflow>
<dataflow id="173" from="indvar_flatten" to="add_ln251" fromId="22" toId="26">
</dataflow>
<dataflow id="175" from="StgValue_174" to="add_ln251" fromId="174" toId="26">
</dataflow>
<dataflow id="176" from="icmp_ln251" to="br_ln251" fromId="25" toId="27">
</dataflow>
<dataflow id="177" from="v5_0" to="icmp_ln252" fromId="24" toId="28">
</dataflow>
<dataflow id="179" from="StgValue_178" to="icmp_ln252" fromId="178" toId="28">
</dataflow>
<dataflow id="180" from="icmp_ln252" to="select_ln251" fromId="28" toId="29">
</dataflow>
<dataflow id="181" from="StgValue_165" to="select_ln251" fromId="165" toId="29">
</dataflow>
<dataflow id="182" from="v5_0" to="select_ln251" fromId="24" toId="29">
</dataflow>
<dataflow id="184" from="StgValue_183" to="add_ln251_1" fromId="183" toId="30">
</dataflow>
<dataflow id="185" from="v4_0" to="add_ln251_1" fromId="23" toId="30">
</dataflow>
<dataflow id="186" from="icmp_ln252" to="select_ln251_1" fromId="28" toId="31">
</dataflow>
<dataflow id="187" from="add_ln251_1" to="select_ln251_1" fromId="30" toId="31">
</dataflow>
<dataflow id="188" from="v4_0" to="select_ln251_1" fromId="23" toId="31">
</dataflow>
<dataflow id="189" from="select_ln251_1" to="trunc_ln251" fromId="31" toId="32">
</dataflow>
<dataflow id="191" from="_ssdm_op_BitConcatenate.i6.i2.i1.i3" to="zext_ln257_mid2_v_v" fromId="190" toId="33">
</dataflow>
<dataflow id="192" from="StgValue_160" to="zext_ln257_mid2_v_v" fromId="160" toId="33">
</dataflow>
<dataflow id="193" from="trunc_ln251" to="zext_ln257_mid2_v_v" fromId="32" toId="33">
</dataflow>
<dataflow id="195" from="StgValue_194" to="zext_ln257_mid2_v_v" fromId="194" toId="33">
</dataflow>
<dataflow id="196" from="zext_ln257_mid2_v_v" to="or_ln251" fromId="33" toId="34">
</dataflow>
<dataflow id="198" from="StgValue_197" to="or_ln251" fromId="197" toId="34">
</dataflow>
<dataflow id="199" from="or_ln251" to="zext_ln251" fromId="34" toId="35">
</dataflow>
<dataflow id="201" from="_ssdm_op_BitConcatenate.i6.i1.i5" to="or_ln258_mid2_v" fromId="200" toId="36">
</dataflow>
<dataflow id="202" from="trunc_ln251" to="or_ln258_mid2_v" fromId="32" toId="36">
</dataflow>
<dataflow id="204" from="StgValue_203" to="or_ln258_mid2_v" fromId="203" toId="36">
</dataflow>
<dataflow id="205" from="or_ln258_mid2_v" to="or_ln251_1" fromId="36" toId="37">
</dataflow>
<dataflow id="207" from="StgValue_206" to="or_ln251_1" fromId="206" toId="37">
</dataflow>
<dataflow id="208" from="select_ln251" to="trunc_ln256" fromId="29" toId="38">
</dataflow>
<dataflow id="210" from="_ssdm_op_PartSelect.i5.i7.i32.i32" to="lshr_ln" fromId="209" toId="39">
</dataflow>
<dataflow id="211" from="select_ln251" to="lshr_ln" fromId="29" toId="39">
</dataflow>
<dataflow id="213" from="StgValue_212" to="lshr_ln" fromId="212" toId="39">
</dataflow>
<dataflow id="215" from="StgValue_214" to="lshr_ln" fromId="214" toId="39">
</dataflow>
<dataflow id="216" from="v1_3" to="v1_3_addr" fromId="149" toId="40">
</dataflow>
<dataflow id="218" from="StgValue_217" to="v1_3_addr" fromId="217" toId="40">
</dataflow>
<dataflow id="219" from="zext_ln251" to="v1_3_addr" fromId="35" toId="40">
</dataflow>
<dataflow id="220" from="v1_3_addr" to="v1_3_load" fromId="40" toId="41">
</dataflow>
<dataflow id="221" from="select_ln251" to="trunc_ln258" fromId="29" toId="42">
</dataflow>
<dataflow id="223" from="_ssdm_op_PartSelect.i2.i6.i32.i32" to="tmp_s" fromId="222" toId="43">
</dataflow>
<dataflow id="224" from="or_ln251_1" to="tmp_s" fromId="37" toId="43">
</dataflow>
<dataflow id="226" from="StgValue_225" to="tmp_s" fromId="225" toId="43">
</dataflow>
<dataflow id="228" from="StgValue_227" to="tmp_s" fromId="227" toId="43">
</dataflow>
<dataflow id="230" from="_ssdm_op_BitConcatenate.i8.i6.i2" to="lshr_ln7" fromId="229" toId="44">
</dataflow>
<dataflow id="231" from="trunc_ln258" to="lshr_ln7" fromId="42" toId="44">
</dataflow>
<dataflow id="232" from="tmp_s" to="lshr_ln7" fromId="43" toId="44">
</dataflow>
<dataflow id="233" from="lshr_ln7" to="zext_ln258" fromId="44" toId="45">
</dataflow>
<dataflow id="234" from="v0_15" to="v0_15_addr" fromId="148" toId="46">
</dataflow>
<dataflow id="235" from="StgValue_217" to="v0_15_addr" fromId="217" toId="46">
</dataflow>
<dataflow id="236" from="zext_ln258" to="v0_15_addr" fromId="45" toId="46">
</dataflow>
<dataflow id="237" from="v0_15_addr" to="v0_15_load" fromId="46" toId="47">
</dataflow>
<dataflow id="238" from="trunc_ln256" to="switch_ln266" fromId="38" toId="48">
</dataflow>
<dataflow id="239" from="StgValue_160" to="switch_ln266" fromId="160" toId="48">
</dataflow>
<dataflow id="240" from="StgValue_183" to="switch_ln266" fromId="183" toId="48">
</dataflow>
<dataflow id="242" from="StgValue_241" to="switch_ln266" fromId="241" toId="48">
</dataflow>
<dataflow id="243" from="select_ln251" to="v5" fromId="29" toId="49">
</dataflow>
<dataflow id="245" from="StgValue_244" to="v5" fromId="244" toId="49">
</dataflow>
<dataflow id="246" from="v1_3_addr" to="v1_3_load" fromId="40" toId="50">
</dataflow>
<dataflow id="247" from="v0_15_addr" to="v0_15_load" fromId="46" toId="51">
</dataflow>
<dataflow id="248" from="v1_3_load" to="v10_s" fromId="50" toId="52">
</dataflow>
<dataflow id="249" from="v0_15_load" to="v10_s" fromId="51" toId="52">
</dataflow>
<dataflow id="250" from="v1_3_load" to="v10_s" fromId="50" toId="53">
</dataflow>
<dataflow id="251" from="v0_15_load" to="v10_s" fromId="51" toId="53">
</dataflow>
<dataflow id="252" from="v1_3_load" to="v10_s" fromId="50" toId="54">
</dataflow>
<dataflow id="253" from="v0_15_load" to="v10_s" fromId="51" toId="54">
</dataflow>
<dataflow id="254" from="v1_3_load" to="v10_s" fromId="50" toId="55">
</dataflow>
<dataflow id="255" from="v0_15_load" to="v10_s" fromId="51" toId="55">
</dataflow>
<dataflow id="256" from="v1_3_load" to="v10_s" fromId="50" toId="56">
</dataflow>
<dataflow id="257" from="v0_15_load" to="v10_s" fromId="51" toId="56">
</dataflow>
<dataflow id="258" from="v10_s" to="v12_s" fromId="56" toId="57">
</dataflow>
<dataflow id="260" from="StgValue_259" to="v12_s" fromId="259" toId="57">
</dataflow>
<dataflow id="261" from="v10_s" to="v12_s" fromId="56" toId="58">
</dataflow>
<dataflow id="262" from="StgValue_259" to="v12_s" fromId="259" toId="58">
</dataflow>
<dataflow id="263" from="v10_s" to="v12_s" fromId="56" toId="59">
</dataflow>
<dataflow id="264" from="StgValue_259" to="v12_s" fromId="259" toId="59">
</dataflow>
<dataflow id="265" from="select_ln251" to="zext_ln256" fromId="29" toId="60">
</dataflow>
<dataflow id="266" from="v3" to="v3_addr" fromId="154" toId="61">
</dataflow>
<dataflow id="267" from="StgValue_217" to="v3_addr" fromId="217" toId="61">
</dataflow>
<dataflow id="268" from="zext_ln256" to="v3_addr" fromId="60" toId="61">
</dataflow>
<dataflow id="269" from="v3_addr" to="v3_load" fromId="61" toId="62">
</dataflow>
<dataflow id="270" from="v10_s" to="v12_s" fromId="56" toId="63">
</dataflow>
<dataflow id="271" from="StgValue_259" to="v12_s" fromId="259" toId="63">
</dataflow>
<dataflow id="272" from="v3_addr" to="v3_load" fromId="61" toId="64">
</dataflow>
<dataflow id="273" from="v10_s" to="v12_s" fromId="56" toId="65">
</dataflow>
<dataflow id="274" from="StgValue_259" to="v12_s" fromId="259" toId="65">
</dataflow>
<dataflow id="275" from="v12_s" to="v15_s" fromId="65" toId="66">
</dataflow>
<dataflow id="276" from="v3_load" to="v15_s" fromId="64" toId="66">
</dataflow>
<dataflow id="277" from="v12_s" to="v15_s" fromId="65" toId="67">
</dataflow>
<dataflow id="278" from="v3_load" to="v15_s" fromId="64" toId="67">
</dataflow>
<dataflow id="279" from="v12_s" to="v15_s" fromId="65" toId="68">
</dataflow>
<dataflow id="280" from="v3_load" to="v15_s" fromId="64" toId="68">
</dataflow>
<dataflow id="281" from="v12_s" to="v15_s" fromId="65" toId="69">
</dataflow>
<dataflow id="282" from="v3_load" to="v15_s" fromId="64" toId="69">
</dataflow>
<dataflow id="283" from="v12_s" to="v15_s" fromId="65" toId="70">
</dataflow>
<dataflow id="284" from="v3_load" to="v15_s" fromId="64" toId="70">
</dataflow>
<dataflow id="286" from="_ssdm_op_SpecLoopTripCount" to="empty_45" fromId="285" toId="71">
</dataflow>
<dataflow id="288" from="StgValue_287" to="empty_45" fromId="287" toId="71">
</dataflow>
<dataflow id="289" from="StgValue_287" to="empty_45" fromId="287" toId="71">
</dataflow>
<dataflow id="290" from="StgValue_287" to="empty_45" fromId="287" toId="71">
</dataflow>
<dataflow id="292" from="_ssdm_op_SpecRegionBegin" to="tmp" fromId="291" toId="72">
</dataflow>
<dataflow id="294" from="p_str12" to="tmp" fromId="293" toId="72">
</dataflow>
<dataflow id="296" from="_ssdm_op_SpecPipeline" to="specpipeline_ln253" fromId="295" toId="73">
</dataflow>
<dataflow id="298" from="StgValue_297" to="specpipeline_ln253" fromId="297" toId="73">
</dataflow>
<dataflow id="300" from="StgValue_299" to="specpipeline_ln253" fromId="299" toId="73">
</dataflow>
<dataflow id="301" from="StgValue_299" to="specpipeline_ln253" fromId="299" toId="73">
</dataflow>
<dataflow id="303" from="StgValue_302" to="specpipeline_ln253" fromId="302" toId="73">
</dataflow>
<dataflow id="305" from="p_str1" to="specpipeline_ln253" fromId="304" toId="73">
</dataflow>
<dataflow id="306" from="lshr_ln" to="zext_ln256_1" fromId="39" toId="74">
</dataflow>
<dataflow id="307" from="v2_0" to="v2_0_addr" fromId="150" toId="75">
</dataflow>
<dataflow id="308" from="StgValue_217" to="v2_0_addr" fromId="217" toId="75">
</dataflow>
<dataflow id="309" from="zext_ln256_1" to="v2_0_addr" fromId="74" toId="75">
</dataflow>
<dataflow id="310" from="v2_1" to="v2_1_addr" fromId="151" toId="76">
</dataflow>
<dataflow id="311" from="StgValue_217" to="v2_1_addr" fromId="217" toId="76">
</dataflow>
<dataflow id="312" from="zext_ln256_1" to="v2_1_addr" fromId="74" toId="76">
</dataflow>
<dataflow id="313" from="v2_2" to="v2_2_addr" fromId="152" toId="77">
</dataflow>
<dataflow id="314" from="StgValue_217" to="v2_2_addr" fromId="217" toId="77">
</dataflow>
<dataflow id="315" from="zext_ln256_1" to="v2_2_addr" fromId="74" toId="77">
</dataflow>
<dataflow id="316" from="v2_3" to="v2_3_addr" fromId="153" toId="78">
</dataflow>
<dataflow id="317" from="StgValue_217" to="v2_3_addr" fromId="217" toId="78">
</dataflow>
<dataflow id="318" from="zext_ln256_1" to="v2_3_addr" fromId="74" toId="78">
</dataflow>
<dataflow id="319" from="v15_s" to="store_ln266" fromId="70" toId="79">
</dataflow>
<dataflow id="320" from="v2_2_addr" to="store_ln266" fromId="77" toId="79">
</dataflow>
<dataflow id="321" from="v15_s" to="store_ln266" fromId="70" toId="81">
</dataflow>
<dataflow id="322" from="v2_1_addr" to="store_ln266" fromId="76" toId="81">
</dataflow>
<dataflow id="323" from="v15_s" to="store_ln266" fromId="70" toId="83">
</dataflow>
<dataflow id="324" from="v2_0_addr" to="store_ln266" fromId="75" toId="83">
</dataflow>
<dataflow id="325" from="v15_s" to="store_ln266" fromId="70" toId="85">
</dataflow>
<dataflow id="326" from="v2_3_addr" to="store_ln266" fromId="78" toId="85">
</dataflow>
<dataflow id="328" from="_ssdm_op_SpecRegionEnd" to="empty" fromId="327" toId="87">
</dataflow>
<dataflow id="329" from="p_str12" to="empty" fromId="293" toId="87">
</dataflow>
<dataflow id="330" from="tmp" to="empty" fromId="72" toId="87">
</dataflow>
<dataflow id="331" from="icmp_ln251" to="StgValue_2" fromId="25" toId="2">
</dataflow>
<dataflow id="332" from="icmp_ln251" to="StgValue_3" fromId="25" toId="3">
</dataflow>
<dataflow id="333" from="icmp_ln251" to="StgValue_4" fromId="25" toId="4">
</dataflow>
<dataflow id="334" from="icmp_ln251" to="StgValue_5" fromId="25" toId="5">
</dataflow>
<dataflow id="335" from="icmp_ln251" to="StgValue_6" fromId="25" toId="6">
</dataflow>
<dataflow id="336" from="icmp_ln251" to="StgValue_7" fromId="25" toId="7">
</dataflow>
<dataflow id="337" from="icmp_ln251" to="StgValue_8" fromId="25" toId="8">
</dataflow>
<dataflow id="338" from="icmp_ln251" to="StgValue_9" fromId="25" toId="9">
</dataflow>
<dataflow id="339" from="icmp_ln251" to="StgValue_10" fromId="25" toId="10">
</dataflow>
<dataflow id="340" from="icmp_ln251" to="StgValue_11" fromId="25" toId="11">
</dataflow>
<dataflow id="341" from="icmp_ln251" to="StgValue_12" fromId="25" toId="12">
</dataflow>
<dataflow id="342" from="icmp_ln251" to="StgValue_13" fromId="25" toId="13">
</dataflow>
<dataflow id="343" from="icmp_ln251" to="StgValue_14" fromId="25" toId="14">
</dataflow>
<dataflow id="344" from="icmp_ln251" to="StgValue_15" fromId="25" toId="15">
</dataflow>
<dataflow id="345" from="icmp_ln251" to="StgValue_16" fromId="25" toId="16">
</dataflow>
<dataflow id="346" from="icmp_ln251" to="StgValue_17" fromId="25" toId="17">
</dataflow>
<dataflow id="347" from="icmp_ln251" to="StgValue_18" fromId="25" toId="18">
</dataflow>
<dataflow id="348" from="icmp_ln251" to="StgValue_19" fromId="25" toId="19">
</dataflow>
<dataflow id="349" from="trunc_ln256" to="StgValue_19" fromId="38" toId="19">
</dataflow>
</dataflows>


</stg>
