<profile>

<section name = "Vivado HLS Report for 'get_oracle_activatio'" level="0">
<item name = "Date">Wed Apr 20 10:31:52 2022
</item>
<item name = "Version">2019.2 (Build 2704478 on Wed Nov 06 22:10:23 MST 2019)</item>
<item name = "Project">backprop</item>
<item name = "Solution">adse</item>
<item name = "Product family">zynq</item>
<item name = "Target device">xc7z045-ffg900-2</item>
</section>

<section name = "Performance Estimates" level="0">
<item name = "Timing">
<section name = "" level="1">
<item name = "Summary"><table name="" hasTotal="0">
<keys size="4">Clock, Target, Estimated, Uncertainty</keys>
<column name="ap_clk">10.00 ns, 8.417 ns, 1.25 ns</column>
</table>
</item>
</section>
</item>
<item name = "Latency">
<section name = "" level="1">
<item name = "Summary"><table name="" hasTotal="0">
<keys size="8">, min, max, min, max, min, max, Type</keys>
<column name="">36, 36, 0.360 us, 0.360 us, 36, 36, none</column>
</table>
</item>
<item name = "Detail">
<section name = "" level="1">
<item name = "Instance"><table name="" hasTotal="0">
<keys size="9">Instance, Module, min, max, min, max, min, max, Type</keys>
</table>
</item>
<item name = "Loop"><table name="" hasTotal="0">
<keys size="8">Loop Name, min, max, Latency, achieved, target, Count, Pipelined</keys>
<column name="- Loop 1">34, 34, 27, 8, 1, 2, yes</column>
</table>
</item>
</section>
</item>
</section>
</item>
</section>

<section name = "Utilization Estimates" level="0">
<item name = "Summary"><table name="" hasTotal="1">
<keys size="6">Name, BRAM_18K, DSP48E, FF, LUT, URAM</keys>
<column name="DSP">-, -, -, -, -</column>
<column name="Expression">-, -, 0, 697, -</column>
<column name="FIFO">-, -, -, -, -</column>
<column name="Instance">-, 232, 7760, 15996, -</column>
<column name="Memory">-, -, -, -, -</column>
<column name="Multiplexer">-, -, -, 218, -</column>
<column name="Register">0, -, 9344, 64, -</column>
<specialColumn name="Available">1090, 900, 437200, 218600, 0</specialColumn>
<specialColumn name="Utilization (%)">0, 25, 3, 7, 0</specialColumn>
</table>
</item>
<item name = "Detail">
<section name = "" level="1">
<item name = "Instance"><table name="" hasTotal="1">
<keys size="7">Instance, Module, BRAM_18K, DSP48E, FF, LUT, URAM</keys>
<column name="backprop_dadd_64nbkb_U137">backprop_dadd_64nbkb, 0, 3, 445, 1149, 0</column>
<column name="backprop_dadd_64nbkb_U138">backprop_dadd_64nbkb, 0, 3, 445, 1149, 0</column>
<column name="backprop_dadd_64nbkb_U139">backprop_dadd_64nbkb, 0, 3, 445, 1149, 0</column>
<column name="backprop_dadd_64nbkb_U140">backprop_dadd_64nbkb, 0, 3, 445, 1149, 0</column>
<column name="backprop_dmul_64ndEe_U141">backprop_dmul_64ndEe, 0, 11, 299, 570, 0</column>
<column name="backprop_dmul_64ndEe_U142">backprop_dmul_64ndEe, 0, 11, 299, 570, 0</column>
<column name="backprop_dmul_64ndEe_U143">backprop_dmul_64ndEe, 0, 11, 299, 570, 0</column>
<column name="backprop_dmul_64ndEe_U144">backprop_dmul_64ndEe, 0, 11, 299, 570, 0</column>
<column name="backprop_dmul_64ndEe_U145">backprop_dmul_64ndEe, 0, 11, 299, 570, 0</column>
<column name="backprop_dmul_64ndEe_U146">backprop_dmul_64ndEe, 0, 11, 299, 570, 0</column>
<column name="backprop_dmul_64ndEe_U147">backprop_dmul_64ndEe, 0, 11, 299, 570, 0</column>
<column name="backprop_dmul_64ndEe_U148">backprop_dmul_64ndEe, 0, 11, 299, 570, 0</column>
<column name="backprop_dmul_64ndEe_U149">backprop_dmul_64ndEe, 0, 11, 299, 570, 0</column>
<column name="backprop_dmul_64ndEe_U150">backprop_dmul_64ndEe, 0, 11, 299, 570, 0</column>
<column name="backprop_dmul_64ndEe_U151">backprop_dmul_64ndEe, 0, 11, 299, 570, 0</column>
<column name="backprop_dmul_64ndEe_U152">backprop_dmul_64ndEe, 0, 11, 299, 570, 0</column>
<column name="backprop_dmul_64ndEe_U153">backprop_dmul_64ndEe, 0, 11, 299, 570, 0</column>
<column name="backprop_dmul_64ndEe_U154">backprop_dmul_64ndEe, 0, 11, 299, 570, 0</column>
<column name="backprop_dmul_64ndEe_U155">backprop_dmul_64ndEe, 0, 11, 299, 570, 0</column>
<column name="backprop_dmul_64ndEe_U156">backprop_dmul_64ndEe, 0, 11, 299, 570, 0</column>
<column name="backprop_dmul_64ndEe_U157">backprop_dmul_64ndEe, 0, 11, 299, 570, 0</column>
<column name="backprop_dmul_64ndEe_U158">backprop_dmul_64ndEe, 0, 11, 299, 570, 0</column>
<column name="backprop_dmul_64ndEe_U159">backprop_dmul_64ndEe, 0, 11, 299, 570, 0</column>
<column name="backprop_dmul_64ndEe_U160">backprop_dmul_64ndEe, 0, 11, 299, 570, 0</column>
</table>
</item>
<item name = "DSP48E"><table name="" hasTotal="0">
<keys size="3">Instance, Module, Expression</keys>
</table>
</item>
<item name = "Memory"><table name="" hasTotal="1">
<keys size="10">Memory, Module, BRAM_18K, FF, LUT, URAM, Words, Bits, Banks, W*Bits*Banks</keys>
</table>
</item>
<item name = "FIFO"><table name="" hasTotal="1">
<keys size="8">Name, BRAM_18K, FF, LUT, URAM, Depth, Bits, Size:D*B</keys>
</table>
</item>
<item name = "Expression"><table name="" hasTotal="1">
<keys size="7">Variable Name, Operation, DSP48E, FF, LUT, Bitwidth P0, Bitwidth P1</keys>
<column name="add_ln203_10_fu_2922_p2">+, 0, 0, 9, 2, 9</column>
<column name="add_ln203_11_fu_2947_p2">+, 0, 0, 9, 2, 9</column>
<column name="add_ln203_12_fu_2972_p2">+, 0, 0, 9, 2, 9</column>
<column name="add_ln203_13_fu_2997_p2">+, 0, 0, 9, 2, 9</column>
<column name="add_ln203_14_fu_3022_p2">+, 0, 0, 9, 2, 9</column>
<column name="add_ln203_15_fu_3047_p2">+, 0, 0, 9, 2, 9</column>
<column name="add_ln203_16_fu_3072_p2">+, 0, 0, 9, 2, 9</column>
<column name="add_ln203_17_fu_3097_p2">+, 0, 0, 9, 2, 9</column>
<column name="add_ln203_18_fu_3122_p2">+, 0, 0, 9, 2, 9</column>
<column name="add_ln203_19_fu_3147_p2">+, 0, 0, 9, 2, 9</column>
<column name="add_ln203_1_fu_2697_p2">+, 0, 0, 9, 2, 9</column>
<column name="add_ln203_20_fu_3172_p2">+, 0, 0, 9, 2, 9</column>
<column name="add_ln203_21_fu_3197_p2">+, 0, 0, 9, 2, 9</column>
<column name="add_ln203_22_fu_3222_p2">+, 0, 0, 9, 2, 9</column>
<column name="add_ln203_23_fu_3247_p2">+, 0, 0, 9, 2, 9</column>
<column name="add_ln203_2_fu_2722_p2">+, 0, 0, 9, 2, 9</column>
<column name="add_ln203_3_fu_2747_p2">+, 0, 0, 9, 2, 9</column>
<column name="add_ln203_4_fu_2772_p2">+, 0, 0, 9, 2, 9</column>
<column name="add_ln203_5_fu_2797_p2">+, 0, 0, 9, 2, 9</column>
<column name="add_ln203_6_fu_2822_p2">+, 0, 0, 9, 2, 9</column>
<column name="add_ln203_7_fu_2847_p2">+, 0, 0, 9, 2, 9</column>
<column name="add_ln203_8_fu_2872_p2">+, 0, 0, 9, 2, 9</column>
<column name="add_ln203_9_fu_2897_p2">+, 0, 0, 9, 2, 9</column>
<column name="add_ln203_fu_2672_p2">+, 0, 0, 9, 2, 9</column>
<column name="v4_fu_1332_p2">+, 0, 0, 3, 2, 1</column>
<column name="sub_ln203_10_fu_1773_p2">-, 0, 0, 9, 9, 9</column>
<column name="sub_ln203_11_fu_1811_p2">-, 0, 0, 9, 9, 9</column>
<column name="sub_ln203_12_fu_1849_p2">-, 0, 0, 9, 9, 9</column>
<column name="sub_ln203_13_fu_1906_p2">-, 0, 0, 9, 9, 9</column>
<column name="sub_ln203_14_fu_1944_p2">-, 0, 0, 9, 9, 9</column>
<column name="sub_ln203_15_fu_1982_p2">-, 0, 0, 9, 9, 9</column>
<column name="sub_ln203_16_fu_2020_p2">-, 0, 0, 9, 9, 9</column>
<column name="sub_ln203_17_fu_2077_p2">-, 0, 0, 9, 9, 9</column>
<column name="sub_ln203_18_fu_2115_p2">-, 0, 0, 9, 9, 9</column>
<column name="sub_ln203_19_fu_2153_p2">-, 0, 0, 9, 9, 9</column>
<column name="sub_ln203_1_fu_1413_p2">-, 0, 0, 9, 9, 9</column>
<column name="sub_ln203_20_fu_2191_p2">-, 0, 0, 9, 9, 9</column>
<column name="sub_ln203_21_fu_2248_p2">-, 0, 0, 9, 9, 9</column>
<column name="sub_ln203_22_fu_2286_p2">-, 0, 0, 9, 9, 9</column>
<column name="sub_ln203_23_fu_2324_p2">-, 0, 0, 9, 9, 9</column>
<column name="sub_ln203_24_fu_2362_p2">-, 0, 0, 9, 9, 9</column>
<column name="sub_ln203_25_fu_2419_p2">-, 0, 0, 9, 9, 9</column>
<column name="sub_ln203_26_fu_2457_p2">-, 0, 0, 9, 9, 9</column>
<column name="sub_ln203_27_fu_2495_p2">-, 0, 0, 9, 9, 9</column>
<column name="sub_ln203_28_fu_2533_p2">-, 0, 0, 9, 9, 9</column>
<column name="sub_ln203_29_fu_2590_p2">-, 0, 0, 9, 9, 9</column>
<column name="sub_ln203_2_fu_1441_p2">-, 0, 0, 9, 9, 9</column>
<column name="sub_ln203_30_fu_2628_p2">-, 0, 0, 9, 9, 9</column>
<column name="sub_ln203_31_fu_2666_p2">-, 0, 0, 9, 9, 9</column>
<column name="sub_ln203_3_fu_1469_p2">-, 0, 0, 9, 9, 9</column>
<column name="sub_ln203_4_fu_1507_p2">-, 0, 0, 9, 9, 9</column>
<column name="sub_ln203_5_fu_1564_p2">-, 0, 0, 9, 9, 9</column>
<column name="sub_ln203_6_fu_1602_p2">-, 0, 0, 9, 9, 9</column>
<column name="sub_ln203_7_fu_1640_p2">-, 0, 0, 9, 9, 9</column>
<column name="sub_ln203_8_fu_1678_p2">-, 0, 0, 9, 9, 9</column>
<column name="sub_ln203_9_fu_1735_p2">-, 0, 0, 9, 9, 9</column>
<column name="sub_ln203_fu_1366_p2">-, 0, 0, 9, 9, 9</column>
<column name="icmp_ln196_fu_1326_p2">icmp, 0, 0, 2, 2, 3</column>
<column name="or_ln200_10_fu_1779_p2">or, 0, 0, 6, 6, 4</column>
<column name="or_ln200_11_fu_1817_p2">or, 0, 0, 6, 6, 4</column>
<column name="or_ln200_12_fu_1874_p2">or, 0, 0, 6, 6, 4</column>
<column name="or_ln200_13_fu_1912_p2">or, 0, 0, 6, 6, 4</column>
<column name="or_ln200_14_fu_1950_p2">or, 0, 0, 6, 6, 4</column>
<column name="or_ln200_15_fu_1988_p2">or, 0, 0, 6, 6, 5</column>
<column name="or_ln200_16_fu_2045_p2">or, 0, 0, 6, 6, 5</column>
<column name="or_ln200_17_fu_2083_p2">or, 0, 0, 6, 6, 5</column>
<column name="or_ln200_18_fu_2121_p2">or, 0, 0, 6, 6, 5</column>
<column name="or_ln200_19_fu_2159_p2">or, 0, 0, 6, 6, 5</column>
<column name="or_ln200_1_fu_1419_p2">or, 0, 0, 6, 6, 2</column>
<column name="or_ln200_20_fu_2216_p2">or, 0, 0, 6, 6, 5</column>
<column name="or_ln200_21_fu_2254_p2">or, 0, 0, 6, 6, 5</column>
<column name="or_ln200_22_fu_2292_p2">or, 0, 0, 6, 6, 5</column>
<column name="or_ln200_23_fu_2330_p2">or, 0, 0, 6, 6, 5</column>
<column name="or_ln200_24_fu_2387_p2">or, 0, 0, 6, 6, 5</column>
<column name="or_ln200_25_fu_2425_p2">or, 0, 0, 6, 6, 5</column>
<column name="or_ln200_26_fu_2463_p2">or, 0, 0, 6, 6, 5</column>
<column name="or_ln200_27_fu_2501_p2">or, 0, 0, 6, 6, 5</column>
<column name="or_ln200_28_fu_2558_p2">or, 0, 0, 6, 6, 5</column>
<column name="or_ln200_29_fu_2596_p2">or, 0, 0, 6, 6, 5</column>
<column name="or_ln200_2_fu_1447_p2">or, 0, 0, 6, 6, 2</column>
<column name="or_ln200_30_fu_2634_p2">or, 0, 0, 6, 6, 5</column>
<column name="or_ln200_3_fu_1475_p2">or, 0, 0, 6, 6, 3</column>
<column name="or_ln200_4_fu_1532_p2">or, 0, 0, 6, 6, 3</column>
<column name="or_ln200_5_fu_1570_p2">or, 0, 0, 6, 6, 3</column>
<column name="or_ln200_6_fu_1608_p2">or, 0, 0, 6, 6, 3</column>
<column name="or_ln200_7_fu_1646_p2">or, 0, 0, 6, 6, 4</column>
<column name="or_ln200_8_fu_1703_p2">or, 0, 0, 6, 6, 4</column>
<column name="or_ln200_9_fu_1741_p2">or, 0, 0, 6, 6, 4</column>
<column name="or_ln200_fu_1391_p2">or, 0, 0, 6, 6, 1</column>
<column name="ap_enable_pp0">xor, 0, 0, 2, 1, 2</column>
</table>
</item>
<item name = "Multiplexer"><table name="" hasTotal="1">
<keys size="5">Name, LUT, Input Size, Bits, Total Bits</keys>
<column name="ap_NS_fsm">6, 11, 1, 11</column>
<column name="ap_enable_reg_pp0_iter3">3, 2, 1, 2</column>
<column name="ap_phi_mux_v4_0_phi_fu_1154_p4">3, 2, 2, 4</column>
<column name="grp_fu_1161_p0">5, 9, 64, 576</column>
<column name="grp_fu_1166_p0">5, 9, 64, 576</column>
<column name="grp_fu_1171_p0">5, 9, 64, 576</column>
<column name="grp_fu_1176_p0">5, 9, 64, 576</column>
<column name="grp_fu_1181_p0">5, 9, 64, 576</column>
<column name="grp_fu_1181_p1">4, 8, 64, 512</column>
<column name="grp_fu_1185_p0">5, 9, 64, 576</column>
<column name="grp_fu_1185_p1">4, 8, 64, 512</column>
<column name="grp_fu_1189_p0">5, 9, 64, 576</column>
<column name="grp_fu_1189_p1">4, 8, 64, 512</column>
<column name="grp_fu_1193_p0">5, 9, 64, 576</column>
<column name="grp_fu_1193_p1">4, 8, 64, 512</column>
<column name="grp_fu_1197_p0">3, 3, 64, 192</column>
<column name="grp_fu_1201_p0">3, 3, 64, 192</column>
<column name="grp_fu_1205_p0">3, 3, 64, 192</column>
<column name="grp_fu_1209_p0">3, 3, 64, 192</column>
<column name="grp_fu_1213_p0">3, 3, 64, 192</column>
<column name="grp_fu_1217_p0">3, 3, 64, 192</column>
<column name="grp_fu_1221_p0">3, 3, 64, 192</column>
<column name="grp_fu_1225_p0">3, 3, 64, 192</column>
<column name="grp_fu_1229_p0">3, 3, 64, 192</column>
<column name="grp_fu_1229_p1">3, 3, 64, 192</column>
<column name="grp_fu_1233_p0">3, 3, 64, 192</column>
<column name="grp_fu_1233_p1">3, 3, 64, 192</column>
<column name="grp_fu_1237_p0">3, 3, 64, 192</column>
<column name="grp_fu_1237_p1">3, 3, 64, 192</column>
<column name="grp_fu_1241_p0">3, 3, 64, 192</column>
<column name="grp_fu_1241_p1">3, 3, 64, 192</column>
<column name="grp_fu_1245_p0">3, 3, 64, 192</column>
<column name="grp_fu_1245_p1">3, 3, 64, 192</column>
<column name="grp_fu_1249_p0">3, 3, 64, 192</column>
<column name="grp_fu_1249_p1">3, 3, 64, 192</column>
<column name="grp_fu_1253_p0">3, 3, 64, 192</column>
<column name="grp_fu_1253_p1">3, 3, 64, 192</column>
<column name="grp_fu_1257_p0">3, 3, 64, 192</column>
<column name="grp_fu_1257_p1">3, 3, 64, 192</column>
<column name="v2_0_address0">4, 5, 4, 20</column>
<column name="v2_0_address1">4, 5, 4, 20</column>
<column name="v2_0_d0">4, 5, 64, 320</column>
<column name="v2_0_d1">4, 5, 64, 320</column>
<column name="v2_1_address0">5, 9, 4, 36</column>
<column name="v2_1_d0">4, 8, 64, 512</column>
<column name="v2_2_address0">5, 9, 4, 36</column>
<column name="v2_2_d0">4, 8, 64, 512</column>
<column name="v2_3_address0">5, 9, 4, 36</column>
<column name="v2_3_d0">4, 8, 64, 512</column>
<column name="v3_0_address0">4, 5, 4, 20</column>
<column name="v3_0_address1">4, 5, 4, 20</column>
<column name="v3_1_address0">4, 5, 4, 20</column>
<column name="v3_1_address1">4, 5, 4, 20</column>
<column name="v3_2_address0">4, 5, 4, 20</column>
<column name="v3_2_address1">4, 5, 4, 20</column>
<column name="v3_3_address0">4, 5, 4, 20</column>
<column name="v3_3_address1">4, 5, 4, 20</column>
<column name="v4_0_reg_1150">3, 2, 2, 4</column>
</table>
</item>
<item name = "Register"><table name="" hasTotal="1">
<keys size="5">Name, FF, LUT, Bits, Const Bits</keys>
<column name="ap_CS_fsm">10, 0, 10, 0</column>
<column name="ap_enable_reg_pp0_iter0">1, 0, 1, 0</column>
<column name="ap_enable_reg_pp0_iter1">1, 0, 1, 0</column>
<column name="ap_enable_reg_pp0_iter2">1, 0, 1, 0</column>
<column name="ap_enable_reg_pp0_iter3">1, 0, 1, 0</column>
<column name="icmp_ln196_reg_3423">1, 0, 1, 0</column>
<column name="lshr_ln201_10_reg_3492">1, 0, 4, 3</column>
<column name="lshr_ln201_10_reg_3492_pp0_iter1_reg">1, 0, 4, 3</column>
<column name="lshr_ln201_11_reg_3497">1, 0, 4, 3</column>
<column name="lshr_ln201_11_reg_3497_pp0_iter1_reg">1, 0, 4, 3</column>
<column name="lshr_ln201_12_reg_3502">1, 0, 4, 3</column>
<column name="lshr_ln201_12_reg_3502_pp0_iter1_reg">1, 0, 4, 3</column>
<column name="lshr_ln201_13_reg_3507">1, 0, 4, 3</column>
<column name="lshr_ln201_13_reg_3507_pp0_iter1_reg">1, 0, 4, 3</column>
<column name="lshr_ln201_14_reg_3512">1, 0, 4, 3</column>
<column name="lshr_ln201_14_reg_3512_pp0_iter1_reg">1, 0, 4, 3</column>
<column name="lshr_ln201_15_reg_3517">1, 0, 4, 3</column>
<column name="lshr_ln201_15_reg_3517_pp0_iter1_reg">1, 0, 4, 3</column>
<column name="lshr_ln201_16_reg_3522">1, 0, 4, 3</column>
<column name="lshr_ln201_16_reg_3522_pp0_iter1_reg">1, 0, 4, 3</column>
<column name="lshr_ln201_17_reg_3527">1, 0, 4, 3</column>
<column name="lshr_ln201_17_reg_3527_pp0_iter1_reg">1, 0, 4, 3</column>
<column name="lshr_ln201_18_reg_3532">1, 0, 4, 3</column>
<column name="lshr_ln201_18_reg_3532_pp0_iter1_reg">1, 0, 4, 3</column>
<column name="lshr_ln201_19_reg_3537">1, 0, 4, 3</column>
<column name="lshr_ln201_19_reg_3537_pp0_iter1_reg">1, 0, 4, 3</column>
<column name="lshr_ln201_1_reg_3442">1, 0, 4, 3</column>
<column name="lshr_ln201_20_reg_3542">1, 0, 4, 3</column>
<column name="lshr_ln201_20_reg_3542_pp0_iter1_reg">1, 0, 4, 3</column>
<column name="lshr_ln201_21_reg_3547">1, 0, 4, 3</column>
<column name="lshr_ln201_21_reg_3547_pp0_iter1_reg">1, 0, 4, 3</column>
<column name="lshr_ln201_22_reg_3552">1, 0, 4, 3</column>
<column name="lshr_ln201_22_reg_3552_pp0_iter1_reg">1, 0, 4, 3</column>
<column name="lshr_ln201_23_reg_3557">1, 0, 4, 3</column>
<column name="lshr_ln201_23_reg_3557_pp0_iter1_reg">1, 0, 4, 3</column>
<column name="lshr_ln201_24_reg_3562">1, 0, 4, 3</column>
<column name="lshr_ln201_24_reg_3562_pp0_iter1_reg">1, 0, 4, 3</column>
<column name="lshr_ln201_25_reg_3567">1, 0, 4, 3</column>
<column name="lshr_ln201_25_reg_3567_pp0_iter1_reg">1, 0, 4, 3</column>
<column name="lshr_ln201_26_reg_3572">1, 0, 4, 3</column>
<column name="lshr_ln201_26_reg_3572_pp0_iter1_reg">1, 0, 4, 3</column>
<column name="lshr_ln201_2_reg_3447">1, 0, 4, 3</column>
<column name="lshr_ln201_3_reg_3452">1, 0, 4, 3</column>
<column name="lshr_ln201_4_reg_3457">1, 0, 4, 3</column>
<column name="lshr_ln201_4_reg_3457_pp0_iter1_reg">1, 0, 4, 3</column>
<column name="lshr_ln201_5_reg_3462">1, 0, 4, 3</column>
<column name="lshr_ln201_5_reg_3462_pp0_iter1_reg">1, 0, 4, 3</column>
<column name="lshr_ln201_6_reg_3467">1, 0, 4, 3</column>
<column name="lshr_ln201_6_reg_3467_pp0_iter1_reg">1, 0, 4, 3</column>
<column name="lshr_ln201_7_reg_3472">1, 0, 4, 3</column>
<column name="lshr_ln201_7_reg_3472_pp0_iter1_reg">1, 0, 4, 3</column>
<column name="lshr_ln201_8_reg_3477">1, 0, 4, 3</column>
<column name="lshr_ln201_9_reg_3482">1, 0, 4, 3</column>
<column name="lshr_ln201_9_reg_3482_pp0_iter1_reg">1, 0, 4, 3</column>
<column name="lshr_ln201_s_reg_3487">1, 0, 4, 3</column>
<column name="lshr_ln201_s_reg_3487_pp0_iter1_reg">1, 0, 4, 3</column>
<column name="lshr_ln_reg_3437">1, 0, 4, 3</column>
<column name="reg_1261">64, 0, 64, 0</column>
<column name="reg_1268">64, 0, 64, 0</column>
<column name="reg_1275">64, 0, 64, 0</column>
<column name="reg_1281">64, 0, 64, 0</column>
<column name="reg_1287">64, 0, 64, 0</column>
<column name="reg_1294">64, 0, 64, 0</column>
<column name="reg_1301">64, 0, 64, 0</column>
<column name="reg_1307">64, 0, 64, 0</column>
<column name="reg_1314">64, 0, 64, 0</column>
<column name="reg_1320">64, 0, 64, 0</column>
<column name="trunc_ln200_reg_3432">1, 0, 1, 0</column>
<column name="v0_0_load_8_reg_3867">64, 0, 64, 0</column>
<column name="v0_0_load_reg_3787">64, 0, 64, 0</column>
<column name="v0_10_load_8_reg_3857">64, 0, 64, 0</column>
<column name="v0_10_load_reg_3777">64, 0, 64, 0</column>
<column name="v0_11_load_8_reg_3832">64, 0, 64, 0</column>
<column name="v0_11_load_reg_3752">64, 0, 64, 0</column>
<column name="v0_12_load_8_reg_3887">64, 0, 64, 0</column>
<column name="v0_12_load_reg_3807">64, 0, 64, 0</column>
<column name="v0_13_load_8_reg_3862">64, 0, 64, 0</column>
<column name="v0_13_load_reg_3782">64, 0, 64, 0</column>
<column name="v0_14_load_8_reg_3837">64, 0, 64, 0</column>
<column name="v0_14_load_reg_3757">64, 0, 64, 0</column>
<column name="v0_15_load_8_reg_3892">64, 0, 64, 0</column>
<column name="v0_15_load_reg_3812">64, 0, 64, 0</column>
<column name="v0_1_load_8_reg_3842">64, 0, 64, 0</column>
<column name="v0_1_load_reg_3762">64, 0, 64, 0</column>
<column name="v0_2_load_8_reg_3817">64, 0, 64, 0</column>
<column name="v0_2_load_reg_3737">64, 0, 64, 0</column>
<column name="v0_3_load_8_reg_3872">64, 0, 64, 0</column>
<column name="v0_3_load_reg_3792">64, 0, 64, 0</column>
<column name="v0_4_load_8_reg_3847">64, 0, 64, 0</column>
<column name="v0_4_load_reg_3767">64, 0, 64, 0</column>
<column name="v0_5_load_8_reg_3822">64, 0, 64, 0</column>
<column name="v0_5_load_reg_3742">64, 0, 64, 0</column>
<column name="v0_6_load_8_reg_3877">64, 0, 64, 0</column>
<column name="v0_6_load_reg_3797">64, 0, 64, 0</column>
<column name="v0_7_load_8_reg_3852">64, 0, 64, 0</column>
<column name="v0_7_load_reg_3772">64, 0, 64, 0</column>
<column name="v0_8_load_8_reg_3827">64, 0, 64, 0</column>
<column name="v0_8_load_reg_3747">64, 0, 64, 0</column>
<column name="v0_9_load_8_reg_3882">64, 0, 64, 0</column>
<column name="v0_9_load_reg_3802">64, 0, 64, 0</column>
<column name="v10_2_10_reg_3917">64, 0, 64, 0</column>
<column name="v10_2_11_reg_3992">64, 0, 64, 0</column>
<column name="v10_2_12_reg_3922">64, 0, 64, 0</column>
<column name="v10_2_13_reg_3927">64, 0, 64, 0</column>
<column name="v10_2_14_reg_3932">64, 0, 64, 0</column>
<column name="v10_2_15_reg_3997">64, 0, 64, 0</column>
<column name="v10_2_16_reg_3937">64, 0, 64, 0</column>
<column name="v10_2_17_reg_3942">64, 0, 64, 0</column>
<column name="v10_2_18_reg_3947">64, 0, 64, 0</column>
<column name="v10_2_19_reg_4002">64, 0, 64, 0</column>
<column name="v10_2_20_reg_3952">64, 0, 64, 0</column>
<column name="v10_2_21_reg_3957">64, 0, 64, 0</column>
<column name="v10_2_22_reg_3962">64, 0, 64, 0</column>
<column name="v10_2_23_reg_4007">64, 0, 64, 0</column>
<column name="v10_2_24_reg_3967">64, 0, 64, 0</column>
<column name="v10_2_25_reg_3972">64, 0, 64, 0</column>
<column name="v10_2_26_reg_4012">64, 0, 64, 0</column>
<column name="v10_2_27_reg_4017">64, 0, 64, 0</column>
<column name="v10_2_28_reg_4022">64, 0, 64, 0</column>
<column name="v10_2_29_reg_4027">64, 0, 64, 0</column>
<column name="v10_2_30_reg_4032">64, 0, 64, 0</column>
<column name="v10_2_4_reg_3982">64, 0, 64, 0</column>
<column name="v10_2_6_reg_3897">64, 0, 64, 0</column>
<column name="v10_2_7_reg_3902">64, 0, 64, 0</column>
<column name="v10_2_8_reg_3987">64, 0, 64, 0</column>
<column name="v10_2_9_reg_3907">64, 0, 64, 0</column>
<column name="v10_2_reg_3977">64, 0, 64, 0</column>
<column name="v10_2_s_reg_3912">64, 0, 64, 0</column>
<column name="v12_2_10_reg_4530">64, 0, 64, 0</column>
<column name="v12_2_11_reg_4620">64, 0, 64, 0</column>
<column name="v12_2_12_reg_4535">64, 0, 64, 0</column>
<column name="v12_2_13_reg_4540">64, 0, 64, 0</column>
<column name="v12_2_14_reg_4545">64, 0, 64, 0</column>
<column name="v12_2_15_reg_4625">64, 0, 64, 0</column>
<column name="v12_2_16_reg_4550">64, 0, 64, 0</column>
<column name="v12_2_17_reg_4555">64, 0, 64, 0</column>
<column name="v12_2_18_reg_4560">64, 0, 64, 0</column>
<column name="v12_2_19_reg_4630">64, 0, 64, 0</column>
<column name="v12_2_1_reg_4450">64, 0, 64, 0</column>
<column name="v12_2_20_reg_4565">64, 0, 64, 0</column>
<column name="v12_2_21_reg_4570">64, 0, 64, 0</column>
<column name="v12_2_22_reg_4575">64, 0, 64, 0</column>
<column name="v12_2_23_reg_4635">64, 0, 64, 0</column>
<column name="v12_2_24_reg_4580">64, 0, 64, 0</column>
<column name="v12_2_25_reg_4585">64, 0, 64, 0</column>
<column name="v12_2_26_reg_4605">64, 0, 64, 0</column>
<column name="v12_2_27_reg_4645">64, 0, 64, 0</column>
<column name="v12_2_28_reg_4650">64, 0, 64, 0</column>
<column name="v12_2_29_reg_4655">64, 0, 64, 0</column>
<column name="v12_2_2_reg_4455">64, 0, 64, 0</column>
<column name="v12_2_30_reg_4660">64, 0, 64, 0</column>
<column name="v12_2_3_reg_4460">64, 0, 64, 0</column>
<column name="v12_2_4_reg_4595">64, 0, 64, 0</column>
<column name="v12_2_5_reg_4465">64, 0, 64, 0</column>
<column name="v12_2_6_reg_4510">64, 0, 64, 0</column>
<column name="v12_2_7_reg_4515">64, 0, 64, 0</column>
<column name="v12_2_8_reg_4600">64, 0, 64, 0</column>
<column name="v12_2_9_reg_4520">64, 0, 64, 0</column>
<column name="v12_2_reg_4590">64, 0, 64, 0</column>
<column name="v12_2_s_reg_4525">64, 0, 64, 0</column>
<column name="v15_2_11_reg_4665">64, 0, 64, 0</column>
<column name="v15_2_15_reg_4670">64, 0, 64, 0</column>
<column name="v15_2_19_reg_4675">64, 0, 64, 0</column>
<column name="v15_2_23_reg_4680">64, 0, 64, 0</column>
<column name="v15_2_27_reg_4685">64, 0, 64, 0</column>
<column name="v15_2_28_reg_4690">64, 0, 64, 0</column>
<column name="v15_2_29_reg_4695">64, 0, 64, 0</column>
<column name="v15_2_30_reg_4700">64, 0, 64, 0</column>
<column name="v3_0_load_16_reg_4125">64, 0, 64, 0</column>
<column name="v3_0_load_17_reg_4215">64, 0, 64, 0</column>
<column name="v3_0_load_18_reg_4640">64, 0, 64, 0</column>
<column name="v3_0_load_19_reg_4330">64, 0, 64, 0</column>
<column name="v3_0_load_20_reg_4350">64, 0, 64, 0</column>
<column name="v3_0_load_21_reg_4470">64, 0, 64, 0</column>
<column name="v3_0_load_22_reg_4490">64, 0, 64, 0</column>
<column name="v3_0_load_reg_4105">64, 0, 64, 0</column>
<column name="v3_1_load_16_reg_4130">64, 0, 64, 0</column>
<column name="v3_1_load_17_reg_4220">64, 0, 64, 0</column>
<column name="v3_1_load_18_reg_4235">64, 0, 64, 0</column>
<column name="v3_1_load_19_reg_4335">64, 0, 64, 0</column>
<column name="v3_1_load_20_reg_4355">64, 0, 64, 0</column>
<column name="v3_1_load_21_reg_4475">64, 0, 64, 0</column>
<column name="v3_1_load_22_reg_4495">64, 0, 64, 0</column>
<column name="v3_1_load_reg_4110">64, 0, 64, 0</column>
<column name="v3_2_load_16_reg_4135">64, 0, 64, 0</column>
<column name="v3_2_load_17_reg_4225">64, 0, 64, 0</column>
<column name="v3_2_load_18_reg_4240">64, 0, 64, 0</column>
<column name="v3_2_load_19_reg_4340">64, 0, 64, 0</column>
<column name="v3_2_load_20_reg_4360">64, 0, 64, 0</column>
<column name="v3_2_load_21_reg_4480">64, 0, 64, 0</column>
<column name="v3_2_load_22_reg_4500">64, 0, 64, 0</column>
<column name="v3_2_load_reg_4115">64, 0, 64, 0</column>
<column name="v3_3_load_16_reg_4140">64, 0, 64, 0</column>
<column name="v3_3_load_17_reg_4230">64, 0, 64, 0</column>
<column name="v3_3_load_18_reg_4245">64, 0, 64, 0</column>
<column name="v3_3_load_19_reg_4345">64, 0, 64, 0</column>
<column name="v3_3_load_20_reg_4365">64, 0, 64, 0</column>
<column name="v3_3_load_21_reg_4485">64, 0, 64, 0</column>
<column name="v3_3_load_22_reg_4505">64, 0, 64, 0</column>
<column name="v3_3_load_reg_4120">64, 0, 64, 0</column>
<column name="v4_0_reg_1150">2, 0, 2, 0</column>
<column name="v4_reg_3427">2, 0, 2, 0</column>
<column name="zext_ln201_10_reg_4185">1, 0, 64, 63</column>
<column name="zext_ln201_10_reg_4185_pp0_iter2_reg">1, 0, 64, 63</column>
<column name="zext_ln201_11_reg_4195">1, 0, 64, 63</column>
<column name="zext_ln201_11_reg_4195_pp0_iter2_reg">1, 0, 64, 63</column>
<column name="zext_ln201_12_reg_4205">1, 0, 64, 63</column>
<column name="zext_ln201_12_reg_4205_pp0_iter2_reg">1, 0, 64, 63</column>
<column name="zext_ln201_13_reg_4250">1, 0, 64, 63</column>
<column name="zext_ln201_13_reg_4250_pp0_iter2_reg">1, 0, 64, 63</column>
<column name="zext_ln201_14_reg_4260">1, 0, 64, 63</column>
<column name="zext_ln201_14_reg_4260_pp0_iter2_reg">1, 0, 64, 63</column>
<column name="zext_ln201_15_reg_4270">1, 0, 64, 63</column>
<column name="zext_ln201_15_reg_4270_pp0_iter2_reg">1, 0, 64, 63</column>
<column name="zext_ln201_16_reg_4280">1, 0, 64, 63</column>
<column name="zext_ln201_16_reg_4280_pp0_iter2_reg">1, 0, 64, 63</column>
<column name="zext_ln201_17_reg_4290">1, 0, 64, 63</column>
<column name="zext_ln201_17_reg_4290_pp0_iter2_reg">1, 0, 64, 63</column>
<column name="zext_ln201_18_reg_4300">1, 0, 64, 63</column>
<column name="zext_ln201_18_reg_4300_pp0_iter2_reg">1, 0, 64, 63</column>
<column name="zext_ln201_19_reg_4310">1, 0, 64, 63</column>
<column name="zext_ln201_19_reg_4310_pp0_iter2_reg">1, 0, 64, 63</column>
<column name="zext_ln201_1_reg_4065">1, 0, 64, 63</column>
<column name="zext_ln201_1_reg_4065_pp0_iter2_reg">1, 0, 64, 63</column>
<column name="zext_ln201_20_reg_4320">1, 0, 64, 63</column>
<column name="zext_ln201_20_reg_4320_pp0_iter2_reg">1, 0, 64, 63</column>
<column name="zext_ln201_21_reg_4370">1, 0, 64, 63</column>
<column name="zext_ln201_21_reg_4370_pp0_iter2_reg">1, 0, 64, 63</column>
<column name="zext_ln201_22_reg_4380">1, 0, 64, 63</column>
<column name="zext_ln201_22_reg_4380_pp0_iter2_reg">1, 0, 64, 63</column>
<column name="zext_ln201_23_reg_4390">1, 0, 64, 63</column>
<column name="zext_ln201_23_reg_4390_pp0_iter2_reg">1, 0, 64, 63</column>
<column name="zext_ln201_24_reg_4400">1, 0, 64, 63</column>
<column name="zext_ln201_24_reg_4400_pp0_iter2_reg">1, 0, 64, 63</column>
<column name="zext_ln201_25_reg_4410">1, 0, 64, 63</column>
<column name="zext_ln201_25_reg_4410_pp0_iter2_reg">1, 0, 64, 63</column>
<column name="zext_ln201_26_reg_4420">1, 0, 64, 63</column>
<column name="zext_ln201_26_reg_4420_pp0_iter2_reg">1, 0, 64, 63</column>
<column name="zext_ln201_27_reg_4430">1, 0, 64, 63</column>
<column name="zext_ln201_27_reg_4430_pp0_iter2_reg">1, 0, 64, 63</column>
<column name="zext_ln201_28_reg_4440">1, 0, 64, 63</column>
<column name="zext_ln201_28_reg_4440_pp0_iter2_reg">1, 0, 64, 63</column>
<column name="zext_ln201_2_reg_4075">1, 0, 64, 63</column>
<column name="zext_ln201_2_reg_4075_pp0_iter2_reg">1, 0, 64, 63</column>
<column name="zext_ln201_3_reg_4085">1, 0, 64, 63</column>
<column name="zext_ln201_3_reg_4085_pp0_iter2_reg">1, 0, 64, 63</column>
<column name="zext_ln201_4_reg_4095">1, 0, 64, 63</column>
<column name="zext_ln201_4_reg_4095_pp0_iter2_reg">1, 0, 64, 63</column>
<column name="zext_ln201_5_reg_4145">1, 0, 64, 63</column>
<column name="zext_ln201_5_reg_4145_pp0_iter2_reg">1, 0, 64, 63</column>
<column name="zext_ln201_6_reg_4155">1, 0, 64, 63</column>
<column name="zext_ln201_6_reg_4155_pp0_iter2_reg">1, 0, 64, 63</column>
<column name="zext_ln201_7_reg_4165">1, 0, 64, 63</column>
<column name="zext_ln201_7_reg_4165_pp0_iter2_reg">1, 0, 64, 63</column>
<column name="zext_ln201_8_reg_4175">1, 0, 64, 63</column>
<column name="zext_ln201_8_reg_4175_pp0_iter2_reg">1, 0, 64, 63</column>
<column name="zext_ln201_9_reg_4610">1, 0, 64, 63</column>
<column name="zext_ln201_reg_4037">1, 0, 64, 63</column>
<column name="zext_ln201_reg_4037_pp0_iter2_reg">1, 0, 64, 63</column>
<column name="icmp_ln196_reg_3423">64, 32, 1, 0</column>
<column name="lshr_ln201_8_reg_3477">64, 32, 4, 3</column>
</table>
</item>
</section>
</item>
</section>

<section name = "Interface" level="0">
<item name = "Summary"><table name="" hasTotal="0">
<keys size="6">RTL Ports, Dir, Bits, Protocol, Source Object, C Type</keys>
<column name="ap_clk">in, 1, ap_ctrl_hs, get_oracle_activatio, return value</column>
<column name="ap_rst">in, 1, ap_ctrl_hs, get_oracle_activatio, return value</column>
<column name="ap_start">in, 1, ap_ctrl_hs, get_oracle_activatio, return value</column>
<column name="ap_done">out, 1, ap_ctrl_hs, get_oracle_activatio, return value</column>
<column name="ap_idle">out, 1, ap_ctrl_hs, get_oracle_activatio, return value</column>
<column name="ap_ready">out, 1, ap_ctrl_hs, get_oracle_activatio, return value</column>
<column name="v0_0_address0">out, 4, ap_memory, v0_0, array</column>
<column name="v0_0_ce0">out, 1, ap_memory, v0_0, array</column>
<column name="v0_0_q0">in, 64, ap_memory, v0_0, array</column>
<column name="v0_0_address1">out, 4, ap_memory, v0_0, array</column>
<column name="v0_0_ce1">out, 1, ap_memory, v0_0, array</column>
<column name="v0_0_q1">in, 64, ap_memory, v0_0, array</column>
<column name="v0_1_address0">out, 4, ap_memory, v0_1, array</column>
<column name="v0_1_ce0">out, 1, ap_memory, v0_1, array</column>
<column name="v0_1_q0">in, 64, ap_memory, v0_1, array</column>
<column name="v0_1_address1">out, 4, ap_memory, v0_1, array</column>
<column name="v0_1_ce1">out, 1, ap_memory, v0_1, array</column>
<column name="v0_1_q1">in, 64, ap_memory, v0_1, array</column>
<column name="v0_2_address0">out, 4, ap_memory, v0_2, array</column>
<column name="v0_2_ce0">out, 1, ap_memory, v0_2, array</column>
<column name="v0_2_q0">in, 64, ap_memory, v0_2, array</column>
<column name="v0_2_address1">out, 4, ap_memory, v0_2, array</column>
<column name="v0_2_ce1">out, 1, ap_memory, v0_2, array</column>
<column name="v0_2_q1">in, 64, ap_memory, v0_2, array</column>
<column name="v0_3_address0">out, 4, ap_memory, v0_3, array</column>
<column name="v0_3_ce0">out, 1, ap_memory, v0_3, array</column>
<column name="v0_3_q0">in, 64, ap_memory, v0_3, array</column>
<column name="v0_3_address1">out, 4, ap_memory, v0_3, array</column>
<column name="v0_3_ce1">out, 1, ap_memory, v0_3, array</column>
<column name="v0_3_q1">in, 64, ap_memory, v0_3, array</column>
<column name="v0_4_address0">out, 4, ap_memory, v0_4, array</column>
<column name="v0_4_ce0">out, 1, ap_memory, v0_4, array</column>
<column name="v0_4_q0">in, 64, ap_memory, v0_4, array</column>
<column name="v0_4_address1">out, 4, ap_memory, v0_4, array</column>
<column name="v0_4_ce1">out, 1, ap_memory, v0_4, array</column>
<column name="v0_4_q1">in, 64, ap_memory, v0_4, array</column>
<column name="v0_5_address0">out, 4, ap_memory, v0_5, array</column>
<column name="v0_5_ce0">out, 1, ap_memory, v0_5, array</column>
<column name="v0_5_q0">in, 64, ap_memory, v0_5, array</column>
<column name="v0_5_address1">out, 4, ap_memory, v0_5, array</column>
<column name="v0_5_ce1">out, 1, ap_memory, v0_5, array</column>
<column name="v0_5_q1">in, 64, ap_memory, v0_5, array</column>
<column name="v0_6_address0">out, 4, ap_memory, v0_6, array</column>
<column name="v0_6_ce0">out, 1, ap_memory, v0_6, array</column>
<column name="v0_6_q0">in, 64, ap_memory, v0_6, array</column>
<column name="v0_6_address1">out, 4, ap_memory, v0_6, array</column>
<column name="v0_6_ce1">out, 1, ap_memory, v0_6, array</column>
<column name="v0_6_q1">in, 64, ap_memory, v0_6, array</column>
<column name="v0_7_address0">out, 4, ap_memory, v0_7, array</column>
<column name="v0_7_ce0">out, 1, ap_memory, v0_7, array</column>
<column name="v0_7_q0">in, 64, ap_memory, v0_7, array</column>
<column name="v0_7_address1">out, 4, ap_memory, v0_7, array</column>
<column name="v0_7_ce1">out, 1, ap_memory, v0_7, array</column>
<column name="v0_7_q1">in, 64, ap_memory, v0_7, array</column>
<column name="v0_8_address0">out, 4, ap_memory, v0_8, array</column>
<column name="v0_8_ce0">out, 1, ap_memory, v0_8, array</column>
<column name="v0_8_q0">in, 64, ap_memory, v0_8, array</column>
<column name="v0_8_address1">out, 4, ap_memory, v0_8, array</column>
<column name="v0_8_ce1">out, 1, ap_memory, v0_8, array</column>
<column name="v0_8_q1">in, 64, ap_memory, v0_8, array</column>
<column name="v0_9_address0">out, 4, ap_memory, v0_9, array</column>
<column name="v0_9_ce0">out, 1, ap_memory, v0_9, array</column>
<column name="v0_9_q0">in, 64, ap_memory, v0_9, array</column>
<column name="v0_9_address1">out, 4, ap_memory, v0_9, array</column>
<column name="v0_9_ce1">out, 1, ap_memory, v0_9, array</column>
<column name="v0_9_q1">in, 64, ap_memory, v0_9, array</column>
<column name="v0_10_address0">out, 4, ap_memory, v0_10, array</column>
<column name="v0_10_ce0">out, 1, ap_memory, v0_10, array</column>
<column name="v0_10_q0">in, 64, ap_memory, v0_10, array</column>
<column name="v0_10_address1">out, 4, ap_memory, v0_10, array</column>
<column name="v0_10_ce1">out, 1, ap_memory, v0_10, array</column>
<column name="v0_10_q1">in, 64, ap_memory, v0_10, array</column>
<column name="v0_11_address0">out, 4, ap_memory, v0_11, array</column>
<column name="v0_11_ce0">out, 1, ap_memory, v0_11, array</column>
<column name="v0_11_q0">in, 64, ap_memory, v0_11, array</column>
<column name="v0_11_address1">out, 4, ap_memory, v0_11, array</column>
<column name="v0_11_ce1">out, 1, ap_memory, v0_11, array</column>
<column name="v0_11_q1">in, 64, ap_memory, v0_11, array</column>
<column name="v0_12_address0">out, 4, ap_memory, v0_12, array</column>
<column name="v0_12_ce0">out, 1, ap_memory, v0_12, array</column>
<column name="v0_12_q0">in, 64, ap_memory, v0_12, array</column>
<column name="v0_12_address1">out, 4, ap_memory, v0_12, array</column>
<column name="v0_12_ce1">out, 1, ap_memory, v0_12, array</column>
<column name="v0_12_q1">in, 64, ap_memory, v0_12, array</column>
<column name="v0_13_address0">out, 4, ap_memory, v0_13, array</column>
<column name="v0_13_ce0">out, 1, ap_memory, v0_13, array</column>
<column name="v0_13_q0">in, 64, ap_memory, v0_13, array</column>
<column name="v0_13_address1">out, 4, ap_memory, v0_13, array</column>
<column name="v0_13_ce1">out, 1, ap_memory, v0_13, array</column>
<column name="v0_13_q1">in, 64, ap_memory, v0_13, array</column>
<column name="v0_14_address0">out, 4, ap_memory, v0_14, array</column>
<column name="v0_14_ce0">out, 1, ap_memory, v0_14, array</column>
<column name="v0_14_q0">in, 64, ap_memory, v0_14, array</column>
<column name="v0_14_address1">out, 4, ap_memory, v0_14, array</column>
<column name="v0_14_ce1">out, 1, ap_memory, v0_14, array</column>
<column name="v0_14_q1">in, 64, ap_memory, v0_14, array</column>
<column name="v0_15_address0">out, 4, ap_memory, v0_15, array</column>
<column name="v0_15_ce0">out, 1, ap_memory, v0_15, array</column>
<column name="v0_15_q0">in, 64, ap_memory, v0_15, array</column>
<column name="v0_15_address1">out, 4, ap_memory, v0_15, array</column>
<column name="v0_15_ce1">out, 1, ap_memory, v0_15, array</column>
<column name="v0_15_q1">in, 64, ap_memory, v0_15, array</column>
<column name="v1_2_read">in, 64, ap_none, v1_2_read, scalar</column>
<column name="v2_0_address0">out, 4, ap_memory, v2_0, array</column>
<column name="v2_0_ce0">out, 1, ap_memory, v2_0, array</column>
<column name="v2_0_we0">out, 1, ap_memory, v2_0, array</column>
<column name="v2_0_d0">out, 64, ap_memory, v2_0, array</column>
<column name="v2_0_address1">out, 4, ap_memory, v2_0, array</column>
<column name="v2_0_ce1">out, 1, ap_memory, v2_0, array</column>
<column name="v2_0_we1">out, 1, ap_memory, v2_0, array</column>
<column name="v2_0_d1">out, 64, ap_memory, v2_0, array</column>
<column name="v2_1_address0">out, 4, ap_memory, v2_1, array</column>
<column name="v2_1_ce0">out, 1, ap_memory, v2_1, array</column>
<column name="v2_1_we0">out, 1, ap_memory, v2_1, array</column>
<column name="v2_1_d0">out, 64, ap_memory, v2_1, array</column>
<column name="v2_2_address0">out, 4, ap_memory, v2_2, array</column>
<column name="v2_2_ce0">out, 1, ap_memory, v2_2, array</column>
<column name="v2_2_we0">out, 1, ap_memory, v2_2, array</column>
<column name="v2_2_d0">out, 64, ap_memory, v2_2, array</column>
<column name="v2_3_address0">out, 4, ap_memory, v2_3, array</column>
<column name="v2_3_ce0">out, 1, ap_memory, v2_3, array</column>
<column name="v2_3_we0">out, 1, ap_memory, v2_3, array</column>
<column name="v2_3_d0">out, 64, ap_memory, v2_3, array</column>
<column name="v3_0_address0">out, 4, ap_memory, v3_0, array</column>
<column name="v3_0_ce0">out, 1, ap_memory, v3_0, array</column>
<column name="v3_0_q0">in, 64, ap_memory, v3_0, array</column>
<column name="v3_0_address1">out, 4, ap_memory, v3_0, array</column>
<column name="v3_0_ce1">out, 1, ap_memory, v3_0, array</column>
<column name="v3_0_q1">in, 64, ap_memory, v3_0, array</column>
<column name="v3_1_address0">out, 4, ap_memory, v3_1, array</column>
<column name="v3_1_ce0">out, 1, ap_memory, v3_1, array</column>
<column name="v3_1_q0">in, 64, ap_memory, v3_1, array</column>
<column name="v3_1_address1">out, 4, ap_memory, v3_1, array</column>
<column name="v3_1_ce1">out, 1, ap_memory, v3_1, array</column>
<column name="v3_1_q1">in, 64, ap_memory, v3_1, array</column>
<column name="v3_2_address0">out, 4, ap_memory, v3_2, array</column>
<column name="v3_2_ce0">out, 1, ap_memory, v3_2, array</column>
<column name="v3_2_q0">in, 64, ap_memory, v3_2, array</column>
<column name="v3_2_address1">out, 4, ap_memory, v3_2, array</column>
<column name="v3_2_ce1">out, 1, ap_memory, v3_2, array</column>
<column name="v3_2_q1">in, 64, ap_memory, v3_2, array</column>
<column name="v3_3_address0">out, 4, ap_memory, v3_3, array</column>
<column name="v3_3_ce0">out, 1, ap_memory, v3_3, array</column>
<column name="v3_3_q0">in, 64, ap_memory, v3_3, array</column>
<column name="v3_3_address1">out, 4, ap_memory, v3_3, array</column>
<column name="v3_3_ce1">out, 1, ap_memory, v3_3, array</column>
<column name="v3_3_q1">in, 64, ap_memory, v3_3, array</column>
</table>
</item>
</section>
</profile>
