<profile>

<section name = "Vivado HLS Report for 'get_delta_matrix_wei_1'" level="0">
<item name = "Date">Wed Apr 20 10:31:55 2022
</item>
<item name = "Version">2019.2 (Build 2704478 on Wed Nov 06 22:10:23 MST 2019)</item>
<item name = "Project">backprop</item>
<item name = "Solution">adse</item>
<item name = "Product family">zynq</item>
<item name = "Target device">xc7z045-ffg900-2</item>
</section>

<section name = "Performance Estimates" level="0">
<item name = "Timing">
<section name = "" level="1">
<item name = "Summary"><table name="" hasTotal="0">
<keys size="4">Clock, Target, Estimated, Uncertainty</keys>
<column name="ap_clk">10.00 ns, 8.697 ns, 1.25 ns</column>
</table>
</item>
</section>
</item>
<item name = "Latency">
<section name = "" level="1">
<item name = "Summary"><table name="" hasTotal="0">
<keys size="8">, min, max, min, max, min, max, Type</keys>
<column name="">520, 520, 5.200 us, 5.200 us, 520, 520, none</column>
</table>
</item>
<item name = "Detail">
<section name = "" level="1">
<item name = "Instance"><table name="" hasTotal="0">
<keys size="9">Instance, Module, min, max, min, max, min, max, Type</keys>
</table>
</item>
<item name = "Loop"><table name="" hasTotal="0">
<keys size="8">Loop Name, min, max, Latency, achieved, target, Count, Pipelined</keys>
<column name="- Loop 1">518, 518, 23, 16, 1, 32, yes</column>
</table>
</item>
</section>
</item>
</section>
</item>
</section>

<section name = "Utilization Estimates" level="0">
<item name = "Summary"><table name="" hasTotal="1">
<keys size="6">Name, BRAM_18K, DSP48E, FF, LUT, URAM</keys>
<column name="DSP">-, -, -, -, -</column>
<column name="Expression">-, -, 0, 449, -</column>
<column name="FIFO">-, -, -, -, -</column>
<column name="Instance">-, 88, 2392, 4560, -</column>
<column name="Memory">-, -, -, -, -</column>
<column name="Multiplexer">-, -, -, 185, -</column>
<column name="Register">-, -, 4781, -, -</column>
<specialColumn name="Available">1090, 900, 437200, 218600, 0</specialColumn>
<specialColumn name="Utilization (%)">0, 9, 1, 2, 0</specialColumn>
</table>
</item>
<item name = "Detail">
<section name = "" level="1">
<item name = "Instance"><table name="" hasTotal="1">
<keys size="7">Instance, Module, BRAM_18K, DSP48E, FF, LUT, URAM</keys>
<column name="backprop_dmul_64ndEe_U186">backprop_dmul_64ndEe, 0, 11, 299, 570, 0</column>
<column name="backprop_dmul_64ndEe_U187">backprop_dmul_64ndEe, 0, 11, 299, 570, 0</column>
<column name="backprop_dmul_64ndEe_U188">backprop_dmul_64ndEe, 0, 11, 299, 570, 0</column>
<column name="backprop_dmul_64ndEe_U189">backprop_dmul_64ndEe, 0, 11, 299, 570, 0</column>
<column name="backprop_dmul_64ndEe_U190">backprop_dmul_64ndEe, 0, 11, 299, 570, 0</column>
<column name="backprop_dmul_64ndEe_U191">backprop_dmul_64ndEe, 0, 11, 299, 570, 0</column>
<column name="backprop_dmul_64ndEe_U192">backprop_dmul_64ndEe, 0, 11, 299, 570, 0</column>
<column name="backprop_dmul_64ndEe_U193">backprop_dmul_64ndEe, 0, 11, 299, 570, 0</column>
</table>
</item>
<item name = "DSP48E"><table name="" hasTotal="0">
<keys size="3">Instance, Module, Expression</keys>
</table>
</item>
<item name = "Memory"><table name="" hasTotal="1">
<keys size="10">Memory, Module, BRAM_18K, FF, LUT, URAM, Words, Bits, Banks, W*Bits*Banks</keys>
</table>
</item>
<item name = "FIFO"><table name="" hasTotal="1">
<keys size="8">Name, BRAM_18K, FF, LUT, URAM, Depth, Bits, Size:D*B</keys>
</table>
</item>
<item name = "Expression"><table name="" hasTotal="1">
<keys size="7">Variable Name, Operation, DSP48E, FF, LUT, Bitwidth P0, Bitwidth P1</keys>
<column name="v3_fu_1901_p2">+, 0, 0, 6, 6, 1</column>
<column name="icmp_ln226_fu_1895_p2">icmp, 0, 0, 3, 6, 7</column>
<column name="or_ln234_10_fu_2093_p2">or, 0, 0, 10, 10, 4</column>
<column name="or_ln234_11_fu_2106_p2">or, 0, 0, 10, 10, 4</column>
<column name="or_ln234_12_fu_2119_p2">or, 0, 0, 10, 10, 4</column>
<column name="or_ln234_13_fu_2132_p2">or, 0, 0, 10, 10, 4</column>
<column name="or_ln234_14_fu_2145_p2">or, 0, 0, 10, 10, 4</column>
<column name="or_ln234_15_fu_2158_p2">or, 0, 0, 10, 10, 5</column>
<column name="or_ln234_16_fu_2171_p2">or, 0, 0, 10, 10, 5</column>
<column name="or_ln234_17_fu_2184_p2">or, 0, 0, 10, 10, 5</column>
<column name="or_ln234_18_fu_2197_p2">or, 0, 0, 10, 10, 5</column>
<column name="or_ln234_19_fu_2210_p2">or, 0, 0, 10, 10, 5</column>
<column name="or_ln234_1_fu_1976_p2">or, 0, 0, 10, 10, 2</column>
<column name="or_ln234_20_fu_2223_p2">or, 0, 0, 10, 10, 5</column>
<column name="or_ln234_21_fu_2236_p2">or, 0, 0, 10, 10, 5</column>
<column name="or_ln234_22_fu_2249_p2">or, 0, 0, 10, 10, 5</column>
<column name="or_ln234_23_fu_2262_p2">or, 0, 0, 10, 10, 5</column>
<column name="or_ln234_24_fu_2275_p2">or, 0, 0, 10, 10, 5</column>
<column name="or_ln234_25_fu_2288_p2">or, 0, 0, 10, 10, 5</column>
<column name="or_ln234_26_fu_2301_p2">or, 0, 0, 10, 10, 5</column>
<column name="or_ln234_27_fu_2314_p2">or, 0, 0, 10, 10, 5</column>
<column name="or_ln234_28_fu_2327_p2">or, 0, 0, 10, 10, 5</column>
<column name="or_ln234_29_fu_2340_p2">or, 0, 0, 10, 10, 5</column>
<column name="or_ln234_2_fu_1989_p2">or, 0, 0, 10, 10, 2</column>
<column name="or_ln234_30_fu_2353_p2">or, 0, 0, 10, 10, 5</column>
<column name="or_ln234_3_fu_2002_p2">or, 0, 0, 10, 10, 3</column>
<column name="or_ln234_4_fu_2015_p2">or, 0, 0, 10, 10, 3</column>
<column name="or_ln234_5_fu_2028_p2">or, 0, 0, 10, 10, 3</column>
<column name="or_ln234_6_fu_2041_p2">or, 0, 0, 10, 10, 3</column>
<column name="or_ln234_7_fu_2054_p2">or, 0, 0, 10, 10, 4</column>
<column name="or_ln234_8_fu_2067_p2">or, 0, 0, 10, 10, 4</column>
<column name="or_ln234_9_fu_2080_p2">or, 0, 0, 10, 10, 4</column>
<column name="or_ln234_fu_1962_p2">or, 0, 0, 10, 10, 1</column>
<column name="select_ln231_1_fu_1940_p3">select, 0, 0, 64, 1, 64</column>
<column name="select_ln231_fu_1933_p3">select, 0, 0, 64, 1, 64</column>
<column name="ap_enable_pp0">xor, 0, 0, 2, 1, 2</column>
</table>
</item>
<item name = "Multiplexer"><table name="" hasTotal="1">
<keys size="5">Name, LUT, Input Size, Bits, Total Bits</keys>
<column name="ap_NS_fsm">8, 19, 1, 19</column>
<column name="ap_enable_reg_pp0_iter1">3, 2, 1, 2</column>
<column name="ap_phi_mux_v3_0_phi_fu_1816_p4">3, 2, 6, 12</column>
<column name="grp_fu_1823_p0">3, 3, 64, 192</column>
<column name="grp_fu_1823_p1">5, 9, 64, 576</column>
<column name="grp_fu_1827_p0">3, 3, 64, 192</column>
<column name="grp_fu_1827_p1">5, 9, 64, 576</column>
<column name="grp_fu_1831_p0">3, 3, 64, 192</column>
<column name="grp_fu_1831_p1">5, 9, 64, 576</column>
<column name="grp_fu_1835_p0">3, 3, 64, 192</column>
<column name="grp_fu_1835_p1">5, 9, 64, 576</column>
<column name="grp_fu_1839_p0">3, 3, 64, 192</column>
<column name="grp_fu_1839_p1">5, 9, 64, 576</column>
<column name="grp_fu_1843_p0">3, 3, 64, 192</column>
<column name="grp_fu_1843_p1">5, 9, 64, 576</column>
<column name="grp_fu_1847_p0">3, 3, 64, 192</column>
<column name="grp_fu_1847_p1">5, 9, 64, 576</column>
<column name="grp_fu_1851_p0">3, 3, 64, 192</column>
<column name="grp_fu_1851_p1">5, 9, 64, 576</column>
<column name="v0_0_address0">8, 17, 10, 170</column>
<column name="v0_0_address1">8, 17, 10, 170</column>
<column name="v0_1_address0">8, 17, 10, 170</column>
<column name="v0_1_address1">8, 17, 10, 170</column>
<column name="v0_2_address0">8, 17, 10, 170</column>
<column name="v0_2_address1">8, 17, 10, 170</column>
<column name="v0_3_address0">8, 17, 10, 170</column>
<column name="v0_3_address1">8, 17, 10, 170</column>
<column name="v1_0_address0">5, 9, 4, 36</column>
<column name="v1_0_address1">5, 9, 4, 36</column>
<column name="v1_1_address0">5, 9, 4, 36</column>
<column name="v1_1_address1">5, 9, 4, 36</column>
<column name="v1_2_address0">5, 9, 4, 36</column>
<column name="v1_2_address1">5, 9, 4, 36</column>
<column name="v1_3_address0">5, 9, 4, 36</column>
<column name="v1_3_address1">5, 9, 4, 36</column>
<column name="v3_0_reg_1812">3, 2, 6, 12</column>
</table>
</item>
<item name = "Register"><table name="" hasTotal="1">
<keys size="5">Name, FF, LUT, Bits, Const Bits</keys>
<column name="ap_CS_fsm">18, 0, 18, 0</column>
<column name="ap_enable_reg_pp0_iter0">1, 0, 1, 0</column>
<column name="ap_enable_reg_pp0_iter1">1, 0, 1, 0</column>
<column name="icmp_ln226_reg_2686">1, 0, 1, 0</column>
<column name="icmp_ln226_reg_2686_pp0_iter1_reg">1, 0, 1, 0</column>
<column name="reg_1855">64, 0, 64, 0</column>
<column name="reg_1860">64, 0, 64, 0</column>
<column name="reg_1865">64, 0, 64, 0</column>
<column name="reg_1870">64, 0, 64, 0</column>
<column name="reg_1875">64, 0, 64, 0</column>
<column name="reg_1880">64, 0, 64, 0</column>
<column name="reg_1885">64, 0, 64, 0</column>
<column name="reg_1890">64, 0, 64, 0</column>
<column name="select_ln231_1_reg_2778">64, 0, 64, 0</column>
<column name="select_ln231_reg_2726">64, 0, 64, 0</column>
<column name="shl_ln_reg_2990">5, 0, 10, 5</column>
<column name="trunc_ln231_reg_2695">1, 0, 1, 0</column>
<column name="trunc_ln234_reg_2711">5, 0, 5, 0</column>
<column name="v1_0_load_12_reg_2758">64, 0, 64, 0</column>
<column name="v1_0_load_13_reg_2790">64, 0, 64, 0</column>
<column name="v1_0_load_14_reg_2810">64, 0, 64, 0</column>
<column name="v1_0_load_15_reg_2830">64, 0, 64, 0</column>
<column name="v1_0_load_16_reg_2850">64, 0, 64, 0</column>
<column name="v1_0_load_17_reg_2870">64, 0, 64, 0</column>
<column name="v1_0_load_18_reg_2890">64, 0, 64, 0</column>
<column name="v1_0_load_19_reg_2910">64, 0, 64, 0</column>
<column name="v1_0_load_20_reg_2930">64, 0, 64, 0</column>
<column name="v1_0_load_21_reg_2950">64, 0, 64, 0</column>
<column name="v1_0_load_22_reg_2970">64, 0, 64, 0</column>
<column name="v1_0_load_23_reg_3024">64, 0, 64, 0</column>
<column name="v1_0_load_24_reg_3044">64, 0, 64, 0</column>
<column name="v1_0_load_25_reg_3064">64, 0, 64, 0</column>
<column name="v1_0_load_26_reg_3084">64, 0, 64, 0</column>
<column name="v1_0_load_reg_2738">64, 0, 64, 0</column>
<column name="v1_1_load_12_reg_2763">64, 0, 64, 0</column>
<column name="v1_1_load_13_reg_2795">64, 0, 64, 0</column>
<column name="v1_1_load_14_reg_2815">64, 0, 64, 0</column>
<column name="v1_1_load_15_reg_2835">64, 0, 64, 0</column>
<column name="v1_1_load_16_reg_2855">64, 0, 64, 0</column>
<column name="v1_1_load_17_reg_2875">64, 0, 64, 0</column>
<column name="v1_1_load_18_reg_2895">64, 0, 64, 0</column>
<column name="v1_1_load_19_reg_2915">64, 0, 64, 0</column>
<column name="v1_1_load_20_reg_2935">64, 0, 64, 0</column>
<column name="v1_1_load_21_reg_2955">64, 0, 64, 0</column>
<column name="v1_1_load_22_reg_2975">64, 0, 64, 0</column>
<column name="v1_1_load_23_reg_3029">64, 0, 64, 0</column>
<column name="v1_1_load_24_reg_3049">64, 0, 64, 0</column>
<column name="v1_1_load_25_reg_3069">64, 0, 64, 0</column>
<column name="v1_1_load_26_reg_3089">64, 0, 64, 0</column>
<column name="v1_1_load_reg_2743">64, 0, 64, 0</column>
<column name="v1_2_load_12_reg_2768">64, 0, 64, 0</column>
<column name="v1_2_load_13_reg_2800">64, 0, 64, 0</column>
<column name="v1_2_load_14_reg_2820">64, 0, 64, 0</column>
<column name="v1_2_load_15_reg_2840">64, 0, 64, 0</column>
<column name="v1_2_load_16_reg_2860">64, 0, 64, 0</column>
<column name="v1_2_load_17_reg_2880">64, 0, 64, 0</column>
<column name="v1_2_load_18_reg_2900">64, 0, 64, 0</column>
<column name="v1_2_load_19_reg_2920">64, 0, 64, 0</column>
<column name="v1_2_load_20_reg_2940">64, 0, 64, 0</column>
<column name="v1_2_load_21_reg_2960">64, 0, 64, 0</column>
<column name="v1_2_load_22_reg_2980">64, 0, 64, 0</column>
<column name="v1_2_load_23_reg_3034">64, 0, 64, 0</column>
<column name="v1_2_load_24_reg_3054">64, 0, 64, 0</column>
<column name="v1_2_load_25_reg_3074">64, 0, 64, 0</column>
<column name="v1_2_load_26_reg_3094">64, 0, 64, 0</column>
<column name="v1_2_load_reg_2748">64, 0, 64, 0</column>
<column name="v1_3_load_12_reg_2773">64, 0, 64, 0</column>
<column name="v1_3_load_13_reg_2805">64, 0, 64, 0</column>
<column name="v1_3_load_14_reg_2825">64, 0, 64, 0</column>
<column name="v1_3_load_15_reg_2845">64, 0, 64, 0</column>
<column name="v1_3_load_16_reg_2865">64, 0, 64, 0</column>
<column name="v1_3_load_17_reg_2885">64, 0, 64, 0</column>
<column name="v1_3_load_18_reg_2905">64, 0, 64, 0</column>
<column name="v1_3_load_19_reg_2925">64, 0, 64, 0</column>
<column name="v1_3_load_20_reg_2945">64, 0, 64, 0</column>
<column name="v1_3_load_21_reg_2965">64, 0, 64, 0</column>
<column name="v1_3_load_22_reg_2985">64, 0, 64, 0</column>
<column name="v1_3_load_23_reg_3039">64, 0, 64, 0</column>
<column name="v1_3_load_24_reg_3059">64, 0, 64, 0</column>
<column name="v1_3_load_25_reg_3079">64, 0, 64, 0</column>
<column name="v1_3_load_26_reg_3099">64, 0, 64, 0</column>
<column name="v1_3_load_reg_2753">64, 0, 64, 0</column>
<column name="v3_0_reg_1812">6, 0, 6, 0</column>
<column name="v3_reg_2690">6, 0, 6, 0</column>
</table>
</item>
</section>
</item>
</section>

<section name = "Interface" level="0">
<item name = "Summary"><table name="" hasTotal="0">
<keys size="6">RTL Ports, Dir, Bits, Protocol, Source Object, C Type</keys>
<column name="ap_clk">in, 1, ap_ctrl_hs, get_delta_matrix_wei.1, return value</column>
<column name="ap_rst">in, 1, ap_ctrl_hs, get_delta_matrix_wei.1, return value</column>
<column name="ap_start">in, 1, ap_ctrl_hs, get_delta_matrix_wei.1, return value</column>
<column name="ap_done">out, 1, ap_ctrl_hs, get_delta_matrix_wei.1, return value</column>
<column name="ap_idle">out, 1, ap_ctrl_hs, get_delta_matrix_wei.1, return value</column>
<column name="ap_ready">out, 1, ap_ctrl_hs, get_delta_matrix_wei.1, return value</column>
<column name="v0_0_address0">out, 10, ap_memory, v0_0, array</column>
<column name="v0_0_ce0">out, 1, ap_memory, v0_0, array</column>
<column name="v0_0_we0">out, 1, ap_memory, v0_0, array</column>
<column name="v0_0_d0">out, 64, ap_memory, v0_0, array</column>
<column name="v0_0_address1">out, 10, ap_memory, v0_0, array</column>
<column name="v0_0_ce1">out, 1, ap_memory, v0_0, array</column>
<column name="v0_0_we1">out, 1, ap_memory, v0_0, array</column>
<column name="v0_0_d1">out, 64, ap_memory, v0_0, array</column>
<column name="v0_1_address0">out, 10, ap_memory, v0_1, array</column>
<column name="v0_1_ce0">out, 1, ap_memory, v0_1, array</column>
<column name="v0_1_we0">out, 1, ap_memory, v0_1, array</column>
<column name="v0_1_d0">out, 64, ap_memory, v0_1, array</column>
<column name="v0_1_address1">out, 10, ap_memory, v0_1, array</column>
<column name="v0_1_ce1">out, 1, ap_memory, v0_1, array</column>
<column name="v0_1_we1">out, 1, ap_memory, v0_1, array</column>
<column name="v0_1_d1">out, 64, ap_memory, v0_1, array</column>
<column name="v0_2_address0">out, 10, ap_memory, v0_2, array</column>
<column name="v0_2_ce0">out, 1, ap_memory, v0_2, array</column>
<column name="v0_2_we0">out, 1, ap_memory, v0_2, array</column>
<column name="v0_2_d0">out, 64, ap_memory, v0_2, array</column>
<column name="v0_2_address1">out, 10, ap_memory, v0_2, array</column>
<column name="v0_2_ce1">out, 1, ap_memory, v0_2, array</column>
<column name="v0_2_we1">out, 1, ap_memory, v0_2, array</column>
<column name="v0_2_d1">out, 64, ap_memory, v0_2, array</column>
<column name="v0_3_address0">out, 10, ap_memory, v0_3, array</column>
<column name="v0_3_ce0">out, 1, ap_memory, v0_3, array</column>
<column name="v0_3_we0">out, 1, ap_memory, v0_3, array</column>
<column name="v0_3_d0">out, 64, ap_memory, v0_3, array</column>
<column name="v0_3_address1">out, 10, ap_memory, v0_3, array</column>
<column name="v0_3_ce1">out, 1, ap_memory, v0_3, array</column>
<column name="v0_3_we1">out, 1, ap_memory, v0_3, array</column>
<column name="v0_3_d1">out, 64, ap_memory, v0_3, array</column>
<column name="v1_0_address0">out, 4, ap_memory, v1_0, array</column>
<column name="v1_0_ce0">out, 1, ap_memory, v1_0, array</column>
<column name="v1_0_q0">in, 64, ap_memory, v1_0, array</column>
<column name="v1_0_address1">out, 4, ap_memory, v1_0, array</column>
<column name="v1_0_ce1">out, 1, ap_memory, v1_0, array</column>
<column name="v1_0_q1">in, 64, ap_memory, v1_0, array</column>
<column name="v1_1_address0">out, 4, ap_memory, v1_1, array</column>
<column name="v1_1_ce0">out, 1, ap_memory, v1_1, array</column>
<column name="v1_1_q0">in, 64, ap_memory, v1_1, array</column>
<column name="v1_1_address1">out, 4, ap_memory, v1_1, array</column>
<column name="v1_1_ce1">out, 1, ap_memory, v1_1, array</column>
<column name="v1_1_q1">in, 64, ap_memory, v1_1, array</column>
<column name="v1_2_address0">out, 4, ap_memory, v1_2, array</column>
<column name="v1_2_ce0">out, 1, ap_memory, v1_2, array</column>
<column name="v1_2_q0">in, 64, ap_memory, v1_2, array</column>
<column name="v1_2_address1">out, 4, ap_memory, v1_2, array</column>
<column name="v1_2_ce1">out, 1, ap_memory, v1_2, array</column>
<column name="v1_2_q1">in, 64, ap_memory, v1_2, array</column>
<column name="v1_3_address0">out, 4, ap_memory, v1_3, array</column>
<column name="v1_3_ce0">out, 1, ap_memory, v1_3, array</column>
<column name="v1_3_q0">in, 64, ap_memory, v1_3, array</column>
<column name="v1_3_address1">out, 4, ap_memory, v1_3, array</column>
<column name="v1_3_ce1">out, 1, ap_memory, v1_3, array</column>
<column name="v1_3_q1">in, 64, ap_memory, v1_3, array</column>
<column name="v2_0_address0">out, 4, ap_memory, v2_0, array</column>
<column name="v2_0_ce0">out, 1, ap_memory, v2_0, array</column>
<column name="v2_0_q0">in, 64, ap_memory, v2_0, array</column>
<column name="v2_1_address0">out, 4, ap_memory, v2_1, array</column>
<column name="v2_1_ce0">out, 1, ap_memory, v2_1, array</column>
<column name="v2_1_q0">in, 64, ap_memory, v2_1, array</column>
<column name="v2_2_address0">out, 4, ap_memory, v2_2, array</column>
<column name="v2_2_ce0">out, 1, ap_memory, v2_2, array</column>
<column name="v2_2_q0">in, 64, ap_memory, v2_2, array</column>
<column name="v2_3_address0">out, 4, ap_memory, v2_3, array</column>
<column name="v2_3_ce0">out, 1, ap_memory, v2_3, array</column>
<column name="v2_3_q0">in, 64, ap_memory, v2_3, array</column>
</table>
</item>
</section>
</profile>
