<profile>

<section name = "Vivado HLS Report for 'matrix_vector_produc_2'" level="0">
<item name = "Date">Wed Apr 20 10:31:47 2022
</item>
<item name = "Version">2019.2 (Build 2704478 on Wed Nov 06 22:10:23 MST 2019)</item>
<item name = "Project">backprop</item>
<item name = "Solution">adse</item>
<item name = "Product family">zynq</item>
<item name = "Target device">xc7z045-ffg900-2</item>
</section>

<section name = "Performance Estimates" level="0">
<item name = "Timing">
<section name = "" level="1">
<item name = "Summary"><table name="" hasTotal="0">
<keys size="4">Clock, Target, Estimated, Uncertainty</keys>
<column name="ap_clk">10.00 ns, 8.417 ns, 1.25 ns</column>
</table>
</item>
</section>
</item>
<item name = "Latency">
<section name = "" level="1">
<item name = "Summary"><table name="" hasTotal="0">
<keys size="8">, min, max, min, max, min, max, Type</keys>
<column name="">543, 543, 5.430 us, 5.430 us, 543, 543, none</column>
</table>
</item>
<item name = "Detail">
<section name = "" level="1">
<item name = "Instance"><table name="" hasTotal="0">
<keys size="9">Instance, Module, min, max, min, max, min, max, Type</keys>
<column name="grp_add_bias_to_activati_fu_471">add_bias_to_activati, 513, 513, 5.130 us, 5.130 us, 513, 513, none</column>
</table>
</item>
<item name = "Loop"><table name="" hasTotal="0">
<keys size="8">Loop Name, min, max, Latency, achieved, target, Count, Pipelined</keys>
<column name="- Loop 1">27, 27, 14, 2, 1, 8, yes</column>
</table>
</item>
</section>
</item>
</section>
</item>
</section>

<section name = "Utilization Estimates" level="0">
<item name = "Summary"><table name="" hasTotal="1">
<keys size="6">Name, BRAM_18K, DSP48E, FF, LUT, URAM</keys>
<column name="DSP">-, -, -, -, -</column>
<column name="Expression">-, 0, 0, 864, -</column>
<column name="FIFO">-, -, -, -, -</column>
<column name="Instance">-, 59, 3654, 8082, -</column>
<column name="Memory">-, -, -, -, -</column>
<column name="Multiplexer">-, -, -, 91, -</column>
<column name="Register">0, -, 1808, 192, -</column>
<specialColumn name="Available">1090, 900, 437200, 218600, 0</specialColumn>
<specialColumn name="Utilization (%)">0, 6, 1, 4, 0</specialColumn>
</table>
</item>
<item name = "Detail">
<section name = "" level="1">
<item name = "Instance"><table name="" hasTotal="1">
<keys size="7">Instance, Module, BRAM_18K, DSP48E, FF, LUT, URAM</keys>
<column name="grp_add_bias_to_activati_fu_471">add_bias_to_activati, 0, 3, 678, 1206, 0</column>
<column name="backprop_dadd_64nbkb_U14">backprop_dadd_64nbkb, 0, 3, 445, 1149, 0</column>
<column name="backprop_dadd_64nbkb_U15">backprop_dadd_64nbkb, 0, 3, 445, 1149, 0</column>
<column name="backprop_dadd_64nbkb_U16">backprop_dadd_64nbkb, 0, 3, 445, 1149, 0</column>
<column name="backprop_dadd_64nbkb_U17">backprop_dadd_64nbkb, 0, 3, 445, 1149, 0</column>
<column name="backprop_dmul_64ndEe_U18">backprop_dmul_64ndEe, 0, 11, 299, 570, 0</column>
<column name="backprop_dmul_64ndEe_U19">backprop_dmul_64ndEe, 0, 11, 299, 570, 0</column>
<column name="backprop_dmul_64ndEe_U20">backprop_dmul_64ndEe, 0, 11, 299, 570, 0</column>
<column name="backprop_dmul_64ndEe_U21">backprop_dmul_64ndEe, 0, 11, 299, 570, 0</column>
</table>
</item>
<item name = "DSP48E"><table name="" hasTotal="0">
<keys size="3">Instance, Module, Expression</keys>
</table>
</item>
<item name = "Memory"><table name="" hasTotal="1">
<keys size="10">Memory, Module, BRAM_18K, FF, LUT, URAM, Words, Bits, Banks, W*Bits*Banks</keys>
</table>
</item>
<item name = "FIFO"><table name="" hasTotal="1">
<keys size="8">Name, BRAM_18K, FF, LUT, URAM, Depth, Bits, Size:D*B</keys>
</table>
</item>
<item name = "Expression"><table name="" hasTotal="1">
<keys size="7">Variable Name, Operation, DSP48E, FF, LUT, Bitwidth P0, Bitwidth P1</keys>
<column name="mul_ln69_1_fu_618_p2">*, 0, 0, 26, 4, 6</column>
<column name="mul_ln69_2_fu_638_p2">*, 0, 0, 26, 4, 6</column>
<column name="mul_ln69_3_fu_668_p2">*, 0, 0, 26, 4, 6</column>
<column name="mul_ln69_4_fu_863_p2">*, 0, 0, 26, 4, 6</column>
<column name="mul_ln69_5_fu_892_p2">*, 0, 0, 26, 4, 6</column>
<column name="mul_ln69_6_fu_921_p2">*, 0, 0, 26, 4, 6</column>
<column name="mul_ln69_fu_598_p2">*, 0, 0, 26, 4, 6</column>
<column name="add_ln69_1_fu_710_p2">+, 0, 0, 10, 4, 10</column>
<column name="add_ln69_2_fu_742_p2">+, 0, 0, 10, 4, 10</column>
<column name="add_ln69_3_fu_774_p2">+, 0, 0, 10, 4, 10</column>
<column name="add_ln69_4_fu_806_p2">+, 0, 0, 10, 4, 10</column>
<column name="add_ln69_5_fu_966_p2">+, 0, 0, 10, 4, 10</column>
<column name="add_ln69_6_fu_998_p2">+, 0, 0, 10, 4, 10</column>
<column name="add_ln69_7_fu_1030_p2">+, 0, 0, 10, 4, 10</column>
<column name="add_ln69_8_fu_838_p2">+, 0, 0, 10, 7, 10</column>
<column name="add_ln69_fu_678_p2">+, 0, 0, 10, 4, 10</column>
<column name="add_ln70_fu_547_p2">+, 0, 0, 12, 12, 4</column>
<column name="v5_fu_564_p2">+, 0, 0, 6, 4, 1</column>
<column name="icmp_ln63_fu_558_p2">icmp, 0, 0, 2, 4, 5</column>
<column name="icmp_ln69_1_fu_736_p2">icmp, 0, 0, 2, 4, 3</column>
<column name="icmp_ln69_2_fu_768_p2">icmp, 0, 0, 2, 4, 2</column>
<column name="icmp_ln69_3_fu_800_p2">icmp, 0, 0, 2, 4, 3</column>
<column name="icmp_ln69_4_fu_832_p2">icmp, 0, 0, 2, 4, 3</column>
<column name="icmp_ln69_5_fu_992_p2">icmp, 0, 0, 2, 4, 1</column>
<column name="icmp_ln69_6_fu_1024_p2">icmp, 0, 0, 2, 4, 3</column>
<column name="icmp_ln69_7_fu_1056_p2">icmp, 0, 0, 2, 4, 2</column>
<column name="icmp_ln69_fu_704_p2">icmp, 0, 0, 2, 4, 1</column>
<column name="or_ln67_1_fu_608_p2">or, 0, 0, 6, 6, 2</column>
<column name="or_ln67_2_fu_628_p2">or, 0, 0, 6, 6, 2</column>
<column name="or_ln67_3_fu_648_p2">or, 0, 0, 6, 6, 3</column>
<column name="or_ln67_4_fu_844_p2">or, 0, 0, 6, 6, 3</column>
<column name="or_ln67_5_fu_873_p2">or, 0, 0, 6, 6, 3</column>
<column name="or_ln67_6_fu_902_p2">or, 0, 0, 6, 6, 3</column>
<column name="or_ln67_fu_588_p2">or, 0, 0, 6, 6, 1</column>
<column name="select_ln69_1_fu_938_p3">select, 0, 0, 64, 1, 64</column>
<column name="select_ln69_2_fu_945_p3">select, 0, 0, 64, 1, 64</column>
<column name="select_ln69_3_fu_952_p3">select, 0, 0, 64, 1, 64</column>
<column name="select_ln69_4_fu_959_p3">select, 0, 0, 64, 1, 64</column>
<column name="select_ln69_5_fu_1062_p3">select, 0, 0, 64, 1, 64</column>
<column name="select_ln69_6_fu_1069_p3">select, 0, 0, 64, 1, 64</column>
<column name="select_ln69_7_fu_1076_p3">select, 0, 0, 64, 1, 64</column>
<column name="select_ln69_fu_931_p3">select, 0, 0, 64, 1, 64</column>
<column name="ap_enable_pp0">xor, 0, 0, 2, 1, 2</column>
</table>
</item>
<item name = "Multiplexer"><table name="" hasTotal="1">
<keys size="5">Name, LUT, Input Size, Bits, Total Bits</keys>
<column name="ap_NS_fsm">4, 6, 1, 6</column>
<column name="ap_enable_reg_pp0_iter6">3, 2, 1, 2</column>
<column name="ap_phi_mux_phi_mul_phi_fu_463_p4">3, 2, 10, 20</column>
<column name="ap_phi_mux_v5_0_phi_fu_452_p4">3, 2, 4, 8</column>
<column name="grp_fu_491_p0">3, 3, 64, 192</column>
<column name="grp_fu_496_p0">3, 3, 64, 192</column>
<column name="grp_fu_501_p0">3, 3, 64, 192</column>
<column name="grp_fu_506_p0">3, 3, 64, 192</column>
<column name="grp_fu_511_p0">3, 3, 64, 192</column>
<column name="grp_fu_515_p0">3, 3, 64, 192</column>
<column name="grp_fu_519_p0">3, 3, 64, 192</column>
<column name="grp_fu_523_p0">3, 3, 64, 192</column>
<column name="phi_mul_reg_459">3, 2, 10, 20</column>
<column name="v2_0_address0">3, 4, 4, 16</column>
<column name="v2_0_ce0">3, 3, 1, 3</column>
<column name="v2_0_d0">3, 3, 64, 192</column>
<column name="v2_0_we0">3, 3, 1, 3</column>
<column name="v2_1_address0">3, 4, 4, 16</column>
<column name="v2_1_ce0">3, 3, 1, 3</column>
<column name="v2_1_d0">3, 3, 64, 192</column>
<column name="v2_1_we0">3, 3, 1, 3</column>
<column name="v2_2_address0">3, 4, 4, 16</column>
<column name="v2_2_ce0">3, 3, 1, 3</column>
<column name="v2_2_d0">3, 3, 64, 192</column>
<column name="v2_2_we0">3, 3, 1, 3</column>
<column name="v2_3_address0">3, 4, 4, 16</column>
<column name="v2_3_ce0">3, 3, 1, 3</column>
<column name="v2_3_d0">3, 3, 64, 192</column>
<column name="v2_3_we0">3, 3, 1, 3</column>
<column name="v5_0_reg_448">3, 2, 4, 8</column>
</table>
</item>
<item name = "Register"><table name="" hasTotal="1">
<keys size="5">Name, FF, LUT, Bits, Const Bits</keys>
<column name="add_ln69_8_reg_1212">10, 0, 10, 0</column>
<column name="ap_CS_fsm">5, 0, 5, 0</column>
<column name="ap_enable_reg_pp0_iter0">1, 0, 1, 0</column>
<column name="ap_enable_reg_pp0_iter1">1, 0, 1, 0</column>
<column name="ap_enable_reg_pp0_iter2">1, 0, 1, 0</column>
<column name="ap_enable_reg_pp0_iter3">1, 0, 1, 0</column>
<column name="ap_enable_reg_pp0_iter4">1, 0, 1, 0</column>
<column name="ap_enable_reg_pp0_iter5">1, 0, 1, 0</column>
<column name="ap_enable_reg_pp0_iter6">1, 0, 1, 0</column>
<column name="grp_add_bias_to_activati_fu_471_ap_start_reg">1, 0, 1, 0</column>
<column name="icmp_ln63_reg_1111">1, 0, 1, 0</column>
<column name="icmp_ln69_1_reg_1162">1, 0, 1, 0</column>
<column name="icmp_ln69_2_reg_1177">1, 0, 1, 0</column>
<column name="icmp_ln69_3_reg_1192">1, 0, 1, 0</column>
<column name="icmp_ln69_4_reg_1207">1, 0, 1, 0</column>
<column name="icmp_ln69_5_reg_1275">1, 0, 1, 0</column>
<column name="icmp_ln69_6_reg_1290">1, 0, 1, 0</column>
<column name="icmp_ln69_7_reg_1305">1, 0, 1, 0</column>
<column name="icmp_ln69_reg_1147">1, 0, 1, 0</column>
<column name="lshr_ln68_1_reg_1217">3, 0, 4, 1</column>
<column name="lshr_ln68_2_reg_1222">3, 0, 4, 1</column>
<column name="lshr_ln68_3_reg_1227">3, 0, 4, 1</column>
<column name="lshr_ln_reg_1132">3, 0, 4, 1</column>
<column name="phi_mul_reg_459">10, 0, 10, 0</column>
<column name="reg_527">64, 0, 64, 0</column>
<column name="reg_532">64, 0, 64, 0</column>
<column name="reg_537">64, 0, 64, 0</column>
<column name="reg_542">64, 0, 64, 0</column>
<column name="select_ln69_1_reg_1245">64, 0, 64, 0</column>
<column name="select_ln69_2_reg_1250">64, 0, 64, 0</column>
<column name="select_ln69_3_reg_1255">64, 0, 64, 0</column>
<column name="select_ln69_4_reg_1260">64, 0, 64, 0</column>
<column name="select_ln69_5_reg_1310">64, 0, 64, 0</column>
<column name="select_ln69_6_reg_1315">64, 0, 64, 0</column>
<column name="select_ln69_7_reg_1320">64, 0, 64, 0</column>
<column name="select_ln69_reg_1232">64, 0, 64, 0</column>
<column name="shl_ln68_reg_1127">3, 0, 4, 1</column>
<column name="shl_ln_reg_1120">3, 0, 6, 3</column>
<column name="v11_12_1_reg_1330">64, 0, 64, 0</column>
<column name="v11_12_2_reg_1335">64, 0, 64, 0</column>
<column name="v11_12_3_reg_1340">64, 0, 64, 0</column>
<column name="v11_12_4_reg_1345">64, 0, 64, 0</column>
<column name="v11_12_5_reg_1350">64, 0, 64, 0</column>
<column name="v11_12_6_reg_1355">64, 0, 64, 0</column>
<column name="v11_12_7_reg_1360">64, 0, 64, 0</column>
<column name="v11_s_reg_1325">64, 0, 64, 0</column>
<column name="v3_addr_reg_1106">12, 0, 12, 0</column>
<column name="v3_load_reg_1237">64, 0, 64, 0</column>
<column name="v5_0_reg_448">4, 0, 4, 0</column>
<column name="v5_reg_1115">4, 0, 4, 0</column>
<column name="icmp_ln63_reg_1111">64, 32, 1, 0</column>
<column name="lshr_ln68_1_reg_1217">64, 32, 4, 1</column>
<column name="lshr_ln68_2_reg_1222">64, 32, 4, 1</column>
<column name="lshr_ln68_3_reg_1227">64, 32, 4, 1</column>
<column name="lshr_ln_reg_1132">64, 32, 4, 1</column>
<column name="shl_ln68_reg_1127">64, 32, 4, 1</column>
</table>
</item>
</section>
</item>
</section>

<section name = "Interface" level="0">
<item name = "Summary"><table name="" hasTotal="0">
<keys size="6">RTL Ports, Dir, Bits, Protocol, Source Object, C Type</keys>
<column name="ap_clk">in, 1, ap_ctrl_hs, matrix_vector_produc.2, return value</column>
<column name="ap_rst">in, 1, ap_ctrl_hs, matrix_vector_produc.2, return value</column>
<column name="ap_start">in, 1, ap_ctrl_hs, matrix_vector_produc.2, return value</column>
<column name="ap_done">out, 1, ap_ctrl_hs, matrix_vector_produc.2, return value</column>
<column name="ap_idle">out, 1, ap_ctrl_hs, matrix_vector_produc.2, return value</column>
<column name="ap_ready">out, 1, ap_ctrl_hs, matrix_vector_produc.2, return value</column>
<column name="v0_0_address0">out, 4, ap_memory, v0_0, array</column>
<column name="v0_0_ce0">out, 1, ap_memory, v0_0, array</column>
<column name="v0_0_q0">in, 64, ap_memory, v0_0, array</column>
<column name="v0_1_address0">out, 4, ap_memory, v0_1, array</column>
<column name="v0_1_ce0">out, 1, ap_memory, v0_1, array</column>
<column name="v0_1_q0">in, 64, ap_memory, v0_1, array</column>
<column name="v0_2_address0">out, 4, ap_memory, v0_2, array</column>
<column name="v0_2_ce0">out, 1, ap_memory, v0_2, array</column>
<column name="v0_2_q0">in, 64, ap_memory, v0_2, array</column>
<column name="v0_3_address0">out, 4, ap_memory, v0_3, array</column>
<column name="v0_3_ce0">out, 1, ap_memory, v0_3, array</column>
<column name="v0_3_q0">in, 64, ap_memory, v0_3, array</column>
<column name="v1_0_address0">out, 6, ap_memory, v1_0, array</column>
<column name="v1_0_ce0">out, 1, ap_memory, v1_0, array</column>
<column name="v1_0_q0">in, 64, ap_memory, v1_0, array</column>
<column name="v1_1_address0">out, 6, ap_memory, v1_1, array</column>
<column name="v1_1_ce0">out, 1, ap_memory, v1_1, array</column>
<column name="v1_1_q0">in, 64, ap_memory, v1_1, array</column>
<column name="v1_2_address0">out, 6, ap_memory, v1_2, array</column>
<column name="v1_2_ce0">out, 1, ap_memory, v1_2, array</column>
<column name="v1_2_q0">in, 64, ap_memory, v1_2, array</column>
<column name="v1_3_address0">out, 6, ap_memory, v1_3, array</column>
<column name="v1_3_ce0">out, 1, ap_memory, v1_3, array</column>
<column name="v1_3_q0">in, 64, ap_memory, v1_3, array</column>
<column name="v1_4_address0">out, 6, ap_memory, v1_4, array</column>
<column name="v1_4_ce0">out, 1, ap_memory, v1_4, array</column>
<column name="v1_4_q0">in, 64, ap_memory, v1_4, array</column>
<column name="v1_5_address0">out, 6, ap_memory, v1_5, array</column>
<column name="v1_5_ce0">out, 1, ap_memory, v1_5, array</column>
<column name="v1_5_q0">in, 64, ap_memory, v1_5, array</column>
<column name="v1_6_address0">out, 6, ap_memory, v1_6, array</column>
<column name="v1_6_ce0">out, 1, ap_memory, v1_6, array</column>
<column name="v1_6_q0">in, 64, ap_memory, v1_6, array</column>
<column name="v1_7_address0">out, 6, ap_memory, v1_7, array</column>
<column name="v1_7_ce0">out, 1, ap_memory, v1_7, array</column>
<column name="v1_7_q0">in, 64, ap_memory, v1_7, array</column>
<column name="v1_8_address0">out, 6, ap_memory, v1_8, array</column>
<column name="v1_8_ce0">out, 1, ap_memory, v1_8, array</column>
<column name="v1_8_q0">in, 64, ap_memory, v1_8, array</column>
<column name="v1_9_address0">out, 6, ap_memory, v1_9, array</column>
<column name="v1_9_ce0">out, 1, ap_memory, v1_9, array</column>
<column name="v1_9_q0">in, 64, ap_memory, v1_9, array</column>
<column name="v1_10_address0">out, 6, ap_memory, v1_10, array</column>
<column name="v1_10_ce0">out, 1, ap_memory, v1_10, array</column>
<column name="v1_10_q0">in, 64, ap_memory, v1_10, array</column>
<column name="v1_11_address0">out, 6, ap_memory, v1_11, array</column>
<column name="v1_11_ce0">out, 1, ap_memory, v1_11, array</column>
<column name="v1_11_q0">in, 64, ap_memory, v1_11, array</column>
<column name="v1_12_address0">out, 6, ap_memory, v1_12, array</column>
<column name="v1_12_ce0">out, 1, ap_memory, v1_12, array</column>
<column name="v1_12_q0">in, 64, ap_memory, v1_12, array</column>
<column name="v1_13_address0">out, 6, ap_memory, v1_13, array</column>
<column name="v1_13_ce0">out, 1, ap_memory, v1_13, array</column>
<column name="v1_13_q0">in, 64, ap_memory, v1_13, array</column>
<column name="v1_14_address0">out, 6, ap_memory, v1_14, array</column>
<column name="v1_14_ce0">out, 1, ap_memory, v1_14, array</column>
<column name="v1_14_q0">in, 64, ap_memory, v1_14, array</column>
<column name="v1_15_address0">out, 6, ap_memory, v1_15, array</column>
<column name="v1_15_ce0">out, 1, ap_memory, v1_15, array</column>
<column name="v1_15_q0">in, 64, ap_memory, v1_15, array</column>
<column name="v2_0_address0">out, 4, ap_memory, v2_0, array</column>
<column name="v2_0_ce0">out, 1, ap_memory, v2_0, array</column>
<column name="v2_0_we0">out, 1, ap_memory, v2_0, array</column>
<column name="v2_0_d0">out, 64, ap_memory, v2_0, array</column>
<column name="v2_0_q0">in, 64, ap_memory, v2_0, array</column>
<column name="v2_1_address0">out, 4, ap_memory, v2_1, array</column>
<column name="v2_1_ce0">out, 1, ap_memory, v2_1, array</column>
<column name="v2_1_we0">out, 1, ap_memory, v2_1, array</column>
<column name="v2_1_d0">out, 64, ap_memory, v2_1, array</column>
<column name="v2_1_q0">in, 64, ap_memory, v2_1, array</column>
<column name="v2_2_address0">out, 4, ap_memory, v2_2, array</column>
<column name="v2_2_ce0">out, 1, ap_memory, v2_2, array</column>
<column name="v2_2_we0">out, 1, ap_memory, v2_2, array</column>
<column name="v2_2_d0">out, 64, ap_memory, v2_2, array</column>
<column name="v2_2_q0">in, 64, ap_memory, v2_2, array</column>
<column name="v2_3_address0">out, 4, ap_memory, v2_3, array</column>
<column name="v2_3_ce0">out, 1, ap_memory, v2_3, array</column>
<column name="v2_3_we0">out, 1, ap_memory, v2_3, array</column>
<column name="v2_3_d0">out, 64, ap_memory, v2_3, array</column>
<column name="v2_3_q0">in, 64, ap_memory, v2_3, array</column>
<column name="v3_address0">out, 12, ap_memory, v3, array</column>
<column name="v3_ce0">out, 1, ap_memory, v3, array</column>
<column name="v3_q0">in, 64, ap_memory, v3, array</column>
<column name="v3_offset">in, 12, ap_none, v3_offset, scalar</column>
</table>
</item>
</section>
</profile>
