<stg><name>matrix_vector_produc.1</name>


<trans_list>

<trans id="124" from="1" to="2">
<condition id="-1">
<or_exp><and_exp></and_exp></or_exp>
</condition>
</trans>

<trans id="162" from="2" to="15">
<condition id="-1">
<or_exp><and_exp><literal name="icmp_ln121" val="1"/>
</and_exp></or_exp>
</condition>
</trans>

<trans id="163" from="2" to="3">
<condition id="-1">
<or_exp><and_exp><literal name="icmp_ln121" val="0"/>
</and_exp></or_exp>
</condition>
</trans>

<trans id="150" from="3" to="4">
<condition id="-1">
<or_exp><and_exp></and_exp></or_exp>
</condition>
</trans>

<trans id="151" from="4" to="5">
<condition id="-1">
<or_exp><and_exp></and_exp></or_exp>
</condition>
</trans>

<trans id="152" from="5" to="6">
<condition id="-1">
<or_exp><and_exp></and_exp></or_exp>
</condition>
</trans>

<trans id="153" from="6" to="7">
<condition id="-1">
<or_exp><and_exp></and_exp></or_exp>
</condition>
</trans>

<trans id="154" from="7" to="8">
<condition id="-1">
<or_exp><and_exp></and_exp></or_exp>
</condition>
</trans>

<trans id="155" from="8" to="9">
<condition id="-1">
<or_exp><and_exp></and_exp></or_exp>
</condition>
</trans>

<trans id="156" from="9" to="10">
<condition id="-1">
<or_exp><and_exp></and_exp></or_exp>
</condition>
</trans>

<trans id="157" from="10" to="11">
<condition id="-1">
<or_exp><and_exp></and_exp></or_exp>
</condition>
</trans>

<trans id="158" from="11" to="12">
<condition id="-1">
<or_exp><and_exp></and_exp></or_exp>
</condition>
</trans>

<trans id="159" from="12" to="13">
<condition id="-1">
<or_exp><and_exp></and_exp></or_exp>
</condition>
</trans>

<trans id="160" from="13" to="14">
<condition id="-1">
<or_exp><and_exp></and_exp></or_exp>
</condition>
</trans>

<trans id="161" from="14" to="2">
<condition id="-1">
<or_exp><and_exp></and_exp></or_exp>
</condition>
</trans>

<trans id="140" from="15" to="16">
<condition id="-1">
<or_exp><and_exp></and_exp></or_exp>
</condition>
</trans>

<trans id="141" from="16" to="17">
<condition id="-1">
<or_exp><and_exp><literal name="icmp_ln47" val="0"/>
</and_exp></or_exp>
</condition>
</trans>

<trans id="143" from="17" to="18">
<condition id="-1">
<or_exp><and_exp></and_exp></or_exp>
</condition>
</trans>

<trans id="144" from="18" to="19">
<condition id="-1">
<or_exp><and_exp></and_exp></or_exp>
</condition>
</trans>

<trans id="145" from="19" to="20">
<condition id="-1">
<or_exp><and_exp></and_exp></or_exp>
</condition>
</trans>

<trans id="146" from="20" to="21">
<condition id="-1">
<or_exp><and_exp></and_exp></or_exp>
</condition>
</trans>

<trans id="147" from="21" to="22">
<condition id="-1">
<or_exp><and_exp></and_exp></or_exp>
</condition>
</trans>

<trans id="148" from="22" to="16">
<condition id="-1">
<or_exp><and_exp></and_exp></or_exp>
</condition>
</trans>
</trans_list>



<state_list>

<state id="1" st_id="1">

<operation id="23" st_id="1" stage="1" lat="1">
<core>NULL</core>
<MemPortIdVec></MemPortIdVec>
<condition id="-1">
<or_exp><and_exp></and_exp></or_exp>
</condition>

<Node id="7" bw="64" op_0_bw="64" op_1_bw="64">
<![CDATA[
:0  %v2_2_read_1 = call double @_ssdm_op_Read.ap_auto.double(double %v2_2_read)

]]></Node>
<StgValue><ssdm name="v2_2_read_1"/></StgValue>
</operation>

<operation id="24" st_id="1" stage="1" lat="1">
<core>NULL</core>
<MemPortIdVec></MemPortIdVec>
<condition id="-1">
<or_exp><and_exp></and_exp></or_exp>
</condition>

<Node id="8" bw="64" op_0_bw="64" op_1_bw="64">
<![CDATA[
:1  %v2_1_read_1 = call double @_ssdm_op_Read.ap_auto.double(double %v2_1_read)

]]></Node>
<StgValue><ssdm name="v2_1_read_1"/></StgValue>
</operation>

<operation id="25" st_id="1" stage="1" lat="1">
<core>NULL</core>
<MemPortIdVec></MemPortIdVec>
<condition id="-1">
<or_exp><and_exp></and_exp></or_exp>
</condition>

<Node id="9" bw="64" op_0_bw="64" op_1_bw="64">
<![CDATA[
:2  %v2_0_read_1 = call double @_ssdm_op_Read.ap_auto.double(double %v2_0_read)

]]></Node>
<StgValue><ssdm name="v2_0_read_1"/></StgValue>
</operation>

<operation id="26" st_id="1" stage="1" lat="1">
<core>NULL</core>
<MemPortIdVec></MemPortIdVec>
<condition id="-1">
<or_exp><and_exp></and_exp></or_exp>
</condition>

<Node id="10" bw="0" op_0_bw="0">
<![CDATA[
:3  br label %1

]]></Node>
<StgValue><ssdm name="br_ln121"/></StgValue>
</operation>
</state>

<state id="2" st_id="2">

<operation id="27" st_id="2" stage="1" lat="1">
<core>NULL</core>
<MemPortIdVec></MemPortIdVec>
<condition id="-1">
<or_exp><and_exp></and_exp></or_exp>
</condition>

<Node id="12" bw="64" op_0_bw="64" op_1_bw="0" op_2_bw="64" op_3_bw="0">
<![CDATA[
:0  %v2_0_0 = phi double [ %v2_0_read_1, %0 ], [ %v13_s, %hls_label_4 ]

]]></Node>
<StgValue><ssdm name="v2_0_0"/></StgValue>
</operation>

<operation id="28" st_id="2" stage="1" lat="1">
<core>NULL</core>
<MemPortIdVec></MemPortIdVec>
<condition id="-1">
<or_exp><and_exp></and_exp></or_exp>
</condition>

<Node id="13" bw="64" op_0_bw="64" op_1_bw="0" op_2_bw="64" op_3_bw="0">
<![CDATA[
:1  %v2_1_0 = phi double [ %v2_1_read_1, %0 ], [ %v13_31_1, %hls_label_4 ]

]]></Node>
<StgValue><ssdm name="v2_1_0"/></StgValue>
</operation>

<operation id="29" st_id="2" stage="1" lat="1">
<core>NULL</core>
<MemPortIdVec></MemPortIdVec>
<condition id="-1">
<or_exp><and_exp></and_exp></or_exp>
</condition>

<Node id="14" bw="64" op_0_bw="64" op_1_bw="0" op_2_bw="64" op_3_bw="0">
<![CDATA[
:2  %v2_2_0 = phi double [ %v2_2_read_1, %0 ], [ %v13_31_2, %hls_label_4 ]

]]></Node>
<StgValue><ssdm name="v2_2_0"/></StgValue>
</operation>

<operation id="30" st_id="2" stage="1" lat="1">
<core>NULL</core>
<MemPortIdVec></MemPortIdVec>
<condition id="-1">
<or_exp><and_exp></and_exp></or_exp>
</condition>

<Node id="15" bw="2" op_0_bw="2" op_1_bw="0" op_2_bw="2" op_3_bw="0">
<![CDATA[
:3  %v5_0 = phi i2 [ 0, %0 ], [ %v5, %hls_label_4 ]

]]></Node>
<StgValue><ssdm name="v5_0"/></StgValue>
</operation>

<operation id="31" st_id="2" stage="1" lat="1">
<core>Cmp</core>
<MemPortIdVec></MemPortIdVec>
<condition id="-1">
<or_exp><and_exp></and_exp></or_exp>
</condition>

<Node id="16" bw="1" op_0_bw="2" op_1_bw="2">
<![CDATA[
:4  %icmp_ln121 = icmp eq i2 %v5_0, -2

]]></Node>
<StgValue><ssdm name="icmp_ln121"/></StgValue>
</operation>

<operation id="32" st_id="2" stage="1" lat="1">
<core>NULL</core>
<MemPortIdVec></MemPortIdVec>
<condition id="-1">
<or_exp><and_exp></and_exp></or_exp>
</condition>

<Node id="17" bw="32" op_0_bw="32" op_1_bw="64" op_2_bw="64" op_3_bw="64">
<![CDATA[
:5  %empty = call i32 (...)* @_ssdm_op_SpecLoopTripCount(i64 2, i64 2, i64 2)

]]></Node>
<StgValue><ssdm name="empty"/></StgValue>
</operation>

<operation id="33" st_id="2" stage="1" lat="1">
<core>AddSub</core>
<MemPortIdVec></MemPortIdVec>
<condition id="-1">
<or_exp><and_exp></and_exp></or_exp>
</condition>

<Node id="18" bw="2" op_0_bw="2" op_1_bw="2">
<![CDATA[
:6  %v5 = add i2 %v5_0, 1

]]></Node>
<StgValue><ssdm name="v5"/></StgValue>
</operation>

<operation id="34" st_id="2" stage="1" lat="1">
<core>NULL</core>
<MemPortIdVec></MemPortIdVec>
<condition id="-1">
<or_exp><and_exp></and_exp></or_exp>
</condition>

<Node id="19" bw="0" op_0_bw="1" op_1_bw="0" op_2_bw="0">
<![CDATA[
:7  br i1 %icmp_ln121, label %.preheader.preheader, label %hls_label_4

]]></Node>
<StgValue><ssdm name="br_ln121"/></StgValue>
</operation>

<operation id="35" st_id="2" stage="1" lat="1">
<core>NULL</core>
<MemPortIdVec></MemPortIdVec>
<condition id="-1">
<or_exp><and_exp><literal name="icmp_ln121" val="0"/>
</and_exp></or_exp>
</condition>

<Node id="23" bw="1" op_0_bw="2">
<![CDATA[
hls_label_4:2  %trunc_ln124 = trunc i2 %v5_0 to i1

]]></Node>
<StgValue><ssdm name="trunc_ln124"/></StgValue>
</operation>

<operation id="36" st_id="2" stage="1" lat="1">
<core>NULL</core>
<MemPortIdVec></MemPortIdVec>
<condition id="-1">
<or_exp><and_exp><literal name="icmp_ln121" val="0"/>
</and_exp></or_exp>
</condition>

<Node id="24" bw="6" op_0_bw="6" op_1_bw="1" op_2_bw="5">
<![CDATA[
hls_label_4:3  %shl_ln = call i6 @_ssdm_op_BitConcatenate.i6.i1.i5(i1 %trunc_ln124, i5 0)

]]></Node>
<StgValue><ssdm name="shl_ln"/></StgValue>
</operation>

<operation id="37" st_id="2" stage="1" lat="1">
<core>NULL</core>
<MemPortIdVec></MemPortIdVec>
<condition id="-1">
<or_exp><and_exp><literal name="icmp_ln121" val="0"/>
</and_exp></or_exp>
</condition>

<Node id="25" bw="6" op_0_bw="6" op_1_bw="6">
<![CDATA[
hls_label_4:4  %or_ln124 = or i6 %shl_ln, 31

]]></Node>
<StgValue><ssdm name="or_ln124"/></StgValue>
</operation>

<operation id="38" st_id="2" stage="1" lat="1">
<core>NULL</core>
<MemPortIdVec></MemPortIdVec>
<condition id="-1">
<or_exp><and_exp><literal name="icmp_ln121" val="0"/>
</and_exp></or_exp>
</condition>

<Node id="26" bw="4" op_0_bw="4" op_1_bw="6" op_2_bw="32" op_3_bw="32">
<![CDATA[
hls_label_4:5  %lshr_ln = call i4 @_ssdm_op_PartSelect.i4.i6.i32.i32(i6 %or_ln124, i32 2, i32 5)

]]></Node>
<StgValue><ssdm name="lshr_ln"/></StgValue>
</operation>

<operation id="39" st_id="2" stage="1" lat="1">
<core>NULL</core>
<MemPortIdVec></MemPortIdVec>
<condition id="-1">
<or_exp><and_exp><literal name="icmp_ln121" val="0"/>
</and_exp></or_exp>
</condition>

<Node id="27" bw="64" op_0_bw="4">
<![CDATA[
hls_label_4:6  %zext_ln128 = zext i4 %lshr_ln to i64

]]></Node>
<StgValue><ssdm name="zext_ln128"/></StgValue>
</operation>

<operation id="40" st_id="2" stage="1" lat="1">
<core>NULL</core>
<MemPortIdVec></MemPortIdVec>
<condition id="-1">
<or_exp><and_exp><literal name="icmp_ln121" val="0"/>
</and_exp></or_exp>
</condition>

<Node id="28" bw="4" op_0_bw="64" op_1_bw="64" op_2_bw="64">
<![CDATA[
hls_label_4:7  %v3_3_addr = getelementptr [16 x double]* %v3_3, i64 0, i64 %zext_ln128

]]></Node>
<StgValue><ssdm name="v3_3_addr"/></StgValue>
</operation>

<operation id="41" st_id="2" stage="1" lat="1">
<core>NULL</core>
<MemPortIdVec></MemPortIdVec>
<condition id="-1">
<or_exp><and_exp><literal name="icmp_ln121" val="0"/>
</and_exp></or_exp>
</condition>

<Node id="29" bw="2" op_0_bw="2" op_1_bw="6" op_2_bw="32" op_3_bw="32">
<![CDATA[
hls_label_4:8  %lshr_ln5 = call i2 @_ssdm_op_PartSelect.i2.i6.i32.i32(i6 %or_ln124, i32 4, i32 5)

]]></Node>
<StgValue><ssdm name="lshr_ln5"/></StgValue>
</operation>

<operation id="42" st_id="2" stage="1" lat="1">
<core>NULL</core>
<MemPortIdVec></MemPortIdVec>
<condition id="-1">
<or_exp><and_exp><literal name="icmp_ln121" val="0"/>
</and_exp></or_exp>
</condition>

<Node id="30" bw="64" op_0_bw="2">
<![CDATA[
hls_label_4:9  %zext_ln127 = zext i2 %lshr_ln5 to i64

]]></Node>
<StgValue><ssdm name="zext_ln127"/></StgValue>
</operation>

<operation id="43" st_id="2" stage="1" lat="1">
<core>NULL</core>
<MemPortIdVec></MemPortIdVec>
<condition id="-1">
<or_exp><and_exp><literal name="icmp_ln121" val="0"/>
</and_exp></or_exp>
</condition>

<Node id="31" bw="4" op_0_bw="64" op_1_bw="64" op_2_bw="64">
<![CDATA[
hls_label_4:10  %v1_15_addr = getelementptr [12 x double]* %v1_15, i64 0, i64 %zext_ln127

]]></Node>
<StgValue><ssdm name="v1_15_addr"/></StgValue>
</operation>

<operation id="44" st_id="2" stage="2" lat="2">
<core>RAM</core>
<MemPortIdVec>0 </MemPortIdVec>
<condition id="-1">
<or_exp><and_exp><literal name="icmp_ln121" val="0"/>
</and_exp></or_exp>
</condition>

<Node id="32" bw="64" op_0_bw="4">
<![CDATA[
hls_label_4:11  %v1_15_load = load double* %v1_15_addr, align 8

]]></Node>
<StgValue><ssdm name="v1_15_load"/></StgValue>
</operation>

<operation id="45" st_id="2" stage="2" lat="2">
<core>RAM</core>
<MemPortIdVec>0 </MemPortIdVec>
<condition id="-1">
<or_exp><and_exp><literal name="icmp_ln121" val="0"/>
</and_exp></or_exp>
</condition>

<Node id="33" bw="64" op_0_bw="4">
<![CDATA[
hls_label_4:12  %v3_3_load = load double* %v3_3_addr, align 8

]]></Node>
<StgValue><ssdm name="v3_3_load"/></StgValue>
</operation>

<operation id="46" st_id="2" stage="1" lat="1">
<core>NULL</core>
<MemPortIdVec></MemPortIdVec>
<condition id="-1">
<or_exp><and_exp><literal name="icmp_ln121" val="0"/>
</and_exp></or_exp>
</condition>

<Node id="36" bw="7" op_0_bw="7" op_1_bw="5" op_2_bw="2">
<![CDATA[
hls_label_4:15  %or_ln = call i7 @_ssdm_op_BitConcatenate.i7.i5.i2(i5 1, i2 %lshr_ln5)

]]></Node>
<StgValue><ssdm name="or_ln"/></StgValue>
</operation>

<operation id="47" st_id="2" stage="1" lat="1">
<core>NULL</core>
<MemPortIdVec></MemPortIdVec>
<condition id="-1">
<or_exp><and_exp><literal name="icmp_ln121" val="0"/>
</and_exp></or_exp>
</condition>

<Node id="37" bw="64" op_0_bw="7">
<![CDATA[
hls_label_4:16  %zext_ln127_1 = zext i7 %or_ln to i64

]]></Node>
<StgValue><ssdm name="zext_ln127_1"/></StgValue>
</operation>

<operation id="48" st_id="2" stage="1" lat="1">
<core>NULL</core>
<MemPortIdVec></MemPortIdVec>
<condition id="-1">
<or_exp><and_exp><literal name="icmp_ln121" val="0"/>
</and_exp></or_exp>
</condition>

<Node id="38" bw="4" op_0_bw="64" op_1_bw="64" op_2_bw="64">
<![CDATA[
hls_label_4:17  %v1_15_addr_12 = getelementptr [12 x double]* %v1_15, i64 0, i64 %zext_ln127_1

]]></Node>
<StgValue><ssdm name="v1_15_addr_12"/></StgValue>
</operation>

<operation id="49" st_id="2" stage="2" lat="2">
<core>RAM</core>
<MemPortIdVec>1 </MemPortIdVec>
<condition id="-1">
<or_exp><and_exp><literal name="icmp_ln121" val="0"/>
</and_exp></or_exp>
</condition>

<Node id="39" bw="64" op_0_bw="4">
<![CDATA[
hls_label_4:18  %v1_15_load_12 = load double* %v1_15_addr_12, align 8

]]></Node>
<StgValue><ssdm name="v1_15_load_12"/></StgValue>
</operation>
</state>

<state id="3" st_id="3">

<operation id="50" st_id="3" stage="1" lat="2">
<core>RAM</core>
<MemPortIdVec>0 </MemPortIdVec>
<condition id="-1">
<or_exp><and_exp><literal name="icmp_ln121" val="0"/>
</and_exp></or_exp>
</condition>

<Node id="32" bw="64" op_0_bw="4">
<![CDATA[
hls_label_4:11  %v1_15_load = load double* %v1_15_addr, align 8

]]></Node>
<StgValue><ssdm name="v1_15_load"/></StgValue>
</operation>

<operation id="51" st_id="3" stage="1" lat="2">
<core>RAM</core>
<MemPortIdVec>0 </MemPortIdVec>
<condition id="-1">
<or_exp><and_exp><literal name="icmp_ln121" val="0"/>
</and_exp></or_exp>
</condition>

<Node id="33" bw="64" op_0_bw="4">
<![CDATA[
hls_label_4:12  %v3_3_load = load double* %v3_3_addr, align 8

]]></Node>
<StgValue><ssdm name="v3_3_load"/></StgValue>
</operation>

<operation id="52" st_id="3" stage="1" lat="2">
<core>RAM</core>
<MemPortIdVec>1 </MemPortIdVec>
<condition id="-1">
<or_exp><and_exp><literal name="icmp_ln121" val="0"/>
</and_exp></or_exp>
</condition>

<Node id="39" bw="64" op_0_bw="4">
<![CDATA[
hls_label_4:18  %v1_15_load_12 = load double* %v1_15_addr_12, align 8

]]></Node>
<StgValue><ssdm name="v1_15_load_12"/></StgValue>
</operation>

<operation id="53" st_id="3" stage="1" lat="1">
<core>NULL</core>
<MemPortIdVec></MemPortIdVec>
<condition id="-1">
<or_exp><and_exp><literal name="icmp_ln121" val="0"/>
</and_exp></or_exp>
</condition>

<Node id="42" bw="8" op_0_bw="8" op_1_bw="6" op_2_bw="2">
<![CDATA[
hls_label_4:21  %or_ln127_1 = call i8 @_ssdm_op_BitConcatenate.i8.i6.i2(i6 2, i2 %lshr_ln5)

]]></Node>
<StgValue><ssdm name="or_ln127_1"/></StgValue>
</operation>

<operation id="54" st_id="3" stage="1" lat="1">
<core>NULL</core>
<MemPortIdVec></MemPortIdVec>
<condition id="-1">
<or_exp><and_exp><literal name="icmp_ln121" val="0"/>
</and_exp></or_exp>
</condition>

<Node id="43" bw="64" op_0_bw="8">
<![CDATA[
hls_label_4:22  %zext_ln127_2 = zext i8 %or_ln127_1 to i64

]]></Node>
<StgValue><ssdm name="zext_ln127_2"/></StgValue>
</operation>

<operation id="55" st_id="3" stage="1" lat="1">
<core>NULL</core>
<MemPortIdVec></MemPortIdVec>
<condition id="-1">
<or_exp><and_exp><literal name="icmp_ln121" val="0"/>
</and_exp></or_exp>
</condition>

<Node id="44" bw="4" op_0_bw="64" op_1_bw="64" op_2_bw="64">
<![CDATA[
hls_label_4:23  %v1_15_addr_13 = getelementptr [12 x double]* %v1_15, i64 0, i64 %zext_ln127_2

]]></Node>
<StgValue><ssdm name="v1_15_addr_13"/></StgValue>
</operation>

<operation id="56" st_id="3" stage="2" lat="2">
<core>RAM</core>
<MemPortIdVec>0 </MemPortIdVec>
<condition id="-1">
<or_exp><and_exp><literal name="icmp_ln121" val="0"/>
</and_exp></or_exp>
</condition>

<Node id="45" bw="64" op_0_bw="4">
<![CDATA[
hls_label_4:24  %v1_15_load_13 = load double* %v1_15_addr_13, align 8

]]></Node>
<StgValue><ssdm name="v1_15_load_13"/></StgValue>
</operation>
</state>

<state id="4" st_id="4">

<operation id="57" st_id="4" stage="5" lat="5">
<core>DMul</core>
<MemPortIdVec></MemPortIdVec>
<condition id="-1">
<or_exp><and_exp><literal name="icmp_ln121" val="0"/>
</and_exp></or_exp>
</condition>

<Node id="34" bw="64" op_0_bw="64" op_1_bw="64">
<![CDATA[
hls_label_4:13  %v11_s = fmul double %v1_15_load, %v3_3_load

]]></Node>
<StgValue><ssdm name="v11_s"/></StgValue>
</operation>

<operation id="58" st_id="4" stage="5" lat="5">
<core>DMul</core>
<MemPortIdVec></MemPortIdVec>
<condition id="-1">
<or_exp><and_exp><literal name="icmp_ln121" val="0"/>
</and_exp></or_exp>
</condition>

<Node id="40" bw="64" op_0_bw="64" op_1_bw="64">
<![CDATA[
hls_label_4:19  %v11_31_1 = fmul double %v1_15_load_12, %v3_3_load

]]></Node>
<StgValue><ssdm name="v11_31_1"/></StgValue>
</operation>

<operation id="59" st_id="4" stage="1" lat="2">
<core>RAM</core>
<MemPortIdVec>0 </MemPortIdVec>
<condition id="-1">
<or_exp><and_exp><literal name="icmp_ln121" val="0"/>
</and_exp></or_exp>
</condition>

<Node id="45" bw="64" op_0_bw="4">
<![CDATA[
hls_label_4:24  %v1_15_load_13 = load double* %v1_15_addr_13, align 8

]]></Node>
<StgValue><ssdm name="v1_15_load_13"/></StgValue>
</operation>
</state>

<state id="5" st_id="5">

<operation id="60" st_id="5" stage="4" lat="5">
<core>DMul</core>
<MemPortIdVec></MemPortIdVec>
<condition id="-1">
<or_exp><and_exp><literal name="icmp_ln121" val="0"/>
</and_exp></or_exp>
</condition>

<Node id="34" bw="64" op_0_bw="64" op_1_bw="64">
<![CDATA[
hls_label_4:13  %v11_s = fmul double %v1_15_load, %v3_3_load

]]></Node>
<StgValue><ssdm name="v11_s"/></StgValue>
</operation>

<operation id="61" st_id="5" stage="4" lat="5">
<core>DMul</core>
<MemPortIdVec></MemPortIdVec>
<condition id="-1">
<or_exp><and_exp><literal name="icmp_ln121" val="0"/>
</and_exp></or_exp>
</condition>

<Node id="40" bw="64" op_0_bw="64" op_1_bw="64">
<![CDATA[
hls_label_4:19  %v11_31_1 = fmul double %v1_15_load_12, %v3_3_load

]]></Node>
<StgValue><ssdm name="v11_31_1"/></StgValue>
</operation>

<operation id="62" st_id="5" stage="5" lat="5">
<core>DMul</core>
<MemPortIdVec></MemPortIdVec>
<condition id="-1">
<or_exp><and_exp><literal name="icmp_ln121" val="0"/>
</and_exp></or_exp>
</condition>

<Node id="46" bw="64" op_0_bw="64" op_1_bw="64">
<![CDATA[
hls_label_4:25  %v11_31_2 = fmul double %v1_15_load_13, %v3_3_load

]]></Node>
<StgValue><ssdm name="v11_31_2"/></StgValue>
</operation>
</state>

<state id="6" st_id="6">

<operation id="63" st_id="6" stage="3" lat="5">
<core>DMul</core>
<MemPortIdVec></MemPortIdVec>
<condition id="-1">
<or_exp><and_exp><literal name="icmp_ln121" val="0"/>
</and_exp></or_exp>
</condition>

<Node id="34" bw="64" op_0_bw="64" op_1_bw="64">
<![CDATA[
hls_label_4:13  %v11_s = fmul double %v1_15_load, %v3_3_load

]]></Node>
<StgValue><ssdm name="v11_s"/></StgValue>
</operation>

<operation id="64" st_id="6" stage="3" lat="5">
<core>DMul</core>
<MemPortIdVec></MemPortIdVec>
<condition id="-1">
<or_exp><and_exp><literal name="icmp_ln121" val="0"/>
</and_exp></or_exp>
</condition>

<Node id="40" bw="64" op_0_bw="64" op_1_bw="64">
<![CDATA[
hls_label_4:19  %v11_31_1 = fmul double %v1_15_load_12, %v3_3_load

]]></Node>
<StgValue><ssdm name="v11_31_1"/></StgValue>
</operation>

<operation id="65" st_id="6" stage="4" lat="5">
<core>DMul</core>
<MemPortIdVec></MemPortIdVec>
<condition id="-1">
<or_exp><and_exp><literal name="icmp_ln121" val="0"/>
</and_exp></or_exp>
</condition>

<Node id="46" bw="64" op_0_bw="64" op_1_bw="64">
<![CDATA[
hls_label_4:25  %v11_31_2 = fmul double %v1_15_load_13, %v3_3_load

]]></Node>
<StgValue><ssdm name="v11_31_2"/></StgValue>
</operation>
</state>

<state id="7" st_id="7">

<operation id="66" st_id="7" stage="2" lat="5">
<core>DMul</core>
<MemPortIdVec></MemPortIdVec>
<condition id="-1">
<or_exp><and_exp><literal name="icmp_ln121" val="0"/>
</and_exp></or_exp>
</condition>

<Node id="34" bw="64" op_0_bw="64" op_1_bw="64">
<![CDATA[
hls_label_4:13  %v11_s = fmul double %v1_15_load, %v3_3_load

]]></Node>
<StgValue><ssdm name="v11_s"/></StgValue>
</operation>

<operation id="67" st_id="7" stage="2" lat="5">
<core>DMul</core>
<MemPortIdVec></MemPortIdVec>
<condition id="-1">
<or_exp><and_exp><literal name="icmp_ln121" val="0"/>
</and_exp></or_exp>
</condition>

<Node id="40" bw="64" op_0_bw="64" op_1_bw="64">
<![CDATA[
hls_label_4:19  %v11_31_1 = fmul double %v1_15_load_12, %v3_3_load

]]></Node>
<StgValue><ssdm name="v11_31_1"/></StgValue>
</operation>

<operation id="68" st_id="7" stage="3" lat="5">
<core>DMul</core>
<MemPortIdVec></MemPortIdVec>
<condition id="-1">
<or_exp><and_exp><literal name="icmp_ln121" val="0"/>
</and_exp></or_exp>
</condition>

<Node id="46" bw="64" op_0_bw="64" op_1_bw="64">
<![CDATA[
hls_label_4:25  %v11_31_2 = fmul double %v1_15_load_13, %v3_3_load

]]></Node>
<StgValue><ssdm name="v11_31_2"/></StgValue>
</operation>
</state>

<state id="8" st_id="8">

<operation id="69" st_id="8" stage="1" lat="5">
<core>DMul</core>
<MemPortIdVec></MemPortIdVec>
<condition id="-1">
<or_exp><and_exp><literal name="icmp_ln121" val="0"/>
</and_exp></or_exp>
</condition>

<Node id="34" bw="64" op_0_bw="64" op_1_bw="64">
<![CDATA[
hls_label_4:13  %v11_s = fmul double %v1_15_load, %v3_3_load

]]></Node>
<StgValue><ssdm name="v11_s"/></StgValue>
</operation>

<operation id="70" st_id="8" stage="1" lat="5">
<core>DMul</core>
<MemPortIdVec></MemPortIdVec>
<condition id="-1">
<or_exp><and_exp><literal name="icmp_ln121" val="0"/>
</and_exp></or_exp>
</condition>

<Node id="40" bw="64" op_0_bw="64" op_1_bw="64">
<![CDATA[
hls_label_4:19  %v11_31_1 = fmul double %v1_15_load_12, %v3_3_load

]]></Node>
<StgValue><ssdm name="v11_31_1"/></StgValue>
</operation>

<operation id="71" st_id="8" stage="2" lat="5">
<core>DMul</core>
<MemPortIdVec></MemPortIdVec>
<condition id="-1">
<or_exp><and_exp><literal name="icmp_ln121" val="0"/>
</and_exp></or_exp>
</condition>

<Node id="46" bw="64" op_0_bw="64" op_1_bw="64">
<![CDATA[
hls_label_4:25  %v11_31_2 = fmul double %v1_15_load_13, %v3_3_load

]]></Node>
<StgValue><ssdm name="v11_31_2"/></StgValue>
</operation>
</state>

<state id="9" st_id="9">

<operation id="72" st_id="9" stage="5" lat="5">
<core>DAddSub</core>
<MemPortIdVec></MemPortIdVec>
<condition id="-1">
<or_exp><and_exp><literal name="icmp_ln121" val="0"/>
</and_exp></or_exp>
</condition>

<Node id="35" bw="64" op_0_bw="64" op_1_bw="64">
<![CDATA[
hls_label_4:14  %v13_s = fadd double %v11_s, 0.000000e+00

]]></Node>
<StgValue><ssdm name="v13_s"/></StgValue>
</operation>

<operation id="73" st_id="9" stage="5" lat="5">
<core>DAddSub</core>
<MemPortIdVec></MemPortIdVec>
<condition id="-1">
<or_exp><and_exp><literal name="icmp_ln121" val="0"/>
</and_exp></or_exp>
</condition>

<Node id="41" bw="64" op_0_bw="64" op_1_bw="64">
<![CDATA[
hls_label_4:20  %v13_31_1 = fadd double %v11_31_1, 0.000000e+00

]]></Node>
<StgValue><ssdm name="v13_31_1"/></StgValue>
</operation>

<operation id="74" st_id="9" stage="1" lat="5">
<core>DMul</core>
<MemPortIdVec></MemPortIdVec>
<condition id="-1">
<or_exp><and_exp><literal name="icmp_ln121" val="0"/>
</and_exp></or_exp>
</condition>

<Node id="46" bw="64" op_0_bw="64" op_1_bw="64">
<![CDATA[
hls_label_4:25  %v11_31_2 = fmul double %v1_15_load_13, %v3_3_load

]]></Node>
<StgValue><ssdm name="v11_31_2"/></StgValue>
</operation>
</state>

<state id="10" st_id="10">

<operation id="75" st_id="10" stage="4" lat="5">
<core>DAddSub</core>
<MemPortIdVec></MemPortIdVec>
<condition id="-1">
<or_exp><and_exp><literal name="icmp_ln121" val="0"/>
</and_exp></or_exp>
</condition>

<Node id="35" bw="64" op_0_bw="64" op_1_bw="64">
<![CDATA[
hls_label_4:14  %v13_s = fadd double %v11_s, 0.000000e+00

]]></Node>
<StgValue><ssdm name="v13_s"/></StgValue>
</operation>

<operation id="76" st_id="10" stage="4" lat="5">
<core>DAddSub</core>
<MemPortIdVec></MemPortIdVec>
<condition id="-1">
<or_exp><and_exp><literal name="icmp_ln121" val="0"/>
</and_exp></or_exp>
</condition>

<Node id="41" bw="64" op_0_bw="64" op_1_bw="64">
<![CDATA[
hls_label_4:20  %v13_31_1 = fadd double %v11_31_1, 0.000000e+00

]]></Node>
<StgValue><ssdm name="v13_31_1"/></StgValue>
</operation>

<operation id="77" st_id="10" stage="5" lat="5">
<core>DAddSub</core>
<MemPortIdVec></MemPortIdVec>
<condition id="-1">
<or_exp><and_exp><literal name="icmp_ln121" val="0"/>
</and_exp></or_exp>
</condition>

<Node id="47" bw="64" op_0_bw="64" op_1_bw="64">
<![CDATA[
hls_label_4:26  %v13_31_2 = fadd double %v11_31_2, 0.000000e+00

]]></Node>
<StgValue><ssdm name="v13_31_2"/></StgValue>
</operation>
</state>

<state id="11" st_id="11">

<operation id="78" st_id="11" stage="3" lat="5">
<core>DAddSub</core>
<MemPortIdVec></MemPortIdVec>
<condition id="-1">
<or_exp><and_exp><literal name="icmp_ln121" val="0"/>
</and_exp></or_exp>
</condition>

<Node id="35" bw="64" op_0_bw="64" op_1_bw="64">
<![CDATA[
hls_label_4:14  %v13_s = fadd double %v11_s, 0.000000e+00

]]></Node>
<StgValue><ssdm name="v13_s"/></StgValue>
</operation>

<operation id="79" st_id="11" stage="3" lat="5">
<core>DAddSub</core>
<MemPortIdVec></MemPortIdVec>
<condition id="-1">
<or_exp><and_exp><literal name="icmp_ln121" val="0"/>
</and_exp></or_exp>
</condition>

<Node id="41" bw="64" op_0_bw="64" op_1_bw="64">
<![CDATA[
hls_label_4:20  %v13_31_1 = fadd double %v11_31_1, 0.000000e+00

]]></Node>
<StgValue><ssdm name="v13_31_1"/></StgValue>
</operation>

<operation id="80" st_id="11" stage="4" lat="5">
<core>DAddSub</core>
<MemPortIdVec></MemPortIdVec>
<condition id="-1">
<or_exp><and_exp><literal name="icmp_ln121" val="0"/>
</and_exp></or_exp>
</condition>

<Node id="47" bw="64" op_0_bw="64" op_1_bw="64">
<![CDATA[
hls_label_4:26  %v13_31_2 = fadd double %v11_31_2, 0.000000e+00

]]></Node>
<StgValue><ssdm name="v13_31_2"/></StgValue>
</operation>
</state>

<state id="12" st_id="12">

<operation id="81" st_id="12" stage="2" lat="5">
<core>DAddSub</core>
<MemPortIdVec></MemPortIdVec>
<condition id="-1">
<or_exp><and_exp><literal name="icmp_ln121" val="0"/>
</and_exp></or_exp>
</condition>

<Node id="35" bw="64" op_0_bw="64" op_1_bw="64">
<![CDATA[
hls_label_4:14  %v13_s = fadd double %v11_s, 0.000000e+00

]]></Node>
<StgValue><ssdm name="v13_s"/></StgValue>
</operation>

<operation id="82" st_id="12" stage="2" lat="5">
<core>DAddSub</core>
<MemPortIdVec></MemPortIdVec>
<condition id="-1">
<or_exp><and_exp><literal name="icmp_ln121" val="0"/>
</and_exp></or_exp>
</condition>

<Node id="41" bw="64" op_0_bw="64" op_1_bw="64">
<![CDATA[
hls_label_4:20  %v13_31_1 = fadd double %v11_31_1, 0.000000e+00

]]></Node>
<StgValue><ssdm name="v13_31_1"/></StgValue>
</operation>

<operation id="83" st_id="12" stage="3" lat="5">
<core>DAddSub</core>
<MemPortIdVec></MemPortIdVec>
<condition id="-1">
<or_exp><and_exp><literal name="icmp_ln121" val="0"/>
</and_exp></or_exp>
</condition>

<Node id="47" bw="64" op_0_bw="64" op_1_bw="64">
<![CDATA[
hls_label_4:26  %v13_31_2 = fadd double %v11_31_2, 0.000000e+00

]]></Node>
<StgValue><ssdm name="v13_31_2"/></StgValue>
</operation>
</state>

<state id="13" st_id="13">

<operation id="84" st_id="13" stage="1" lat="5">
<core>DAddSub</core>
<MemPortIdVec></MemPortIdVec>
<condition id="-1">
<or_exp><and_exp><literal name="icmp_ln121" val="0"/>
</and_exp></or_exp>
</condition>

<Node id="35" bw="64" op_0_bw="64" op_1_bw="64">
<![CDATA[
hls_label_4:14  %v13_s = fadd double %v11_s, 0.000000e+00

]]></Node>
<StgValue><ssdm name="v13_s"/></StgValue>
</operation>

<operation id="85" st_id="13" stage="1" lat="5">
<core>DAddSub</core>
<MemPortIdVec></MemPortIdVec>
<condition id="-1">
<or_exp><and_exp><literal name="icmp_ln121" val="0"/>
</and_exp></or_exp>
</condition>

<Node id="41" bw="64" op_0_bw="64" op_1_bw="64">
<![CDATA[
hls_label_4:20  %v13_31_1 = fadd double %v11_31_1, 0.000000e+00

]]></Node>
<StgValue><ssdm name="v13_31_1"/></StgValue>
</operation>

<operation id="86" st_id="13" stage="2" lat="5">
<core>DAddSub</core>
<MemPortIdVec></MemPortIdVec>
<condition id="-1">
<or_exp><and_exp><literal name="icmp_ln121" val="0"/>
</and_exp></or_exp>
</condition>

<Node id="47" bw="64" op_0_bw="64" op_1_bw="64">
<![CDATA[
hls_label_4:26  %v13_31_2 = fadd double %v11_31_2, 0.000000e+00

]]></Node>
<StgValue><ssdm name="v13_31_2"/></StgValue>
</operation>
</state>

<state id="14" st_id="14">

<operation id="87" st_id="14" stage="1" lat="1">
<core>NULL</core>
<MemPortIdVec></MemPortIdVec>
<condition id="-1">
<or_exp><and_exp><literal name="icmp_ln121" val="0"/>
</and_exp></or_exp>
</condition>

<Node id="21" bw="32" op_0_bw="32" op_1_bw="0">
<![CDATA[
hls_label_4:0  %tmp = call i32 (...)* @_ssdm_op_SpecRegionBegin([12 x i8]* @p_str7)

]]></Node>
<StgValue><ssdm name="tmp"/></StgValue>
</operation>

<operation id="88" st_id="14" stage="1" lat="1">
<core>NULL</core>
<MemPortIdVec></MemPortIdVec>
<condition id="-1">
<or_exp><and_exp><literal name="icmp_ln121" val="0"/>
</and_exp></or_exp>
</condition>

<Node id="22" bw="0" op_0_bw="0" op_1_bw="32" op_2_bw="32" op_3_bw="32" op_4_bw="32" op_5_bw="0">
<![CDATA[
hls_label_4:1  call void (...)* @_ssdm_op_SpecPipeline(i32 -1, i32 1, i32 1, i32 0, [1 x i8]* @p_str1) nounwind

]]></Node>
<StgValue><ssdm name="specpipeline_ln122"/></StgValue>
</operation>

<operation id="89" st_id="14" stage="1" lat="5">
<core>DAddSub</core>
<MemPortIdVec></MemPortIdVec>
<condition id="-1">
<or_exp><and_exp><literal name="icmp_ln121" val="0"/>
</and_exp></or_exp>
</condition>

<Node id="47" bw="64" op_0_bw="64" op_1_bw="64">
<![CDATA[
hls_label_4:26  %v13_31_2 = fadd double %v11_31_2, 0.000000e+00

]]></Node>
<StgValue><ssdm name="v13_31_2"/></StgValue>
</operation>

<operation id="90" st_id="14" stage="1" lat="1">
<core>NULL</core>
<MemPortIdVec></MemPortIdVec>
<condition id="-1">
<or_exp><and_exp><literal name="icmp_ln121" val="0"/>
</and_exp></or_exp>
</condition>

<Node id="48" bw="32" op_0_bw="32" op_1_bw="0" op_2_bw="32">
<![CDATA[
hls_label_4:27  %empty_42 = call i32 (...)* @_ssdm_op_SpecRegionEnd([12 x i8]* @p_str7, i32 %tmp)

]]></Node>
<StgValue><ssdm name="empty_42"/></StgValue>
</operation>

<operation id="91" st_id="14" stage="1" lat="1">
<core>NULL</core>
<MemPortIdVec></MemPortIdVec>
<condition id="-1">
<or_exp><and_exp><literal name="icmp_ln121" val="0"/>
</and_exp></or_exp>
</condition>

<Node id="49" bw="0" op_0_bw="0">
<![CDATA[
hls_label_4:28  br label %1

]]></Node>
<StgValue><ssdm name="br_ln121"/></StgValue>
</operation>
</state>

<state id="15" st_id="15">

<operation id="92" st_id="15" stage="1" lat="1">
<core>NULL</core>
<MemPortIdVec></MemPortIdVec>
<condition id="-1">
<or_exp><and_exp></and_exp></or_exp>
</condition>

<Node id="51" bw="0" op_0_bw="0">
<![CDATA[
.preheader.preheader:0  br label %.preheader

]]></Node>
<StgValue><ssdm name="br_ln0"/></StgValue>
</operation>
</state>

<state id="16" st_id="16">

<operation id="93" st_id="16" stage="1" lat="1">
<core>NULL</core>
<MemPortIdVec></MemPortIdVec>
<condition id="-1">
<or_exp><and_exp></and_exp></or_exp>
</condition>

<Node id="53" bw="64" op_0_bw="64" op_1_bw="0" op_2_bw="64" op_3_bw="0">
<![CDATA[
.preheader:0  %v2_0_1 = phi double [ %v2_0_2, %branch0.i ], [ %v2_0_0, %.preheader.preheader ]

]]></Node>
<StgValue><ssdm name="v2_0_1"/></StgValue>
</operation>

<operation id="94" st_id="16" stage="1" lat="1">
<core>NULL</core>
<MemPortIdVec></MemPortIdVec>
<condition id="-1">
<or_exp><and_exp></and_exp></or_exp>
</condition>

<Node id="54" bw="64" op_0_bw="64" op_1_bw="0" op_2_bw="64" op_3_bw="0">
<![CDATA[
.preheader:1  %v2_1_1 = phi double [ %v2_1_2, %branch0.i ], [ %v2_1_0, %.preheader.preheader ]

]]></Node>
<StgValue><ssdm name="v2_1_1"/></StgValue>
</operation>

<operation id="95" st_id="16" stage="1" lat="1">
<core>NULL</core>
<MemPortIdVec></MemPortIdVec>
<condition id="-1">
<or_exp><and_exp></and_exp></or_exp>
</condition>

<Node id="55" bw="64" op_0_bw="64" op_1_bw="0" op_2_bw="64" op_3_bw="0">
<![CDATA[
.preheader:2  %v2_2_1 = phi double [ %v2_2_2, %branch0.i ], [ %v2_2_0, %.preheader.preheader ]

]]></Node>
<StgValue><ssdm name="v2_2_1"/></StgValue>
</operation>

<operation id="96" st_id="16" stage="1" lat="1">
<core>NULL</core>
<MemPortIdVec></MemPortIdVec>
<condition id="-1">
<or_exp><and_exp></and_exp></or_exp>
</condition>

<Node id="56" bw="2" op_0_bw="2" op_1_bw="0" op_2_bw="2" op_3_bw="0">
<![CDATA[
.preheader:3  %i_0_i = phi i2 [ %i, %branch0.i ], [ 0, %.preheader.preheader ]

]]></Node>
<StgValue><ssdm name="i_0_i"/></StgValue>
</operation>

<operation id="97" st_id="16" stage="1" lat="1">
<core>NULL</core>
<MemPortIdVec></MemPortIdVec>
<condition id="-1">
<or_exp><and_exp></and_exp></or_exp>
</condition>

<Node id="57" bw="32" op_0_bw="32" op_1_bw="64" op_2_bw="64" op_3_bw="64">
<![CDATA[
.preheader:4  %empty_43 = call i32 (...)* @_ssdm_op_SpecLoopTripCount(i64 3, i64 3, i64 3)

]]></Node>
<StgValue><ssdm name="empty_43"/></StgValue>
</operation>

<operation id="98" st_id="16" stage="1" lat="1">
<core>Cmp</core>
<MemPortIdVec></MemPortIdVec>
<condition id="-1">
<or_exp><and_exp></and_exp></or_exp>
</condition>

<Node id="58" bw="1" op_0_bw="2" op_1_bw="2">
<![CDATA[
.preheader:5  %icmp_ln47 = icmp eq i2 %i_0_i, -1

]]></Node>
<StgValue><ssdm name="icmp_ln47"/></StgValue>
</operation>

<operation id="99" st_id="16" stage="1" lat="1">
<core>AddSub</core>
<MemPortIdVec></MemPortIdVec>
<condition id="-1">
<or_exp><and_exp></and_exp></or_exp>
</condition>

<Node id="59" bw="2" op_0_bw="2" op_1_bw="2">
<![CDATA[
.preheader:6  %i = add i2 %i_0_i, 1

]]></Node>
<StgValue><ssdm name="i"/></StgValue>
</operation>

<operation id="100" st_id="16" stage="1" lat="1">
<core>NULL</core>
<MemPortIdVec></MemPortIdVec>
<condition id="-1">
<or_exp><and_exp></and_exp></or_exp>
</condition>

<Node id="60" bw="0" op_0_bw="1" op_1_bw="0" op_2_bw="0">
<![CDATA[
.preheader:7  br i1 %icmp_ln47, label %add_bias_to_activations.1.exit, label %branch0.i

]]></Node>
<StgValue><ssdm name="br_ln47"/></StgValue>
</operation>

<operation id="101" st_id="16" stage="1" lat="1">
<core>NULL</core>
<MemPortIdVec></MemPortIdVec>
<condition id="-1">
<or_exp><and_exp><literal name="icmp_ln47" val="0"/>
</and_exp></or_exp>
</condition>

<Node id="63" bw="64" op_0_bw="2">
<![CDATA[
branch0.i:1  %zext_ln48 = zext i2 %i_0_i to i64

]]></Node>
<StgValue><ssdm name="zext_ln48"/></StgValue>
</operation>

<operation id="102" st_id="16" stage="1" lat="1">
<core>NULL</core>
<MemPortIdVec></MemPortIdVec>
<condition id="-1">
<or_exp><and_exp><literal name="icmp_ln47" val="0"/>
</and_exp></or_exp>
</condition>

<Node id="65" bw="2" op_0_bw="64" op_1_bw="64" op_2_bw="64">
<![CDATA[
branch0.i:3  %v0_addr = getelementptr [3 x double]* %v0, i64 0, i64 %zext_ln48

]]></Node>
<StgValue><ssdm name="v0_addr"/></StgValue>
</operation>

<operation id="103" st_id="16" stage="2" lat="2">
<core>RAM</core>
<MemPortIdVec>0 </MemPortIdVec>
<condition id="-1">
<or_exp><and_exp><literal name="icmp_ln47" val="0"/>
</and_exp></or_exp>
</condition>

<Node id="66" bw="64" op_0_bw="2">
<![CDATA[
branch0.i:4  %v0_load = load double* %v0_addr, align 8

]]></Node>
<StgValue><ssdm name="v0_load"/></StgValue>
</operation>

<operation id="104" st_id="16" stage="1" lat="1">
<core>NULL</core>
<MemPortIdVec></MemPortIdVec>
<condition id="-1">
<or_exp><and_exp><literal name="icmp_ln47" val="1"/>
</and_exp></or_exp>
</condition>

<Node id="77" bw="192" op_0_bw="192" op_1_bw="64">
<![CDATA[
add_bias_to_activations.1.exit:0  %mrv = insertvalue { double, double, double } undef, double %v2_0_1, 0

]]></Node>
<StgValue><ssdm name="mrv"/></StgValue>
</operation>

<operation id="105" st_id="16" stage="1" lat="1">
<core>NULL</core>
<MemPortIdVec></MemPortIdVec>
<condition id="-1">
<or_exp><and_exp><literal name="icmp_ln47" val="1"/>
</and_exp></or_exp>
</condition>

<Node id="78" bw="192" op_0_bw="192" op_1_bw="64">
<![CDATA[
add_bias_to_activations.1.exit:1  %mrv_1 = insertvalue { double, double, double } %mrv, double %v2_1_1, 1

]]></Node>
<StgValue><ssdm name="mrv_1"/></StgValue>
</operation>

<operation id="106" st_id="16" stage="1" lat="1">
<core>NULL</core>
<MemPortIdVec></MemPortIdVec>
<condition id="-1">
<or_exp><and_exp><literal name="icmp_ln47" val="1"/>
</and_exp></or_exp>
</condition>

<Node id="79" bw="192" op_0_bw="192" op_1_bw="64">
<![CDATA[
add_bias_to_activations.1.exit:2  %mrv_2 = insertvalue { double, double, double } %mrv_1, double %v2_2_1, 2

]]></Node>
<StgValue><ssdm name="mrv_2"/></StgValue>
</operation>

<operation id="107" st_id="16" stage="1" lat="1">
<core>NULL</core>
<MemPortIdVec></MemPortIdVec>
<condition id="-1">
<or_exp><and_exp><literal name="icmp_ln47" val="1"/>
</and_exp></or_exp>
</condition>

<Node id="80" bw="0" op_0_bw="192">
<![CDATA[
add_bias_to_activations.1.exit:3  ret { double, double, double } %mrv_2

]]></Node>
<StgValue><ssdm name="ret_ln137"/></StgValue>
</operation>
</state>

<state id="17" st_id="17">

<operation id="108" st_id="17" stage="1" lat="1">
<core>MuxnS</core>
<MemPortIdVec></MemPortIdVec>
<condition id="-1">
<or_exp><and_exp></and_exp></or_exp>
</condition>

<Node id="64" bw="64" op_0_bw="64" op_1_bw="64" op_2_bw="64" op_3_bw="64" op_4_bw="2">
<![CDATA[
branch0.i:2  %tmp_s = call double @_ssdm_op_Mux.ap_auto.3double.i2(double %v2_0_1, double %v2_1_1, double %v2_2_1, i2 %i_0_i)

]]></Node>
<StgValue><ssdm name="tmp_s"/></StgValue>
</operation>

<operation id="109" st_id="17" stage="1" lat="2">
<core>RAM</core>
<MemPortIdVec>0 </MemPortIdVec>
<condition id="-1">
<or_exp><and_exp></and_exp></or_exp>
</condition>

<Node id="66" bw="64" op_0_bw="2">
<![CDATA[
branch0.i:4  %v0_load = load double* %v0_addr, align 8

]]></Node>
<StgValue><ssdm name="v0_load"/></StgValue>
</operation>
</state>

<state id="18" st_id="18">

<operation id="110" st_id="18" stage="5" lat="5">
<core>DAddSub</core>
<MemPortIdVec></MemPortIdVec>
<condition id="-1">
<or_exp><and_exp></and_exp></or_exp>
</condition>

<Node id="67" bw="64" op_0_bw="64" op_1_bw="64">
<![CDATA[
branch0.i:5  %activations_2_assig = fadd double %tmp_s, %v0_load

]]></Node>
<StgValue><ssdm name="activations_2_assig"/></StgValue>
</operation>
</state>

<state id="19" st_id="19">

<operation id="111" st_id="19" stage="4" lat="5">
<core>DAddSub</core>
<MemPortIdVec></MemPortIdVec>
<condition id="-1">
<or_exp><and_exp></and_exp></or_exp>
</condition>

<Node id="67" bw="64" op_0_bw="64" op_1_bw="64">
<![CDATA[
branch0.i:5  %activations_2_assig = fadd double %tmp_s, %v0_load

]]></Node>
<StgValue><ssdm name="activations_2_assig"/></StgValue>
</operation>
</state>

<state id="20" st_id="20">

<operation id="112" st_id="20" stage="3" lat="5">
<core>DAddSub</core>
<MemPortIdVec></MemPortIdVec>
<condition id="-1">
<or_exp><and_exp></and_exp></or_exp>
</condition>

<Node id="67" bw="64" op_0_bw="64" op_1_bw="64">
<![CDATA[
branch0.i:5  %activations_2_assig = fadd double %tmp_s, %v0_load

]]></Node>
<StgValue><ssdm name="activations_2_assig"/></StgValue>
</operation>
</state>

<state id="21" st_id="21">

<operation id="113" st_id="21" stage="2" lat="5">
<core>DAddSub</core>
<MemPortIdVec></MemPortIdVec>
<condition id="-1">
<or_exp><and_exp></and_exp></or_exp>
</condition>

<Node id="67" bw="64" op_0_bw="64" op_1_bw="64">
<![CDATA[
branch0.i:5  %activations_2_assig = fadd double %tmp_s, %v0_load

]]></Node>
<StgValue><ssdm name="activations_2_assig"/></StgValue>
</operation>
</state>

<state id="22" st_id="22">

<operation id="114" st_id="22" stage="1" lat="1">
<core>NULL</core>
<MemPortIdVec></MemPortIdVec>
<condition id="-1">
<or_exp><and_exp></and_exp></or_exp>
</condition>

<Node id="62" bw="0" op_0_bw="0" op_1_bw="0">
<![CDATA[
branch0.i:0  call void (...)* @_ssdm_op_SpecLoopName([6 x i8]* @p_str4) nounwind

]]></Node>
<StgValue><ssdm name="specloopname_ln47"/></StgValue>
</operation>

<operation id="115" st_id="22" stage="1" lat="5">
<core>DAddSub</core>
<MemPortIdVec></MemPortIdVec>
<condition id="-1">
<or_exp><and_exp></and_exp></or_exp>
</condition>

<Node id="67" bw="64" op_0_bw="64" op_1_bw="64">
<![CDATA[
branch0.i:5  %activations_2_assig = fadd double %tmp_s, %v0_load

]]></Node>
<StgValue><ssdm name="activations_2_assig"/></StgValue>
</operation>

<operation id="116" st_id="22" stage="1" lat="1">
<core>Cmp</core>
<MemPortIdVec></MemPortIdVec>
<condition id="-1">
<or_exp><and_exp></and_exp></or_exp>
</condition>

<Node id="68" bw="1" op_0_bw="2" op_1_bw="2">
<![CDATA[
branch0.i:6  %icmp_ln48 = icmp eq i2 %i_0_i, 0

]]></Node>
<StgValue><ssdm name="icmp_ln48"/></StgValue>
</operation>

<operation id="117" st_id="22" stage="1" lat="1">
<core>Sel</core>
<MemPortIdVec></MemPortIdVec>
<condition id="-1">
<or_exp><and_exp></and_exp></or_exp>
</condition>

<Node id="69" bw="64" op_0_bw="1" op_1_bw="64" op_2_bw="64">
<![CDATA[
branch0.i:7  %select_ln48 = select i1 %icmp_ln48, double %v2_2_1, double %activations_2_assig

]]></Node>
<StgValue><ssdm name="select_ln48"/></StgValue>
</operation>

<operation id="118" st_id="22" stage="1" lat="1">
<core>Cmp</core>
<MemPortIdVec></MemPortIdVec>
<condition id="-1">
<or_exp><and_exp></and_exp></or_exp>
</condition>

<Node id="70" bw="1" op_0_bw="2" op_1_bw="2">
<![CDATA[
branch0.i:8  %icmp_ln48_1 = icmp eq i2 %i_0_i, 1

]]></Node>
<StgValue><ssdm name="icmp_ln48_1"/></StgValue>
</operation>

<operation id="119" st_id="22" stage="1" lat="1">
<core>Sel</core>
<MemPortIdVec></MemPortIdVec>
<condition id="-1">
<or_exp><and_exp></and_exp></or_exp>
</condition>

<Node id="71" bw="64" op_0_bw="1" op_1_bw="64" op_2_bw="64">
<![CDATA[
branch0.i:9  %v2_2_2 = select i1 %icmp_ln48_1, double %v2_2_1, double %select_ln48

]]></Node>
<StgValue><ssdm name="v2_2_2"/></StgValue>
</operation>

<operation id="120" st_id="22" stage="1" lat="1">
<core>Sel</core>
<MemPortIdVec></MemPortIdVec>
<condition id="-1">
<or_exp><and_exp></and_exp></or_exp>
</condition>

<Node id="72" bw="64" op_0_bw="1" op_1_bw="64" op_2_bw="64">
<![CDATA[
branch0.i:10  %v2_1_2 = select i1 %icmp_ln48_1, double %activations_2_assig, double %v2_1_1

]]></Node>
<StgValue><ssdm name="v2_1_2"/></StgValue>
</operation>

<operation id="121" st_id="22" stage="1" lat="1">
<core>Sel</core>
<MemPortIdVec></MemPortIdVec>
<condition id="-1">
<or_exp><and_exp></and_exp></or_exp>
</condition>

<Node id="73" bw="64" op_0_bw="1" op_1_bw="64" op_2_bw="64">
<![CDATA[
branch0.i:11  %select_ln48_1 = select i1 %icmp_ln48, double %activations_2_assig, double %v2_0_1

]]></Node>
<StgValue><ssdm name="select_ln48_1"/></StgValue>
</operation>

<operation id="122" st_id="22" stage="1" lat="1">
<core>Sel</core>
<MemPortIdVec></MemPortIdVec>
<condition id="-1">
<or_exp><and_exp></and_exp></or_exp>
</condition>

<Node id="74" bw="64" op_0_bw="1" op_1_bw="64" op_2_bw="64">
<![CDATA[
branch0.i:12  %v2_0_2 = select i1 %icmp_ln48_1, double %v2_0_1, double %select_ln48_1

]]></Node>
<StgValue><ssdm name="v2_0_2"/></StgValue>
</operation>

<operation id="123" st_id="22" stage="1" lat="1">
<core>NULL</core>
<MemPortIdVec></MemPortIdVec>
<condition id="-1">
<or_exp><and_exp></and_exp></or_exp>
</condition>

<Node id="75" bw="0" op_0_bw="0">
<![CDATA[
branch0.i:13  br label %.preheader

]]></Node>
<StgValue><ssdm name="br_ln47"/></StgValue>
</operation>
</state>
</state_list>


<ports>
<port id="164" name="v0" dir="0" iftype="1">
<core>RAM</core><StgValue><ssdm name="v0"/><MemPortTyVec>1 3 </MemPortTyVec>
</StgValue>
</port>
<port id="165" name="v1_15" dir="0" iftype="1">
<core>RAM</core><StgValue><ssdm name="v1_15"/><MemPortTyVec>1 1 </MemPortTyVec>
</StgValue>
</port>
<port id="166" name="v2_0_read" dir="0" iftype="0">
<core>NULL</core><StgValue><ssdm name="v2_0_read"/></StgValue>
</port>
<port id="167" name="v2_1_read" dir="0" iftype="0">
<core>NULL</core><StgValue><ssdm name="v2_1_read"/></StgValue>
</port>
<port id="168" name="v2_2_read" dir="0" iftype="0">
<core>NULL</core><StgValue><ssdm name="v2_2_read"/></StgValue>
</port>
<port id="169" name="v3_3" dir="0" iftype="1">
<core>RAM</core><StgValue><ssdm name="v3_3"/><MemPortTyVec>1 3 </MemPortTyVec>
</StgValue>
</port>
</ports>


<dataflows>
<dataflow id="171" from="_ssdm_op_Read.ap_auto.double" to="v2_2_read_1" fromId="170" toId="23">
</dataflow>
<dataflow id="172" from="v2_2_read" to="v2_2_read_1" fromId="168" toId="23">
</dataflow>
<dataflow id="173" from="_ssdm_op_Read.ap_auto.double" to="v2_1_read_1" fromId="170" toId="24">
</dataflow>
<dataflow id="174" from="v2_1_read" to="v2_1_read_1" fromId="167" toId="24">
</dataflow>
<dataflow id="175" from="_ssdm_op_Read.ap_auto.double" to="v2_0_read_1" fromId="170" toId="25">
</dataflow>
<dataflow id="176" from="v2_0_read" to="v2_0_read_1" fromId="166" toId="25">
</dataflow>
<dataflow id="177" from="v2_0_read_1" to="v2_0_0" fromId="25" toId="27">
<condition id="-1">
<or_exp><and_exp></and_exp></or_exp>
</condition>
</dataflow>
<dataflow id="178" from="br_ln121" to="v2_0_0" fromId="26" toId="27">
</dataflow>
<dataflow id="179" from="v13_s" to="v2_0_0" fromId="84" toId="27">
<BackEdge/>
<condition id="-1">
<or_exp><and_exp><literal name="icmp_ln121" val="0"/>
</and_exp></or_exp>
</condition>
</dataflow>
<dataflow id="180" from="br_ln121" to="v2_0_0" fromId="91" toId="27">
<BackEdge/>
</dataflow>
<dataflow id="181" from="v2_1_read_1" to="v2_1_0" fromId="24" toId="28">
<condition id="-1">
<or_exp><and_exp></and_exp></or_exp>
</condition>
</dataflow>
<dataflow id="182" from="br_ln121" to="v2_1_0" fromId="26" toId="28">
</dataflow>
<dataflow id="183" from="v13_31_1" to="v2_1_0" fromId="85" toId="28">
<BackEdge/>
<condition id="-1">
<or_exp><and_exp><literal name="icmp_ln121" val="0"/>
</and_exp></or_exp>
</condition>
</dataflow>
<dataflow id="184" from="br_ln121" to="v2_1_0" fromId="91" toId="28">
<BackEdge/>
</dataflow>
<dataflow id="185" from="v2_2_read_1" to="v2_2_0" fromId="23" toId="29">
<condition id="-1">
<or_exp><and_exp></and_exp></or_exp>
</condition>
</dataflow>
<dataflow id="186" from="br_ln121" to="v2_2_0" fromId="26" toId="29">
</dataflow>
<dataflow id="187" from="v13_31_2" to="v2_2_0" fromId="89" toId="29">
<BackEdge/>
<condition id="-1">
<or_exp><and_exp><literal name="icmp_ln121" val="0"/>
</and_exp></or_exp>
</condition>
</dataflow>
<dataflow id="188" from="br_ln121" to="v2_2_0" fromId="91" toId="29">
<BackEdge/>
</dataflow>
<dataflow id="190" from="StgValue_189" to="v5_0" fromId="189" toId="30">
<condition id="-1">
<or_exp><and_exp></and_exp></or_exp>
</condition>
</dataflow>
<dataflow id="191" from="br_ln121" to="v5_0" fromId="26" toId="30">
</dataflow>
<dataflow id="192" from="v5" to="v5_0" fromId="33" toId="30">
<BackEdge/>
<condition id="-1">
<or_exp><and_exp><literal name="icmp_ln121" val="0"/>
</and_exp></or_exp>
</condition>
</dataflow>
<dataflow id="193" from="br_ln121" to="v5_0" fromId="91" toId="30">
<BackEdge/>
</dataflow>
<dataflow id="194" from="v5_0" to="icmp_ln121" fromId="30" toId="31">
</dataflow>
<dataflow id="196" from="StgValue_195" to="icmp_ln121" fromId="195" toId="31">
</dataflow>
<dataflow id="198" from="_ssdm_op_SpecLoopTripCount" to="empty" fromId="197" toId="32">
</dataflow>
<dataflow id="200" from="StgValue_199" to="empty" fromId="199" toId="32">
</dataflow>
<dataflow id="201" from="StgValue_199" to="empty" fromId="199" toId="32">
</dataflow>
<dataflow id="202" from="StgValue_199" to="empty" fromId="199" toId="32">
</dataflow>
<dataflow id="203" from="v5_0" to="v5" fromId="30" toId="33">
</dataflow>
<dataflow id="205" from="StgValue_204" to="v5" fromId="204" toId="33">
</dataflow>
<dataflow id="206" from="icmp_ln121" to="br_ln121" fromId="31" toId="34">
</dataflow>
<dataflow id="207" from="v5_0" to="trunc_ln124" fromId="30" toId="35">
</dataflow>
<dataflow id="209" from="_ssdm_op_BitConcatenate.i6.i1.i5" to="shl_ln" fromId="208" toId="36">
</dataflow>
<dataflow id="210" from="trunc_ln124" to="shl_ln" fromId="35" toId="36">
</dataflow>
<dataflow id="212" from="StgValue_211" to="shl_ln" fromId="211" toId="36">
</dataflow>
<dataflow id="213" from="shl_ln" to="or_ln124" fromId="36" toId="37">
</dataflow>
<dataflow id="215" from="StgValue_214" to="or_ln124" fromId="214" toId="37">
</dataflow>
<dataflow id="217" from="_ssdm_op_PartSelect.i4.i6.i32.i32" to="lshr_ln" fromId="216" toId="38">
</dataflow>
<dataflow id="218" from="or_ln124" to="lshr_ln" fromId="37" toId="38">
</dataflow>
<dataflow id="220" from="StgValue_219" to="lshr_ln" fromId="219" toId="38">
</dataflow>
<dataflow id="222" from="StgValue_221" to="lshr_ln" fromId="221" toId="38">
</dataflow>
<dataflow id="223" from="lshr_ln" to="zext_ln128" fromId="38" toId="39">
</dataflow>
<dataflow id="224" from="v3_3" to="v3_3_addr" fromId="169" toId="40">
</dataflow>
<dataflow id="226" from="StgValue_225" to="v3_3_addr" fromId="225" toId="40">
</dataflow>
<dataflow id="227" from="zext_ln128" to="v3_3_addr" fromId="39" toId="40">
</dataflow>
<dataflow id="229" from="_ssdm_op_PartSelect.i2.i6.i32.i32" to="lshr_ln5" fromId="228" toId="41">
</dataflow>
<dataflow id="230" from="or_ln124" to="lshr_ln5" fromId="37" toId="41">
</dataflow>
<dataflow id="232" from="StgValue_231" to="lshr_ln5" fromId="231" toId="41">
</dataflow>
<dataflow id="233" from="StgValue_221" to="lshr_ln5" fromId="221" toId="41">
</dataflow>
<dataflow id="234" from="lshr_ln5" to="zext_ln127" fromId="41" toId="42">
</dataflow>
<dataflow id="235" from="v1_15" to="v1_15_addr" fromId="165" toId="43">
</dataflow>
<dataflow id="236" from="StgValue_225" to="v1_15_addr" fromId="225" toId="43">
</dataflow>
<dataflow id="237" from="zext_ln127" to="v1_15_addr" fromId="42" toId="43">
</dataflow>
<dataflow id="238" from="v1_15_addr" to="v1_15_load" fromId="43" toId="44">
</dataflow>
<dataflow id="239" from="v3_3_addr" to="v3_3_load" fromId="40" toId="45">
</dataflow>
<dataflow id="241" from="_ssdm_op_BitConcatenate.i7.i5.i2" to="or_ln" fromId="240" toId="46">
</dataflow>
<dataflow id="243" from="StgValue_242" to="or_ln" fromId="242" toId="46">
</dataflow>
<dataflow id="244" from="lshr_ln5" to="or_ln" fromId="41" toId="46">
</dataflow>
<dataflow id="245" from="or_ln" to="zext_ln127_1" fromId="46" toId="47">
</dataflow>
<dataflow id="246" from="v1_15" to="v1_15_addr_12" fromId="165" toId="48">
</dataflow>
<dataflow id="247" from="StgValue_225" to="v1_15_addr_12" fromId="225" toId="48">
</dataflow>
<dataflow id="248" from="zext_ln127_1" to="v1_15_addr_12" fromId="47" toId="48">
</dataflow>
<dataflow id="249" from="v1_15_addr_12" to="v1_15_load_12" fromId="48" toId="49">
</dataflow>
<dataflow id="250" from="v1_15_addr" to="v1_15_load" fromId="43" toId="50">
</dataflow>
<dataflow id="251" from="v3_3_addr" to="v3_3_load" fromId="40" toId="51">
</dataflow>
<dataflow id="252" from="v1_15_addr_12" to="v1_15_load_12" fromId="48" toId="52">
</dataflow>
<dataflow id="254" from="_ssdm_op_BitConcatenate.i8.i6.i2" to="or_ln127_1" fromId="253" toId="53">
</dataflow>
<dataflow id="256" from="StgValue_255" to="or_ln127_1" fromId="255" toId="53">
</dataflow>
<dataflow id="257" from="lshr_ln5" to="or_ln127_1" fromId="41" toId="53">
</dataflow>
<dataflow id="258" from="or_ln127_1" to="zext_ln127_2" fromId="53" toId="54">
</dataflow>
<dataflow id="259" from="v1_15" to="v1_15_addr_13" fromId="165" toId="55">
</dataflow>
<dataflow id="260" from="StgValue_225" to="v1_15_addr_13" fromId="225" toId="55">
</dataflow>
<dataflow id="261" from="zext_ln127_2" to="v1_15_addr_13" fromId="54" toId="55">
</dataflow>
<dataflow id="262" from="v1_15_addr_13" to="v1_15_load_13" fromId="55" toId="56">
</dataflow>
<dataflow id="263" from="v1_15_load" to="v11_s" fromId="50" toId="57">
</dataflow>
<dataflow id="264" from="v3_3_load" to="v11_s" fromId="51" toId="57">
</dataflow>
<dataflow id="265" from="v1_15_load_12" to="v11_31_1" fromId="52" toId="58">
</dataflow>
<dataflow id="266" from="v3_3_load" to="v11_31_1" fromId="51" toId="58">
</dataflow>
<dataflow id="267" from="v1_15_addr_13" to="v1_15_load_13" fromId="55" toId="59">
</dataflow>
<dataflow id="268" from="v1_15_load" to="v11_s" fromId="50" toId="60">
</dataflow>
<dataflow id="269" from="v3_3_load" to="v11_s" fromId="51" toId="60">
</dataflow>
<dataflow id="270" from="v1_15_load_12" to="v11_31_1" fromId="52" toId="61">
</dataflow>
<dataflow id="271" from="v3_3_load" to="v11_31_1" fromId="51" toId="61">
</dataflow>
<dataflow id="272" from="v1_15_load_13" to="v11_31_2" fromId="59" toId="62">
</dataflow>
<dataflow id="273" from="v3_3_load" to="v11_31_2" fromId="51" toId="62">
</dataflow>
<dataflow id="274" from="v1_15_load" to="v11_s" fromId="50" toId="63">
</dataflow>
<dataflow id="275" from="v3_3_load" to="v11_s" fromId="51" toId="63">
</dataflow>
<dataflow id="276" from="v1_15_load_12" to="v11_31_1" fromId="52" toId="64">
</dataflow>
<dataflow id="277" from="v3_3_load" to="v11_31_1" fromId="51" toId="64">
</dataflow>
<dataflow id="278" from="v1_15_load_13" to="v11_31_2" fromId="59" toId="65">
</dataflow>
<dataflow id="279" from="v3_3_load" to="v11_31_2" fromId="51" toId="65">
</dataflow>
<dataflow id="280" from="v1_15_load" to="v11_s" fromId="50" toId="66">
</dataflow>
<dataflow id="281" from="v3_3_load" to="v11_s" fromId="51" toId="66">
</dataflow>
<dataflow id="282" from="v1_15_load_12" to="v11_31_1" fromId="52" toId="67">
</dataflow>
<dataflow id="283" from="v3_3_load" to="v11_31_1" fromId="51" toId="67">
</dataflow>
<dataflow id="284" from="v1_15_load_13" to="v11_31_2" fromId="59" toId="68">
</dataflow>
<dataflow id="285" from="v3_3_load" to="v11_31_2" fromId="51" toId="68">
</dataflow>
<dataflow id="286" from="v1_15_load" to="v11_s" fromId="50" toId="69">
</dataflow>
<dataflow id="287" from="v3_3_load" to="v11_s" fromId="51" toId="69">
</dataflow>
<dataflow id="288" from="v1_15_load_12" to="v11_31_1" fromId="52" toId="70">
</dataflow>
<dataflow id="289" from="v3_3_load" to="v11_31_1" fromId="51" toId="70">
</dataflow>
<dataflow id="290" from="v1_15_load_13" to="v11_31_2" fromId="59" toId="71">
</dataflow>
<dataflow id="291" from="v3_3_load" to="v11_31_2" fromId="51" toId="71">
</dataflow>
<dataflow id="292" from="v11_s" to="v13_s" fromId="69" toId="72">
</dataflow>
<dataflow id="294" from="StgValue_293" to="v13_s" fromId="293" toId="72">
</dataflow>
<dataflow id="295" from="v11_31_1" to="v13_31_1" fromId="70" toId="73">
</dataflow>
<dataflow id="296" from="StgValue_293" to="v13_31_1" fromId="293" toId="73">
</dataflow>
<dataflow id="297" from="v1_15_load_13" to="v11_31_2" fromId="59" toId="74">
</dataflow>
<dataflow id="298" from="v3_3_load" to="v11_31_2" fromId="51" toId="74">
</dataflow>
<dataflow id="299" from="v11_s" to="v13_s" fromId="69" toId="75">
</dataflow>
<dataflow id="300" from="StgValue_293" to="v13_s" fromId="293" toId="75">
</dataflow>
<dataflow id="301" from="v11_31_1" to="v13_31_1" fromId="70" toId="76">
</dataflow>
<dataflow id="302" from="StgValue_293" to="v13_31_1" fromId="293" toId="76">
</dataflow>
<dataflow id="303" from="v11_31_2" to="v13_31_2" fromId="74" toId="77">
</dataflow>
<dataflow id="304" from="StgValue_293" to="v13_31_2" fromId="293" toId="77">
</dataflow>
<dataflow id="305" from="v11_s" to="v13_s" fromId="69" toId="78">
</dataflow>
<dataflow id="306" from="StgValue_293" to="v13_s" fromId="293" toId="78">
</dataflow>
<dataflow id="307" from="v11_31_1" to="v13_31_1" fromId="70" toId="79">
</dataflow>
<dataflow id="308" from="StgValue_293" to="v13_31_1" fromId="293" toId="79">
</dataflow>
<dataflow id="309" from="v11_31_2" to="v13_31_2" fromId="74" toId="80">
</dataflow>
<dataflow id="310" from="StgValue_293" to="v13_31_2" fromId="293" toId="80">
</dataflow>
<dataflow id="311" from="v11_s" to="v13_s" fromId="69" toId="81">
</dataflow>
<dataflow id="312" from="StgValue_293" to="v13_s" fromId="293" toId="81">
</dataflow>
<dataflow id="313" from="v11_31_1" to="v13_31_1" fromId="70" toId="82">
</dataflow>
<dataflow id="314" from="StgValue_293" to="v13_31_1" fromId="293" toId="82">
</dataflow>
<dataflow id="315" from="v11_31_2" to="v13_31_2" fromId="74" toId="83">
</dataflow>
<dataflow id="316" from="StgValue_293" to="v13_31_2" fromId="293" toId="83">
</dataflow>
<dataflow id="317" from="v11_s" to="v13_s" fromId="69" toId="84">
</dataflow>
<dataflow id="318" from="StgValue_293" to="v13_s" fromId="293" toId="84">
</dataflow>
<dataflow id="319" from="v11_31_1" to="v13_31_1" fromId="70" toId="85">
</dataflow>
<dataflow id="320" from="StgValue_293" to="v13_31_1" fromId="293" toId="85">
</dataflow>
<dataflow id="321" from="v11_31_2" to="v13_31_2" fromId="74" toId="86">
</dataflow>
<dataflow id="322" from="StgValue_293" to="v13_31_2" fromId="293" toId="86">
</dataflow>
<dataflow id="324" from="_ssdm_op_SpecRegionBegin" to="tmp" fromId="323" toId="87">
</dataflow>
<dataflow id="326" from="p_str7" to="tmp" fromId="325" toId="87">
</dataflow>
<dataflow id="328" from="_ssdm_op_SpecPipeline" to="specpipeline_ln122" fromId="327" toId="88">
</dataflow>
<dataflow id="330" from="StgValue_329" to="specpipeline_ln122" fromId="329" toId="88">
</dataflow>
<dataflow id="332" from="StgValue_331" to="specpipeline_ln122" fromId="331" toId="88">
</dataflow>
<dataflow id="333" from="StgValue_331" to="specpipeline_ln122" fromId="331" toId="88">
</dataflow>
<dataflow id="335" from="StgValue_334" to="specpipeline_ln122" fromId="334" toId="88">
</dataflow>
<dataflow id="337" from="p_str1" to="specpipeline_ln122" fromId="336" toId="88">
</dataflow>
<dataflow id="338" from="v11_31_2" to="v13_31_2" fromId="74" toId="89">
</dataflow>
<dataflow id="339" from="StgValue_293" to="v13_31_2" fromId="293" toId="89">
</dataflow>
<dataflow id="341" from="_ssdm_op_SpecRegionEnd" to="empty_42" fromId="340" toId="90">
</dataflow>
<dataflow id="342" from="p_str7" to="empty_42" fromId="325" toId="90">
</dataflow>
<dataflow id="343" from="tmp" to="empty_42" fromId="87" toId="90">
</dataflow>
<dataflow id="344" from="v2_0_2" to="v2_0_1" fromId="122" toId="93">
<BackEdge/>
<condition id="-1">
<or_exp><and_exp></and_exp></or_exp>
</condition>
</dataflow>
<dataflow id="345" from="br_ln47" to="v2_0_1" fromId="123" toId="93">
<BackEdge/>
</dataflow>
<dataflow id="346" from="v2_0_0" to="v2_0_1" fromId="27" toId="93">
<condition id="-1">
<or_exp><and_exp></and_exp></or_exp>
</condition>
</dataflow>
<dataflow id="347" from="br_ln0" to="v2_0_1" fromId="92" toId="93">
</dataflow>
<dataflow id="348" from="v2_1_2" to="v2_1_1" fromId="120" toId="94">
<BackEdge/>
<condition id="-1">
<or_exp><and_exp></and_exp></or_exp>
</condition>
</dataflow>
<dataflow id="349" from="br_ln47" to="v2_1_1" fromId="123" toId="94">
<BackEdge/>
</dataflow>
<dataflow id="350" from="v2_1_0" to="v2_1_1" fromId="28" toId="94">
<condition id="-1">
<or_exp><and_exp></and_exp></or_exp>
</condition>
</dataflow>
<dataflow id="351" from="br_ln0" to="v2_1_1" fromId="92" toId="94">
</dataflow>
<dataflow id="352" from="v2_2_2" to="v2_2_1" fromId="119" toId="95">
<BackEdge/>
<condition id="-1">
<or_exp><and_exp></and_exp></or_exp>
</condition>
</dataflow>
<dataflow id="353" from="br_ln47" to="v2_2_1" fromId="123" toId="95">
<BackEdge/>
</dataflow>
<dataflow id="354" from="v2_2_0" to="v2_2_1" fromId="29" toId="95">
<condition id="-1">
<or_exp><and_exp></and_exp></or_exp>
</condition>
</dataflow>
<dataflow id="355" from="br_ln0" to="v2_2_1" fromId="92" toId="95">
</dataflow>
<dataflow id="356" from="i" to="i_0_i" fromId="99" toId="96">
<BackEdge/>
<condition id="-1">
<or_exp><and_exp></and_exp></or_exp>
</condition>
</dataflow>
<dataflow id="357" from="br_ln47" to="i_0_i" fromId="123" toId="96">
<BackEdge/>
</dataflow>
<dataflow id="358" from="StgValue_189" to="i_0_i" fromId="189" toId="96">
<condition id="-1">
<or_exp><and_exp></and_exp></or_exp>
</condition>
</dataflow>
<dataflow id="359" from="br_ln0" to="i_0_i" fromId="92" toId="96">
</dataflow>
<dataflow id="360" from="_ssdm_op_SpecLoopTripCount" to="empty_43" fromId="197" toId="97">
</dataflow>
<dataflow id="362" from="StgValue_361" to="empty_43" fromId="361" toId="97">
</dataflow>
<dataflow id="363" from="StgValue_361" to="empty_43" fromId="361" toId="97">
</dataflow>
<dataflow id="364" from="StgValue_361" to="empty_43" fromId="361" toId="97">
</dataflow>
<dataflow id="365" from="i_0_i" to="icmp_ln47" fromId="96" toId="98">
</dataflow>
<dataflow id="367" from="StgValue_366" to="icmp_ln47" fromId="366" toId="98">
</dataflow>
<dataflow id="368" from="i_0_i" to="i" fromId="96" toId="99">
</dataflow>
<dataflow id="369" from="StgValue_204" to="i" fromId="204" toId="99">
</dataflow>
<dataflow id="370" from="icmp_ln47" to="br_ln47" fromId="98" toId="100">
</dataflow>
<dataflow id="371" from="i_0_i" to="zext_ln48" fromId="96" toId="101">
</dataflow>
<dataflow id="372" from="v0" to="v0_addr" fromId="164" toId="102">
</dataflow>
<dataflow id="373" from="StgValue_225" to="v0_addr" fromId="225" toId="102">
</dataflow>
<dataflow id="374" from="zext_ln48" to="v0_addr" fromId="101" toId="102">
</dataflow>
<dataflow id="375" from="v0_addr" to="v0_load" fromId="102" toId="103">
</dataflow>
<dataflow id="377" from="StgValue_376" to="mrv" fromId="376" toId="104">
</dataflow>
<dataflow id="378" from="v2_0_1" to="mrv" fromId="93" toId="104">
</dataflow>
<dataflow id="379" from="mrv" to="mrv_1" fromId="104" toId="105">
</dataflow>
<dataflow id="380" from="v2_1_1" to="mrv_1" fromId="94" toId="105">
</dataflow>
<dataflow id="381" from="mrv_1" to="mrv_2" fromId="105" toId="106">
</dataflow>
<dataflow id="382" from="v2_2_1" to="mrv_2" fromId="95" toId="106">
</dataflow>
<dataflow id="383" from="mrv_2" to="ret_ln137" fromId="106" toId="107">
</dataflow>
<dataflow id="385" from="_ssdm_op_Mux.ap_auto.3double.i2" to="tmp_s" fromId="384" toId="108">
</dataflow>
<dataflow id="386" from="v2_0_1" to="tmp_s" fromId="93" toId="108">
</dataflow>
<dataflow id="387" from="v2_1_1" to="tmp_s" fromId="94" toId="108">
</dataflow>
<dataflow id="388" from="v2_2_1" to="tmp_s" fromId="95" toId="108">
</dataflow>
<dataflow id="389" from="i_0_i" to="tmp_s" fromId="96" toId="108">
</dataflow>
<dataflow id="390" from="v0_addr" to="v0_load" fromId="102" toId="109">
</dataflow>
<dataflow id="391" from="tmp_s" to="activations_2_assig" fromId="108" toId="110">
</dataflow>
<dataflow id="392" from="v0_load" to="activations_2_assig" fromId="109" toId="110">
</dataflow>
<dataflow id="393" from="tmp_s" to="activations_2_assig" fromId="108" toId="111">
</dataflow>
<dataflow id="394" from="v0_load" to="activations_2_assig" fromId="109" toId="111">
</dataflow>
<dataflow id="395" from="tmp_s" to="activations_2_assig" fromId="108" toId="112">
</dataflow>
<dataflow id="396" from="v0_load" to="activations_2_assig" fromId="109" toId="112">
</dataflow>
<dataflow id="397" from="tmp_s" to="activations_2_assig" fromId="108" toId="113">
</dataflow>
<dataflow id="398" from="v0_load" to="activations_2_assig" fromId="109" toId="113">
</dataflow>
<dataflow id="400" from="_ssdm_op_SpecLoopName" to="specloopname_ln47" fromId="399" toId="114">
</dataflow>
<dataflow id="402" from="p_str4" to="specloopname_ln47" fromId="401" toId="114">
</dataflow>
<dataflow id="403" from="tmp_s" to="activations_2_assig" fromId="108" toId="115">
</dataflow>
<dataflow id="404" from="v0_load" to="activations_2_assig" fromId="109" toId="115">
</dataflow>
<dataflow id="405" from="i_0_i" to="icmp_ln48" fromId="96" toId="116">
</dataflow>
<dataflow id="406" from="StgValue_189" to="icmp_ln48" fromId="189" toId="116">
</dataflow>
<dataflow id="407" from="icmp_ln48" to="select_ln48" fromId="116" toId="117">
</dataflow>
<dataflow id="408" from="v2_2_1" to="select_ln48" fromId="95" toId="117">
</dataflow>
<dataflow id="409" from="activations_2_assig" to="select_ln48" fromId="115" toId="117">
</dataflow>
<dataflow id="410" from="i_0_i" to="icmp_ln48_1" fromId="96" toId="118">
</dataflow>
<dataflow id="411" from="StgValue_204" to="icmp_ln48_1" fromId="204" toId="118">
</dataflow>
<dataflow id="412" from="icmp_ln48_1" to="v2_2_2" fromId="118" toId="119">
</dataflow>
<dataflow id="413" from="v2_2_1" to="v2_2_2" fromId="95" toId="119">
</dataflow>
<dataflow id="414" from="select_ln48" to="v2_2_2" fromId="117" toId="119">
</dataflow>
<dataflow id="415" from="icmp_ln48_1" to="v2_1_2" fromId="118" toId="120">
</dataflow>
<dataflow id="416" from="activations_2_assig" to="v2_1_2" fromId="115" toId="120">
</dataflow>
<dataflow id="417" from="v2_1_1" to="v2_1_2" fromId="94" toId="120">
</dataflow>
<dataflow id="418" from="icmp_ln48" to="select_ln48_1" fromId="116" toId="121">
</dataflow>
<dataflow id="419" from="activations_2_assig" to="select_ln48_1" fromId="115" toId="121">
</dataflow>
<dataflow id="420" from="v2_0_1" to="select_ln48_1" fromId="93" toId="121">
</dataflow>
<dataflow id="421" from="icmp_ln48_1" to="v2_0_2" fromId="118" toId="122">
</dataflow>
<dataflow id="422" from="v2_0_1" to="v2_0_2" fromId="93" toId="122">
</dataflow>
<dataflow id="423" from="select_ln48_1" to="v2_0_2" fromId="121" toId="122">
</dataflow>
<dataflow id="424" from="icmp_ln121" to="StgValue_2" fromId="31" toId="2">
</dataflow>
<dataflow id="425" from="icmp_ln121" to="StgValue_3" fromId="31" toId="3">
</dataflow>
<dataflow id="426" from="icmp_ln121" to="StgValue_4" fromId="31" toId="4">
</dataflow>
<dataflow id="427" from="icmp_ln121" to="StgValue_5" fromId="31" toId="5">
</dataflow>
<dataflow id="428" from="icmp_ln121" to="StgValue_6" fromId="31" toId="6">
</dataflow>
<dataflow id="429" from="icmp_ln121" to="StgValue_7" fromId="31" toId="7">
</dataflow>
<dataflow id="430" from="icmp_ln121" to="StgValue_8" fromId="31" toId="8">
</dataflow>
<dataflow id="431" from="icmp_ln121" to="StgValue_9" fromId="31" toId="9">
</dataflow>
<dataflow id="432" from="icmp_ln121" to="StgValue_10" fromId="31" toId="10">
</dataflow>
<dataflow id="433" from="icmp_ln121" to="StgValue_11" fromId="31" toId="11">
</dataflow>
<dataflow id="434" from="icmp_ln121" to="StgValue_12" fromId="31" toId="12">
</dataflow>
<dataflow id="435" from="icmp_ln121" to="StgValue_13" fromId="31" toId="13">
</dataflow>
<dataflow id="436" from="icmp_ln121" to="StgValue_14" fromId="31" toId="14">
</dataflow>
<dataflow id="437" from="icmp_ln47" to="StgValue_16" fromId="98" toId="16">
</dataflow>
</dataflows>


</stg>
