<stg><name>matrix_vector_produc</name>


<trans_list>

<trans id="92" from="1" to="2">
<condition id="-1">
<or_exp><and_exp></and_exp></or_exp>
</condition>
</trans>

<trans id="134" from="2" to="15">
<condition id="-1">
<or_exp><and_exp><literal name="icmp_ln92" val="1"/>
</and_exp></or_exp>
</condition>
</trans>

<trans id="135" from="2" to="3">
<condition id="-1">
<or_exp><and_exp><literal name="icmp_ln92" val="0"/>
</and_exp></or_exp>
</condition>
</trans>

<trans id="122" from="3" to="4">
<condition id="-1">
<or_exp><and_exp></and_exp></or_exp>
</condition>
</trans>

<trans id="123" from="4" to="5">
<condition id="-1">
<or_exp><and_exp></and_exp></or_exp>
</condition>
</trans>

<trans id="124" from="5" to="6">
<condition id="-1">
<or_exp><and_exp></and_exp></or_exp>
</condition>
</trans>

<trans id="125" from="6" to="7">
<condition id="-1">
<or_exp><and_exp></and_exp></or_exp>
</condition>
</trans>

<trans id="126" from="7" to="8">
<condition id="-1">
<or_exp><and_exp></and_exp></or_exp>
</condition>
</trans>

<trans id="127" from="8" to="9">
<condition id="-1">
<or_exp><and_exp></and_exp></or_exp>
</condition>
</trans>

<trans id="128" from="9" to="10">
<condition id="-1">
<or_exp><and_exp></and_exp></or_exp>
</condition>
</trans>

<trans id="129" from="10" to="11">
<condition id="-1">
<or_exp><and_exp></and_exp></or_exp>
</condition>
</trans>

<trans id="130" from="11" to="12">
<condition id="-1">
<or_exp><and_exp></and_exp></or_exp>
</condition>
</trans>

<trans id="131" from="12" to="13">
<condition id="-1">
<or_exp><and_exp></and_exp></or_exp>
</condition>
</trans>

<trans id="132" from="13" to="14">
<condition id="-1">
<or_exp><and_exp></and_exp></or_exp>
</condition>
</trans>

<trans id="133" from="14" to="2">
<condition id="-1">
<or_exp><and_exp></and_exp></or_exp>
</condition>
</trans>

<trans id="120" from="15" to="16">
<condition id="-1">
<or_exp><and_exp></and_exp></or_exp>
</condition>
</trans>
</trans_list>



<state_list>

<state id="1" st_id="1">

<operation id="17" st_id="1" stage="1" lat="1">
<core>NULL</core>
<MemPortIdVec></MemPortIdVec>
<condition id="-1">
<or_exp><and_exp></and_exp></or_exp>
</condition>

<Node id="12" bw="0" op_0_bw="0">
<![CDATA[
:0  br label %.preheader

]]></Node>
<StgValue><ssdm name="br_ln92"/></StgValue>
</operation>
</state>

<state id="2" st_id="2">

<operation id="18" st_id="2" stage="1" lat="1">
<core>NULL</core>
<MemPortIdVec></MemPortIdVec>
<condition id="-1">
<or_exp><and_exp></and_exp></or_exp>
</condition>

<Node id="14" bw="10" op_0_bw="10" op_1_bw="0" op_2_bw="10" op_3_bw="0">
<![CDATA[
.preheader:0  %indvar_flatten = phi i10 [ 0, %0 ], [ %add_ln92, %hls_label_3_end ]

]]></Node>
<StgValue><ssdm name="indvar_flatten"/></StgValue>
</operation>

<operation id="19" st_id="2" stage="1" lat="1">
<core>NULL</core>
<MemPortIdVec></MemPortIdVec>
<condition id="-1">
<or_exp><and_exp></and_exp></or_exp>
</condition>

<Node id="15" bw="4" op_0_bw="4" op_1_bw="0" op_2_bw="4" op_3_bw="0">
<![CDATA[
.preheader:1  %v5_0 = phi i4 [ 0, %0 ], [ %select_ln92_3, %hls_label_3_end ]

]]></Node>
<StgValue><ssdm name="v5_0"/></StgValue>
</operation>

<operation id="20" st_id="2" stage="1" lat="1">
<core>NULL</core>
<MemPortIdVec></MemPortIdVec>
<condition id="-1">
<or_exp><and_exp></and_exp></or_exp>
</condition>

<Node id="16" bw="7" op_0_bw="7" op_1_bw="0" op_2_bw="7" op_3_bw="0">
<![CDATA[
.preheader:2  %v6_0 = phi i7 [ 0, %0 ], [ %v6, %hls_label_3_end ]

]]></Node>
<StgValue><ssdm name="v6_0"/></StgValue>
</operation>

<operation id="21" st_id="2" stage="1" lat="1">
<core>NULL</core>
<MemPortIdVec></MemPortIdVec>
<condition id="-1">
<or_exp><and_exp></and_exp></or_exp>
</condition>

<Node id="17" bw="4" op_0_bw="4" op_1_bw="4">
<![CDATA[
.preheader:3  %shl_ln96 = shl i4 %v5_0, 3

]]></Node>
<StgValue><ssdm name="shl_ln96"/></StgValue>
</operation>

<operation id="22" st_id="2" stage="1" lat="1">
<core>NULL</core>
<MemPortIdVec></MemPortIdVec>
<condition id="-1">
<or_exp><and_exp></and_exp></or_exp>
</condition>

<Node id="18" bw="4" op_0_bw="4" op_1_bw="4">
<![CDATA[
.preheader:4  %or_ln98 = or i4 %shl_ln96, 7

]]></Node>
<StgValue><ssdm name="or_ln98"/></StgValue>
</operation>

<operation id="23" st_id="2" stage="1" lat="1">
<core>Cmp</core>
<MemPortIdVec></MemPortIdVec>
<condition id="-1">
<or_exp><and_exp></and_exp></or_exp>
</condition>

<Node id="19" bw="1" op_0_bw="4" op_1_bw="4">
<![CDATA[
.preheader:5  %icmp_ln98 = icmp eq i4 %or_ln98, 7

]]></Node>
<StgValue><ssdm name="icmp_ln98"/></StgValue>
</operation>

<operation id="24" st_id="2" stage="1" lat="1">
<core>Cmp</core>
<MemPortIdVec></MemPortIdVec>
<condition id="-1">
<or_exp><and_exp></and_exp></or_exp>
</condition>

<Node id="20" bw="1" op_0_bw="10" op_1_bw="10">
<![CDATA[
.preheader:6  %icmp_ln92 = icmp eq i10 %indvar_flatten, -512

]]></Node>
<StgValue><ssdm name="icmp_ln92"/></StgValue>
</operation>

<operation id="25" st_id="2" stage="1" lat="1">
<core>AddSub</core>
<MemPortIdVec></MemPortIdVec>
<condition id="-1">
<or_exp><and_exp></and_exp></or_exp>
</condition>

<Node id="21" bw="10" op_0_bw="10" op_1_bw="10">
<![CDATA[
.preheader:7  %add_ln92 = add i10 1, %indvar_flatten

]]></Node>
<StgValue><ssdm name="add_ln92"/></StgValue>
</operation>

<operation id="26" st_id="2" stage="1" lat="1">
<core>NULL</core>
<MemPortIdVec></MemPortIdVec>
<condition id="-1">
<or_exp><and_exp></and_exp></or_exp>
</condition>

<Node id="22" bw="0" op_0_bw="1" op_1_bw="0" op_2_bw="0">
<![CDATA[
.preheader:8  br i1 %icmp_ln92, label %1, label %hls_label_3_begin

]]></Node>
<StgValue><ssdm name="br_ln92"/></StgValue>
</operation>

<operation id="27" st_id="2" stage="1" lat="1">
<core>Cmp</core>
<MemPortIdVec></MemPortIdVec>
<condition id="-1">
<or_exp><and_exp><literal name="icmp_ln92" val="0"/>
</and_exp></or_exp>
</condition>

<Node id="25" bw="1" op_0_bw="7" op_1_bw="7">
<![CDATA[
hls_label_3_begin:1  %icmp_ln93 = icmp eq i7 %v6_0, -64

]]></Node>
<StgValue><ssdm name="icmp_ln93"/></StgValue>
</operation>

<operation id="28" st_id="2" stage="1" lat="1">
<core>Sel</core>
<MemPortIdVec></MemPortIdVec>
<condition id="-1">
<or_exp><and_exp><literal name="icmp_ln92" val="0"/>
</and_exp></or_exp>
</condition>

<Node id="26" bw="7" op_0_bw="1" op_1_bw="7" op_2_bw="7">
<![CDATA[
hls_label_3_begin:2  %select_ln92 = select i1 %icmp_ln93, i7 0, i7 %v6_0

]]></Node>
<StgValue><ssdm name="select_ln92"/></StgValue>
</operation>

<operation id="29" st_id="2" stage="1" lat="1">
<core>AddSub</core>
<MemPortIdVec></MemPortIdVec>
<condition id="-1">
<or_exp><and_exp><literal name="icmp_ln92" val="0"/>
</and_exp></or_exp>
</condition>

<Node id="27" bw="4" op_0_bw="4" op_1_bw="4">
<![CDATA[
hls_label_3_begin:3  %add_ln92_1 = add i4 1, %v5_0

]]></Node>
<StgValue><ssdm name="add_ln92_1"/></StgValue>
</operation>

<operation id="30" st_id="2" stage="1" lat="1">
<core>NULL</core>
<MemPortIdVec></MemPortIdVec>
<condition id="-1">
<or_exp><and_exp><literal name="icmp_ln92" val="0"/>
</and_exp></or_exp>
</condition>

<Node id="28" bw="4" op_0_bw="4" op_1_bw="4">
<![CDATA[
hls_label_3_begin:4  %shl_ln96_1 = shl i4 %add_ln92_1, 3

]]></Node>
<StgValue><ssdm name="shl_ln96_1"/></StgValue>
</operation>

<operation id="31" st_id="2" stage="1" lat="1">
<core>NULL</core>
<MemPortIdVec></MemPortIdVec>
<condition id="-1">
<or_exp><and_exp><literal name="icmp_ln92" val="0"/>
</and_exp></or_exp>
</condition>

<Node id="29" bw="4" op_0_bw="4" op_1_bw="4">
<![CDATA[
hls_label_3_begin:5  %or_ln98_1 = or i4 %shl_ln96_1, 7

]]></Node>
<StgValue><ssdm name="or_ln98_1"/></StgValue>
</operation>

<operation id="32" st_id="2" stage="1" lat="1">
<core>Cmp</core>
<MemPortIdVec></MemPortIdVec>
<condition id="-1">
<or_exp><and_exp><literal name="icmp_ln92" val="0"/>
</and_exp></or_exp>
</condition>

<Node id="30" bw="1" op_0_bw="4" op_1_bw="4">
<![CDATA[
hls_label_3_begin:6  %icmp_ln98_1 = icmp eq i4 %or_ln98_1, 7

]]></Node>
<StgValue><ssdm name="icmp_ln98_1"/></StgValue>
</operation>

<operation id="33" st_id="2" stage="1" lat="1">
<core>NULL</core>
<MemPortIdVec></MemPortIdVec>
<condition id="-1">
<or_exp><and_exp><literal name="icmp_ln92" val="0"/>
</and_exp></or_exp>
</condition>

<Node id="32" bw="3" op_0_bw="4">
<![CDATA[
hls_label_3_begin:8  %trunc_ln92 = trunc i4 %add_ln92_1 to i3

]]></Node>
<StgValue><ssdm name="trunc_ln92"/></StgValue>
</operation>

<operation id="34" st_id="2" stage="1" lat="1">
<core>NULL</core>
<MemPortIdVec></MemPortIdVec>
<condition id="-1">
<or_exp><and_exp><literal name="icmp_ln92" val="0"/>
</and_exp></or_exp>
</condition>

<Node id="33" bw="3" op_0_bw="4">
<![CDATA[
hls_label_3_begin:9  %trunc_ln92_1 = trunc i4 %v5_0 to i3

]]></Node>
<StgValue><ssdm name="trunc_ln92_1"/></StgValue>
</operation>

<operation id="35" st_id="2" stage="1" lat="1">
<core>Sel</core>
<MemPortIdVec></MemPortIdVec>
<condition id="-1">
<or_exp><and_exp><literal name="icmp_ln92" val="0"/>
</and_exp></or_exp>
</condition>

<Node id="34" bw="3" op_0_bw="1" op_1_bw="3" op_2_bw="3">
<![CDATA[
hls_label_3_begin:10  %select_ln92_2 = select i1 %icmp_ln93, i3 %trunc_ln92, i3 %trunc_ln92_1

]]></Node>
<StgValue><ssdm name="select_ln92_2"/></StgValue>
</operation>

<operation id="36" st_id="2" stage="1" lat="1">
<core>NULL</core>
<MemPortIdVec></MemPortIdVec>
<condition id="-1">
<or_exp><and_exp><literal name="icmp_ln92" val="0"/>
</and_exp></or_exp>
</condition>

<Node id="35" bw="6" op_0_bw="6" op_1_bw="2" op_2_bw="3" op_3_bw="1">
<![CDATA[
hls_label_3_begin:11  %zext_ln99_mid2_v_v = call i6 @_ssdm_op_BitConcatenate.i6.i2.i3.i1(i2 0, i3 %select_ln92_2, i1 false)

]]></Node>
<StgValue><ssdm name="zext_ln99_mid2_v_v"/></StgValue>
</operation>

<operation id="37" st_id="2" stage="1" lat="1">
<core>NULL</core>
<MemPortIdVec></MemPortIdVec>
<condition id="-1">
<or_exp><and_exp><literal name="icmp_ln92" val="0"/>
</and_exp></or_exp>
</condition>

<Node id="36" bw="6" op_0_bw="6" op_1_bw="6">
<![CDATA[
hls_label_3_begin:12  %or_ln92 = or i6 %zext_ln99_mid2_v_v, 1

]]></Node>
<StgValue><ssdm name="or_ln92"/></StgValue>
</operation>

<operation id="38" st_id="2" stage="1" lat="1">
<core>NULL</core>
<MemPortIdVec></MemPortIdVec>
<condition id="-1">
<or_exp><and_exp><literal name="icmp_ln92" val="0"/>
</and_exp></or_exp>
</condition>

<Node id="37" bw="64" op_0_bw="6">
<![CDATA[
hls_label_3_begin:13  %zext_ln92 = zext i6 %or_ln92 to i64

]]></Node>
<StgValue><ssdm name="zext_ln92"/></StgValue>
</operation>

<operation id="39" st_id="2" stage="1" lat="1">
<core>Sel</core>
<MemPortIdVec></MemPortIdVec>
<condition id="-1">
<or_exp><and_exp><literal name="icmp_ln92" val="0"/>
</and_exp></or_exp>
</condition>

<Node id="38" bw="4" op_0_bw="1" op_1_bw="4" op_2_bw="4">
<![CDATA[
hls_label_3_begin:14  %select_ln92_3 = select i1 %icmp_ln93, i4 %add_ln92_1, i4 %v5_0

]]></Node>
<StgValue><ssdm name="select_ln92_3"/></StgValue>
</operation>

<operation id="40" st_id="2" stage="1" lat="1">
<core>NULL</core>
<MemPortIdVec></MemPortIdVec>
<condition id="-1">
<or_exp><and_exp><literal name="icmp_ln92" val="0"/>
</and_exp></or_exp>
</condition>

<Node id="41" bw="2" op_0_bw="7">
<![CDATA[
hls_label_3_begin:17  %trunc_ln97 = trunc i7 %select_ln92 to i2

]]></Node>
<StgValue><ssdm name="trunc_ln97"/></StgValue>
</operation>

<operation id="41" st_id="2" stage="1" lat="1">
<core>NULL</core>
<MemPortIdVec></MemPortIdVec>
<condition id="-1">
<or_exp><and_exp><literal name="icmp_ln92" val="0"/>
</and_exp></or_exp>
</condition>

<Node id="42" bw="5" op_0_bw="5" op_1_bw="7" op_2_bw="32" op_3_bw="32">
<![CDATA[
hls_label_3_begin:18  %lshr_ln = call i5 @_ssdm_op_PartSelect.i5.i7.i32.i32(i7 %select_ln92, i32 2, i32 6)

]]></Node>
<StgValue><ssdm name="lshr_ln"/></StgValue>
</operation>

<operation id="42" st_id="2" stage="1" lat="1">
<core>NULL</core>
<MemPortIdVec></MemPortIdVec>
<condition id="-1">
<or_exp><and_exp><literal name="icmp_ln92" val="0"/>
</and_exp></or_exp>
</condition>

<Node id="48" bw="6" op_0_bw="7">
<![CDATA[
hls_label_3_begin:24  %trunc_ln98 = trunc i7 %select_ln92 to i6

]]></Node>
<StgValue><ssdm name="trunc_ln98"/></StgValue>
</operation>

<operation id="43" st_id="2" stage="1" lat="1">
<core>NULL</core>
<MemPortIdVec></MemPortIdVec>
<condition id="-1">
<or_exp><and_exp><literal name="icmp_ln92" val="0"/>
</and_exp></or_exp>
</condition>

<Node id="49" bw="2" op_0_bw="2" op_1_bw="4" op_2_bw="32" op_3_bw="32">
<![CDATA[
hls_label_3_begin:25  %tmp_s = call i2 @_ssdm_op_PartSelect.i2.i4.i32.i32(i4 %add_ln92_1, i32 1, i32 2)

]]></Node>
<StgValue><ssdm name="tmp_s"/></StgValue>
</operation>

<operation id="44" st_id="2" stage="1" lat="1">
<core>NULL</core>
<MemPortIdVec></MemPortIdVec>
<condition id="-1">
<or_exp><and_exp><literal name="icmp_ln92" val="0"/>
</and_exp></or_exp>
</condition>

<Node id="50" bw="2" op_0_bw="2" op_1_bw="4" op_2_bw="32" op_3_bw="32">
<![CDATA[
hls_label_3_begin:26  %tmp_11 = call i2 @_ssdm_op_PartSelect.i2.i4.i32.i32(i4 %v5_0, i32 1, i32 2)

]]></Node>
<StgValue><ssdm name="tmp_11"/></StgValue>
</operation>

<operation id="45" st_id="2" stage="1" lat="1">
<core>Sel</core>
<MemPortIdVec></MemPortIdVec>
<condition id="-1">
<or_exp><and_exp><literal name="icmp_ln92" val="0"/>
</and_exp></or_exp>
</condition>

<Node id="51" bw="2" op_0_bw="1" op_1_bw="2" op_2_bw="2">
<![CDATA[
hls_label_3_begin:27  %select_ln92_4 = select i1 %icmp_ln93, i2 %tmp_s, i2 %tmp_11

]]></Node>
<StgValue><ssdm name="select_ln92_4"/></StgValue>
</operation>

<operation id="46" st_id="2" stage="1" lat="1">
<core>NULL</core>
<MemPortIdVec></MemPortIdVec>
<condition id="-1">
<or_exp><and_exp><literal name="icmp_ln92" val="0"/>
</and_exp></or_exp>
</condition>

<Node id="52" bw="8" op_0_bw="8" op_1_bw="6" op_2_bw="2">
<![CDATA[
hls_label_3_begin:28  %lshr_ln6 = call i8 @_ssdm_op_BitConcatenate.i8.i6.i2(i6 %trunc_ln98, i2 %select_ln92_4)

]]></Node>
<StgValue><ssdm name="lshr_ln6"/></StgValue>
</operation>

<operation id="47" st_id="2" stage="1" lat="1">
<core>NULL</core>
<MemPortIdVec></MemPortIdVec>
<condition id="-1">
<or_exp><and_exp><literal name="icmp_ln92" val="0"/>
</and_exp></or_exp>
</condition>

<Node id="53" bw="64" op_0_bw="8">
<![CDATA[
hls_label_3_begin:29  %zext_ln98 = zext i8 %lshr_ln6 to i64

]]></Node>
<StgValue><ssdm name="zext_ln98"/></StgValue>
</operation>

<operation id="48" st_id="2" stage="1" lat="1">
<core>NULL</core>
<MemPortIdVec></MemPortIdVec>
<condition id="-1">
<or_exp><and_exp><literal name="icmp_ln92" val="0"/>
</and_exp></or_exp>
</condition>

<Node id="54" bw="8" op_0_bw="64" op_1_bw="64" op_2_bw="64">
<![CDATA[
hls_label_3_begin:30  %v1_7_addr = getelementptr [256 x double]* %v1_7, i64 0, i64 %zext_ln98

]]></Node>
<StgValue><ssdm name="v1_7_addr"/></StgValue>
</operation>

<operation id="49" st_id="2" stage="1" lat="1">
<core>NULL</core>
<MemPortIdVec></MemPortIdVec>
<condition id="-1">
<or_exp><and_exp><literal name="icmp_ln92" val="0"/>
</and_exp></or_exp>
</condition>

<Node id="55" bw="8" op_0_bw="64" op_1_bw="64" op_2_bw="64">
<![CDATA[
hls_label_3_begin:31  %v1_15_addr = getelementptr [256 x double]* %v1_15, i64 0, i64 %zext_ln98

]]></Node>
<StgValue><ssdm name="v1_15_addr"/></StgValue>
</operation>

<operation id="50" st_id="2" stage="2" lat="2">
<core>RAM</core>
<MemPortIdVec></MemPortIdVec>
<condition id="-1">
<or_exp><and_exp><literal name="icmp_ln92" val="0"/>
</and_exp></or_exp>
</condition>

<Node id="56" bw="64" op_0_bw="8">
<![CDATA[
hls_label_3_begin:32  %v1_7_load = load double* %v1_7_addr, align 8

]]></Node>
<StgValue><ssdm name="v1_7_load"/></StgValue>
</operation>

<operation id="51" st_id="2" stage="2" lat="2">
<core>RAM</core>
<MemPortIdVec></MemPortIdVec>
<condition id="-1">
<or_exp><and_exp><literal name="icmp_ln92" val="0"/>
</and_exp></or_exp>
</condition>

<Node id="57" bw="64" op_0_bw="8">
<![CDATA[
hls_label_3_begin:33  %v1_15_load = load double* %v1_15_addr, align 8

]]></Node>
<StgValue><ssdm name="v1_15_load"/></StgValue>
</operation>

<operation id="52" st_id="2" stage="1" lat="1">
<core>NULL</core>
<MemPortIdVec></MemPortIdVec>
<condition id="-1">
<or_exp><and_exp><literal name="icmp_ln92" val="0"/>
</and_exp></or_exp>
</condition>

<Node id="59" bw="4" op_0_bw="64" op_1_bw="64" op_2_bw="64">
<![CDATA[
hls_label_3_begin:35  %v3_3_addr = getelementptr [16 x double]* %v3_3, i64 0, i64 %zext_ln92

]]></Node>
<StgValue><ssdm name="v3_3_addr"/></StgValue>
</operation>

<operation id="53" st_id="2" stage="2" lat="2">
<core>RAM</core>
<MemPortIdVec></MemPortIdVec>
<condition id="-1">
<or_exp><and_exp><literal name="icmp_ln92" val="0"/>
</and_exp></or_exp>
</condition>

<Node id="60" bw="64" op_0_bw="4">
<![CDATA[
hls_label_3_begin:36  %v3_3_load = load double* %v3_3_addr, align 8

]]></Node>
<StgValue><ssdm name="v3_3_load"/></StgValue>
</operation>

<operation id="54" st_id="2" stage="1" lat="1">
<core>NULL</core>
<MemPortIdVec></MemPortIdVec>
<condition id="-1">
<or_exp><and_exp><literal name="icmp_ln92" val="0"/>
</and_exp></or_exp>
</condition>

<Node id="63" bw="0" op_0_bw="2" op_1_bw="0" op_2_bw="2" op_3_bw="0" op_4_bw="2" op_5_bw="0" op_6_bw="2" op_7_bw="0">
<![CDATA[
hls_label_3_begin:39  switch i2 %trunc_ln97, label %branch131 [
    i2 0, label %branch128
    i2 1, label %branch129
    i2 -2, label %branch130
  ]

]]></Node>
<StgValue><ssdm name="switch_ln103"/></StgValue>
</operation>

<operation id="55" st_id="2" stage="1" lat="1">
<core>AddSub</core>
<MemPortIdVec></MemPortIdVec>
<condition id="-1">
<or_exp><and_exp><literal name="icmp_ln92" val="0"/>
</and_exp></or_exp>
</condition>

<Node id="78" bw="7" op_0_bw="7" op_1_bw="7">
<![CDATA[
hls_label_3_end:1  %v6 = add i7 %select_ln92, 1

]]></Node>
<StgValue><ssdm name="v6"/></StgValue>
</operation>
</state>

<state id="3" st_id="3">

<operation id="56" st_id="3" stage="1" lat="1">
<core>Sel</core>
<MemPortIdVec></MemPortIdVec>
<condition id="-1">
<or_exp><and_exp><literal name="icmp_ln92" val="0"/>
</and_exp></or_exp>
</condition>

<Node id="31" bw="1" op_0_bw="1" op_1_bw="1" op_2_bw="1">
<![CDATA[
hls_label_3_begin:7  %select_ln92_1 = select i1 %icmp_ln93, i1 %icmp_ln98_1, i1 %icmp_ln98

]]></Node>
<StgValue><ssdm name="select_ln92_1"/></StgValue>
</operation>

<operation id="57" st_id="3" stage="1" lat="2">
<core>RAM</core>
<MemPortIdVec></MemPortIdVec>
<condition id="-1">
<or_exp><and_exp><literal name="icmp_ln92" val="0"/>
</and_exp></or_exp>
</condition>

<Node id="56" bw="64" op_0_bw="8">
<![CDATA[
hls_label_3_begin:32  %v1_7_load = load double* %v1_7_addr, align 8

]]></Node>
<StgValue><ssdm name="v1_7_load"/></StgValue>
</operation>

<operation id="58" st_id="3" stage="1" lat="2">
<core>RAM</core>
<MemPortIdVec></MemPortIdVec>
<condition id="-1">
<or_exp><and_exp><literal name="icmp_ln92" val="0"/>
</and_exp></or_exp>
</condition>

<Node id="57" bw="64" op_0_bw="8">
<![CDATA[
hls_label_3_begin:33  %v1_15_load = load double* %v1_15_addr, align 8

]]></Node>
<StgValue><ssdm name="v1_15_load"/></StgValue>
</operation>

<operation id="59" st_id="3" stage="1" lat="1">
<core>Sel</core>
<MemPortIdVec></MemPortIdVec>
<condition id="-1">
<or_exp><and_exp><literal name="icmp_ln92" val="0"/>
</and_exp></or_exp>
</condition>

<Node id="58" bw="64" op_0_bw="1" op_1_bw="64" op_2_bw="64">
<![CDATA[
hls_label_3_begin:34  %select_ln98 = select i1 %select_ln92_1, double %v1_7_load, double %v1_15_load

]]></Node>
<StgValue><ssdm name="select_ln98"/></StgValue>
</operation>

<operation id="60" st_id="3" stage="1" lat="2">
<core>RAM</core>
<MemPortIdVec></MemPortIdVec>
<condition id="-1">
<or_exp><and_exp><literal name="icmp_ln92" val="0"/>
</and_exp></or_exp>
</condition>

<Node id="60" bw="64" op_0_bw="4">
<![CDATA[
hls_label_3_begin:36  %v3_3_load = load double* %v3_3_addr, align 8

]]></Node>
<StgValue><ssdm name="v3_3_load"/></StgValue>
</operation>
</state>

<state id="4" st_id="4">

<operation id="61" st_id="4" stage="5" lat="5">
<core>DMul</core>
<MemPortIdVec></MemPortIdVec>
<condition id="-1">
<or_exp><and_exp><literal name="icmp_ln92" val="0"/>
</and_exp></or_exp>
</condition>

<Node id="61" bw="64" op_0_bw="64" op_1_bw="64">
<![CDATA[
hls_label_3_begin:37  %v11_7 = fmul double %select_ln98, %v3_3_load

]]></Node>
<StgValue><ssdm name="v11_7"/></StgValue>
</operation>
</state>

<state id="5" st_id="5">

<operation id="62" st_id="5" stage="4" lat="5">
<core>DMul</core>
<MemPortIdVec></MemPortIdVec>
<condition id="-1">
<or_exp><and_exp><literal name="icmp_ln92" val="0"/>
</and_exp></or_exp>
</condition>

<Node id="61" bw="64" op_0_bw="64" op_1_bw="64">
<![CDATA[
hls_label_3_begin:37  %v11_7 = fmul double %select_ln98, %v3_3_load

]]></Node>
<StgValue><ssdm name="v11_7"/></StgValue>
</operation>
</state>

<state id="6" st_id="6">

<operation id="63" st_id="6" stage="3" lat="5">
<core>DMul</core>
<MemPortIdVec></MemPortIdVec>
<condition id="-1">
<or_exp><and_exp><literal name="icmp_ln92" val="0"/>
</and_exp></or_exp>
</condition>

<Node id="61" bw="64" op_0_bw="64" op_1_bw="64">
<![CDATA[
hls_label_3_begin:37  %v11_7 = fmul double %select_ln98, %v3_3_load

]]></Node>
<StgValue><ssdm name="v11_7"/></StgValue>
</operation>
</state>

<state id="7" st_id="7">

<operation id="64" st_id="7" stage="2" lat="5">
<core>DMul</core>
<MemPortIdVec></MemPortIdVec>
<condition id="-1">
<or_exp><and_exp><literal name="icmp_ln92" val="0"/>
</and_exp></or_exp>
</condition>

<Node id="61" bw="64" op_0_bw="64" op_1_bw="64">
<![CDATA[
hls_label_3_begin:37  %v11_7 = fmul double %select_ln98, %v3_3_load

]]></Node>
<StgValue><ssdm name="v11_7"/></StgValue>
</operation>
</state>

<state id="8" st_id="8">

<operation id="65" st_id="8" stage="1" lat="5">
<core>DMul</core>
<MemPortIdVec></MemPortIdVec>
<condition id="-1">
<or_exp><and_exp><literal name="icmp_ln92" val="0"/>
</and_exp></or_exp>
</condition>

<Node id="61" bw="64" op_0_bw="64" op_1_bw="64">
<![CDATA[
hls_label_3_begin:37  %v11_7 = fmul double %select_ln98, %v3_3_load

]]></Node>
<StgValue><ssdm name="v11_7"/></StgValue>
</operation>
</state>

<state id="9" st_id="9">

<operation id="66" st_id="9" stage="5" lat="5">
<core>DAddSub</core>
<MemPortIdVec></MemPortIdVec>
<condition id="-1">
<or_exp><and_exp><literal name="icmp_ln92" val="0"/>
</and_exp></or_exp>
</condition>

<Node id="62" bw="64" op_0_bw="64" op_1_bw="64">
<![CDATA[
hls_label_3_begin:38  %v13_7 = fadd double %v11_7, 0.000000e+00

]]></Node>
<StgValue><ssdm name="v13_7"/></StgValue>
</operation>
</state>

<state id="10" st_id="10">

<operation id="67" st_id="10" stage="4" lat="5">
<core>DAddSub</core>
<MemPortIdVec></MemPortIdVec>
<condition id="-1">
<or_exp><and_exp><literal name="icmp_ln92" val="0"/>
</and_exp></or_exp>
</condition>

<Node id="62" bw="64" op_0_bw="64" op_1_bw="64">
<![CDATA[
hls_label_3_begin:38  %v13_7 = fadd double %v11_7, 0.000000e+00

]]></Node>
<StgValue><ssdm name="v13_7"/></StgValue>
</operation>
</state>

<state id="11" st_id="11">

<operation id="68" st_id="11" stage="3" lat="5">
<core>DAddSub</core>
<MemPortIdVec></MemPortIdVec>
<condition id="-1">
<or_exp><and_exp><literal name="icmp_ln92" val="0"/>
</and_exp></or_exp>
</condition>

<Node id="62" bw="64" op_0_bw="64" op_1_bw="64">
<![CDATA[
hls_label_3_begin:38  %v13_7 = fadd double %v11_7, 0.000000e+00

]]></Node>
<StgValue><ssdm name="v13_7"/></StgValue>
</operation>
</state>

<state id="12" st_id="12">

<operation id="69" st_id="12" stage="2" lat="5">
<core>DAddSub</core>
<MemPortIdVec></MemPortIdVec>
<condition id="-1">
<or_exp><and_exp><literal name="icmp_ln92" val="0"/>
</and_exp></or_exp>
</condition>

<Node id="62" bw="64" op_0_bw="64" op_1_bw="64">
<![CDATA[
hls_label_3_begin:38  %v13_7 = fadd double %v11_7, 0.000000e+00

]]></Node>
<StgValue><ssdm name="v13_7"/></StgValue>
</operation>
</state>

<state id="13" st_id="13">

<operation id="70" st_id="13" stage="1" lat="5">
<core>DAddSub</core>
<MemPortIdVec></MemPortIdVec>
<condition id="-1">
<or_exp><and_exp><literal name="icmp_ln92" val="0"/>
</and_exp></or_exp>
</condition>

<Node id="62" bw="64" op_0_bw="64" op_1_bw="64">
<![CDATA[
hls_label_3_begin:38  %v13_7 = fadd double %v11_7, 0.000000e+00

]]></Node>
<StgValue><ssdm name="v13_7"/></StgValue>
</operation>
</state>

<state id="14" st_id="14">

<operation id="71" st_id="14" stage="1" lat="1">
<core>NULL</core>
<MemPortIdVec></MemPortIdVec>
<condition id="-1">
<or_exp><and_exp><literal name="icmp_ln92" val="0"/>
</and_exp></or_exp>
</condition>

<Node id="24" bw="32" op_0_bw="32" op_1_bw="64" op_2_bw="64" op_3_bw="64">
<![CDATA[
hls_label_3_begin:0  %empty_44 = call i32 (...)* @_ssdm_op_SpecLoopTripCount(i64 512, i64 512, i64 512)

]]></Node>
<StgValue><ssdm name="empty_44"/></StgValue>
</operation>

<operation id="72" st_id="14" stage="1" lat="1">
<core>NULL</core>
<MemPortIdVec></MemPortIdVec>
<condition id="-1">
<or_exp><and_exp><literal name="icmp_ln92" val="0"/>
</and_exp></or_exp>
</condition>

<Node id="39" bw="32" op_0_bw="32" op_1_bw="0">
<![CDATA[
hls_label_3_begin:15  %tmp = call i32 (...)* @_ssdm_op_SpecRegionBegin([12 x i8]* @p_str6)

]]></Node>
<StgValue><ssdm name="tmp"/></StgValue>
</operation>

<operation id="73" st_id="14" stage="1" lat="1">
<core>NULL</core>
<MemPortIdVec></MemPortIdVec>
<condition id="-1">
<or_exp><and_exp><literal name="icmp_ln92" val="0"/>
</and_exp></or_exp>
</condition>

<Node id="40" bw="0" op_0_bw="0" op_1_bw="32" op_2_bw="32" op_3_bw="32" op_4_bw="32" op_5_bw="0">
<![CDATA[
hls_label_3_begin:16  call void (...)* @_ssdm_op_SpecPipeline(i32 -1, i32 1, i32 1, i32 0, [1 x i8]* @p_str1) nounwind

]]></Node>
<StgValue><ssdm name="specpipeline_ln94"/></StgValue>
</operation>

<operation id="74" st_id="14" stage="1" lat="1">
<core>NULL</core>
<MemPortIdVec></MemPortIdVec>
<condition id="-1">
<or_exp><and_exp><literal name="icmp_ln92" val="0"/>
</and_exp></or_exp>
</condition>

<Node id="43" bw="64" op_0_bw="5">
<![CDATA[
hls_label_3_begin:19  %zext_ln97 = zext i5 %lshr_ln to i64

]]></Node>
<StgValue><ssdm name="zext_ln97"/></StgValue>
</operation>

<operation id="75" st_id="14" stage="1" lat="1">
<core>NULL</core>
<MemPortIdVec></MemPortIdVec>
<condition id="-1">
<or_exp><and_exp><literal name="icmp_ln92" val="0"/>
</and_exp></or_exp>
</condition>

<Node id="44" bw="4" op_0_bw="64" op_1_bw="64" op_2_bw="64">
<![CDATA[
hls_label_3_begin:20  %v2_0_addr = getelementptr [16 x double]* %v2_0, i64 0, i64 %zext_ln97

]]></Node>
<StgValue><ssdm name="v2_0_addr"/></StgValue>
</operation>

<operation id="76" st_id="14" stage="1" lat="1">
<core>NULL</core>
<MemPortIdVec></MemPortIdVec>
<condition id="-1">
<or_exp><and_exp><literal name="icmp_ln92" val="0"/>
</and_exp></or_exp>
</condition>

<Node id="45" bw="4" op_0_bw="64" op_1_bw="64" op_2_bw="64">
<![CDATA[
hls_label_3_begin:21  %v2_1_addr = getelementptr [16 x double]* %v2_1, i64 0, i64 %zext_ln97

]]></Node>
<StgValue><ssdm name="v2_1_addr"/></StgValue>
</operation>

<operation id="77" st_id="14" stage="1" lat="1">
<core>NULL</core>
<MemPortIdVec></MemPortIdVec>
<condition id="-1">
<or_exp><and_exp><literal name="icmp_ln92" val="0"/>
</and_exp></or_exp>
</condition>

<Node id="46" bw="4" op_0_bw="64" op_1_bw="64" op_2_bw="64">
<![CDATA[
hls_label_3_begin:22  %v2_2_addr = getelementptr [16 x double]* %v2_2, i64 0, i64 %zext_ln97

]]></Node>
<StgValue><ssdm name="v2_2_addr"/></StgValue>
</operation>

<operation id="78" st_id="14" stage="1" lat="1">
<core>NULL</core>
<MemPortIdVec></MemPortIdVec>
<condition id="-1">
<or_exp><and_exp><literal name="icmp_ln92" val="0"/>
</and_exp></or_exp>
</condition>

<Node id="47" bw="4" op_0_bw="64" op_1_bw="64" op_2_bw="64">
<![CDATA[
hls_label_3_begin:23  %v2_3_addr = getelementptr [16 x double]* %v2_3, i64 0, i64 %zext_ln97

]]></Node>
<StgValue><ssdm name="v2_3_addr"/></StgValue>
</operation>

<operation id="79" st_id="14" stage="1" lat="1">
<core>RAM</core>
<MemPortIdVec></MemPortIdVec>
<condition id="-1">
<or_exp><and_exp><literal name="trunc_ln97" val="-2"/>
</and_exp></or_exp>
</condition>

<Node id="65" bw="0" op_0_bw="64" op_1_bw="4">
<![CDATA[
branch130:0  store double %v13_7, double* %v2_2_addr, align 8

]]></Node>
<StgValue><ssdm name="store_ln103"/></StgValue>
</operation>

<operation id="80" st_id="14" stage="1" lat="1">
<core>NULL</core>
<MemPortIdVec></MemPortIdVec>
<condition id="-1">
<or_exp><and_exp><literal name="trunc_ln97" val="-2"/>
</and_exp></or_exp>
</condition>

<Node id="66" bw="0" op_0_bw="0">
<![CDATA[
branch130:1  br label %hls_label_3_end

]]></Node>
<StgValue><ssdm name="br_ln103"/></StgValue>
</operation>

<operation id="81" st_id="14" stage="1" lat="1">
<core>RAM</core>
<MemPortIdVec></MemPortIdVec>
<condition id="-1">
<or_exp><and_exp><literal name="trunc_ln97" val="1"/>
</and_exp></or_exp>
</condition>

<Node id="68" bw="0" op_0_bw="64" op_1_bw="4">
<![CDATA[
branch129:0  store double %v13_7, double* %v2_1_addr, align 8

]]></Node>
<StgValue><ssdm name="store_ln103"/></StgValue>
</operation>

<operation id="82" st_id="14" stage="1" lat="1">
<core>NULL</core>
<MemPortIdVec></MemPortIdVec>
<condition id="-1">
<or_exp><and_exp><literal name="trunc_ln97" val="1"/>
</and_exp></or_exp>
</condition>

<Node id="69" bw="0" op_0_bw="0">
<![CDATA[
branch129:1  br label %hls_label_3_end

]]></Node>
<StgValue><ssdm name="br_ln103"/></StgValue>
</operation>

<operation id="83" st_id="14" stage="1" lat="1">
<core>RAM</core>
<MemPortIdVec></MemPortIdVec>
<condition id="-1">
<or_exp><and_exp><literal name="trunc_ln97" val="0"/>
</and_exp></or_exp>
</condition>

<Node id="71" bw="0" op_0_bw="64" op_1_bw="4">
<![CDATA[
branch128:0  store double %v13_7, double* %v2_0_addr, align 8

]]></Node>
<StgValue><ssdm name="store_ln103"/></StgValue>
</operation>

<operation id="84" st_id="14" stage="1" lat="1">
<core>NULL</core>
<MemPortIdVec></MemPortIdVec>
<condition id="-1">
<or_exp><and_exp><literal name="trunc_ln97" val="0"/>
</and_exp></or_exp>
</condition>

<Node id="72" bw="0" op_0_bw="0">
<![CDATA[
branch128:1  br label %hls_label_3_end

]]></Node>
<StgValue><ssdm name="br_ln103"/></StgValue>
</operation>

<operation id="85" st_id="14" stage="1" lat="1">
<core>RAM</core>
<MemPortIdVec></MemPortIdVec>
<condition id="-1">
<or_exp><and_exp><literal name="trunc_ln97" val="-1"/>
</and_exp></or_exp>
</condition>

<Node id="74" bw="0" op_0_bw="64" op_1_bw="4">
<![CDATA[
branch131:0  store double %v13_7, double* %v2_3_addr, align 8

]]></Node>
<StgValue><ssdm name="store_ln103"/></StgValue>
</operation>

<operation id="86" st_id="14" stage="1" lat="1">
<core>NULL</core>
<MemPortIdVec></MemPortIdVec>
<condition id="-1">
<or_exp><and_exp><literal name="trunc_ln97" val="-1"/>
</and_exp></or_exp>
</condition>

<Node id="75" bw="0" op_0_bw="0">
<![CDATA[
branch131:1  br label %hls_label_3_end

]]></Node>
<StgValue><ssdm name="br_ln103"/></StgValue>
</operation>

<operation id="87" st_id="14" stage="1" lat="1">
<core>NULL</core>
<MemPortIdVec></MemPortIdVec>
<condition id="-1">
<or_exp><and_exp><literal name="icmp_ln92" val="0"/>
</and_exp></or_exp>
</condition>

<Node id="77" bw="32" op_0_bw="32" op_1_bw="0" op_2_bw="32">
<![CDATA[
hls_label_3_end:0  %empty = call i32 (...)* @_ssdm_op_SpecRegionEnd([12 x i8]* @p_str6, i32 %tmp)

]]></Node>
<StgValue><ssdm name="empty"/></StgValue>
</operation>

<operation id="88" st_id="14" stage="1" lat="1">
<core>NULL</core>
<MemPortIdVec></MemPortIdVec>
<condition id="-1">
<or_exp><and_exp><literal name="icmp_ln92" val="0"/>
</and_exp></or_exp>
</condition>

<Node id="79" bw="0" op_0_bw="0">
<![CDATA[
hls_label_3_end:2  br label %.preheader

]]></Node>
<StgValue><ssdm name="br_ln93"/></StgValue>
</operation>
</state>

<state id="15" st_id="15">

<operation id="89" st_id="15" stage="2" lat="2">
<core></core>
<MemPortIdVec></MemPortIdVec>
<condition id="-1">
<or_exp><and_exp></and_exp></or_exp>
</condition>

<Node id="81" bw="0" op_0_bw="0" op_1_bw="64" op_2_bw="64" op_3_bw="64" op_4_bw="64" op_5_bw="64" op_6_bw="64" op_7_bw="64" op_8_bw="64">
<![CDATA[
:0  call fastcc void @add_bias_to_activati([16 x double]* %v0_0, [16 x double]* %v0_1, [16 x double]* %v0_2, [16 x double]* %v0_3, [16 x double]* %v2_0, [16 x double]* %v2_1, [16 x double]* %v2_2, [16 x double]* %v2_3)

]]></Node>
<StgValue><ssdm name="call_ln107"/></StgValue>
</operation>
</state>

<state id="16" st_id="16">

<operation id="90" st_id="16" stage="1" lat="2">
<core></core>
<MemPortIdVec></MemPortIdVec>
<condition id="-1">
<or_exp><and_exp></and_exp></or_exp>
</condition>

<Node id="81" bw="0" op_0_bw="0" op_1_bw="64" op_2_bw="64" op_3_bw="64" op_4_bw="64" op_5_bw="64" op_6_bw="64" op_7_bw="64" op_8_bw="64">
<![CDATA[
:0  call fastcc void @add_bias_to_activati([16 x double]* %v0_0, [16 x double]* %v0_1, [16 x double]* %v0_2, [16 x double]* %v0_3, [16 x double]* %v2_0, [16 x double]* %v2_1, [16 x double]* %v2_2, [16 x double]* %v2_3)

]]></Node>
<StgValue><ssdm name="call_ln107"/></StgValue>
</operation>

<operation id="91" st_id="16" stage="1" lat="1">
<core>NULL</core>
<MemPortIdVec></MemPortIdVec>
<condition id="-1">
<or_exp><and_exp></and_exp></or_exp>
</condition>

<Node id="82" bw="0">
<![CDATA[
:1  ret void

]]></Node>
<StgValue><ssdm name="ret_ln108"/></StgValue>
</operation>
</state>
</state_list>


<ports>
</ports>


<dataflows>
</dataflows>


</stg>
