<profile>

<section name = "Vivado HLS Report for 'RELU_1'" level="0">
<item name = "Date">Wed Apr 20 10:31:48 2022
</item>
<item name = "Version">2019.2 (Build 2704478 on Wed Nov 06 22:10:23 MST 2019)</item>
<item name = "Project">backprop</item>
<item name = "Solution">adse</item>
<item name = "Product family">zynq</item>
<item name = "Target device">xc7z045-ffg900-2</item>
</section>

<section name = "Performance Estimates" level="0">
<item name = "Timing">
<section name = "" level="1">
<item name = "Summary"><table name="" hasTotal="0">
<keys size="4">Clock, Target, Estimated, Uncertainty</keys>
<column name="ap_clk">10.00 ns, 8.417 ns, 1.25 ns</column>
</table>
</item>
</section>
</item>
<item name = "Latency">
<section name = "" level="1">
<item name = "Summary"><table name="" hasTotal="0">
<keys size="8">, min, max, min, max, min, max, Type</keys>
<column name="">3457, 3457, 34.570 us, 34.570 us, 3457, 3457, none</column>
</table>
</item>
<item name = "Detail">
<section name = "" level="1">
<item name = "Instance"><table name="" hasTotal="0">
<keys size="9">Instance, Module, min, max, min, max, min, max, Type</keys>
</table>
</item>
<item name = "Loop"><table name="" hasTotal="0">
<keys size="8">Loop Name, min, max, Latency, achieved, target, Count, Pipelined</keys>
<column name="- Loop2">3456, 3456, 54, -, -, 64, no</column>
</table>
</item>
</section>
</item>
</section>
</item>
</section>

<section name = "Utilization Estimates" level="0">
<item name = "Summary"><table name="" hasTotal="1">
<keys size="6">Name, BRAM_18K, DSP48E, FF, LUT, URAM</keys>
<column name="DSP">-, -, -, -, -</column>
<column name="Expression">-, -, 0, 76, -</column>
<column name="FIFO">-, -, -, -, -</column>
<column name="Instance">-, 40, 5131, 7963, -</column>
<column name="Memory">-, -, -, -, -</column>
<column name="Multiplexer">-, -, -, 35, -</column>
<column name="Register">-, -, 407, -, -</column>
<specialColumn name="Available">1090, 900, 437200, 218600, 0</specialColumn>
<specialColumn name="Utilization (%)">0, 4, 1, 3, 0</specialColumn>
</table>
</item>
<item name = "Detail">
<section name = "" level="1">
<item name = "Instance"><table name="" hasTotal="1">
<keys size="7">Instance, Module, BRAM_18K, DSP48E, FF, LUT, URAM</keys>
<column name="backprop_dadddsubeOg_U49">backprop_dadddsubeOg, 0, 3, 445, 1149, 0</column>
<column name="backprop_ddiv_64nfYi_U51">backprop_ddiv_64nfYi, 0, 0, 3211, 3639, 0</column>
<column name="backprop_dexp_64ng8j_U52">backprop_dexp_64ng8j, 0, 26, 1176, 2592, 0</column>
<column name="backprop_dmul_64ndEe_U50">backprop_dmul_64ndEe, 0, 11, 299, 570, 0</column>
<column name="backprop_mux_432_cud_U53">backprop_mux_432_cud, 0, 0, 0, 13, 0</column>
</table>
</item>
<item name = "DSP48E"><table name="" hasTotal="0">
<keys size="3">Instance, Module, Expression</keys>
</table>
</item>
<item name = "Memory"><table name="" hasTotal="1">
<keys size="10">Memory, Module, BRAM_18K, FF, LUT, URAM, Words, Bits, Banks, W*Bits*Banks</keys>
</table>
</item>
<item name = "FIFO"><table name="" hasTotal="1">
<keys size="8">Name, BRAM_18K, FF, LUT, URAM, Depth, Bits, Size:D*B</keys>
</table>
</item>
<item name = "Expression"><table name="" hasTotal="1">
<keys size="7">Variable Name, Operation, DSP48E, FF, LUT, Bitwidth P0, Bitwidth P1</keys>
<column name="i_fu_155_p2">+, 0, 0, 7, 7, 1</column>
<column name="icmp_ln37_fu_149_p2">icmp, 0, 0, 4, 7, 8</column>
<column name="xor_ln39_fu_204_p2">xor, 0, 0, 65, 64, 65</column>
</table>
</item>
<item name = "Multiplexer"><table name="" hasTotal="1">
<keys size="5">Name, LUT, Input Size, Bits, Total Bits</keys>
<column name="activations_0_address0">3, 3, 4, 12</column>
<column name="activations_1_address0">3, 3, 4, 12</column>
<column name="activations_2_address0">3, 3, 4, 12</column>
<column name="activations_3_address0">3, 3, 4, 12</column>
<column name="ap_NS_fsm">11, 56, 1, 56</column>
<column name="grp_fu_123_opcode">3, 3, 2, 6</column>
<column name="grp_fu_123_p0">3, 3, 64, 192</column>
<column name="grp_fu_123_p1">3, 3, 64, 192</column>
<column name="i_0_reg_111">3, 2, 7, 14</column>
</table>
</item>
<item name = "Register"><table name="" hasTotal="1">
<keys size="5">Name, FF, LUT, Bits, Const Bits</keys>
<column name="activations_0_addr_reg_228">4, 0, 4, 0</column>
<column name="activations_1_addr_reg_233">4, 0, 4, 0</column>
<column name="activations_2_addr_reg_238">4, 0, 4, 0</column>
<column name="activations_3_addr_reg_243">4, 0, 4, 0</column>
<column name="ap_CS_fsm">55, 0, 55, 0</column>
<column name="i_0_reg_111">7, 0, 7, 0</column>
<column name="i_reg_223">7, 0, 7, 0</column>
<column name="reg_143">64, 0, 64, 0</column>
<column name="tmp_1_reg_264">64, 0, 64, 0</column>
<column name="tmp_3_reg_269">64, 0, 64, 0</column>
<column name="tmp_5_reg_274">64, 0, 64, 0</column>
<column name="tmp_s_reg_252">64, 0, 64, 0</column>
<column name="trunc_ln38_reg_248">2, 0, 2, 0</column>
</table>
</item>
</section>
</item>
</section>

<section name = "Interface" level="0">
<item name = "Summary"><table name="" hasTotal="0">
<keys size="6">RTL Ports, Dir, Bits, Protocol, Source Object, C Type</keys>
<column name="ap_clk">in, 1, ap_ctrl_hs, RELU.1, return value</column>
<column name="ap_rst">in, 1, ap_ctrl_hs, RELU.1, return value</column>
<column name="ap_start">in, 1, ap_ctrl_hs, RELU.1, return value</column>
<column name="ap_done">out, 1, ap_ctrl_hs, RELU.1, return value</column>
<column name="ap_idle">out, 1, ap_ctrl_hs, RELU.1, return value</column>
<column name="ap_ready">out, 1, ap_ctrl_hs, RELU.1, return value</column>
<column name="activations_0_address0">out, 4, ap_memory, activations_0, array</column>
<column name="activations_0_ce0">out, 1, ap_memory, activations_0, array</column>
<column name="activations_0_we0">out, 1, ap_memory, activations_0, array</column>
<column name="activations_0_d0">out, 64, ap_memory, activations_0, array</column>
<column name="activations_0_q0">in, 64, ap_memory, activations_0, array</column>
<column name="activations_1_address0">out, 4, ap_memory, activations_1, array</column>
<column name="activations_1_ce0">out, 1, ap_memory, activations_1, array</column>
<column name="activations_1_we0">out, 1, ap_memory, activations_1, array</column>
<column name="activations_1_d0">out, 64, ap_memory, activations_1, array</column>
<column name="activations_1_q0">in, 64, ap_memory, activations_1, array</column>
<column name="activations_2_address0">out, 4, ap_memory, activations_2, array</column>
<column name="activations_2_ce0">out, 1, ap_memory, activations_2, array</column>
<column name="activations_2_we0">out, 1, ap_memory, activations_2, array</column>
<column name="activations_2_d0">out, 64, ap_memory, activations_2, array</column>
<column name="activations_2_q0">in, 64, ap_memory, activations_2, array</column>
<column name="activations_3_address0">out, 4, ap_memory, activations_3, array</column>
<column name="activations_3_ce0">out, 1, ap_memory, activations_3, array</column>
<column name="activations_3_we0">out, 1, ap_memory, activations_3, array</column>
<column name="activations_3_d0">out, 64, ap_memory, activations_3, array</column>
<column name="activations_3_q0">in, 64, ap_memory, activations_3, array</column>
<column name="dactivations_address0">out, 6, ap_memory, dactivations, array</column>
<column name="dactivations_ce0">out, 1, ap_memory, dactivations, array</column>
<column name="dactivations_we0">out, 1, ap_memory, dactivations, array</column>
<column name="dactivations_d0">out, 64, ap_memory, dactivations, array</column>
</table>
</item>
</section>
</profile>
