<profile>

<section name = "Vivado HLS Report for 'soft_max'" level="0">
<item name = "Date">Wed Apr 20 10:30:23 2022
</item>
<item name = "Version">2019.2 (Build 2704478 on Wed Nov 06 22:10:23 MST 2019)</item>
<item name = "Project">backprop</item>
<item name = "Solution">adse</item>
<item name = "Product family">zynq</item>
<item name = "Target device">xc7z045-ffg900-2</item>
</section>

<section name = "Performance Estimates" level="0">
<item name = "Timing">
<section name = "" level="1">
<item name = "Summary"><table name="" hasTotal="0">
<keys size="4">Clock, Target, Estimated, Uncertainty</keys>
<column name="ap_clk">10.00 ns, 8.362 ns, 1.25 ns</column>
</table>
</item>
</section>
</item>
<item name = "Latency">
<section name = "" level="1">
<item name = "Summary"><table name="" hasTotal="0">
<keys size="8">, min, max, min, max, min, max, Type</keys>
<column name="">82, 82, 0.820 us, 0.820 us, 82, 82, none</column>
</table>
</item>
<item name = "Detail">
<section name = "" level="1">
<item name = "Instance"><table name="" hasTotal="0">
<keys size="9">Instance, Module, min, max, min, max, min, max, Type</keys>
</table>
</item>
<item name = "Loop"><table name="" hasTotal="0">
<keys size="8">Loop Name, min, max, Latency, achieved, target, Count, Pipelined</keys>
<column name="- Loop 1">30, 30, 21, 5, 1, 3, yes</column>
<column name="- Loop 2">48, 48, 47, 1, 1, 3, yes</column>
</table>
</item>
</section>
</item>
</section>
</item>
</section>
</profile>
