<profile>

<section name = "Vivado HLS Report for 'update_weights'" level="0">
<item name = "Date">Wed Apr 20 10:31:16 2022
</item>
<item name = "Version">2019.2 (Build 2704478 on Wed Nov 06 22:10:23 MST 2019)</item>
<item name = "Project">backprop</item>
<item name = "Solution">adse</item>
<item name = "Product family">zynq</item>
<item name = "Target device">xc7z045-ffg900-2</item>
</section>

<section name = "Performance Estimates" level="0">
<item name = "Timing">
<section name = "" level="1">
<item name = "Summary"><table name="" hasTotal="0">
<keys size="4">Clock, Target, Estimated, Uncertainty</keys>
<column name="ap_clk">10.00 ns, 9.900 ns, 1.25 ns</column>
</table>
</item>
</section>
</item>
<item name = "Latency">
<section name = "" level="1">
<item name = "Summary"><table name="" hasTotal="0">
<keys size="8">, min, max, min, max, min, max, Type</keys>
<column name="">28646, 28646, 0.286 ms, 0.286 ms, 28646, 28646, none</column>
</table>
</item>
<item name = "Detail">
<section name = "" level="1">
<item name = "Instance"><table name="" hasTotal="0">
<keys size="9">Instance, Module, min, max, min, max, min, max, Type</keys>
</table>
</item>
<item name = "Loop"><table name="" hasTotal="0">
<keys size="8">Loop Name, min, max, Latency, achieved, target, Count, Pipelined</keys>
<column name="- Loop 1">4381, 4381, 337, -, -, 13, no</column>
<column name="- Loop 2">336, 336, 57, 40, 1, 8, yes</column>
<column name="- Loop 3">87, 87, 40, 4, 1, 13, yes</column>
<column name="- Loop 4">55, 55, 48, 8, 1, 2, yes</column>
<column name="- Loop 5">21568, 21568, 337, -, -, 64, no</column>
<column name="- Loop 6">336, 336, 57, 40, 1, 8, yes</column>
<column name="- Loop 7">295, 295, 48, 8, 1, 32, yes</column>
<column name="- Loop 8">55, 55, 48, 8, 1, 2, yes</column>
<column name="- Loop 9">976, 976, 77, 60, 1, 16, yes</column>
<column name="- Loop 10">31, 31, 22, 5, 1, 3, yes</column>
<column name="- Loop 11">384, 384, 192, 192, 1, 2, yes</column>
<column name="- Loop 12">33, 33, 32, 1, 1, 3, yes</column>
</table>
</item>
</section>
</item>
</section>
</item>
</section>
</profile>
