<?xml version="1.0" encoding="UTF-8"?>
<vivadoHLSLog:LogRoot xmlns:vivadoHLSLog="www.xilinx.com/vivadoHLSLog">
  <errorLogs>
    <logs>
      <synLog/>
      <simLog/>
      <mgLog/>
      <packageLog/>
      <csimLog/>
    </logs>
  </errorLogs>
  <warningLogs>
    <logs>
      <synLog>
        <logs message="WARNING: [SCHED 204-68] Unable to enforce a carried constraint (II = 3)&#xD;&#xA;   between 'fadd' operation ('sum', lud/lud_adse.cpp:302) and 'fadd' operation ('sum', lud/lud_adse.cpp:302)." projectName="lud" solutionName="asdse" date="2023-01-26T22:16:26.627-0600" type="Warning"/>
        <logs message="WARNING: [SCHED 204-68] Unable to enforce a carried constraint (II = 2)&#xD;&#xA;   between 'fadd' operation ('sum', lud/lud_adse.cpp:302) and 'fadd' operation ('sum', lud/lud_adse.cpp:302)." projectName="lud" solutionName="asdse" date="2023-01-26T22:16:26.613-0600" type="Warning"/>
        <logs message="WARNING: [SCHED 204-68] Unable to enforce a carried constraint (II = 1)&#xD;&#xA;   between 'fadd' operation ('sum', lud/lud_adse.cpp:302) and 'fadd' operation ('sum', lud/lud_adse.cpp:302)." projectName="lud" solutionName="asdse" date="2023-01-26T22:16:26.595-0600" type="Warning"/>
        <logs message="WARNING: [SCHED 204-68] The II Violation in module 'internal_store' (Loop: Loop 1): Unable to enforce a carried dependence constraint (II = 7, distance = 1, offset = 1)&#xD;&#xA;   between 'store' operation ('v0_0_addr_30_write_ln275', lud/lud_adse.cpp:275) of variable 'tmp_229', lud/lud_adse.cpp:274 on array 'v0_0' and 'store' operation ('v0_0_addr_write_ln275', lud/lud_adse.cpp:275) of variable 'tmp_222', lud/lud_adse.cpp:274 on array 'v0_0'." projectName="lud" solutionName="asdse" date="2023-01-26T22:16:10.870-0600" type="Warning"/>
        <logs message="WARNING: [SCHED 204-68] The II Violation in module 'internal_store' (Loop: Loop 1): Unable to enforce a carried dependence constraint (II = 4, distance = 1, offset = 1)&#xD;&#xA;   between 'store' operation ('v0_0_addr_27_write_ln275', lud/lud_adse.cpp:275) of variable 'tmp_226', lud/lud_adse.cpp:274 on array 'v0_0' and 'store' operation ('v0_0_addr_write_ln275', lud/lud_adse.cpp:275) of variable 'tmp_222', lud/lud_adse.cpp:274 on array 'v0_0'." projectName="lud" solutionName="asdse" date="2023-01-26T22:16:10.239-0600" type="Warning"/>
        <logs message="WARNING: [SCHED 204-68] The II Violation in module 'internal_store' (Loop: Loop 1): Unable to enforce a carried dependence constraint (II = 3, distance = 1, offset = 1)&#xD;&#xA;   between 'store' operation ('v0_0_addr_26_write_ln275', lud/lud_adse.cpp:275) of variable 'tmp_225', lud/lud_adse.cpp:274 on array 'v0_0' and 'store' operation ('v0_0_addr_write_ln275', lud/lud_adse.cpp:275) of variable 'tmp_222', lud/lud_adse.cpp:274 on array 'v0_0'." projectName="lud" solutionName="asdse" date="2023-01-26T22:16:09.098-0600" type="Warning"/>
        <logs message="WARNING: [SCHED 204-68] The II Violation in module 'internal_store' (Loop: Loop 1): Unable to enforce a carried dependence constraint (II = 2, distance = 1, offset = 1)&#xD;&#xA;   between 'store' operation ('v0_0_addr_25_write_ln275', lud/lud_adse.cpp:275) of variable 'tmp_224', lud/lud_adse.cpp:274 on array 'v0_0' and 'store' operation ('v0_0_addr_write_ln275', lud/lud_adse.cpp:275) of variable 'tmp_222', lud/lud_adse.cpp:274 on array 'v0_0'." projectName="lud" solutionName="asdse" date="2023-01-26T22:16:09.058-0600" type="Warning"/>
        <logs message="WARNING: [SCHED 204-68] The II Violation in module 'internal_store' (Loop: Loop 1): Unable to enforce a carried dependence constraint (II = 1, distance = 1, offset = 1)&#xD;&#xA;   between 'store' operation ('v0_0_addr_24_write_ln275', lud/lud_adse.cpp:275) of variable 'tmp_223', lud/lud_adse.cpp:274 on array 'v0_0' and 'store' operation ('v0_0_addr_write_ln275', lud/lud_adse.cpp:275) of variable 'tmp_222', lud/lud_adse.cpp:274 on array 'v0_0'." projectName="lud" solutionName="asdse" date="2023-01-26T22:16:09.027-0600" type="Warning"/>
        <logs message="WARNING: [SCHED 204-69] Unable to schedule 'load' operation ('v0_14_load_349', lud/lud_adse.cpp:245) on array 'v0_14' due to limited memory ports. Please consider using a memory core with more ports or partitioning the array 'v0_14'." projectName="lud" solutionName="asdse" date="2023-01-26T21:52:54.638-0600" type="Warning"/>
        <logs message="WARNING: [SCHED 204-69] Unable to schedule 'load' operation ('v0_8_load_295', lud/lud_adse.cpp:245) on array 'v0_8' due to limited memory ports. Please consider using a memory core with more ports or partitioning the array 'v0_8'." projectName="lud" solutionName="asdse" date="2023-01-26T21:52:43.223-0600" type="Warning"/>
        <logs message="WARNING: [SCHED 204-69] Unable to schedule 'load' operation ('v0_6_load_293', lud/lud_adse.cpp:245) on array 'v0_6' due to limited memory ports. Please consider using a memory core with more ports or partitioning the array 'v0_6'." projectName="lud" solutionName="asdse" date="2023-01-26T21:51:52.677-0600" type="Warning"/>
        <logs message="WARNING: [SCHED 204-69] Unable to schedule 'load' operation ('v0_4_load_291', lud/lud_adse.cpp:245) on array 'v0_4' due to limited memory ports. Please consider using a memory core with more ports or partitioning the array 'v0_4'." projectName="lud" solutionName="asdse" date="2023-01-26T21:51:52.047-0600" type="Warning"/>
        <logs message="WARNING: [SCHED 204-69] Unable to schedule 'load' operation ('v0_2_load_289', lud/lud_adse.cpp:245) on array 'v0_2' due to limited memory ports. Please consider using a memory core with more ports or partitioning the array 'v0_2'." projectName="lud" solutionName="asdse" date="2023-01-26T21:51:51.560-0600" type="Warning"/>
        <logs message="WARNING: [SCHED 204-69] Unable to schedule 'load' operation ('v0_0_load_227', lud/lud_adse.cpp:235) on array 'v0_0' due to limited memory ports. Please consider using a memory core with more ports or partitioning the array 'v0_0'." projectName="lud" solutionName="asdse" date="2023-01-26T21:51:50.111-0600" type="Warning"/>
        <logs message="WARNING: [SCHED 204-69] Unable to schedule 'load' operation ('v0_2_load_225', lud/lud_adse.cpp:235) on array 'v0_2' due to limited memory ports. Please consider using a memory core with more ports or partitioning the array 'v0_2'." projectName="lud" solutionName="asdse" date="2023-01-26T21:50:46.555-0600" type="Warning"/>
        <logs message="WARNING: [SCHED 204-69] Unable to schedule 'load' operation ('v0_0_load_199', lud/lud_adse.cpp:224) on array 'v0_0' due to limited memory ports. Please consider using a memory core with more ports or partitioning the array 'v0_0'." projectName="lud" solutionName="asdse" date="2023-01-26T21:50:45.328-0600" type="Warning"/>
        <logs message="WARNING: [SCHED 204-69] Unable to schedule 'load' operation ('v0_6_load_197', lud/lud_adse.cpp:224) on array 'v0_6' due to limited memory ports. Please consider using a memory core with more ports or partitioning the array 'v0_6'." projectName="lud" solutionName="asdse" date="2023-01-26T21:50:29.401-0600" type="Warning"/>
        <logs message="WARNING: [SCHED 204-69] Unable to schedule 'load' operation ('v0_4_load_195', lud/lud_adse.cpp:224) on array 'v0_4' due to limited memory ports. Please consider using a memory core with more ports or partitioning the array 'v0_4'." projectName="lud" solutionName="asdse" date="2023-01-26T21:50:28.867-0600" type="Warning"/>
        <logs message="WARNING: [SCHED 204-69] Unable to schedule 'load' operation ('v0_2_load_193', lud/lud_adse.cpp:224) on array 'v0_2' due to limited memory ports. Please consider using a memory core with more ports or partitioning the array 'v0_2'." projectName="lud" solutionName="asdse" date="2023-01-26T21:50:28.412-0600" type="Warning"/>
        <logs message="WARNING: [SCHED 204-68] The II Violation in module 'perimeter_store' (Loop: Loop 1): Unable to enforce a carried dependence constraint (II = 7, distance = 1, offset = 1)&#xD;&#xA;   between 'store' operation ('v0_0_addr_15_write_ln129', lud/lud_adse.cpp:129) of variable 'tmp_10', lud/lud_adse.cpp:128 on array 'v0_0' and 'store' operation ('v0_0_addr_1_write_ln129', lud/lud_adse.cpp:129) of variable 'tmp_3', lud/lud_adse.cpp:128 on array 'v0_0'." projectName="lud" solutionName="asdse" date="2023-01-26T21:49:37.110-0600" type="Warning"/>
        <logs message="WARNING: [SCHED 204-68] The II Violation in module 'perimeter_store' (Loop: Loop 1): Unable to enforce a carried dependence constraint (II = 4, distance = 1, offset = 1)&#xD;&#xA;   between 'store' operation ('v0_0_addr_9_write_ln129', lud/lud_adse.cpp:129) of variable 'tmp_8', lud/lud_adse.cpp:128 on array 'v0_0' and 'store' operation ('v0_0_addr_1_write_ln129', lud/lud_adse.cpp:129) of variable 'tmp_3', lud/lud_adse.cpp:128 on array 'v0_0'." projectName="lud" solutionName="asdse" date="2023-01-26T21:49:36.472-0600" type="Warning"/>
        <logs message="WARNING: [SCHED 204-68] The II Violation in module 'perimeter_store' (Loop: Loop 1): Unable to enforce a carried dependence constraint (II = 3, distance = 1, offset = 1)&#xD;&#xA;   between 'store' operation ('v0_0_addr_7_write_ln129', lud/lud_adse.cpp:129) of variable 'tmp_7', lud/lud_adse.cpp:128 on array 'v0_0' and 'store' operation ('v0_0_addr_1_write_ln129', lud/lud_adse.cpp:129) of variable 'tmp_3', lud/lud_adse.cpp:128 on array 'v0_0'." projectName="lud" solutionName="asdse" date="2023-01-26T21:49:35.301-0600" type="Warning"/>
        <logs message="WARNING: [SCHED 204-68] The II Violation in module 'perimeter_store' (Loop: Loop 1): Unable to enforce a carried dependence constraint (II = 2, distance = 1, offset = 1)&#xD;&#xA;   between 'store' operation ('v0_0_addr_5_write_ln129', lud/lud_adse.cpp:129) of variable 'tmp_6', lud/lud_adse.cpp:128 on array 'v0_0' and 'store' operation ('v0_0_addr_1_write_ln129', lud/lud_adse.cpp:129) of variable 'tmp_3', lud/lud_adse.cpp:128 on array 'v0_0'." projectName="lud" solutionName="asdse" date="2023-01-26T21:49:35.254-0600" type="Warning"/>
        <logs message="WARNING: [SCHED 204-68] The II Violation in module 'perimeter_store' (Loop: Loop 1): Unable to enforce a carried dependence constraint (II = 1, distance = 1, offset = 1)&#xD;&#xA;   between 'store' operation ('v0_0_addr_3_write_ln129', lud/lud_adse.cpp:129) of variable 'tmp_5', lud/lud_adse.cpp:128 on array 'v0_0' and 'store' operation ('v0_0_addr_1_write_ln129', lud/lud_adse.cpp:129) of variable 'tmp_3', lud/lud_adse.cpp:128 on array 'v0_0'." projectName="lud" solutionName="asdse" date="2023-01-26T21:49:35.248-0600" type="Warning"/>
        <logs message="WARNING: [SCHED 204-69] Unable to schedule 'load' operation ('v0_0_load_68', lud/lud_adse.cpp:104) on array 'v0_0' due to limited memory ports. Please consider using a memory core with more ports or partitioning the array 'v0_0'." projectName="lud" solutionName="asdse" date="2023-01-26T20:46:16.816-0600" type="Warning"/>
        <logs message="WARNING: [SCHED 204-69] Unable to schedule 'load' operation ('v0_2_load_66', lud/lud_adse.cpp:104) on array 'v0_2' due to limited memory ports. Please consider using a memory core with more ports or partitioning the array 'v0_2'." projectName="lud" solutionName="asdse" date="2023-01-26T20:41:18.728-0600" type="Warning"/>
        <logs message="WARNING: [SCHED 204-69] Unable to schedule 'load' operation ('v0_14_load_62', lud/lud_adse.cpp:94) on array 'v0_14' due to limited memory ports. Please consider using a memory core with more ports or partitioning the array 'v0_14'." projectName="lud" solutionName="asdse" date="2023-01-26T20:41:16.729-0600" type="Warning"/>
        <logs message="WARNING: [SCHED 204-69] Unable to schedule 'load' operation ('v0_8_load_8', lud/lud_adse.cpp:94) on array 'v0_8' due to limited memory ports. Please consider using a memory core with more ports or partitioning the array 'v0_8'." projectName="lud" solutionName="asdse" date="2023-01-26T20:41:03.446-0600" type="Warning"/>
        <logs message="WARNING: [SCHED 204-69] Unable to schedule 'load' operation ('v0_6_load_6', lud/lud_adse.cpp:94) on array 'v0_6' due to limited memory ports. Please consider using a memory core with more ports or partitioning the array 'v0_6'." projectName="lud" solutionName="asdse" date="2023-01-26T20:40:08.086-0600" type="Warning"/>
        <logs message="WARNING: [SCHED 204-69] Unable to schedule 'load' operation ('v0_4_load_4', lud/lud_adse.cpp:94) on array 'v0_4' due to limited memory ports. Please consider using a memory core with more ports or partitioning the array 'v0_4'." projectName="lud" solutionName="asdse" date="2023-01-26T20:40:07.206-0600" type="Warning"/>
        <logs message="WARNING: [SCHED 204-69] Unable to schedule 'load' operation ('v0_2_load_2', lud/lud_adse.cpp:94) on array 'v0_2' due to limited memory ports. Please consider using a memory core with more ports or partitioning the array 'v0_2'." projectName="lud" solutionName="asdse" date="2023-01-26T20:40:06.516-0600" type="Warning"/>
        <logs message="WARNING: [SCHED 204-68] The II Violation in module 'diagonal_store' (Loop: Loop 1): Unable to enforce a carried dependence constraint (II = 1, distance = 1, offset = 1)&#xD;&#xA;   between 'store' operation ('v0_0_addr_32_write_ln41', lud/lud_adse.cpp:41) of variable 'v1_0_load_1', lud/lud_adse.cpp:40 on array 'v0_0' and 'store' operation ('v0_0_addr_write_ln41', lud/lud_adse.cpp:41) of variable 'v1_0_load', lud/lud_adse.cpp:40 on array 'v0_0'." projectName="lud" solutionName="asdse" date="2023-01-26T20:39:14.632-0600" type="Warning"/>
        <logs message="WARNING: [SCHED 204-69] Unable to schedule 'load' operation ('v0_14_load_372', lud/lud_adse.cpp:21) on array 'v0_14' due to limited memory ports. Please consider using a memory core with more ports or partitioning the array 'v0_14'." projectName="lud" solutionName="asdse" date="2023-01-26T20:37:45.402-0600" type="Warning"/>
        <logs message="WARNING: [SCHED 204-69] Unable to schedule 'load' operation ('v0_0_load_358', lud/lud_adse.cpp:21) on array 'v0_0' due to limited memory ports. Please consider using a memory core with more ports or partitioning the array 'v0_0'." projectName="lud" solutionName="asdse" date="2023-01-26T20:37:37.825-0600" type="Warning"/>
        <logs message="WARNING: [SCHED 204-69] Unable to schedule 'load' operation ('v0_6_load_356', lud/lud_adse.cpp:21) on array 'v0_6' due to limited memory ports. Please consider using a memory core with more ports or partitioning the array 'v0_6'." projectName="lud" solutionName="asdse" date="2023-01-26T20:37:28.552-0600" type="Warning"/>
        <logs message="WARNING: [SCHED 204-69] Unable to schedule 'load' operation ('v0_4_load_354', lud/lud_adse.cpp:21) on array 'v0_4' due to limited memory ports. Please consider using a memory core with more ports or partitioning the array 'v0_4'." projectName="lud" solutionName="asdse" date="2023-01-26T20:37:28.049-0600" type="Warning"/>
        <logs message="WARNING: [SCHED 204-69] Unable to schedule 'load' operation ('v0_2_load_352', lud/lud_adse.cpp:21) on array 'v0_2' due to limited memory ports. Please consider using a memory core with more ports or partitioning the array 'v0_2'." projectName="lud" solutionName="asdse" date="2023-01-26T20:37:27.719-0600" type="Warning"/>
        <logs message="WARNING: [XFORM 203-542] Cannot flatten a loop nest 'Loop34' (lud/lud_adse.cpp:293:82) in function 'lud_internal' : &#xD;&#xA;&#xD;&#xA;the outer loop is not a perfect loop because there is nontrivial logic in the loop latch." projectName="lud" solutionName="asdse" date="2023-01-26T20:35:19.612-0600" type="Warning"/>
        <logs message="WARNING: [XFORM 203-542] Cannot flatten a loop nest 'Loop36' (lud/lud_adse.cpp:297:47) in function 'lud_internal' : &#xD;&#xA;&#xD;&#xA;the outer loop is not a perfect loop because there is nontrivial logic before entering the inner loop." projectName="lud" solutionName="asdse" date="2023-01-26T20:35:19.581-0600" type="Warning"/>
        <logs message="WARNING: [SCHED 204-68] Unable to enforce a carried constraint (II = 3)&#xD;&#xA;   between 'fadd' operation ('sum', lud/lud_adse.cpp:302) and 'fadd' operation ('sum', lud/lud_adse.cpp:302)." projectName="lud" solutionName="adse" date="2022-06-17T07:31:38.496-0500" type="Warning"/>
        <logs message="WARNING: [SCHED 204-68] Unable to enforce a carried constraint (II = 2)&#xD;&#xA;   between 'fadd' operation ('sum', lud/lud_adse.cpp:302) and 'fadd' operation ('sum', lud/lud_adse.cpp:302)." projectName="lud" solutionName="adse" date="2022-06-17T07:31:38.484-0500" type="Warning"/>
        <logs message="WARNING: [SCHED 204-68] Unable to enforce a carried constraint (II = 1)&#xD;&#xA;   between 'fadd' operation ('sum', lud/lud_adse.cpp:302) and 'fadd' operation ('sum', lud/lud_adse.cpp:302)." projectName="lud" solutionName="adse" date="2022-06-17T07:31:38.466-0500" type="Warning"/>
        <logs message="WARNING: [SCHED 204-68] The II Violation in module 'internal_store' (Loop: Loop 1): Unable to enforce a carried dependence constraint (II = 7, distance = 1, offset = 1)&#xD;&#xA;   between 'store' operation ('v0_0_addr_30_write_ln275', lud/lud_adse.cpp:275) of variable 'tmp_302', lud/lud_adse.cpp:274 on array 'v0_0' and 'store' operation ('v0_0_addr_write_ln275', lud/lud_adse.cpp:275) of variable 'tmp_290', lud/lud_adse.cpp:274 on array 'v0_0'." projectName="lud" solutionName="adse" date="2022-06-17T07:30:12.908-0500" type="Warning"/>
        <logs message="WARNING: [SCHED 204-68] The II Violation in module 'internal_store' (Loop: Loop 1): Unable to enforce a carried dependence constraint (II = 4, distance = 1, offset = 1)&#xD;&#xA;   between 'store' operation ('v0_0_addr_27_write_ln275', lud/lud_adse.cpp:275) of variable 'tmp_297', lud/lud_adse.cpp:274 on array 'v0_0' and 'store' operation ('v0_0_addr_write_ln275', lud/lud_adse.cpp:275) of variable 'tmp_290', lud/lud_adse.cpp:274 on array 'v0_0'." projectName="lud" solutionName="adse" date="2022-06-17T07:30:12.313-0500" type="Warning"/>
        <logs message="WARNING: [SCHED 204-68] The II Violation in module 'internal_store' (Loop: Loop 1): Unable to enforce a carried dependence constraint (II = 3, distance = 1, offset = 1)&#xD;&#xA;   between 'store' operation ('v0_0_addr_26_write_ln275', lud/lud_adse.cpp:275) of variable 'tmp_295', lud/lud_adse.cpp:274 on array 'v0_0' and 'store' operation ('v0_0_addr_write_ln275', lud/lud_adse.cpp:275) of variable 'tmp_290', lud/lud_adse.cpp:274 on array 'v0_0'." projectName="lud" solutionName="adse" date="2022-06-17T07:30:11.240-0500" type="Warning"/>
        <logs message="WARNING: [SCHED 204-68] The II Violation in module 'internal_store' (Loop: Loop 1): Unable to enforce a carried dependence constraint (II = 2, distance = 1, offset = 1)&#xD;&#xA;   between 'store' operation ('v0_0_addr_25_write_ln275', lud/lud_adse.cpp:275) of variable 'tmp_293', lud/lud_adse.cpp:274 on array 'v0_0' and 'store' operation ('v0_0_addr_write_ln275', lud/lud_adse.cpp:275) of variable 'tmp_290', lud/lud_adse.cpp:274 on array 'v0_0'." projectName="lud" solutionName="adse" date="2022-06-17T07:30:11.186-0500" type="Warning"/>
        <logs message="WARNING: [SCHED 204-68] The II Violation in module 'internal_store' (Loop: Loop 1): Unable to enforce a carried dependence constraint (II = 1, distance = 1, offset = 1)&#xD;&#xA;   between 'store' operation ('v0_0_addr_24_write_ln275', lud/lud_adse.cpp:275) of variable 'tmp_292', lud/lud_adse.cpp:274 on array 'v0_0' and 'store' operation ('v0_0_addr_write_ln275', lud/lud_adse.cpp:275) of variable 'tmp_290', lud/lud_adse.cpp:274 on array 'v0_0'." projectName="lud" solutionName="adse" date="2022-06-17T07:30:11.117-0500" type="Warning"/>
        <logs message="WARNING: [SCHED 204-69] Unable to schedule 'load' operation ('v0_14_load_349', lud/lud_adse.cpp:245) on array 'v0_14' due to limited memory ports. Please consider using a memory core with more ports or partitioning the array 'v0_14'." projectName="lud" solutionName="adse" date="2022-06-17T06:48:03.391-0500" type="Warning"/>
        <logs message="WARNING: [SCHED 204-69] Unable to schedule 'load' operation ('v0_8_load_295', lud/lud_adse.cpp:245) on array 'v0_8' due to limited memory ports. Please consider using a memory core with more ports or partitioning the array 'v0_8'." projectName="lud" solutionName="adse" date="2022-06-17T06:47:47.977-0500" type="Warning"/>
        <logs message="WARNING: [SCHED 204-69] Unable to schedule 'load' operation ('v0_6_load_293', lud/lud_adse.cpp:245) on array 'v0_6' due to limited memory ports. Please consider using a memory core with more ports or partitioning the array 'v0_6'." projectName="lud" solutionName="adse" date="2022-06-17T06:37:15.056-0500" type="Warning"/>
        <logs message="WARNING: [SCHED 204-69] Unable to schedule 'load' operation ('v0_4_load_291', lud/lud_adse.cpp:245) on array 'v0_4' due to limited memory ports. Please consider using a memory core with more ports or partitioning the array 'v0_4'." projectName="lud" solutionName="adse" date="2022-06-17T06:37:03.233-0500" type="Warning"/>
        <logs message="WARNING: [SCHED 204-69] Unable to schedule 'load' operation ('v0_2_load_289', lud/lud_adse.cpp:245) on array 'v0_2' due to limited memory ports. Please consider using a memory core with more ports or partitioning the array 'v0_2'." projectName="lud" solutionName="adse" date="2022-06-17T06:36:52.964-0500" type="Warning"/>
        <logs message="WARNING: [SCHED 204-69] Unable to schedule 'load' operation ('v0_0_load_228', lud/lud_adse.cpp:235) on array 'v0_0' due to limited memory ports. Please consider using a memory core with more ports or partitioning the array 'v0_0'." projectName="lud" solutionName="adse" date="2022-06-17T06:36:36.111-0500" type="Warning"/>
        <logs message="WARNING: [SCHED 204-69] Unable to schedule 'load' operation ('v0_2_load_226', lud/lud_adse.cpp:235) on array 'v0_2' due to limited memory ports. Please consider using a memory core with more ports or partitioning the array 'v0_2'." projectName="lud" solutionName="adse" date="2022-06-17T06:25:04.865-0500" type="Warning"/>
        <logs message="WARNING: [SCHED 204-69] Unable to schedule 'load' operation ('v0_0_load_199', lud/lud_adse.cpp:224) on array 'v0_0' due to limited memory ports. Please consider using a memory core with more ports or partitioning the array 'v0_0'." projectName="lud" solutionName="adse" date="2022-06-17T06:24:46.732-0500" type="Warning"/>
        <logs message="WARNING: [SCHED 204-69] Unable to schedule 'load' operation ('v0_6_load_197', lud/lud_adse.cpp:224) on array 'v0_6' due to limited memory ports. Please consider using a memory core with more ports or partitioning the array 'v0_6'." projectName="lud" solutionName="adse" date="2022-06-17T06:23:09.748-0500" type="Warning"/>
        <logs message="WARNING: [SCHED 204-69] Unable to schedule 'load' operation ('v0_4_load_195', lud/lud_adse.cpp:224) on array 'v0_4' due to limited memory ports. Please consider using a memory core with more ports or partitioning the array 'v0_4'." projectName="lud" solutionName="adse" date="2022-06-17T06:23:00.640-0500" type="Warning"/>
        <logs message="WARNING: [SCHED 204-69] Unable to schedule 'load' operation ('v0_2_load_193', lud/lud_adse.cpp:224) on array 'v0_2' due to limited memory ports. Please consider using a memory core with more ports or partitioning the array 'v0_2'." projectName="lud" solutionName="adse" date="2022-06-17T06:22:53.500-0500" type="Warning"/>
        <logs message="WARNING: [SCHED 204-68] The II Violation in module 'perimeter_store' (Loop: Loop 1): Unable to enforce a carried dependence constraint (II = 7, distance = 1, offset = 1)&#xD;&#xA;   between 'store' operation ('v0_0_addr_11_write_ln129', lud/lud_adse.cpp:129) of variable 'tmp_18', lud/lud_adse.cpp:128 on array 'v0_0' and 'store' operation ('v0_0_addr_write_ln129', lud/lud_adse.cpp:129) of variable 'tmp_3', lud/lud_adse.cpp:128 on array 'v0_0'." projectName="lud" solutionName="adse" date="2022-06-17T05:28:36.860-0500" type="Warning"/>
        <logs message="WARNING: [SCHED 204-68] The II Violation in module 'perimeter_store' (Loop: Loop 1): Unable to enforce a carried dependence constraint (II = 4, distance = 1, offset = 1)&#xD;&#xA;   between 'store' operation ('v0_0_addr_6_write_ln129', lud/lud_adse.cpp:129) of variable 'tmp_13', lud/lud_adse.cpp:128 on array 'v0_0' and 'store' operation ('v0_0_addr_write_ln129', lud/lud_adse.cpp:129) of variable 'tmp_3', lud/lud_adse.cpp:128 on array 'v0_0'." projectName="lud" solutionName="adse" date="2022-06-17T05:28:36.267-0500" type="Warning"/>
        <logs message="WARNING: [SCHED 204-68] The II Violation in module 'perimeter_store' (Loop: Loop 1): Unable to enforce a carried dependence constraint (II = 3, distance = 1, offset = 1)&#xD;&#xA;   between 'store' operation ('v0_0_addr_5_write_ln129', lud/lud_adse.cpp:129) of variable 'tmp_11', lud/lud_adse.cpp:128 on array 'v0_0' and 'store' operation ('v0_0_addr_write_ln129', lud/lud_adse.cpp:129) of variable 'tmp_3', lud/lud_adse.cpp:128 on array 'v0_0'." projectName="lud" solutionName="adse" date="2022-06-17T05:28:35.239-0500" type="Warning"/>
        <logs message="WARNING: [SCHED 204-68] The II Violation in module 'perimeter_store' (Loop: Loop 1): Unable to enforce a carried dependence constraint (II = 2, distance = 1, offset = 1)&#xD;&#xA;   between 'store' operation ('v0_0_addr_3_write_ln129', lud/lud_adse.cpp:129) of variable 'tmp_4', lud/lud_adse.cpp:128 on array 'v0_0' and 'store' operation ('v0_0_addr_write_ln129', lud/lud_adse.cpp:129) of variable 'tmp_3', lud/lud_adse.cpp:128 on array 'v0_0'." projectName="lud" solutionName="adse" date="2022-06-17T05:28:35.224-0500" type="Warning"/>
        <logs message="WARNING: [SCHED 204-68] The II Violation in module 'perimeter_store' (Loop: Loop 1): Unable to enforce a carried dependence constraint (II = 1, distance = 1, offset = 1)&#xD;&#xA;   between 'store' operation ('v0_0_addr_2_write_ln129', lud/lud_adse.cpp:129) of variable 'tmp_1', lud/lud_adse.cpp:128 on array 'v0_0' and 'store' operation ('v0_0_addr_write_ln129', lud/lud_adse.cpp:129) of variable 'tmp_3', lud/lud_adse.cpp:128 on array 'v0_0'." projectName="lud" solutionName="adse" date="2022-06-17T05:28:35.192-0500" type="Warning"/>
        <logs message="WARNING: [SCHED 204-69] Unable to schedule 'load' operation ('v0_0_load_68', lud/lud_adse.cpp:104) on array 'v0_0' due to limited memory ports. Please consider using a memory core with more ports or partitioning the array 'v0_0'." projectName="lud" solutionName="adse" date="2022-06-17T03:53:55.709-0500" type="Warning"/>
        <logs message="WARNING: [SCHED 204-69] Unable to schedule 'load' operation ('v0_2_load_66', lud/lud_adse.cpp:104) on array 'v0_2' due to limited memory ports. Please consider using a memory core with more ports or partitioning the array 'v0_2'." projectName="lud" solutionName="adse" date="2022-06-17T03:47:50.507-0500" type="Warning"/>
        <logs message="WARNING: [SCHED 204-69] Unable to schedule 'load' operation ('v0_14_load_63', lud/lud_adse.cpp:94) on array 'v0_14' due to limited memory ports. Please consider using a memory core with more ports or partitioning the array 'v0_14'." projectName="lud" solutionName="adse" date="2022-06-17T03:47:46.412-0500" type="Warning"/>
        <logs message="WARNING: [SCHED 204-69] Unable to schedule 'load' operation ('v0_8_load_9', lud/lud_adse.cpp:94) on array 'v0_8' due to limited memory ports. Please consider using a memory core with more ports or partitioning the array 'v0_8'." projectName="lud" solutionName="adse" date="2022-06-17T03:47:30.721-0500" type="Warning"/>
        <logs message="WARNING: [SCHED 204-69] Unable to schedule 'load' operation ('v0_6_load_7', lud/lud_adse.cpp:94) on array 'v0_6' due to limited memory ports. Please consider using a memory core with more ports or partitioning the array 'v0_6'." projectName="lud" solutionName="adse" date="2022-06-17T03:37:04.038-0500" type="Warning"/>
        <logs message="WARNING: [SCHED 204-69] Unable to schedule 'load' operation ('v0_4_load_5', lud/lud_adse.cpp:94) on array 'v0_4' due to limited memory ports. Please consider using a memory core with more ports or partitioning the array 'v0_4'." projectName="lud" solutionName="adse" date="2022-06-17T03:36:49.184-0500" type="Warning"/>
        <logs message="WARNING: [SCHED 204-69] Unable to schedule 'load' operation ('v0_2_load_3', lud/lud_adse.cpp:94) on array 'v0_2' due to limited memory ports. Please consider using a memory core with more ports or partitioning the array 'v0_2'." projectName="lud" solutionName="adse" date="2022-06-17T03:36:37.167-0500" type="Warning"/>
        <logs message="WARNING: [SCHED 204-68] The II Violation in module 'diagonal_store' (Loop: Loop 1): Unable to enforce a carried dependence constraint (II = 1, distance = 1, offset = 1)&#xD;&#xA;   between 'store' operation ('v0_0_addr_32_write_ln41', lud/lud_adse.cpp:41) of variable 'select_ln40_2', lud/lud_adse.cpp:40 on array 'v0_0' and 'store' operation ('v0_0_addr_write_ln41', lud/lud_adse.cpp:41) of variable 'select_ln40', lud/lud_adse.cpp:40 on array 'v0_0'." projectName="lud" solutionName="adse" date="2022-06-17T02:27:36.557-0500" type="Warning"/>
        <logs message="WARNING: [SCHED 204-69] Unable to schedule 'load' operation ('v0_14_load_372', lud/lud_adse.cpp:21) on array 'v0_14' due to limited memory ports. Please consider using a memory core with more ports or partitioning the array 'v0_14'." projectName="lud" solutionName="adse" date="2022-06-17T02:22:19.596-0500" type="Warning"/>
        <logs message="WARNING: [SCHED 204-69] Unable to schedule 'load' operation ('v0_0_load_358', lud/lud_adse.cpp:21) on array 'v0_0' due to limited memory ports. Please consider using a memory core with more ports or partitioning the array 'v0_0'." projectName="lud" solutionName="adse" date="2022-06-17T02:21:30.310-0500" type="Warning"/>
        <logs message="WARNING: [SCHED 204-69] Unable to schedule 'load' operation ('v0_6_load_356', lud/lud_adse.cpp:21) on array 'v0_6' due to limited memory ports. Please consider using a memory core with more ports or partitioning the array 'v0_6'." projectName="lud" solutionName="adse" date="2022-06-17T02:20:54.193-0500" type="Warning"/>
        <logs message="WARNING: [SCHED 204-69] Unable to schedule 'load' operation ('v0_4_load_354', lud/lud_adse.cpp:21) on array 'v0_4' due to limited memory ports. Please consider using a memory core with more ports or partitioning the array 'v0_4'." projectName="lud" solutionName="adse" date="2022-06-17T02:20:47.564-0500" type="Warning"/>
        <logs message="WARNING: [SCHED 204-69] Unable to schedule 'load' operation ('v0_2_load_352', lud/lud_adse.cpp:21) on array 'v0_2' due to limited memory ports. Please consider using a memory core with more ports or partitioning the array 'v0_2'." projectName="lud" solutionName="adse" date="2022-06-17T02:20:42.764-0500" type="Warning"/>
        <logs message="WARNING: [XFORM 203-542] Cannot flatten a loop nest 'Loop34' (lud/lud_adse.cpp:293:82) in function 'lud_internal' : &#xD;&#xA;&#xD;&#xA;the outer loop is not a perfect loop because there is nontrivial logic in the loop latch." projectName="lud" solutionName="adse" date="2022-06-17T02:16:00.608-0500" type="Warning"/>
        <logs message="WARNING: [XFORM 203-542] Cannot flatten a loop nest 'Loop36' (lud/lud_adse.cpp:297:47) in function 'lud_internal' : &#xD;&#xA;&#xD;&#xA;the outer loop is not a perfect loop because there is nontrivial logic before entering the inner loop." projectName="lud" solutionName="adse" date="2022-06-17T02:16:00.390-0500" type="Warning"/>
      </synLog>
      <simLog/>
      <mgLog/>
      <packageLog/>
      <csimLog/>
    </logs>
  </warningLogs>
</vivadoHLSLog:LogRoot>
