<profile>

<section name = "Vivado HLS Report for 'aesl_mux_load_5_5_x_s'" level="0">
<item name = "Date">Fri Jan 27 18:31:33 2023
</item>
<item name = "Version">2019.2 (Build 2704478 on Wed Nov 06 22:10:23 MST 2019)</item>
<item name = "Project">2.3mm_small</item>
<item name = "Solution">non-pareto</item>
<item name = "Product family">zynq</item>
<item name = "Target device">xc7z045-ffg900-2</item>
</section>

<section name = "Performance Estimates" level="0">
<item name = "Timing">
<section name = "" level="1">
<item name = "Summary"><table name="" hasTotal="0">
<keys size="4">Clock, Target, Estimated, Uncertainty</keys>
<column name="ap_clk">10.00 ns, 5.737 ns, 1.25 ns</column>
</table>
</item>
</section>
</item>
<item name = "Latency">
<section name = "" level="1">
<item name = "Summary"><table name="" hasTotal="0">
<keys size="8">, min, max, min, max, min, max, Type</keys>
<column name="">1, 1, 10.000 ns, 10.000 ns, 1, 1, function</column>
</table>
</item>
<item name = "Detail">
<section name = "" level="1">
<item name = "Instance"><table name="" hasTotal="0">
<keys size="9">Instance, Module, min, max, min, max, min, max, Type</keys>
</table>
</item>
<item name = "Loop"><table name="" hasTotal="0">
<keys size="8">Loop Name, min, max, Latency, achieved, target, Count, Pipelined</keys>
</table>
</item>
</section>
</item>
</section>
</item>
</section>

<section name = "Utilization Estimates" level="0">
<item name = "Summary"><table name="" hasTotal="1">
<keys size="6">Name, BRAM_18K, DSP48E, FF, LUT, URAM</keys>
<column name="DSP">-, -, -, -, -</column>
<column name="Expression">-, -, 0, 156, -</column>
<column name="FIFO">-, -, -, -, -</column>
<column name="Instance">-, -, -, -, -</column>
<column name="Memory">-, -, -, -, -</column>
<column name="Multiplexer">-, -, -, -, -</column>
<column name="Register">-, -, 5, -, -</column>
<specialColumn name="Available">1090, 900, 437200, 218600, 0</specialColumn>
<specialColumn name="Utilization (%)">0, 0, ~0, ~0, 0</specialColumn>
</table>
</item>
<item name = "Detail">
<section name = "" level="1">
<item name = "Instance"><table name="" hasTotal="1">
<keys size="7">Instance, Module, BRAM_18K, DSP48E, FF, LUT, URAM</keys>
</table>
</item>
<item name = "DSP48E"><table name="" hasTotal="0">
<keys size="3">Instance, Module, Expression</keys>
</table>
</item>
<item name = "Memory"><table name="" hasTotal="1">
<keys size="10">Memory, Module, BRAM_18K, FF, LUT, URAM, Words, Bits, Banks, W*Bits*Banks</keys>
</table>
</item>
<item name = "FIFO"><table name="" hasTotal="1">
<keys size="8">Name, BRAM_18K, FF, LUT, URAM, Depth, Bits, Size:D*B</keys>
</table>
</item>
<item name = "Expression"><table name="" hasTotal="1">
<keys size="7">Variable Name, Operation, DSP48E, FF, LUT, Bitwidth P0, Bitwidth P1</keys>
<column name="add_ln1_fu_169_p2">+, 0, 0, 8, 64, 64</column>
<column name="sub_ln1_fu_163_p2">-, 0, 0, 8, 64, 64</column>
<column name="ap_block_pp0_stage0_11001">and, 0, 0, 1, 1, 1</column>
<column name="icmp_ln16_1_fu_193_p2">icmp, 0, 0, 2, 3, 1</column>
<column name="icmp_ln16_2_fu_206_p2">icmp, 0, 0, 2, 3, 2</column>
<column name="icmp_ln16_3_fu_219_p2">icmp, 0, 0, 2, 3, 2</column>
<column name="icmp_ln16_fu_180_p2">icmp, 0, 0, 2, 3, 1</column>
<column name="ap_block_pp0_stage0_subdone">or, 0, 0, 1, 1, 1</column>
<column name="ap_return">select, 0, 0, 32, 1, 32</column>
<column name="select_ln16_1_fu_198_p3">select, 0, 0, 32, 1, 32</column>
<column name="select_ln16_2_fu_211_p3">select, 0, 0, 32, 1, 32</column>
<column name="select_ln16_fu_185_p3">select, 0, 0, 32, 1, 32</column>
<column name="ap_enable_pp0">xor, 0, 0, 2, 1, 2</column>
</table>
</item>
<item name = "Multiplexer"><table name="" hasTotal="1">
<keys size="5">Name, LUT, Input Size, Bits, Total Bits</keys>
</table>
</item>
<item name = "Register"><table name="" hasTotal="1">
<keys size="5">Name, FF, LUT, Bits, Const Bits</keys>
<column name="ap_CS_fsm">1, 0, 1, 0</column>
<column name="ap_enable_reg_pp0_iter1">1, 0, 1, 0</column>
<column name="tmp_44_reg_232">3, 0, 3, 0</column>
</table>
</item>
</section>
</item>
</section>

<section name = "Interface" level="0">
<item name = "Summary"><table name="" hasTotal="0">
<keys size="6">RTL Ports, Dir, Bits, Protocol, Source Object, C Type</keys>
<column name="ap_clk">in, 1, ap_ctrl_hs, aesl_mux_load_5_5_x_s, return value</column>
<column name="ap_rst">in, 1, ap_ctrl_hs, aesl_mux_load_5_5_x_s, return value</column>
<column name="ap_start">in, 1, ap_ctrl_hs, aesl_mux_load_5_5_x_s, return value</column>
<column name="ap_done">out, 1, ap_ctrl_hs, aesl_mux_load_5_5_x_s, return value</column>
<column name="ap_idle">out, 1, ap_ctrl_hs, aesl_mux_load_5_5_x_s, return value</column>
<column name="ap_ready">out, 1, ap_ctrl_hs, aesl_mux_load_5_5_x_s, return value</column>
<column name="ap_ce">in, 1, ap_ctrl_hs, aesl_mux_load_5_5_x_s, return value</column>
<column name="ap_return">out, 32, ap_ctrl_hs, aesl_mux_load_5_5_x_s, return value</column>
<column name="empty_25_Addr_A">out, 32, bram, empty_25, array</column>
<column name="empty_25_EN_A">out, 1, bram, empty_25, array</column>
<column name="empty_25_WEN_A">out, 4, bram, empty_25, array</column>
<column name="empty_25_Din_A">out, 32, bram, empty_25, array</column>
<column name="empty_25_Dout_A">in, 32, bram, empty_25, array</column>
<column name="empty_26_Addr_A">out, 32, bram, empty_26, array</column>
<column name="empty_26_EN_A">out, 1, bram, empty_26, array</column>
<column name="empty_26_WEN_A">out, 4, bram, empty_26, array</column>
<column name="empty_26_Din_A">out, 32, bram, empty_26, array</column>
<column name="empty_26_Dout_A">in, 32, bram, empty_26, array</column>
<column name="empty_27_Addr_A">out, 32, bram, empty_27, array</column>
<column name="empty_27_EN_A">out, 1, bram, empty_27, array</column>
<column name="empty_27_WEN_A">out, 4, bram, empty_27, array</column>
<column name="empty_27_Din_A">out, 32, bram, empty_27, array</column>
<column name="empty_27_Dout_A">in, 32, bram, empty_27, array</column>
<column name="empty_28_Addr_A">out, 32, bram, empty_28, array</column>
<column name="empty_28_EN_A">out, 1, bram, empty_28, array</column>
<column name="empty_28_WEN_A">out, 4, bram, empty_28, array</column>
<column name="empty_28_Din_A">out, 32, bram, empty_28, array</column>
<column name="empty_28_Dout_A">in, 32, bram, empty_28, array</column>
<column name="empty_29_Addr_A">out, 32, bram, empty_29, array</column>
<column name="empty_29_EN_A">out, 1, bram, empty_29, array</column>
<column name="empty_29_WEN_A">out, 4, bram, empty_29, array</column>
<column name="empty_29_Din_A">out, 32, bram, empty_29, array</column>
<column name="empty_29_Dout_A">in, 32, bram, empty_29, array</column>
<column name="empty_30">in, 3, ap_none, empty_30, scalar</column>
<column name="empty_31">in, 3, ap_none, empty_31, scalar</column>
<column name="empty">in, 5, ap_none, empty, scalar</column>
</table>
</item>
</section>
</profile>
