<stg><name>aesl_mux_load_5_5_x_1</name>


<trans_list>

<trans id="49" from="1" to="2">
<condition id="-1">
<or_exp><and_exp></and_exp></or_exp>
</condition>
</trans>
</trans_list>



<state_list>

<state id="1" st_id="1">

<operation id="3" st_id="1" stage="1" lat="1">
<core>NULL</core>
<MemPortIdVec></MemPortIdVec>
<condition id="-1">
<or_exp><and_exp></and_exp></or_exp>
</condition>

<Node id="9" bw="4" op_0_bw="4" op_1_bw="4">
<![CDATA[
entry_ifconv:0  %tmp_39 = call i4 @_ssdm_op_Read.ap_auto.i4(i4 %empty)

]]></Node>
<StgValue><ssdm name="tmp_39"/></StgValue>
</operation>

<operation id="4" st_id="1" stage="1" lat="1">
<core>NULL</core>
<MemPortIdVec></MemPortIdVec>
<condition id="-1">
<or_exp><and_exp></and_exp></or_exp>
</condition>

<Node id="10" bw="3" op_0_bw="3" op_1_bw="3">
<![CDATA[
entry_ifconv:1  %tmp_40 = call i3 @_ssdm_op_Read.ap_auto.i3(i3 %empty_24)

]]></Node>
<StgValue><ssdm name="tmp_40"/></StgValue>
</operation>

<operation id="5" st_id="1" stage="1" lat="1">
<core>NULL</core>
<MemPortIdVec></MemPortIdVec>
<condition id="-1">
<or_exp><and_exp></and_exp></or_exp>
</condition>

<Node id="11" bw="3" op_0_bw="3" op_1_bw="3">
<![CDATA[
entry_ifconv:2  %tmp_41 = call i3 @_ssdm_op_Read.ap_auto.i3(i3 %empty_23)

]]></Node>
<StgValue><ssdm name="tmp_41"/></StgValue>
</operation>

<operation id="6" st_id="1" stage="1" lat="1">
<core>NULL</core>
<MemPortIdVec></MemPortIdVec>
<condition id="-1">
<or_exp><and_exp></and_exp></or_exp>
</condition>

<Node id="12" bw="64" op_0_bw="4">
<![CDATA[
entry_ifconv:3  %p_cast2 = zext i4 %tmp_39 to i64

]]></Node>
<StgValue><ssdm name="p_cast2"/></StgValue>
</operation>

<operation id="7" st_id="1" stage="1" lat="1">
<core>NULL</core>
<MemPortIdVec></MemPortIdVec>
<condition id="-1">
<or_exp><and_exp></and_exp></or_exp>
</condition>

<Node id="13" bw="6" op_0_bw="6" op_1_bw="3" op_2_bw="3">
<![CDATA[
entry_ifconv:4  %tmp = call i6 @_ssdm_op_BitConcatenate.i6.i3.i3(i3 %tmp_40, i3 0)

]]></Node>
<StgValue><ssdm name="tmp"/></StgValue>
</operation>

<operation id="8" st_id="1" stage="1" lat="1">
<core>NULL</core>
<MemPortIdVec></MemPortIdVec>
<condition id="-1">
<or_exp><and_exp></and_exp></or_exp>
</condition>

<Node id="14" bw="64" op_0_bw="6">
<![CDATA[
entry_ifconv:5  %zext_ln1 = zext i6 %tmp to i64

]]></Node>
<StgValue><ssdm name="zext_ln1"/></StgValue>
</operation>

<operation id="9" st_id="1" stage="1" lat="1">
<core>NULL</core>
<MemPortIdVec></MemPortIdVec>
<condition id="-1">
<or_exp><and_exp></and_exp></or_exp>
</condition>

<Node id="15" bw="4" op_0_bw="4" op_1_bw="3" op_2_bw="1">
<![CDATA[
entry_ifconv:6  %tmp_s = call i4 @_ssdm_op_BitConcatenate.i4.i3.i1(i3 %tmp_40, i1 false)

]]></Node>
<StgValue><ssdm name="tmp_s"/></StgValue>
</operation>

<operation id="10" st_id="1" stage="1" lat="1">
<core>NULL</core>
<MemPortIdVec></MemPortIdVec>
<condition id="-1">
<or_exp><and_exp></and_exp></or_exp>
</condition>

<Node id="16" bw="64" op_0_bw="4">
<![CDATA[
entry_ifconv:7  %zext_ln1_2 = zext i4 %tmp_s to i64

]]></Node>
<StgValue><ssdm name="zext_ln1_2"/></StgValue>
</operation>

<operation id="11" st_id="1" stage="1" lat="1">
<core>TAddSub</core>
<MemPortIdVec></MemPortIdVec>
<condition id="-1">
<or_exp><and_exp></and_exp></or_exp>
</condition>

<Node id="17" bw="64" op_0_bw="64" op_1_bw="64">
<![CDATA[
entry_ifconv:8  %add_ln1 = add i64 %zext_ln1, %zext_ln1_2

]]></Node>
<StgValue><ssdm name="add_ln1"/></StgValue>
</operation>

<operation id="12" st_id="1" stage="1" lat="1">
<core>TAddSub</core>
<MemPortIdVec></MemPortIdVec>
<condition id="-1">
<or_exp><and_exp></and_exp></or_exp>
</condition>

<Node id="18" bw="64" op_0_bw="64" op_1_bw="64">
<![CDATA[
entry_ifconv:9  %add_ln1_2 = add i64 %p_cast2, %add_ln1

]]></Node>
<StgValue><ssdm name="add_ln1_2"/></StgValue>
</operation>

<operation id="13" st_id="1" stage="1" lat="1">
<core>NULL</core>
<MemPortIdVec></MemPortIdVec>
<condition id="-1">
<or_exp><and_exp></and_exp></or_exp>
</condition>

<Node id="19" bw="6" op_0_bw="32" op_1_bw="64" op_2_bw="64">
<![CDATA[
entry_ifconv:10  %p_addr_8 = getelementptr [50 x float]* %empty_18, i64 0, i64 %add_ln1_2

]]></Node>
<StgValue><ssdm name="p_addr_8"/></StgValue>
</operation>

<operation id="14" st_id="1" stage="1" lat="1">
<core>NULL</core>
<MemPortIdVec></MemPortIdVec>
<condition id="-1">
<or_exp><and_exp></and_exp></or_exp>
</condition>

<Node id="20" bw="6" op_0_bw="32" op_1_bw="64" op_2_bw="64">
<![CDATA[
entry_ifconv:11  %p_addr_9 = getelementptr [50 x float]* %empty_19, i64 0, i64 %add_ln1_2

]]></Node>
<StgValue><ssdm name="p_addr_9"/></StgValue>
</operation>

<operation id="15" st_id="1" stage="1" lat="1">
<core>NULL</core>
<MemPortIdVec></MemPortIdVec>
<condition id="-1">
<or_exp><and_exp></and_exp></or_exp>
</condition>

<Node id="21" bw="6" op_0_bw="32" op_1_bw="64" op_2_bw="64">
<![CDATA[
entry_ifconv:12  %p_addr_10 = getelementptr [50 x float]* %empty_20, i64 0, i64 %add_ln1_2

]]></Node>
<StgValue><ssdm name="p_addr_10"/></StgValue>
</operation>

<operation id="16" st_id="1" stage="1" lat="1">
<core>NULL</core>
<MemPortIdVec></MemPortIdVec>
<condition id="-1">
<or_exp><and_exp></and_exp></or_exp>
</condition>

<Node id="22" bw="6" op_0_bw="32" op_1_bw="64" op_2_bw="64">
<![CDATA[
entry_ifconv:13  %p_addr_11 = getelementptr [50 x float]* %empty_21, i64 0, i64 %add_ln1_2

]]></Node>
<StgValue><ssdm name="p_addr_11"/></StgValue>
</operation>

<operation id="17" st_id="1" stage="1" lat="1">
<core>NULL</core>
<MemPortIdVec></MemPortIdVec>
<condition id="-1">
<or_exp><and_exp></and_exp></or_exp>
</condition>

<Node id="23" bw="6" op_0_bw="32" op_1_bw="64" op_2_bw="64">
<![CDATA[
entry_ifconv:14  %p_addr = getelementptr [50 x float]* %empty_22, i64 0, i64 %add_ln1_2

]]></Node>
<StgValue><ssdm name="p_addr"/></StgValue>
</operation>

<operation id="18" st_id="1" stage="2" lat="2">
<core>RAM_S2P_BRAM</core>
<MemPortIdVec>0 </MemPortIdVec>
<condition id="-1">
<or_exp><and_exp></and_exp></or_exp>
</condition>

<Node id="34" bw="32" op_0_bw="6">
<![CDATA[
entry_ifconv:25  %empty_45 = load float* %p_addr, align 4

]]></Node>
<StgValue><ssdm name="empty_45"/></StgValue>
</operation>

<operation id="19" st_id="1" stage="2" lat="2">
<core>RAM_S2P_BRAM</core>
<MemPortIdVec>0 </MemPortIdVec>
<condition id="-1">
<or_exp><and_exp></and_exp></or_exp>
</condition>

<Node id="35" bw="32" op_0_bw="6">
<![CDATA[
entry_ifconv:26  %empty_46 = load float* %p_addr_8, align 4

]]></Node>
<StgValue><ssdm name="empty_46"/></StgValue>
</operation>

<operation id="20" st_id="1" stage="2" lat="2">
<core>RAM_S2P_BRAM</core>
<MemPortIdVec>0 </MemPortIdVec>
<condition id="-1">
<or_exp><and_exp></and_exp></or_exp>
</condition>

<Node id="36" bw="32" op_0_bw="6">
<![CDATA[
entry_ifconv:27  %empty_47 = load float* %p_addr_9, align 4

]]></Node>
<StgValue><ssdm name="empty_47"/></StgValue>
</operation>

<operation id="21" st_id="1" stage="2" lat="2">
<core>RAM_S2P_BRAM</core>
<MemPortIdVec>0 </MemPortIdVec>
<condition id="-1">
<or_exp><and_exp></and_exp></or_exp>
</condition>

<Node id="37" bw="32" op_0_bw="6">
<![CDATA[
entry_ifconv:28  %empty_48 = load float* %p_addr_10, align 4

]]></Node>
<StgValue><ssdm name="empty_48"/></StgValue>
</operation>

<operation id="22" st_id="1" stage="2" lat="2">
<core>RAM_S2P_BRAM</core>
<MemPortIdVec>0 </MemPortIdVec>
<condition id="-1">
<or_exp><and_exp></and_exp></or_exp>
</condition>

<Node id="38" bw="32" op_0_bw="6">
<![CDATA[
entry_ifconv:29  %empty_49 = load float* %p_addr_11, align 4

]]></Node>
<StgValue><ssdm name="empty_49"/></StgValue>
</operation>
</state>

<state id="2" st_id="2">

<operation id="23" st_id="2" stage="1" lat="1">
<core>NULL</core>
<MemPortIdVec></MemPortIdVec>
<condition id="-1">
<or_exp><and_exp></and_exp></or_exp>
</condition>

<Node id="24" bw="0" op_0_bw="0" op_1_bw="32" op_2_bw="0" op_3_bw="0" op_4_bw="0" op_5_bw="32" op_6_bw="0" op_7_bw="0" op_8_bw="0" op_9_bw="0" op_10_bw="0">
<![CDATA[
entry_ifconv:15  call void (...)* @_ssdm_op_SpecMemCore([50 x float]* %empty_21, [1 x i8]* @p_str110, [13 x i8]* @p_str514, [1 x i8]* @p_str110, i32 -1, [1 x i8]* @p_str110, [1 x i8]* @p_str110, [1 x i8]* @p_str110, [1 x i8]* @p_str110, [1 x i8]* @p_str110)

]]></Node>
<StgValue><ssdm name="specmemcore_ln0"/></StgValue>
</operation>

<operation id="24" st_id="2" stage="1" lat="1">
<core>NULL</core>
<MemPortIdVec></MemPortIdVec>
<condition id="-1">
<or_exp><and_exp></and_exp></or_exp>
</condition>

<Node id="25" bw="0" op_0_bw="0" op_1_bw="32" op_2_bw="0" op_3_bw="0" op_4_bw="0" op_5_bw="32" op_6_bw="0" op_7_bw="0" op_8_bw="0" op_9_bw="0" op_10_bw="0">
<![CDATA[
entry_ifconv:16  call void (...)* @_ssdm_op_SpecMemCore([50 x float]* %empty_20, [1 x i8]* @p_str110, [13 x i8]* @p_str514, [1 x i8]* @p_str110, i32 -1, [1 x i8]* @p_str110, [1 x i8]* @p_str110, [1 x i8]* @p_str110, [1 x i8]* @p_str110, [1 x i8]* @p_str110)

]]></Node>
<StgValue><ssdm name="specmemcore_ln0"/></StgValue>
</operation>

<operation id="25" st_id="2" stage="1" lat="1">
<core>NULL</core>
<MemPortIdVec></MemPortIdVec>
<condition id="-1">
<or_exp><and_exp></and_exp></or_exp>
</condition>

<Node id="26" bw="0" op_0_bw="0" op_1_bw="32" op_2_bw="0" op_3_bw="0" op_4_bw="0" op_5_bw="32" op_6_bw="0" op_7_bw="0" op_8_bw="0" op_9_bw="0" op_10_bw="0">
<![CDATA[
entry_ifconv:17  call void (...)* @_ssdm_op_SpecMemCore([50 x float]* %empty_19, [1 x i8]* @p_str110, [13 x i8]* @p_str514, [1 x i8]* @p_str110, i32 -1, [1 x i8]* @p_str110, [1 x i8]* @p_str110, [1 x i8]* @p_str110, [1 x i8]* @p_str110, [1 x i8]* @p_str110)

]]></Node>
<StgValue><ssdm name="specmemcore_ln0"/></StgValue>
</operation>

<operation id="26" st_id="2" stage="1" lat="1">
<core>NULL</core>
<MemPortIdVec></MemPortIdVec>
<condition id="-1">
<or_exp><and_exp></and_exp></or_exp>
</condition>

<Node id="27" bw="0" op_0_bw="0" op_1_bw="32" op_2_bw="0" op_3_bw="0" op_4_bw="0" op_5_bw="32" op_6_bw="0" op_7_bw="0" op_8_bw="0" op_9_bw="0" op_10_bw="0">
<![CDATA[
entry_ifconv:18  call void (...)* @_ssdm_op_SpecMemCore([50 x float]* %empty_22, [1 x i8]* @p_str110, [13 x i8]* @p_str514, [1 x i8]* @p_str110, i32 -1, [1 x i8]* @p_str110, [1 x i8]* @p_str110, [1 x i8]* @p_str110, [1 x i8]* @p_str110, [1 x i8]* @p_str110)

]]></Node>
<StgValue><ssdm name="specmemcore_ln0"/></StgValue>
</operation>

<operation id="27" st_id="2" stage="1" lat="1">
<core>NULL</core>
<MemPortIdVec></MemPortIdVec>
<condition id="-1">
<or_exp><and_exp></and_exp></or_exp>
</condition>

<Node id="28" bw="0" op_0_bw="0" op_1_bw="32" op_2_bw="0" op_3_bw="0" op_4_bw="0" op_5_bw="32" op_6_bw="0" op_7_bw="0" op_8_bw="0" op_9_bw="0" op_10_bw="0">
<![CDATA[
entry_ifconv:19  call void (...)* @_ssdm_op_SpecMemCore([50 x float]* %empty_18, [1 x i8]* @p_str110, [13 x i8]* @p_str514, [1 x i8]* @p_str110, i32 -1, [1 x i8]* @p_str110, [1 x i8]* @p_str110, [1 x i8]* @p_str110, [1 x i8]* @p_str110, [1 x i8]* @p_str110)

]]></Node>
<StgValue><ssdm name="specmemcore_ln0"/></StgValue>
</operation>

<operation id="28" st_id="2" stage="1" lat="1">
<core>NULL</core>
<MemPortIdVec></MemPortIdVec>
<condition id="-1">
<or_exp><and_exp></and_exp></or_exp>
</condition>

<Node id="29" bw="0" op_0_bw="0" op_1_bw="32" op_2_bw="0" op_3_bw="32" op_4_bw="32" op_5_bw="0" op_6_bw="32" op_7_bw="32" op_8_bw="0" op_9_bw="0" op_10_bw="0" op_11_bw="32" op_12_bw="32" op_13_bw="32" op_14_bw="32" op_15_bw="0" op_16_bw="0">
<![CDATA[
entry_ifconv:20  call void (...)* @_ssdm_op_SpecInterface([50 x float]* %empty_21, [5 x i8]* @p_str312, i32 0, i32 0, [1 x i8]* @p_str110, i32 0, i32 0, [1 x i8]* @p_str110, [1 x i8]* @p_str110, [1 x i8]* @p_str110, i32 0, i32 0, i32 0, i32 0, [1 x i8]* @p_str110, [1 x i8]* @p_str110)

]]></Node>
<StgValue><ssdm name="specinterface_ln0"/></StgValue>
</operation>

<operation id="29" st_id="2" stage="1" lat="1">
<core>NULL</core>
<MemPortIdVec></MemPortIdVec>
<condition id="-1">
<or_exp><and_exp></and_exp></or_exp>
</condition>

<Node id="30" bw="0" op_0_bw="0" op_1_bw="32" op_2_bw="0" op_3_bw="32" op_4_bw="32" op_5_bw="0" op_6_bw="32" op_7_bw="32" op_8_bw="0" op_9_bw="0" op_10_bw="0" op_11_bw="32" op_12_bw="32" op_13_bw="32" op_14_bw="32" op_15_bw="0" op_16_bw="0">
<![CDATA[
entry_ifconv:21  call void (...)* @_ssdm_op_SpecInterface([50 x float]* %empty_20, [5 x i8]* @p_str312, i32 0, i32 0, [1 x i8]* @p_str110, i32 0, i32 0, [1 x i8]* @p_str110, [1 x i8]* @p_str110, [1 x i8]* @p_str110, i32 0, i32 0, i32 0, i32 0, [1 x i8]* @p_str110, [1 x i8]* @p_str110)

]]></Node>
<StgValue><ssdm name="specinterface_ln0"/></StgValue>
</operation>

<operation id="30" st_id="2" stage="1" lat="1">
<core>NULL</core>
<MemPortIdVec></MemPortIdVec>
<condition id="-1">
<or_exp><and_exp></and_exp></or_exp>
</condition>

<Node id="31" bw="0" op_0_bw="0" op_1_bw="32" op_2_bw="0" op_3_bw="32" op_4_bw="32" op_5_bw="0" op_6_bw="32" op_7_bw="32" op_8_bw="0" op_9_bw="0" op_10_bw="0" op_11_bw="32" op_12_bw="32" op_13_bw="32" op_14_bw="32" op_15_bw="0" op_16_bw="0">
<![CDATA[
entry_ifconv:22  call void (...)* @_ssdm_op_SpecInterface([50 x float]* %empty_19, [5 x i8]* @p_str312, i32 0, i32 0, [1 x i8]* @p_str110, i32 0, i32 0, [1 x i8]* @p_str110, [1 x i8]* @p_str110, [1 x i8]* @p_str110, i32 0, i32 0, i32 0, i32 0, [1 x i8]* @p_str110, [1 x i8]* @p_str110)

]]></Node>
<StgValue><ssdm name="specinterface_ln0"/></StgValue>
</operation>

<operation id="31" st_id="2" stage="1" lat="1">
<core>NULL</core>
<MemPortIdVec></MemPortIdVec>
<condition id="-1">
<or_exp><and_exp></and_exp></or_exp>
</condition>

<Node id="32" bw="0" op_0_bw="0" op_1_bw="32" op_2_bw="0" op_3_bw="32" op_4_bw="32" op_5_bw="0" op_6_bw="32" op_7_bw="32" op_8_bw="0" op_9_bw="0" op_10_bw="0" op_11_bw="32" op_12_bw="32" op_13_bw="32" op_14_bw="32" op_15_bw="0" op_16_bw="0">
<![CDATA[
entry_ifconv:23  call void (...)* @_ssdm_op_SpecInterface([50 x float]* %empty_22, [5 x i8]* @p_str312, i32 0, i32 0, [1 x i8]* @p_str110, i32 0, i32 0, [1 x i8]* @p_str110, [1 x i8]* @p_str110, [1 x i8]* @p_str110, i32 0, i32 0, i32 0, i32 0, [1 x i8]* @p_str110, [1 x i8]* @p_str110)

]]></Node>
<StgValue><ssdm name="specinterface_ln0"/></StgValue>
</operation>

<operation id="32" st_id="2" stage="1" lat="1">
<core>NULL</core>
<MemPortIdVec></MemPortIdVec>
<condition id="-1">
<or_exp><and_exp></and_exp></or_exp>
</condition>

<Node id="33" bw="0" op_0_bw="0" op_1_bw="32" op_2_bw="0" op_3_bw="32" op_4_bw="32" op_5_bw="0" op_6_bw="32" op_7_bw="32" op_8_bw="0" op_9_bw="0" op_10_bw="0" op_11_bw="32" op_12_bw="32" op_13_bw="32" op_14_bw="32" op_15_bw="0" op_16_bw="0">
<![CDATA[
entry_ifconv:24  call void (...)* @_ssdm_op_SpecInterface([50 x float]* %empty_18, [5 x i8]* @p_str312, i32 0, i32 0, [1 x i8]* @p_str110, i32 0, i32 0, [1 x i8]* @p_str110, [1 x i8]* @p_str110, [1 x i8]* @p_str110, i32 0, i32 0, i32 0, i32 0, [1 x i8]* @p_str110, [1 x i8]* @p_str110)

]]></Node>
<StgValue><ssdm name="specinterface_ln0"/></StgValue>
</operation>

<operation id="33" st_id="2" stage="1" lat="2">
<core>RAM_S2P_BRAM</core>
<MemPortIdVec>0 </MemPortIdVec>
<condition id="-1">
<or_exp><and_exp></and_exp></or_exp>
</condition>

<Node id="34" bw="32" op_0_bw="6">
<![CDATA[
entry_ifconv:25  %empty_45 = load float* %p_addr, align 4

]]></Node>
<StgValue><ssdm name="empty_45"/></StgValue>
</operation>

<operation id="34" st_id="2" stage="1" lat="2">
<core>RAM_S2P_BRAM</core>
<MemPortIdVec>0 </MemPortIdVec>
<condition id="-1">
<or_exp><and_exp></and_exp></or_exp>
</condition>

<Node id="35" bw="32" op_0_bw="6">
<![CDATA[
entry_ifconv:26  %empty_46 = load float* %p_addr_8, align 4

]]></Node>
<StgValue><ssdm name="empty_46"/></StgValue>
</operation>

<operation id="35" st_id="2" stage="1" lat="2">
<core>RAM_S2P_BRAM</core>
<MemPortIdVec>0 </MemPortIdVec>
<condition id="-1">
<or_exp><and_exp></and_exp></or_exp>
</condition>

<Node id="36" bw="32" op_0_bw="6">
<![CDATA[
entry_ifconv:27  %empty_47 = load float* %p_addr_9, align 4

]]></Node>
<StgValue><ssdm name="empty_47"/></StgValue>
</operation>

<operation id="36" st_id="2" stage="1" lat="2">
<core>RAM_S2P_BRAM</core>
<MemPortIdVec>0 </MemPortIdVec>
<condition id="-1">
<or_exp><and_exp></and_exp></or_exp>
</condition>

<Node id="37" bw="32" op_0_bw="6">
<![CDATA[
entry_ifconv:28  %empty_48 = load float* %p_addr_10, align 4

]]></Node>
<StgValue><ssdm name="empty_48"/></StgValue>
</operation>

<operation id="37" st_id="2" stage="1" lat="2">
<core>RAM_S2P_BRAM</core>
<MemPortIdVec>0 </MemPortIdVec>
<condition id="-1">
<or_exp><and_exp></and_exp></or_exp>
</condition>

<Node id="38" bw="32" op_0_bw="6">
<![CDATA[
entry_ifconv:29  %empty_49 = load float* %p_addr_11, align 4

]]></Node>
<StgValue><ssdm name="empty_49"/></StgValue>
</operation>

<operation id="38" st_id="2" stage="1" lat="1">
<core>Cmp</core>
<MemPortIdVec></MemPortIdVec>
<condition id="-1">
<or_exp><and_exp></and_exp></or_exp>
</condition>

<Node id="39" bw="1" op_0_bw="3" op_1_bw="3">
<![CDATA[
entry_ifconv:30  %icmp_ln16 = icmp eq i3 %tmp_41, 0

]]></Node>
<StgValue><ssdm name="icmp_ln16"/></StgValue>
</operation>

<operation id="39" st_id="2" stage="1" lat="1">
<core>Sel</core>
<MemPortIdVec></MemPortIdVec>
<condition id="-1">
<or_exp><and_exp></and_exp></or_exp>
</condition>

<Node id="40" bw="32" op_0_bw="1" op_1_bw="32" op_2_bw="32">
<![CDATA[
entry_ifconv:31  %select_ln16 = select i1 %icmp_ln16, float %empty_46, float %empty_45

]]></Node>
<StgValue><ssdm name="select_ln16"/></StgValue>
</operation>

<operation id="40" st_id="2" stage="1" lat="1">
<core>Cmp</core>
<MemPortIdVec></MemPortIdVec>
<condition id="-1">
<or_exp><and_exp></and_exp></or_exp>
</condition>

<Node id="41" bw="1" op_0_bw="3" op_1_bw="3">
<![CDATA[
entry_ifconv:32  %icmp_ln16_1 = icmp eq i3 %tmp_41, 1

]]></Node>
<StgValue><ssdm name="icmp_ln16_1"/></StgValue>
</operation>

<operation id="41" st_id="2" stage="1" lat="1">
<core>Sel</core>
<MemPortIdVec></MemPortIdVec>
<condition id="-1">
<or_exp><and_exp></and_exp></or_exp>
</condition>

<Node id="42" bw="32" op_0_bw="1" op_1_bw="32" op_2_bw="32">
<![CDATA[
entry_ifconv:33  %select_ln16_1 = select i1 %icmp_ln16_1, float %empty_47, float %select_ln16

]]></Node>
<StgValue><ssdm name="select_ln16_1"/></StgValue>
</operation>

<operation id="42" st_id="2" stage="1" lat="1">
<core>Cmp</core>
<MemPortIdVec></MemPortIdVec>
<condition id="-1">
<or_exp><and_exp></and_exp></or_exp>
</condition>

<Node id="43" bw="1" op_0_bw="3" op_1_bw="3">
<![CDATA[
entry_ifconv:34  %icmp_ln16_2 = icmp eq i3 %tmp_41, 2

]]></Node>
<StgValue><ssdm name="icmp_ln16_2"/></StgValue>
</operation>

<operation id="43" st_id="2" stage="1" lat="1">
<core>Sel</core>
<MemPortIdVec></MemPortIdVec>
<condition id="-1">
<or_exp><and_exp></and_exp></or_exp>
</condition>

<Node id="44" bw="32" op_0_bw="1" op_1_bw="32" op_2_bw="32">
<![CDATA[
entry_ifconv:35  %select_ln16_2 = select i1 %icmp_ln16_2, float %empty_48, float %select_ln16_1

]]></Node>
<StgValue><ssdm name="select_ln16_2"/></StgValue>
</operation>

<operation id="44" st_id="2" stage="1" lat="1">
<core>Cmp</core>
<MemPortIdVec></MemPortIdVec>
<condition id="-1">
<or_exp><and_exp></and_exp></or_exp>
</condition>

<Node id="45" bw="1" op_0_bw="3" op_1_bw="3">
<![CDATA[
entry_ifconv:36  %icmp_ln16_3 = icmp eq i3 %tmp_41, 3

]]></Node>
<StgValue><ssdm name="icmp_ln16_3"/></StgValue>
</operation>

<operation id="45" st_id="2" stage="1" lat="1">
<core>Sel</core>
<MemPortIdVec></MemPortIdVec>
<condition id="-1">
<or_exp><and_exp></and_exp></or_exp>
</condition>

<Node id="46" bw="32" op_0_bw="1" op_1_bw="32" op_2_bw="32">
<![CDATA[
entry_ifconv:37  %select_ln16_3 = select i1 %icmp_ln16_3, float %empty_49, float %select_ln16_2

]]></Node>
<StgValue><ssdm name="select_ln16_3"/></StgValue>
</operation>

<operation id="46" st_id="2" stage="1" lat="1">
<core>NULL</core>
<MemPortIdVec></MemPortIdVec>
<condition id="-1">
<or_exp><and_exp></and_exp></or_exp>
</condition>

<Node id="47" bw="0" op_0_bw="32">
<![CDATA[
entry_ifconv:38  ret float %select_ln16_3

]]></Node>
<StgValue><ssdm name="ret_ln15"/></StgValue>
</operation>
</state>
</state_list>


<ports>
<port id="50" name="empty_18" dir="0" iftype="1">
<core>RAM_S2P_BRAM</core><StgValue><ssdm name="empty_18"/><MemPortTyVec>1 3 </MemPortTyVec>
</StgValue>
</port>
<port id="51" name="empty_19" dir="0" iftype="1">
<core>RAM_S2P_BRAM</core><StgValue><ssdm name="empty_19"/><MemPortTyVec>1 3 </MemPortTyVec>
</StgValue>
</port>
<port id="52" name="empty_20" dir="0" iftype="1">
<core>RAM_S2P_BRAM</core><StgValue><ssdm name="empty_20"/><MemPortTyVec>1 3 </MemPortTyVec>
</StgValue>
</port>
<port id="53" name="empty_21" dir="0" iftype="1">
<core>RAM_S2P_BRAM</core><StgValue><ssdm name="empty_21"/><MemPortTyVec>1 3 </MemPortTyVec>
</StgValue>
</port>
<port id="54" name="empty_22" dir="0" iftype="1">
<core>RAM_S2P_BRAM</core><StgValue><ssdm name="empty_22"/><MemPortTyVec>1 3 </MemPortTyVec>
</StgValue>
</port>
<port id="55" name="empty_23" dir="0" iftype="0">
<core>NULL</core><StgValue><ssdm name="empty_23"/></StgValue>
</port>
<port id="56" name="empty_24" dir="0" iftype="0">
<core>NULL</core><StgValue><ssdm name="empty_24"/></StgValue>
</port>
<port id="57" name="empty" dir="0" iftype="0">
<core>NULL</core><StgValue><ssdm name="empty"/></StgValue>
</port>
</ports>


<dataflows>
<dataflow id="59" from="_ssdm_op_Read.ap_auto.i4" to="tmp_39" fromId="58" toId="3">
</dataflow>
<dataflow id="60" from="empty" to="tmp_39" fromId="57" toId="3">
</dataflow>
<dataflow id="62" from="_ssdm_op_Read.ap_auto.i3" to="tmp_40" fromId="61" toId="4">
</dataflow>
<dataflow id="63" from="empty_24" to="tmp_40" fromId="56" toId="4">
</dataflow>
<dataflow id="64" from="_ssdm_op_Read.ap_auto.i3" to="tmp_41" fromId="61" toId="5">
</dataflow>
<dataflow id="65" from="empty_23" to="tmp_41" fromId="55" toId="5">
</dataflow>
<dataflow id="66" from="tmp_39" to="p_cast2" fromId="3" toId="6">
</dataflow>
<dataflow id="68" from="_ssdm_op_BitConcatenate.i6.i3.i3" to="tmp" fromId="67" toId="7">
</dataflow>
<dataflow id="69" from="tmp_40" to="tmp" fromId="4" toId="7">
</dataflow>
<dataflow id="71" from="StgValue_70" to="tmp" fromId="70" toId="7">
</dataflow>
<dataflow id="72" from="tmp" to="zext_ln1" fromId="7" toId="8">
</dataflow>
<dataflow id="74" from="_ssdm_op_BitConcatenate.i4.i3.i1" to="tmp_s" fromId="73" toId="9">
</dataflow>
<dataflow id="75" from="tmp_40" to="tmp_s" fromId="4" toId="9">
</dataflow>
<dataflow id="77" from="StgValue_76" to="tmp_s" fromId="76" toId="9">
</dataflow>
<dataflow id="78" from="tmp_s" to="zext_ln1_2" fromId="9" toId="10">
</dataflow>
<dataflow id="79" from="zext_ln1" to="add_ln1" fromId="8" toId="11">
</dataflow>
<dataflow id="80" from="zext_ln1_2" to="add_ln1" fromId="10" toId="11">
</dataflow>
<dataflow id="81" from="p_cast2" to="add_ln1_2" fromId="6" toId="12">
</dataflow>
<dataflow id="82" from="add_ln1" to="add_ln1_2" fromId="11" toId="12">
</dataflow>
<dataflow id="83" from="empty_18" to="p_addr_8" fromId="50" toId="13">
</dataflow>
<dataflow id="85" from="StgValue_84" to="p_addr_8" fromId="84" toId="13">
</dataflow>
<dataflow id="86" from="add_ln1_2" to="p_addr_8" fromId="12" toId="13">
</dataflow>
<dataflow id="87" from="empty_19" to="p_addr_9" fromId="51" toId="14">
</dataflow>
<dataflow id="88" from="StgValue_84" to="p_addr_9" fromId="84" toId="14">
</dataflow>
<dataflow id="89" from="add_ln1_2" to="p_addr_9" fromId="12" toId="14">
</dataflow>
<dataflow id="90" from="empty_20" to="p_addr_10" fromId="52" toId="15">
</dataflow>
<dataflow id="91" from="StgValue_84" to="p_addr_10" fromId="84" toId="15">
</dataflow>
<dataflow id="92" from="add_ln1_2" to="p_addr_10" fromId="12" toId="15">
</dataflow>
<dataflow id="93" from="empty_21" to="p_addr_11" fromId="53" toId="16">
</dataflow>
<dataflow id="94" from="StgValue_84" to="p_addr_11" fromId="84" toId="16">
</dataflow>
<dataflow id="95" from="add_ln1_2" to="p_addr_11" fromId="12" toId="16">
</dataflow>
<dataflow id="96" from="empty_22" to="p_addr" fromId="54" toId="17">
</dataflow>
<dataflow id="97" from="StgValue_84" to="p_addr" fromId="84" toId="17">
</dataflow>
<dataflow id="98" from="add_ln1_2" to="p_addr" fromId="12" toId="17">
</dataflow>
<dataflow id="99" from="p_addr" to="empty_45" fromId="17" toId="18">
</dataflow>
<dataflow id="100" from="p_addr_8" to="empty_46" fromId="13" toId="19">
</dataflow>
<dataflow id="101" from="p_addr_9" to="empty_47" fromId="14" toId="20">
</dataflow>
<dataflow id="102" from="p_addr_10" to="empty_48" fromId="15" toId="21">
</dataflow>
<dataflow id="103" from="p_addr_11" to="empty_49" fromId="16" toId="22">
</dataflow>
<dataflow id="105" from="_ssdm_op_SpecMemCore" to="specmemcore_ln0" fromId="104" toId="23">
</dataflow>
<dataflow id="106" from="empty_21" to="specmemcore_ln0" fromId="53" toId="23">
</dataflow>
<dataflow id="108" from="p_str110" to="specmemcore_ln0" fromId="107" toId="23">
</dataflow>
<dataflow id="110" from="p_str514" to="specmemcore_ln0" fromId="109" toId="23">
</dataflow>
<dataflow id="111" from="p_str110" to="specmemcore_ln0" fromId="107" toId="23">
</dataflow>
<dataflow id="113" from="StgValue_112" to="specmemcore_ln0" fromId="112" toId="23">
</dataflow>
<dataflow id="114" from="p_str110" to="specmemcore_ln0" fromId="107" toId="23">
</dataflow>
<dataflow id="115" from="p_str110" to="specmemcore_ln0" fromId="107" toId="23">
</dataflow>
<dataflow id="116" from="p_str110" to="specmemcore_ln0" fromId="107" toId="23">
</dataflow>
<dataflow id="117" from="p_str110" to="specmemcore_ln0" fromId="107" toId="23">
</dataflow>
<dataflow id="118" from="p_str110" to="specmemcore_ln0" fromId="107" toId="23">
</dataflow>
<dataflow id="119" from="_ssdm_op_SpecMemCore" to="specmemcore_ln0" fromId="104" toId="24">
</dataflow>
<dataflow id="120" from="empty_20" to="specmemcore_ln0" fromId="52" toId="24">
</dataflow>
<dataflow id="121" from="p_str110" to="specmemcore_ln0" fromId="107" toId="24">
</dataflow>
<dataflow id="122" from="p_str514" to="specmemcore_ln0" fromId="109" toId="24">
</dataflow>
<dataflow id="123" from="p_str110" to="specmemcore_ln0" fromId="107" toId="24">
</dataflow>
<dataflow id="124" from="StgValue_112" to="specmemcore_ln0" fromId="112" toId="24">
</dataflow>
<dataflow id="125" from="p_str110" to="specmemcore_ln0" fromId="107" toId="24">
</dataflow>
<dataflow id="126" from="p_str110" to="specmemcore_ln0" fromId="107" toId="24">
</dataflow>
<dataflow id="127" from="p_str110" to="specmemcore_ln0" fromId="107" toId="24">
</dataflow>
<dataflow id="128" from="p_str110" to="specmemcore_ln0" fromId="107" toId="24">
</dataflow>
<dataflow id="129" from="p_str110" to="specmemcore_ln0" fromId="107" toId="24">
</dataflow>
<dataflow id="130" from="_ssdm_op_SpecMemCore" to="specmemcore_ln0" fromId="104" toId="25">
</dataflow>
<dataflow id="131" from="empty_19" to="specmemcore_ln0" fromId="51" toId="25">
</dataflow>
<dataflow id="132" from="p_str110" to="specmemcore_ln0" fromId="107" toId="25">
</dataflow>
<dataflow id="133" from="p_str514" to="specmemcore_ln0" fromId="109" toId="25">
</dataflow>
<dataflow id="134" from="p_str110" to="specmemcore_ln0" fromId="107" toId="25">
</dataflow>
<dataflow id="135" from="StgValue_112" to="specmemcore_ln0" fromId="112" toId="25">
</dataflow>
<dataflow id="136" from="p_str110" to="specmemcore_ln0" fromId="107" toId="25">
</dataflow>
<dataflow id="137" from="p_str110" to="specmemcore_ln0" fromId="107" toId="25">
</dataflow>
<dataflow id="138" from="p_str110" to="specmemcore_ln0" fromId="107" toId="25">
</dataflow>
<dataflow id="139" from="p_str110" to="specmemcore_ln0" fromId="107" toId="25">
</dataflow>
<dataflow id="140" from="p_str110" to="specmemcore_ln0" fromId="107" toId="25">
</dataflow>
<dataflow id="141" from="_ssdm_op_SpecMemCore" to="specmemcore_ln0" fromId="104" toId="26">
</dataflow>
<dataflow id="142" from="empty_22" to="specmemcore_ln0" fromId="54" toId="26">
</dataflow>
<dataflow id="143" from="p_str110" to="specmemcore_ln0" fromId="107" toId="26">
</dataflow>
<dataflow id="144" from="p_str514" to="specmemcore_ln0" fromId="109" toId="26">
</dataflow>
<dataflow id="145" from="p_str110" to="specmemcore_ln0" fromId="107" toId="26">
</dataflow>
<dataflow id="146" from="StgValue_112" to="specmemcore_ln0" fromId="112" toId="26">
</dataflow>
<dataflow id="147" from="p_str110" to="specmemcore_ln0" fromId="107" toId="26">
</dataflow>
<dataflow id="148" from="p_str110" to="specmemcore_ln0" fromId="107" toId="26">
</dataflow>
<dataflow id="149" from="p_str110" to="specmemcore_ln0" fromId="107" toId="26">
</dataflow>
<dataflow id="150" from="p_str110" to="specmemcore_ln0" fromId="107" toId="26">
</dataflow>
<dataflow id="151" from="p_str110" to="specmemcore_ln0" fromId="107" toId="26">
</dataflow>
<dataflow id="152" from="_ssdm_op_SpecMemCore" to="specmemcore_ln0" fromId="104" toId="27">
</dataflow>
<dataflow id="153" from="empty_18" to="specmemcore_ln0" fromId="50" toId="27">
</dataflow>
<dataflow id="154" from="p_str110" to="specmemcore_ln0" fromId="107" toId="27">
</dataflow>
<dataflow id="155" from="p_str514" to="specmemcore_ln0" fromId="109" toId="27">
</dataflow>
<dataflow id="156" from="p_str110" to="specmemcore_ln0" fromId="107" toId="27">
</dataflow>
<dataflow id="157" from="StgValue_112" to="specmemcore_ln0" fromId="112" toId="27">
</dataflow>
<dataflow id="158" from="p_str110" to="specmemcore_ln0" fromId="107" toId="27">
</dataflow>
<dataflow id="159" from="p_str110" to="specmemcore_ln0" fromId="107" toId="27">
</dataflow>
<dataflow id="160" from="p_str110" to="specmemcore_ln0" fromId="107" toId="27">
</dataflow>
<dataflow id="161" from="p_str110" to="specmemcore_ln0" fromId="107" toId="27">
</dataflow>
<dataflow id="162" from="p_str110" to="specmemcore_ln0" fromId="107" toId="27">
</dataflow>
<dataflow id="164" from="_ssdm_op_SpecInterface" to="specinterface_ln0" fromId="163" toId="28">
</dataflow>
<dataflow id="165" from="empty_21" to="specinterface_ln0" fromId="53" toId="28">
</dataflow>
<dataflow id="167" from="p_str312" to="specinterface_ln0" fromId="166" toId="28">
</dataflow>
<dataflow id="169" from="StgValue_168" to="specinterface_ln0" fromId="168" toId="28">
</dataflow>
<dataflow id="170" from="StgValue_168" to="specinterface_ln0" fromId="168" toId="28">
</dataflow>
<dataflow id="171" from="p_str110" to="specinterface_ln0" fromId="107" toId="28">
</dataflow>
<dataflow id="172" from="StgValue_168" to="specinterface_ln0" fromId="168" toId="28">
</dataflow>
<dataflow id="173" from="StgValue_168" to="specinterface_ln0" fromId="168" toId="28">
</dataflow>
<dataflow id="174" from="p_str110" to="specinterface_ln0" fromId="107" toId="28">
</dataflow>
<dataflow id="175" from="p_str110" to="specinterface_ln0" fromId="107" toId="28">
</dataflow>
<dataflow id="176" from="p_str110" to="specinterface_ln0" fromId="107" toId="28">
</dataflow>
<dataflow id="177" from="StgValue_168" to="specinterface_ln0" fromId="168" toId="28">
</dataflow>
<dataflow id="178" from="StgValue_168" to="specinterface_ln0" fromId="168" toId="28">
</dataflow>
<dataflow id="179" from="StgValue_168" to="specinterface_ln0" fromId="168" toId="28">
</dataflow>
<dataflow id="180" from="StgValue_168" to="specinterface_ln0" fromId="168" toId="28">
</dataflow>
<dataflow id="181" from="p_str110" to="specinterface_ln0" fromId="107" toId="28">
</dataflow>
<dataflow id="182" from="p_str110" to="specinterface_ln0" fromId="107" toId="28">
</dataflow>
<dataflow id="183" from="_ssdm_op_SpecInterface" to="specinterface_ln0" fromId="163" toId="29">
</dataflow>
<dataflow id="184" from="empty_20" to="specinterface_ln0" fromId="52" toId="29">
</dataflow>
<dataflow id="185" from="p_str312" to="specinterface_ln0" fromId="166" toId="29">
</dataflow>
<dataflow id="186" from="StgValue_168" to="specinterface_ln0" fromId="168" toId="29">
</dataflow>
<dataflow id="187" from="StgValue_168" to="specinterface_ln0" fromId="168" toId="29">
</dataflow>
<dataflow id="188" from="p_str110" to="specinterface_ln0" fromId="107" toId="29">
</dataflow>
<dataflow id="189" from="StgValue_168" to="specinterface_ln0" fromId="168" toId="29">
</dataflow>
<dataflow id="190" from="StgValue_168" to="specinterface_ln0" fromId="168" toId="29">
</dataflow>
<dataflow id="191" from="p_str110" to="specinterface_ln0" fromId="107" toId="29">
</dataflow>
<dataflow id="192" from="p_str110" to="specinterface_ln0" fromId="107" toId="29">
</dataflow>
<dataflow id="193" from="p_str110" to="specinterface_ln0" fromId="107" toId="29">
</dataflow>
<dataflow id="194" from="StgValue_168" to="specinterface_ln0" fromId="168" toId="29">
</dataflow>
<dataflow id="195" from="StgValue_168" to="specinterface_ln0" fromId="168" toId="29">
</dataflow>
<dataflow id="196" from="StgValue_168" to="specinterface_ln0" fromId="168" toId="29">
</dataflow>
<dataflow id="197" from="StgValue_168" to="specinterface_ln0" fromId="168" toId="29">
</dataflow>
<dataflow id="198" from="p_str110" to="specinterface_ln0" fromId="107" toId="29">
</dataflow>
<dataflow id="199" from="p_str110" to="specinterface_ln0" fromId="107" toId="29">
</dataflow>
<dataflow id="200" from="_ssdm_op_SpecInterface" to="specinterface_ln0" fromId="163" toId="30">
</dataflow>
<dataflow id="201" from="empty_19" to="specinterface_ln0" fromId="51" toId="30">
</dataflow>
<dataflow id="202" from="p_str312" to="specinterface_ln0" fromId="166" toId="30">
</dataflow>
<dataflow id="203" from="StgValue_168" to="specinterface_ln0" fromId="168" toId="30">
</dataflow>
<dataflow id="204" from="StgValue_168" to="specinterface_ln0" fromId="168" toId="30">
</dataflow>
<dataflow id="205" from="p_str110" to="specinterface_ln0" fromId="107" toId="30">
</dataflow>
<dataflow id="206" from="StgValue_168" to="specinterface_ln0" fromId="168" toId="30">
</dataflow>
<dataflow id="207" from="StgValue_168" to="specinterface_ln0" fromId="168" toId="30">
</dataflow>
<dataflow id="208" from="p_str110" to="specinterface_ln0" fromId="107" toId="30">
</dataflow>
<dataflow id="209" from="p_str110" to="specinterface_ln0" fromId="107" toId="30">
</dataflow>
<dataflow id="210" from="p_str110" to="specinterface_ln0" fromId="107" toId="30">
</dataflow>
<dataflow id="211" from="StgValue_168" to="specinterface_ln0" fromId="168" toId="30">
</dataflow>
<dataflow id="212" from="StgValue_168" to="specinterface_ln0" fromId="168" toId="30">
</dataflow>
<dataflow id="213" from="StgValue_168" to="specinterface_ln0" fromId="168" toId="30">
</dataflow>
<dataflow id="214" from="StgValue_168" to="specinterface_ln0" fromId="168" toId="30">
</dataflow>
<dataflow id="215" from="p_str110" to="specinterface_ln0" fromId="107" toId="30">
</dataflow>
<dataflow id="216" from="p_str110" to="specinterface_ln0" fromId="107" toId="30">
</dataflow>
<dataflow id="217" from="_ssdm_op_SpecInterface" to="specinterface_ln0" fromId="163" toId="31">
</dataflow>
<dataflow id="218" from="empty_22" to="specinterface_ln0" fromId="54" toId="31">
</dataflow>
<dataflow id="219" from="p_str312" to="specinterface_ln0" fromId="166" toId="31">
</dataflow>
<dataflow id="220" from="StgValue_168" to="specinterface_ln0" fromId="168" toId="31">
</dataflow>
<dataflow id="221" from="StgValue_168" to="specinterface_ln0" fromId="168" toId="31">
</dataflow>
<dataflow id="222" from="p_str110" to="specinterface_ln0" fromId="107" toId="31">
</dataflow>
<dataflow id="223" from="StgValue_168" to="specinterface_ln0" fromId="168" toId="31">
</dataflow>
<dataflow id="224" from="StgValue_168" to="specinterface_ln0" fromId="168" toId="31">
</dataflow>
<dataflow id="225" from="p_str110" to="specinterface_ln0" fromId="107" toId="31">
</dataflow>
<dataflow id="226" from="p_str110" to="specinterface_ln0" fromId="107" toId="31">
</dataflow>
<dataflow id="227" from="p_str110" to="specinterface_ln0" fromId="107" toId="31">
</dataflow>
<dataflow id="228" from="StgValue_168" to="specinterface_ln0" fromId="168" toId="31">
</dataflow>
<dataflow id="229" from="StgValue_168" to="specinterface_ln0" fromId="168" toId="31">
</dataflow>
<dataflow id="230" from="StgValue_168" to="specinterface_ln0" fromId="168" toId="31">
</dataflow>
<dataflow id="231" from="StgValue_168" to="specinterface_ln0" fromId="168" toId="31">
</dataflow>
<dataflow id="232" from="p_str110" to="specinterface_ln0" fromId="107" toId="31">
</dataflow>
<dataflow id="233" from="p_str110" to="specinterface_ln0" fromId="107" toId="31">
</dataflow>
<dataflow id="234" from="_ssdm_op_SpecInterface" to="specinterface_ln0" fromId="163" toId="32">
</dataflow>
<dataflow id="235" from="empty_18" to="specinterface_ln0" fromId="50" toId="32">
</dataflow>
<dataflow id="236" from="p_str312" to="specinterface_ln0" fromId="166" toId="32">
</dataflow>
<dataflow id="237" from="StgValue_168" to="specinterface_ln0" fromId="168" toId="32">
</dataflow>
<dataflow id="238" from="StgValue_168" to="specinterface_ln0" fromId="168" toId="32">
</dataflow>
<dataflow id="239" from="p_str110" to="specinterface_ln0" fromId="107" toId="32">
</dataflow>
<dataflow id="240" from="StgValue_168" to="specinterface_ln0" fromId="168" toId="32">
</dataflow>
<dataflow id="241" from="StgValue_168" to="specinterface_ln0" fromId="168" toId="32">
</dataflow>
<dataflow id="242" from="p_str110" to="specinterface_ln0" fromId="107" toId="32">
</dataflow>
<dataflow id="243" from="p_str110" to="specinterface_ln0" fromId="107" toId="32">
</dataflow>
<dataflow id="244" from="p_str110" to="specinterface_ln0" fromId="107" toId="32">
</dataflow>
<dataflow id="245" from="StgValue_168" to="specinterface_ln0" fromId="168" toId="32">
</dataflow>
<dataflow id="246" from="StgValue_168" to="specinterface_ln0" fromId="168" toId="32">
</dataflow>
<dataflow id="247" from="StgValue_168" to="specinterface_ln0" fromId="168" toId="32">
</dataflow>
<dataflow id="248" from="StgValue_168" to="specinterface_ln0" fromId="168" toId="32">
</dataflow>
<dataflow id="249" from="p_str110" to="specinterface_ln0" fromId="107" toId="32">
</dataflow>
<dataflow id="250" from="p_str110" to="specinterface_ln0" fromId="107" toId="32">
</dataflow>
<dataflow id="251" from="p_addr" to="empty_45" fromId="17" toId="33">
</dataflow>
<dataflow id="252" from="p_addr_8" to="empty_46" fromId="13" toId="34">
</dataflow>
<dataflow id="253" from="p_addr_9" to="empty_47" fromId="14" toId="35">
</dataflow>
<dataflow id="254" from="p_addr_10" to="empty_48" fromId="15" toId="36">
</dataflow>
<dataflow id="255" from="p_addr_11" to="empty_49" fromId="16" toId="37">
</dataflow>
<dataflow id="256" from="tmp_41" to="icmp_ln16" fromId="5" toId="38">
</dataflow>
<dataflow id="257" from="StgValue_70" to="icmp_ln16" fromId="70" toId="38">
</dataflow>
<dataflow id="258" from="icmp_ln16" to="select_ln16" fromId="38" toId="39">
</dataflow>
<dataflow id="259" from="empty_46" to="select_ln16" fromId="34" toId="39">
</dataflow>
<dataflow id="260" from="empty_45" to="select_ln16" fromId="33" toId="39">
</dataflow>
<dataflow id="261" from="tmp_41" to="icmp_ln16_1" fromId="5" toId="40">
</dataflow>
<dataflow id="263" from="StgValue_262" to="icmp_ln16_1" fromId="262" toId="40">
</dataflow>
<dataflow id="264" from="icmp_ln16_1" to="select_ln16_1" fromId="40" toId="41">
</dataflow>
<dataflow id="265" from="empty_47" to="select_ln16_1" fromId="35" toId="41">
</dataflow>
<dataflow id="266" from="select_ln16" to="select_ln16_1" fromId="39" toId="41">
</dataflow>
<dataflow id="267" from="tmp_41" to="icmp_ln16_2" fromId="5" toId="42">
</dataflow>
<dataflow id="269" from="StgValue_268" to="icmp_ln16_2" fromId="268" toId="42">
</dataflow>
<dataflow id="270" from="icmp_ln16_2" to="select_ln16_2" fromId="42" toId="43">
</dataflow>
<dataflow id="271" from="empty_48" to="select_ln16_2" fromId="36" toId="43">
</dataflow>
<dataflow id="272" from="select_ln16_1" to="select_ln16_2" fromId="41" toId="43">
</dataflow>
<dataflow id="273" from="tmp_41" to="icmp_ln16_3" fromId="5" toId="44">
</dataflow>
<dataflow id="275" from="StgValue_274" to="icmp_ln16_3" fromId="274" toId="44">
</dataflow>
<dataflow id="276" from="icmp_ln16_3" to="select_ln16_3" fromId="44" toId="45">
</dataflow>
<dataflow id="277" from="empty_49" to="select_ln16_3" fromId="37" toId="45">
</dataflow>
<dataflow id="278" from="select_ln16_2" to="select_ln16_3" fromId="43" toId="45">
</dataflow>
<dataflow id="279" from="select_ln16_3" to="ret_ln15" fromId="45" toId="46">
</dataflow>
</dataflows>


</stg>
