<stg><name>aesl_mux_load_8_5_x_s</name>


<trans_list>

<trans id="70" from="1" to="2">
<condition id="-1">
<or_exp><and_exp></and_exp></or_exp>
</condition>
</trans>
</trans_list>



<state_list>

<state id="1" st_id="1">

<operation id="3" st_id="1" stage="1" lat="1">
<core>NULL</core>
<MemPortIdVec></MemPortIdVec>
<condition id="-1">
<or_exp><and_exp></and_exp></or_exp>
</condition>

<Node id="12" bw="4" op_0_bw="4" op_1_bw="4">
<![CDATA[
entry_ifconv:0  %tmp_35 = call i4 @_ssdm_op_Read.ap_auto.i4(i4 %empty)

]]></Node>
<StgValue><ssdm name="tmp_35"/></StgValue>
</operation>

<operation id="4" st_id="1" stage="1" lat="1">
<core>NULL</core>
<MemPortIdVec></MemPortIdVec>
<condition id="-1">
<or_exp><and_exp></and_exp></or_exp>
</condition>

<Node id="13" bw="3" op_0_bw="3" op_1_bw="3">
<![CDATA[
entry_ifconv:1  %tmp_37 = call i3 @_ssdm_op_Read.ap_auto.i3(i3 %empty_17)

]]></Node>
<StgValue><ssdm name="tmp_37"/></StgValue>
</operation>

<operation id="5" st_id="1" stage="1" lat="1">
<core>NULL</core>
<MemPortIdVec></MemPortIdVec>
<condition id="-1">
<or_exp><and_exp></and_exp></or_exp>
</condition>

<Node id="14" bw="3" op_0_bw="3" op_1_bw="3">
<![CDATA[
entry_ifconv:2  %tmp_38 = call i3 @_ssdm_op_Read.ap_auto.i3(i3 %empty_16)

]]></Node>
<StgValue><ssdm name="tmp_38"/></StgValue>
</operation>

<operation id="6" st_id="1" stage="1" lat="1">
<core>NULL</core>
<MemPortIdVec></MemPortIdVec>
<condition id="-1">
<or_exp><and_exp></and_exp></or_exp>
</condition>

<Node id="15" bw="64" op_0_bw="4">
<![CDATA[
entry_ifconv:3  %p_cast2 = zext i4 %tmp_35 to i64

]]></Node>
<StgValue><ssdm name="p_cast2"/></StgValue>
</operation>

<operation id="7" st_id="1" stage="1" lat="1">
<core>NULL</core>
<MemPortIdVec></MemPortIdVec>
<condition id="-1">
<or_exp><and_exp></and_exp></or_exp>
</condition>

<Node id="16" bw="6" op_0_bw="6" op_1_bw="3" op_2_bw="3">
<![CDATA[
entry_ifconv:4  %tmp = call i6 @_ssdm_op_BitConcatenate.i6.i3.i3(i3 %tmp_37, i3 0)

]]></Node>
<StgValue><ssdm name="tmp"/></StgValue>
</operation>

<operation id="8" st_id="1" stage="1" lat="1">
<core>NULL</core>
<MemPortIdVec></MemPortIdVec>
<condition id="-1">
<or_exp><and_exp></and_exp></or_exp>
</condition>

<Node id="17" bw="64" op_0_bw="6">
<![CDATA[
entry_ifconv:5  %zext_ln1 = zext i6 %tmp to i64

]]></Node>
<StgValue><ssdm name="zext_ln1"/></StgValue>
</operation>

<operation id="9" st_id="1" stage="1" lat="1">
<core>NULL</core>
<MemPortIdVec></MemPortIdVec>
<condition id="-1">
<or_exp><and_exp></and_exp></or_exp>
</condition>

<Node id="18" bw="4" op_0_bw="4" op_1_bw="3" op_2_bw="1">
<![CDATA[
entry_ifconv:6  %tmp_s = call i4 @_ssdm_op_BitConcatenate.i4.i3.i1(i3 %tmp_37, i1 false)

]]></Node>
<StgValue><ssdm name="tmp_s"/></StgValue>
</operation>

<operation id="10" st_id="1" stage="1" lat="1">
<core>NULL</core>
<MemPortIdVec></MemPortIdVec>
<condition id="-1">
<or_exp><and_exp></and_exp></or_exp>
</condition>

<Node id="19" bw="64" op_0_bw="4">
<![CDATA[
entry_ifconv:7  %zext_ln1_1 = zext i4 %tmp_s to i64

]]></Node>
<StgValue><ssdm name="zext_ln1_1"/></StgValue>
</operation>

<operation id="11" st_id="1" stage="1" lat="1">
<core>TAddSub</core>
<MemPortIdVec></MemPortIdVec>
<condition id="-1">
<or_exp><and_exp></and_exp></or_exp>
</condition>

<Node id="20" bw="64" op_0_bw="64" op_1_bw="64">
<![CDATA[
entry_ifconv:8  %add_ln1 = add i64 %zext_ln1, %zext_ln1_1

]]></Node>
<StgValue><ssdm name="add_ln1"/></StgValue>
</operation>

<operation id="12" st_id="1" stage="1" lat="1">
<core>TAddSub</core>
<MemPortIdVec></MemPortIdVec>
<condition id="-1">
<or_exp><and_exp></and_exp></or_exp>
</condition>

<Node id="21" bw="64" op_0_bw="64" op_1_bw="64">
<![CDATA[
entry_ifconv:9  %add_ln1_1 = add i64 %p_cast2, %add_ln1

]]></Node>
<StgValue><ssdm name="add_ln1_1"/></StgValue>
</operation>

<operation id="13" st_id="1" stage="1" lat="1">
<core>NULL</core>
<MemPortIdVec></MemPortIdVec>
<condition id="-1">
<or_exp><and_exp></and_exp></or_exp>
</condition>

<Node id="22" bw="6" op_0_bw="32" op_1_bw="64" op_2_bw="64">
<![CDATA[
entry_ifconv:10  %p_addr_1 = getelementptr [50 x float]* %empty_8, i64 0, i64 %add_ln1_1

]]></Node>
<StgValue><ssdm name="p_addr_1"/></StgValue>
</operation>

<operation id="14" st_id="1" stage="1" lat="1">
<core>NULL</core>
<MemPortIdVec></MemPortIdVec>
<condition id="-1">
<or_exp><and_exp></and_exp></or_exp>
</condition>

<Node id="23" bw="6" op_0_bw="32" op_1_bw="64" op_2_bw="64">
<![CDATA[
entry_ifconv:11  %p_addr_2 = getelementptr [50 x float]* %empty_9, i64 0, i64 %add_ln1_1

]]></Node>
<StgValue><ssdm name="p_addr_2"/></StgValue>
</operation>

<operation id="15" st_id="1" stage="1" lat="1">
<core>NULL</core>
<MemPortIdVec></MemPortIdVec>
<condition id="-1">
<or_exp><and_exp></and_exp></or_exp>
</condition>

<Node id="24" bw="6" op_0_bw="32" op_1_bw="64" op_2_bw="64">
<![CDATA[
entry_ifconv:12  %p_addr_3 = getelementptr [50 x float]* %empty_10, i64 0, i64 %add_ln1_1

]]></Node>
<StgValue><ssdm name="p_addr_3"/></StgValue>
</operation>

<operation id="16" st_id="1" stage="1" lat="1">
<core>NULL</core>
<MemPortIdVec></MemPortIdVec>
<condition id="-1">
<or_exp><and_exp></and_exp></or_exp>
</condition>

<Node id="25" bw="6" op_0_bw="32" op_1_bw="64" op_2_bw="64">
<![CDATA[
entry_ifconv:13  %p_addr_4 = getelementptr [50 x float]* %empty_11, i64 0, i64 %add_ln1_1

]]></Node>
<StgValue><ssdm name="p_addr_4"/></StgValue>
</operation>

<operation id="17" st_id="1" stage="1" lat="1">
<core>NULL</core>
<MemPortIdVec></MemPortIdVec>
<condition id="-1">
<or_exp><and_exp></and_exp></or_exp>
</condition>

<Node id="26" bw="6" op_0_bw="32" op_1_bw="64" op_2_bw="64">
<![CDATA[
entry_ifconv:14  %p_addr_5 = getelementptr [50 x float]* %empty_12, i64 0, i64 %add_ln1_1

]]></Node>
<StgValue><ssdm name="p_addr_5"/></StgValue>
</operation>

<operation id="18" st_id="1" stage="1" lat="1">
<core>NULL</core>
<MemPortIdVec></MemPortIdVec>
<condition id="-1">
<or_exp><and_exp></and_exp></or_exp>
</condition>

<Node id="27" bw="6" op_0_bw="32" op_1_bw="64" op_2_bw="64">
<![CDATA[
entry_ifconv:15  %p_addr_6 = getelementptr [50 x float]* %empty_13, i64 0, i64 %add_ln1_1

]]></Node>
<StgValue><ssdm name="p_addr_6"/></StgValue>
</operation>

<operation id="19" st_id="1" stage="1" lat="1">
<core>NULL</core>
<MemPortIdVec></MemPortIdVec>
<condition id="-1">
<or_exp><and_exp></and_exp></or_exp>
</condition>

<Node id="28" bw="6" op_0_bw="32" op_1_bw="64" op_2_bw="64">
<![CDATA[
entry_ifconv:16  %p_addr_7 = getelementptr [50 x float]* %empty_14, i64 0, i64 %add_ln1_1

]]></Node>
<StgValue><ssdm name="p_addr_7"/></StgValue>
</operation>

<operation id="20" st_id="1" stage="1" lat="1">
<core>NULL</core>
<MemPortIdVec></MemPortIdVec>
<condition id="-1">
<or_exp><and_exp></and_exp></or_exp>
</condition>

<Node id="29" bw="6" op_0_bw="32" op_1_bw="64" op_2_bw="64">
<![CDATA[
entry_ifconv:17  %p_addr = getelementptr [50 x float]* %empty_15, i64 0, i64 %add_ln1_1

]]></Node>
<StgValue><ssdm name="p_addr"/></StgValue>
</operation>

<operation id="21" st_id="1" stage="2" lat="2">
<core>RAM_S2P_BRAM</core>
<MemPortIdVec></MemPortIdVec>
<condition id="-1">
<or_exp><and_exp></and_exp></or_exp>
</condition>

<Node id="46" bw="32" op_0_bw="6">
<![CDATA[
entry_ifconv:34  %empty_37 = load float* %p_addr, align 4

]]></Node>
<StgValue><ssdm name="empty_37"/></StgValue>
</operation>

<operation id="22" st_id="1" stage="2" lat="2">
<core>RAM_S2P_BRAM</core>
<MemPortIdVec></MemPortIdVec>
<condition id="-1">
<or_exp><and_exp></and_exp></or_exp>
</condition>

<Node id="47" bw="32" op_0_bw="6">
<![CDATA[
entry_ifconv:35  %empty_38 = load float* %p_addr_1, align 4

]]></Node>
<StgValue><ssdm name="empty_38"/></StgValue>
</operation>

<operation id="23" st_id="1" stage="2" lat="2">
<core>RAM_S2P_BRAM</core>
<MemPortIdVec></MemPortIdVec>
<condition id="-1">
<or_exp><and_exp></and_exp></or_exp>
</condition>

<Node id="48" bw="32" op_0_bw="6">
<![CDATA[
entry_ifconv:36  %empty_39 = load float* %p_addr_2, align 4

]]></Node>
<StgValue><ssdm name="empty_39"/></StgValue>
</operation>

<operation id="24" st_id="1" stage="2" lat="2">
<core>RAM_S2P_BRAM</core>
<MemPortIdVec></MemPortIdVec>
<condition id="-1">
<or_exp><and_exp></and_exp></or_exp>
</condition>

<Node id="49" bw="32" op_0_bw="6">
<![CDATA[
entry_ifconv:37  %empty_40 = load float* %p_addr_3, align 4

]]></Node>
<StgValue><ssdm name="empty_40"/></StgValue>
</operation>

<operation id="25" st_id="1" stage="2" lat="2">
<core>RAM_S2P_BRAM</core>
<MemPortIdVec></MemPortIdVec>
<condition id="-1">
<or_exp><and_exp></and_exp></or_exp>
</condition>

<Node id="50" bw="32" op_0_bw="6">
<![CDATA[
entry_ifconv:38  %empty_41 = load float* %p_addr_4, align 4

]]></Node>
<StgValue><ssdm name="empty_41"/></StgValue>
</operation>

<operation id="26" st_id="1" stage="2" lat="2">
<core>RAM_S2P_BRAM</core>
<MemPortIdVec></MemPortIdVec>
<condition id="-1">
<or_exp><and_exp></and_exp></or_exp>
</condition>

<Node id="51" bw="32" op_0_bw="6">
<![CDATA[
entry_ifconv:39  %empty_42 = load float* %p_addr_5, align 4

]]></Node>
<StgValue><ssdm name="empty_42"/></StgValue>
</operation>

<operation id="27" st_id="1" stage="2" lat="2">
<core>RAM_S2P_BRAM</core>
<MemPortIdVec></MemPortIdVec>
<condition id="-1">
<or_exp><and_exp></and_exp></or_exp>
</condition>

<Node id="52" bw="32" op_0_bw="6">
<![CDATA[
entry_ifconv:40  %empty_43 = load float* %p_addr_6, align 4

]]></Node>
<StgValue><ssdm name="empty_43"/></StgValue>
</operation>

<operation id="28" st_id="1" stage="2" lat="2">
<core>RAM_S2P_BRAM</core>
<MemPortIdVec></MemPortIdVec>
<condition id="-1">
<or_exp><and_exp></and_exp></or_exp>
</condition>

<Node id="53" bw="32" op_0_bw="6">
<![CDATA[
entry_ifconv:41  %empty_44 = load float* %p_addr_7, align 4

]]></Node>
<StgValue><ssdm name="empty_44"/></StgValue>
</operation>
</state>

<state id="2" st_id="2">

<operation id="29" st_id="2" stage="1" lat="1">
<core>NULL</core>
<MemPortIdVec></MemPortIdVec>
<condition id="-1">
<or_exp><and_exp></and_exp></or_exp>
</condition>

<Node id="30" bw="0" op_0_bw="0" op_1_bw="32" op_2_bw="0" op_3_bw="0" op_4_bw="0" op_5_bw="32" op_6_bw="0" op_7_bw="0" op_8_bw="0" op_9_bw="0" op_10_bw="0">
<![CDATA[
entry_ifconv:18  call void (...)* @_ssdm_op_SpecMemCore([50 x float]* %empty_11, [1 x i8]* @p_str110, [13 x i8]* @p_str514, [1 x i8]* @p_str110, i32 -1, [1 x i8]* @p_str110, [1 x i8]* @p_str110, [1 x i8]* @p_str110, [1 x i8]* @p_str110, [1 x i8]* @p_str110)

]]></Node>
<StgValue><ssdm name="specmemcore_ln0"/></StgValue>
</operation>

<operation id="30" st_id="2" stage="1" lat="1">
<core>NULL</core>
<MemPortIdVec></MemPortIdVec>
<condition id="-1">
<or_exp><and_exp></and_exp></or_exp>
</condition>

<Node id="31" bw="0" op_0_bw="0" op_1_bw="32" op_2_bw="0" op_3_bw="0" op_4_bw="0" op_5_bw="32" op_6_bw="0" op_7_bw="0" op_8_bw="0" op_9_bw="0" op_10_bw="0">
<![CDATA[
entry_ifconv:19  call void (...)* @_ssdm_op_SpecMemCore([50 x float]* %empty_10, [1 x i8]* @p_str110, [13 x i8]* @p_str514, [1 x i8]* @p_str110, i32 -1, [1 x i8]* @p_str110, [1 x i8]* @p_str110, [1 x i8]* @p_str110, [1 x i8]* @p_str110, [1 x i8]* @p_str110)

]]></Node>
<StgValue><ssdm name="specmemcore_ln0"/></StgValue>
</operation>

<operation id="31" st_id="2" stage="1" lat="1">
<core>NULL</core>
<MemPortIdVec></MemPortIdVec>
<condition id="-1">
<or_exp><and_exp></and_exp></or_exp>
</condition>

<Node id="32" bw="0" op_0_bw="0" op_1_bw="32" op_2_bw="0" op_3_bw="0" op_4_bw="0" op_5_bw="32" op_6_bw="0" op_7_bw="0" op_8_bw="0" op_9_bw="0" op_10_bw="0">
<![CDATA[
entry_ifconv:20  call void (...)* @_ssdm_op_SpecMemCore([50 x float]* %empty_9, [1 x i8]* @p_str110, [13 x i8]* @p_str514, [1 x i8]* @p_str110, i32 -1, [1 x i8]* @p_str110, [1 x i8]* @p_str110, [1 x i8]* @p_str110, [1 x i8]* @p_str110, [1 x i8]* @p_str110)

]]></Node>
<StgValue><ssdm name="specmemcore_ln0"/></StgValue>
</operation>

<operation id="32" st_id="2" stage="1" lat="1">
<core>NULL</core>
<MemPortIdVec></MemPortIdVec>
<condition id="-1">
<or_exp><and_exp></and_exp></or_exp>
</condition>

<Node id="33" bw="0" op_0_bw="0" op_1_bw="32" op_2_bw="0" op_3_bw="0" op_4_bw="0" op_5_bw="32" op_6_bw="0" op_7_bw="0" op_8_bw="0" op_9_bw="0" op_10_bw="0">
<![CDATA[
entry_ifconv:21  call void (...)* @_ssdm_op_SpecMemCore([50 x float]* %empty_12, [1 x i8]* @p_str110, [13 x i8]* @p_str514, [1 x i8]* @p_str110, i32 -1, [1 x i8]* @p_str110, [1 x i8]* @p_str110, [1 x i8]* @p_str110, [1 x i8]* @p_str110, [1 x i8]* @p_str110)

]]></Node>
<StgValue><ssdm name="specmemcore_ln0"/></StgValue>
</operation>

<operation id="33" st_id="2" stage="1" lat="1">
<core>NULL</core>
<MemPortIdVec></MemPortIdVec>
<condition id="-1">
<or_exp><and_exp></and_exp></or_exp>
</condition>

<Node id="34" bw="0" op_0_bw="0" op_1_bw="32" op_2_bw="0" op_3_bw="0" op_4_bw="0" op_5_bw="32" op_6_bw="0" op_7_bw="0" op_8_bw="0" op_9_bw="0" op_10_bw="0">
<![CDATA[
entry_ifconv:22  call void (...)* @_ssdm_op_SpecMemCore([50 x float]* %empty_13, [1 x i8]* @p_str110, [13 x i8]* @p_str514, [1 x i8]* @p_str110, i32 -1, [1 x i8]* @p_str110, [1 x i8]* @p_str110, [1 x i8]* @p_str110, [1 x i8]* @p_str110, [1 x i8]* @p_str110)

]]></Node>
<StgValue><ssdm name="specmemcore_ln0"/></StgValue>
</operation>

<operation id="34" st_id="2" stage="1" lat="1">
<core>NULL</core>
<MemPortIdVec></MemPortIdVec>
<condition id="-1">
<or_exp><and_exp></and_exp></or_exp>
</condition>

<Node id="35" bw="0" op_0_bw="0" op_1_bw="32" op_2_bw="0" op_3_bw="0" op_4_bw="0" op_5_bw="32" op_6_bw="0" op_7_bw="0" op_8_bw="0" op_9_bw="0" op_10_bw="0">
<![CDATA[
entry_ifconv:23  call void (...)* @_ssdm_op_SpecMemCore([50 x float]* %empty_14, [1 x i8]* @p_str110, [13 x i8]* @p_str514, [1 x i8]* @p_str110, i32 -1, [1 x i8]* @p_str110, [1 x i8]* @p_str110, [1 x i8]* @p_str110, [1 x i8]* @p_str110, [1 x i8]* @p_str110)

]]></Node>
<StgValue><ssdm name="specmemcore_ln0"/></StgValue>
</operation>

<operation id="35" st_id="2" stage="1" lat="1">
<core>NULL</core>
<MemPortIdVec></MemPortIdVec>
<condition id="-1">
<or_exp><and_exp></and_exp></or_exp>
</condition>

<Node id="36" bw="0" op_0_bw="0" op_1_bw="32" op_2_bw="0" op_3_bw="0" op_4_bw="0" op_5_bw="32" op_6_bw="0" op_7_bw="0" op_8_bw="0" op_9_bw="0" op_10_bw="0">
<![CDATA[
entry_ifconv:24  call void (...)* @_ssdm_op_SpecMemCore([50 x float]* %empty_15, [1 x i8]* @p_str110, [13 x i8]* @p_str514, [1 x i8]* @p_str110, i32 -1, [1 x i8]* @p_str110, [1 x i8]* @p_str110, [1 x i8]* @p_str110, [1 x i8]* @p_str110, [1 x i8]* @p_str110)

]]></Node>
<StgValue><ssdm name="specmemcore_ln0"/></StgValue>
</operation>

<operation id="36" st_id="2" stage="1" lat="1">
<core>NULL</core>
<MemPortIdVec></MemPortIdVec>
<condition id="-1">
<or_exp><and_exp></and_exp></or_exp>
</condition>

<Node id="37" bw="0" op_0_bw="0" op_1_bw="32" op_2_bw="0" op_3_bw="0" op_4_bw="0" op_5_bw="32" op_6_bw="0" op_7_bw="0" op_8_bw="0" op_9_bw="0" op_10_bw="0">
<![CDATA[
entry_ifconv:25  call void (...)* @_ssdm_op_SpecMemCore([50 x float]* %empty_8, [1 x i8]* @p_str110, [13 x i8]* @p_str514, [1 x i8]* @p_str110, i32 -1, [1 x i8]* @p_str110, [1 x i8]* @p_str110, [1 x i8]* @p_str110, [1 x i8]* @p_str110, [1 x i8]* @p_str110)

]]></Node>
<StgValue><ssdm name="specmemcore_ln0"/></StgValue>
</operation>

<operation id="37" st_id="2" stage="1" lat="1">
<core>NULL</core>
<MemPortIdVec></MemPortIdVec>
<condition id="-1">
<or_exp><and_exp></and_exp></or_exp>
</condition>

<Node id="38" bw="0" op_0_bw="0" op_1_bw="32" op_2_bw="0" op_3_bw="32" op_4_bw="32" op_5_bw="0" op_6_bw="32" op_7_bw="32" op_8_bw="0" op_9_bw="0" op_10_bw="0" op_11_bw="32" op_12_bw="32" op_13_bw="32" op_14_bw="32" op_15_bw="0" op_16_bw="0">
<![CDATA[
entry_ifconv:26  call void (...)* @_ssdm_op_SpecInterface([50 x float]* %empty_11, [5 x i8]* @p_str312, i32 0, i32 0, [1 x i8]* @p_str110, i32 0, i32 0, [1 x i8]* @p_str110, [1 x i8]* @p_str110, [1 x i8]* @p_str110, i32 0, i32 0, i32 0, i32 0, [1 x i8]* @p_str110, [1 x i8]* @p_str110)

]]></Node>
<StgValue><ssdm name="specinterface_ln0"/></StgValue>
</operation>

<operation id="38" st_id="2" stage="1" lat="1">
<core>NULL</core>
<MemPortIdVec></MemPortIdVec>
<condition id="-1">
<or_exp><and_exp></and_exp></or_exp>
</condition>

<Node id="39" bw="0" op_0_bw="0" op_1_bw="32" op_2_bw="0" op_3_bw="32" op_4_bw="32" op_5_bw="0" op_6_bw="32" op_7_bw="32" op_8_bw="0" op_9_bw="0" op_10_bw="0" op_11_bw="32" op_12_bw="32" op_13_bw="32" op_14_bw="32" op_15_bw="0" op_16_bw="0">
<![CDATA[
entry_ifconv:27  call void (...)* @_ssdm_op_SpecInterface([50 x float]* %empty_10, [5 x i8]* @p_str312, i32 0, i32 0, [1 x i8]* @p_str110, i32 0, i32 0, [1 x i8]* @p_str110, [1 x i8]* @p_str110, [1 x i8]* @p_str110, i32 0, i32 0, i32 0, i32 0, [1 x i8]* @p_str110, [1 x i8]* @p_str110)

]]></Node>
<StgValue><ssdm name="specinterface_ln0"/></StgValue>
</operation>

<operation id="39" st_id="2" stage="1" lat="1">
<core>NULL</core>
<MemPortIdVec></MemPortIdVec>
<condition id="-1">
<or_exp><and_exp></and_exp></or_exp>
</condition>

<Node id="40" bw="0" op_0_bw="0" op_1_bw="32" op_2_bw="0" op_3_bw="32" op_4_bw="32" op_5_bw="0" op_6_bw="32" op_7_bw="32" op_8_bw="0" op_9_bw="0" op_10_bw="0" op_11_bw="32" op_12_bw="32" op_13_bw="32" op_14_bw="32" op_15_bw="0" op_16_bw="0">
<![CDATA[
entry_ifconv:28  call void (...)* @_ssdm_op_SpecInterface([50 x float]* %empty_9, [5 x i8]* @p_str312, i32 0, i32 0, [1 x i8]* @p_str110, i32 0, i32 0, [1 x i8]* @p_str110, [1 x i8]* @p_str110, [1 x i8]* @p_str110, i32 0, i32 0, i32 0, i32 0, [1 x i8]* @p_str110, [1 x i8]* @p_str110)

]]></Node>
<StgValue><ssdm name="specinterface_ln0"/></StgValue>
</operation>

<operation id="40" st_id="2" stage="1" lat="1">
<core>NULL</core>
<MemPortIdVec></MemPortIdVec>
<condition id="-1">
<or_exp><and_exp></and_exp></or_exp>
</condition>

<Node id="41" bw="0" op_0_bw="0" op_1_bw="32" op_2_bw="0" op_3_bw="32" op_4_bw="32" op_5_bw="0" op_6_bw="32" op_7_bw="32" op_8_bw="0" op_9_bw="0" op_10_bw="0" op_11_bw="32" op_12_bw="32" op_13_bw="32" op_14_bw="32" op_15_bw="0" op_16_bw="0">
<![CDATA[
entry_ifconv:29  call void (...)* @_ssdm_op_SpecInterface([50 x float]* %empty_12, [5 x i8]* @p_str312, i32 0, i32 0, [1 x i8]* @p_str110, i32 0, i32 0, [1 x i8]* @p_str110, [1 x i8]* @p_str110, [1 x i8]* @p_str110, i32 0, i32 0, i32 0, i32 0, [1 x i8]* @p_str110, [1 x i8]* @p_str110)

]]></Node>
<StgValue><ssdm name="specinterface_ln0"/></StgValue>
</operation>

<operation id="41" st_id="2" stage="1" lat="1">
<core>NULL</core>
<MemPortIdVec></MemPortIdVec>
<condition id="-1">
<or_exp><and_exp></and_exp></or_exp>
</condition>

<Node id="42" bw="0" op_0_bw="0" op_1_bw="32" op_2_bw="0" op_3_bw="32" op_4_bw="32" op_5_bw="0" op_6_bw="32" op_7_bw="32" op_8_bw="0" op_9_bw="0" op_10_bw="0" op_11_bw="32" op_12_bw="32" op_13_bw="32" op_14_bw="32" op_15_bw="0" op_16_bw="0">
<![CDATA[
entry_ifconv:30  call void (...)* @_ssdm_op_SpecInterface([50 x float]* %empty_13, [5 x i8]* @p_str312, i32 0, i32 0, [1 x i8]* @p_str110, i32 0, i32 0, [1 x i8]* @p_str110, [1 x i8]* @p_str110, [1 x i8]* @p_str110, i32 0, i32 0, i32 0, i32 0, [1 x i8]* @p_str110, [1 x i8]* @p_str110)

]]></Node>
<StgValue><ssdm name="specinterface_ln0"/></StgValue>
</operation>

<operation id="42" st_id="2" stage="1" lat="1">
<core>NULL</core>
<MemPortIdVec></MemPortIdVec>
<condition id="-1">
<or_exp><and_exp></and_exp></or_exp>
</condition>

<Node id="43" bw="0" op_0_bw="0" op_1_bw="32" op_2_bw="0" op_3_bw="32" op_4_bw="32" op_5_bw="0" op_6_bw="32" op_7_bw="32" op_8_bw="0" op_9_bw="0" op_10_bw="0" op_11_bw="32" op_12_bw="32" op_13_bw="32" op_14_bw="32" op_15_bw="0" op_16_bw="0">
<![CDATA[
entry_ifconv:31  call void (...)* @_ssdm_op_SpecInterface([50 x float]* %empty_14, [5 x i8]* @p_str312, i32 0, i32 0, [1 x i8]* @p_str110, i32 0, i32 0, [1 x i8]* @p_str110, [1 x i8]* @p_str110, [1 x i8]* @p_str110, i32 0, i32 0, i32 0, i32 0, [1 x i8]* @p_str110, [1 x i8]* @p_str110)

]]></Node>
<StgValue><ssdm name="specinterface_ln0"/></StgValue>
</operation>

<operation id="43" st_id="2" stage="1" lat="1">
<core>NULL</core>
<MemPortIdVec></MemPortIdVec>
<condition id="-1">
<or_exp><and_exp></and_exp></or_exp>
</condition>

<Node id="44" bw="0" op_0_bw="0" op_1_bw="32" op_2_bw="0" op_3_bw="32" op_4_bw="32" op_5_bw="0" op_6_bw="32" op_7_bw="32" op_8_bw="0" op_9_bw="0" op_10_bw="0" op_11_bw="32" op_12_bw="32" op_13_bw="32" op_14_bw="32" op_15_bw="0" op_16_bw="0">
<![CDATA[
entry_ifconv:32  call void (...)* @_ssdm_op_SpecInterface([50 x float]* %empty_15, [5 x i8]* @p_str312, i32 0, i32 0, [1 x i8]* @p_str110, i32 0, i32 0, [1 x i8]* @p_str110, [1 x i8]* @p_str110, [1 x i8]* @p_str110, i32 0, i32 0, i32 0, i32 0, [1 x i8]* @p_str110, [1 x i8]* @p_str110)

]]></Node>
<StgValue><ssdm name="specinterface_ln0"/></StgValue>
</operation>

<operation id="44" st_id="2" stage="1" lat="1">
<core>NULL</core>
<MemPortIdVec></MemPortIdVec>
<condition id="-1">
<or_exp><and_exp></and_exp></or_exp>
</condition>

<Node id="45" bw="0" op_0_bw="0" op_1_bw="32" op_2_bw="0" op_3_bw="32" op_4_bw="32" op_5_bw="0" op_6_bw="32" op_7_bw="32" op_8_bw="0" op_9_bw="0" op_10_bw="0" op_11_bw="32" op_12_bw="32" op_13_bw="32" op_14_bw="32" op_15_bw="0" op_16_bw="0">
<![CDATA[
entry_ifconv:33  call void (...)* @_ssdm_op_SpecInterface([50 x float]* %empty_8, [5 x i8]* @p_str312, i32 0, i32 0, [1 x i8]* @p_str110, i32 0, i32 0, [1 x i8]* @p_str110, [1 x i8]* @p_str110, [1 x i8]* @p_str110, i32 0, i32 0, i32 0, i32 0, [1 x i8]* @p_str110, [1 x i8]* @p_str110)

]]></Node>
<StgValue><ssdm name="specinterface_ln0"/></StgValue>
</operation>

<operation id="45" st_id="2" stage="1" lat="2">
<core>RAM_S2P_BRAM</core>
<MemPortIdVec></MemPortIdVec>
<condition id="-1">
<or_exp><and_exp></and_exp></or_exp>
</condition>

<Node id="46" bw="32" op_0_bw="6">
<![CDATA[
entry_ifconv:34  %empty_37 = load float* %p_addr, align 4

]]></Node>
<StgValue><ssdm name="empty_37"/></StgValue>
</operation>

<operation id="46" st_id="2" stage="1" lat="2">
<core>RAM_S2P_BRAM</core>
<MemPortIdVec></MemPortIdVec>
<condition id="-1">
<or_exp><and_exp></and_exp></or_exp>
</condition>

<Node id="47" bw="32" op_0_bw="6">
<![CDATA[
entry_ifconv:35  %empty_38 = load float* %p_addr_1, align 4

]]></Node>
<StgValue><ssdm name="empty_38"/></StgValue>
</operation>

<operation id="47" st_id="2" stage="1" lat="2">
<core>RAM_S2P_BRAM</core>
<MemPortIdVec></MemPortIdVec>
<condition id="-1">
<or_exp><and_exp></and_exp></or_exp>
</condition>

<Node id="48" bw="32" op_0_bw="6">
<![CDATA[
entry_ifconv:36  %empty_39 = load float* %p_addr_2, align 4

]]></Node>
<StgValue><ssdm name="empty_39"/></StgValue>
</operation>

<operation id="48" st_id="2" stage="1" lat="2">
<core>RAM_S2P_BRAM</core>
<MemPortIdVec></MemPortIdVec>
<condition id="-1">
<or_exp><and_exp></and_exp></or_exp>
</condition>

<Node id="49" bw="32" op_0_bw="6">
<![CDATA[
entry_ifconv:37  %empty_40 = load float* %p_addr_3, align 4

]]></Node>
<StgValue><ssdm name="empty_40"/></StgValue>
</operation>

<operation id="49" st_id="2" stage="1" lat="2">
<core>RAM_S2P_BRAM</core>
<MemPortIdVec></MemPortIdVec>
<condition id="-1">
<or_exp><and_exp></and_exp></or_exp>
</condition>

<Node id="50" bw="32" op_0_bw="6">
<![CDATA[
entry_ifconv:38  %empty_41 = load float* %p_addr_4, align 4

]]></Node>
<StgValue><ssdm name="empty_41"/></StgValue>
</operation>

<operation id="50" st_id="2" stage="1" lat="2">
<core>RAM_S2P_BRAM</core>
<MemPortIdVec></MemPortIdVec>
<condition id="-1">
<or_exp><and_exp></and_exp></or_exp>
</condition>

<Node id="51" bw="32" op_0_bw="6">
<![CDATA[
entry_ifconv:39  %empty_42 = load float* %p_addr_5, align 4

]]></Node>
<StgValue><ssdm name="empty_42"/></StgValue>
</operation>

<operation id="51" st_id="2" stage="1" lat="2">
<core>RAM_S2P_BRAM</core>
<MemPortIdVec></MemPortIdVec>
<condition id="-1">
<or_exp><and_exp></and_exp></or_exp>
</condition>

<Node id="52" bw="32" op_0_bw="6">
<![CDATA[
entry_ifconv:40  %empty_43 = load float* %p_addr_6, align 4

]]></Node>
<StgValue><ssdm name="empty_43"/></StgValue>
</operation>

<operation id="52" st_id="2" stage="1" lat="2">
<core>RAM_S2P_BRAM</core>
<MemPortIdVec></MemPortIdVec>
<condition id="-1">
<or_exp><and_exp></and_exp></or_exp>
</condition>

<Node id="53" bw="32" op_0_bw="6">
<![CDATA[
entry_ifconv:41  %empty_44 = load float* %p_addr_7, align 4

]]></Node>
<StgValue><ssdm name="empty_44"/></StgValue>
</operation>

<operation id="53" st_id="2" stage="1" lat="1">
<core>Cmp</core>
<MemPortIdVec></MemPortIdVec>
<condition id="-1">
<or_exp><and_exp></and_exp></or_exp>
</condition>

<Node id="54" bw="1" op_0_bw="3" op_1_bw="3">
<![CDATA[
entry_ifconv:42  %icmp_ln25 = icmp eq i3 %tmp_38, 0

]]></Node>
<StgValue><ssdm name="icmp_ln25"/></StgValue>
</operation>

<operation id="54" st_id="2" stage="1" lat="1">
<core>Sel</core>
<MemPortIdVec></MemPortIdVec>
<condition id="-1">
<or_exp><and_exp></and_exp></or_exp>
</condition>

<Node id="55" bw="32" op_0_bw="1" op_1_bw="32" op_2_bw="32">
<![CDATA[
entry_ifconv:43  %select_ln25 = select i1 %icmp_ln25, float %empty_38, float %empty_37

]]></Node>
<StgValue><ssdm name="select_ln25"/></StgValue>
</operation>

<operation id="55" st_id="2" stage="1" lat="1">
<core>Cmp</core>
<MemPortIdVec></MemPortIdVec>
<condition id="-1">
<or_exp><and_exp></and_exp></or_exp>
</condition>

<Node id="56" bw="1" op_0_bw="3" op_1_bw="3">
<![CDATA[
entry_ifconv:44  %icmp_ln25_1 = icmp eq i3 %tmp_38, 1

]]></Node>
<StgValue><ssdm name="icmp_ln25_1"/></StgValue>
</operation>

<operation id="56" st_id="2" stage="1" lat="1">
<core>Sel</core>
<MemPortIdVec></MemPortIdVec>
<condition id="-1">
<or_exp><and_exp></and_exp></or_exp>
</condition>

<Node id="57" bw="32" op_0_bw="1" op_1_bw="32" op_2_bw="32">
<![CDATA[
entry_ifconv:45  %select_ln25_1 = select i1 %icmp_ln25_1, float %empty_39, float %select_ln25

]]></Node>
<StgValue><ssdm name="select_ln25_1"/></StgValue>
</operation>

<operation id="57" st_id="2" stage="1" lat="1">
<core>Cmp</core>
<MemPortIdVec></MemPortIdVec>
<condition id="-1">
<or_exp><and_exp></and_exp></or_exp>
</condition>

<Node id="58" bw="1" op_0_bw="3" op_1_bw="3">
<![CDATA[
entry_ifconv:46  %icmp_ln25_2 = icmp eq i3 %tmp_38, 2

]]></Node>
<StgValue><ssdm name="icmp_ln25_2"/></StgValue>
</operation>

<operation id="58" st_id="2" stage="1" lat="1">
<core>Sel</core>
<MemPortIdVec></MemPortIdVec>
<condition id="-1">
<or_exp><and_exp></and_exp></or_exp>
</condition>

<Node id="59" bw="32" op_0_bw="1" op_1_bw="32" op_2_bw="32">
<![CDATA[
entry_ifconv:47  %select_ln25_2 = select i1 %icmp_ln25_2, float %empty_40, float %select_ln25_1

]]></Node>
<StgValue><ssdm name="select_ln25_2"/></StgValue>
</operation>

<operation id="59" st_id="2" stage="1" lat="1">
<core>Cmp</core>
<MemPortIdVec></MemPortIdVec>
<condition id="-1">
<or_exp><and_exp></and_exp></or_exp>
</condition>

<Node id="60" bw="1" op_0_bw="3" op_1_bw="3">
<![CDATA[
entry_ifconv:48  %icmp_ln25_3 = icmp eq i3 %tmp_38, 3

]]></Node>
<StgValue><ssdm name="icmp_ln25_3"/></StgValue>
</operation>

<operation id="60" st_id="2" stage="1" lat="1">
<core>Sel</core>
<MemPortIdVec></MemPortIdVec>
<condition id="-1">
<or_exp><and_exp></and_exp></or_exp>
</condition>

<Node id="61" bw="32" op_0_bw="1" op_1_bw="32" op_2_bw="32">
<![CDATA[
entry_ifconv:49  %select_ln25_3 = select i1 %icmp_ln25_3, float %empty_41, float %select_ln25_2

]]></Node>
<StgValue><ssdm name="select_ln25_3"/></StgValue>
</operation>

<operation id="61" st_id="2" stage="1" lat="1">
<core>Cmp</core>
<MemPortIdVec></MemPortIdVec>
<condition id="-1">
<or_exp><and_exp></and_exp></or_exp>
</condition>

<Node id="62" bw="1" op_0_bw="3" op_1_bw="3">
<![CDATA[
entry_ifconv:50  %icmp_ln25_4 = icmp eq i3 %tmp_38, -4

]]></Node>
<StgValue><ssdm name="icmp_ln25_4"/></StgValue>
</operation>

<operation id="62" st_id="2" stage="1" lat="1">
<core>Sel</core>
<MemPortIdVec></MemPortIdVec>
<condition id="-1">
<or_exp><and_exp></and_exp></or_exp>
</condition>

<Node id="63" bw="32" op_0_bw="1" op_1_bw="32" op_2_bw="32">
<![CDATA[
entry_ifconv:51  %select_ln25_4 = select i1 %icmp_ln25_4, float %empty_42, float %select_ln25_3

]]></Node>
<StgValue><ssdm name="select_ln25_4"/></StgValue>
</operation>

<operation id="63" st_id="2" stage="1" lat="1">
<core>Cmp</core>
<MemPortIdVec></MemPortIdVec>
<condition id="-1">
<or_exp><and_exp></and_exp></or_exp>
</condition>

<Node id="64" bw="1" op_0_bw="3" op_1_bw="3">
<![CDATA[
entry_ifconv:52  %icmp_ln25_5 = icmp eq i3 %tmp_38, -3

]]></Node>
<StgValue><ssdm name="icmp_ln25_5"/></StgValue>
</operation>

<operation id="64" st_id="2" stage="1" lat="1">
<core>Sel</core>
<MemPortIdVec></MemPortIdVec>
<condition id="-1">
<or_exp><and_exp></and_exp></or_exp>
</condition>

<Node id="65" bw="32" op_0_bw="1" op_1_bw="32" op_2_bw="32">
<![CDATA[
entry_ifconv:53  %select_ln25_5 = select i1 %icmp_ln25_5, float %empty_43, float %select_ln25_4

]]></Node>
<StgValue><ssdm name="select_ln25_5"/></StgValue>
</operation>

<operation id="65" st_id="2" stage="1" lat="1">
<core>Cmp</core>
<MemPortIdVec></MemPortIdVec>
<condition id="-1">
<or_exp><and_exp></and_exp></or_exp>
</condition>

<Node id="66" bw="1" op_0_bw="3" op_1_bw="3">
<![CDATA[
entry_ifconv:54  %icmp_ln25_6 = icmp eq i3 %tmp_38, -2

]]></Node>
<StgValue><ssdm name="icmp_ln25_6"/></StgValue>
</operation>

<operation id="66" st_id="2" stage="1" lat="1">
<core>Sel</core>
<MemPortIdVec></MemPortIdVec>
<condition id="-1">
<or_exp><and_exp></and_exp></or_exp>
</condition>

<Node id="67" bw="32" op_0_bw="1" op_1_bw="32" op_2_bw="32">
<![CDATA[
entry_ifconv:55  %select_ln25_6 = select i1 %icmp_ln25_6, float %empty_44, float %select_ln25_5

]]></Node>
<StgValue><ssdm name="select_ln25_6"/></StgValue>
</operation>

<operation id="67" st_id="2" stage="1" lat="1">
<core>NULL</core>
<MemPortIdVec></MemPortIdVec>
<condition id="-1">
<or_exp><and_exp></and_exp></or_exp>
</condition>

<Node id="68" bw="0" op_0_bw="32">
<![CDATA[
entry_ifconv:56  ret float %select_ln25_6

]]></Node>
<StgValue><ssdm name="ret_ln24"/></StgValue>
</operation>
</state>
</state_list>


<ports>
</ports>


<dataflows>
</dataflows>


</stg>
