<stg><name>aesl_mux_load_8_5_x_s</name>


<trans_list>

<trans id="70" from="1" to="2">
<condition id="-1">
<or_exp><and_exp></and_exp></or_exp>
</condition>
</trans>
</trans_list>



<state_list>

<state id="1" st_id="1">

<operation id="3" st_id="1" stage="1" lat="1">
<core>NULL</core>
<MemPortIdVec></MemPortIdVec>
<condition id="-1">
<or_exp><and_exp></and_exp></or_exp>
</condition>

<Node id="12" bw="4" op_0_bw="4" op_1_bw="4">
<![CDATA[
entry_ifconv:0  %tmp_35 = call i4 @_ssdm_op_Read.ap_auto.i4(i4 %empty)

]]></Node>
<StgValue><ssdm name="tmp_35"/></StgValue>
</operation>

<operation id="4" st_id="1" stage="1" lat="1">
<core>NULL</core>
<MemPortIdVec></MemPortIdVec>
<condition id="-1">
<or_exp><and_exp></and_exp></or_exp>
</condition>

<Node id="13" bw="3" op_0_bw="3" op_1_bw="3">
<![CDATA[
entry_ifconv:1  %tmp_37 = call i3 @_ssdm_op_Read.ap_auto.i3(i3 %empty_17)

]]></Node>
<StgValue><ssdm name="tmp_37"/></StgValue>
</operation>

<operation id="5" st_id="1" stage="1" lat="1">
<core>NULL</core>
<MemPortIdVec></MemPortIdVec>
<condition id="-1">
<or_exp><and_exp></and_exp></or_exp>
</condition>

<Node id="14" bw="3" op_0_bw="3" op_1_bw="3">
<![CDATA[
entry_ifconv:2  %tmp_38 = call i3 @_ssdm_op_Read.ap_auto.i3(i3 %empty_16)

]]></Node>
<StgValue><ssdm name="tmp_38"/></StgValue>
</operation>

<operation id="6" st_id="1" stage="1" lat="1">
<core>NULL</core>
<MemPortIdVec></MemPortIdVec>
<condition id="-1">
<or_exp><and_exp></and_exp></or_exp>
</condition>

<Node id="15" bw="64" op_0_bw="4">
<![CDATA[
entry_ifconv:3  %p_cast2 = zext i4 %tmp_35 to i64

]]></Node>
<StgValue><ssdm name="p_cast2"/></StgValue>
</operation>

<operation id="7" st_id="1" stage="1" lat="1">
<core>NULL</core>
<MemPortIdVec></MemPortIdVec>
<condition id="-1">
<or_exp><and_exp></and_exp></or_exp>
</condition>

<Node id="16" bw="6" op_0_bw="6" op_1_bw="3" op_2_bw="3">
<![CDATA[
entry_ifconv:4  %tmp = call i6 @_ssdm_op_BitConcatenate.i6.i3.i3(i3 %tmp_37, i3 0)

]]></Node>
<StgValue><ssdm name="tmp"/></StgValue>
</operation>

<operation id="8" st_id="1" stage="1" lat="1">
<core>NULL</core>
<MemPortIdVec></MemPortIdVec>
<condition id="-1">
<or_exp><and_exp></and_exp></or_exp>
</condition>

<Node id="17" bw="64" op_0_bw="6">
<![CDATA[
entry_ifconv:5  %zext_ln1 = zext i6 %tmp to i64

]]></Node>
<StgValue><ssdm name="zext_ln1"/></StgValue>
</operation>

<operation id="9" st_id="1" stage="1" lat="1">
<core>NULL</core>
<MemPortIdVec></MemPortIdVec>
<condition id="-1">
<or_exp><and_exp></and_exp></or_exp>
</condition>

<Node id="18" bw="4" op_0_bw="4" op_1_bw="3" op_2_bw="1">
<![CDATA[
entry_ifconv:6  %tmp_s = call i4 @_ssdm_op_BitConcatenate.i4.i3.i1(i3 %tmp_37, i1 false)

]]></Node>
<StgValue><ssdm name="tmp_s"/></StgValue>
</operation>

<operation id="10" st_id="1" stage="1" lat="1">
<core>NULL</core>
<MemPortIdVec></MemPortIdVec>
<condition id="-1">
<or_exp><and_exp></and_exp></or_exp>
</condition>

<Node id="19" bw="64" op_0_bw="4">
<![CDATA[
entry_ifconv:7  %zext_ln1_1 = zext i4 %tmp_s to i64

]]></Node>
<StgValue><ssdm name="zext_ln1_1"/></StgValue>
</operation>

<operation id="11" st_id="1" stage="1" lat="1">
<core>TAddSub</core>
<MemPortIdVec></MemPortIdVec>
<condition id="-1">
<or_exp><and_exp></and_exp></or_exp>
</condition>

<Node id="20" bw="64" op_0_bw="64" op_1_bw="64">
<![CDATA[
entry_ifconv:8  %add_ln1 = add i64 %zext_ln1, %zext_ln1_1

]]></Node>
<StgValue><ssdm name="add_ln1"/></StgValue>
</operation>

<operation id="12" st_id="1" stage="1" lat="1">
<core>TAddSub</core>
<MemPortIdVec></MemPortIdVec>
<condition id="-1">
<or_exp><and_exp></and_exp></or_exp>
</condition>

<Node id="21" bw="64" op_0_bw="64" op_1_bw="64">
<![CDATA[
entry_ifconv:9  %add_ln1_1 = add i64 %p_cast2, %add_ln1

]]></Node>
<StgValue><ssdm name="add_ln1_1"/></StgValue>
</operation>

<operation id="13" st_id="1" stage="1" lat="1">
<core>NULL</core>
<MemPortIdVec></MemPortIdVec>
<condition id="-1">
<or_exp><and_exp></and_exp></or_exp>
</condition>

<Node id="22" bw="6" op_0_bw="32" op_1_bw="64" op_2_bw="64">
<![CDATA[
entry_ifconv:10  %p_addr_1 = getelementptr [50 x float]* %empty_8, i64 0, i64 %add_ln1_1

]]></Node>
<StgValue><ssdm name="p_addr_1"/></StgValue>
</operation>

<operation id="14" st_id="1" stage="1" lat="1">
<core>NULL</core>
<MemPortIdVec></MemPortIdVec>
<condition id="-1">
<or_exp><and_exp></and_exp></or_exp>
</condition>

<Node id="23" bw="6" op_0_bw="32" op_1_bw="64" op_2_bw="64">
<![CDATA[
entry_ifconv:11  %p_addr_2 = getelementptr [50 x float]* %empty_9, i64 0, i64 %add_ln1_1

]]></Node>
<StgValue><ssdm name="p_addr_2"/></StgValue>
</operation>

<operation id="15" st_id="1" stage="1" lat="1">
<core>NULL</core>
<MemPortIdVec></MemPortIdVec>
<condition id="-1">
<or_exp><and_exp></and_exp></or_exp>
</condition>

<Node id="24" bw="6" op_0_bw="32" op_1_bw="64" op_2_bw="64">
<![CDATA[
entry_ifconv:12  %p_addr_3 = getelementptr [50 x float]* %empty_10, i64 0, i64 %add_ln1_1

]]></Node>
<StgValue><ssdm name="p_addr_3"/></StgValue>
</operation>

<operation id="16" st_id="1" stage="1" lat="1">
<core>NULL</core>
<MemPortIdVec></MemPortIdVec>
<condition id="-1">
<or_exp><and_exp></and_exp></or_exp>
</condition>

<Node id="25" bw="6" op_0_bw="32" op_1_bw="64" op_2_bw="64">
<![CDATA[
entry_ifconv:13  %p_addr_4 = getelementptr [50 x float]* %empty_11, i64 0, i64 %add_ln1_1

]]></Node>
<StgValue><ssdm name="p_addr_4"/></StgValue>
</operation>

<operation id="17" st_id="1" stage="1" lat="1">
<core>NULL</core>
<MemPortIdVec></MemPortIdVec>
<condition id="-1">
<or_exp><and_exp></and_exp></or_exp>
</condition>

<Node id="26" bw="6" op_0_bw="32" op_1_bw="64" op_2_bw="64">
<![CDATA[
entry_ifconv:14  %p_addr_5 = getelementptr [50 x float]* %empty_12, i64 0, i64 %add_ln1_1

]]></Node>
<StgValue><ssdm name="p_addr_5"/></StgValue>
</operation>

<operation id="18" st_id="1" stage="1" lat="1">
<core>NULL</core>
<MemPortIdVec></MemPortIdVec>
<condition id="-1">
<or_exp><and_exp></and_exp></or_exp>
</condition>

<Node id="27" bw="6" op_0_bw="32" op_1_bw="64" op_2_bw="64">
<![CDATA[
entry_ifconv:15  %p_addr_6 = getelementptr [50 x float]* %empty_13, i64 0, i64 %add_ln1_1

]]></Node>
<StgValue><ssdm name="p_addr_6"/></StgValue>
</operation>

<operation id="19" st_id="1" stage="1" lat="1">
<core>NULL</core>
<MemPortIdVec></MemPortIdVec>
<condition id="-1">
<or_exp><and_exp></and_exp></or_exp>
</condition>

<Node id="28" bw="6" op_0_bw="32" op_1_bw="64" op_2_bw="64">
<![CDATA[
entry_ifconv:16  %p_addr_7 = getelementptr [50 x float]* %empty_14, i64 0, i64 %add_ln1_1

]]></Node>
<StgValue><ssdm name="p_addr_7"/></StgValue>
</operation>

<operation id="20" st_id="1" stage="1" lat="1">
<core>NULL</core>
<MemPortIdVec></MemPortIdVec>
<condition id="-1">
<or_exp><and_exp></and_exp></or_exp>
</condition>

<Node id="29" bw="6" op_0_bw="32" op_1_bw="64" op_2_bw="64">
<![CDATA[
entry_ifconv:17  %p_addr = getelementptr [50 x float]* %empty_15, i64 0, i64 %add_ln1_1

]]></Node>
<StgValue><ssdm name="p_addr"/></StgValue>
</operation>

<operation id="21" st_id="1" stage="2" lat="2">
<core>RAM_S2P_BRAM</core>
<MemPortIdVec>0 </MemPortIdVec>
<condition id="-1">
<or_exp><and_exp></and_exp></or_exp>
</condition>

<Node id="46" bw="32" op_0_bw="6">
<![CDATA[
entry_ifconv:34  %empty_37 = load float* %p_addr, align 4

]]></Node>
<StgValue><ssdm name="empty_37"/></StgValue>
</operation>

<operation id="22" st_id="1" stage="2" lat="2">
<core>RAM_S2P_BRAM</core>
<MemPortIdVec>0 </MemPortIdVec>
<condition id="-1">
<or_exp><and_exp></and_exp></or_exp>
</condition>

<Node id="47" bw="32" op_0_bw="6">
<![CDATA[
entry_ifconv:35  %empty_38 = load float* %p_addr_1, align 4

]]></Node>
<StgValue><ssdm name="empty_38"/></StgValue>
</operation>

<operation id="23" st_id="1" stage="2" lat="2">
<core>RAM_S2P_BRAM</core>
<MemPortIdVec>0 </MemPortIdVec>
<condition id="-1">
<or_exp><and_exp></and_exp></or_exp>
</condition>

<Node id="48" bw="32" op_0_bw="6">
<![CDATA[
entry_ifconv:36  %empty_39 = load float* %p_addr_2, align 4

]]></Node>
<StgValue><ssdm name="empty_39"/></StgValue>
</operation>

<operation id="24" st_id="1" stage="2" lat="2">
<core>RAM_S2P_BRAM</core>
<MemPortIdVec>0 </MemPortIdVec>
<condition id="-1">
<or_exp><and_exp></and_exp></or_exp>
</condition>

<Node id="49" bw="32" op_0_bw="6">
<![CDATA[
entry_ifconv:37  %empty_40 = load float* %p_addr_3, align 4

]]></Node>
<StgValue><ssdm name="empty_40"/></StgValue>
</operation>

<operation id="25" st_id="1" stage="2" lat="2">
<core>RAM_S2P_BRAM</core>
<MemPortIdVec>0 </MemPortIdVec>
<condition id="-1">
<or_exp><and_exp></and_exp></or_exp>
</condition>

<Node id="50" bw="32" op_0_bw="6">
<![CDATA[
entry_ifconv:38  %empty_41 = load float* %p_addr_4, align 4

]]></Node>
<StgValue><ssdm name="empty_41"/></StgValue>
</operation>

<operation id="26" st_id="1" stage="2" lat="2">
<core>RAM_S2P_BRAM</core>
<MemPortIdVec>0 </MemPortIdVec>
<condition id="-1">
<or_exp><and_exp></and_exp></or_exp>
</condition>

<Node id="51" bw="32" op_0_bw="6">
<![CDATA[
entry_ifconv:39  %empty_42 = load float* %p_addr_5, align 4

]]></Node>
<StgValue><ssdm name="empty_42"/></StgValue>
</operation>

<operation id="27" st_id="1" stage="2" lat="2">
<core>RAM_S2P_BRAM</core>
<MemPortIdVec>0 </MemPortIdVec>
<condition id="-1">
<or_exp><and_exp></and_exp></or_exp>
</condition>

<Node id="52" bw="32" op_0_bw="6">
<![CDATA[
entry_ifconv:40  %empty_43 = load float* %p_addr_6, align 4

]]></Node>
<StgValue><ssdm name="empty_43"/></StgValue>
</operation>

<operation id="28" st_id="1" stage="2" lat="2">
<core>RAM_S2P_BRAM</core>
<MemPortIdVec>0 </MemPortIdVec>
<condition id="-1">
<or_exp><and_exp></and_exp></or_exp>
</condition>

<Node id="53" bw="32" op_0_bw="6">
<![CDATA[
entry_ifconv:41  %empty_44 = load float* %p_addr_7, align 4

]]></Node>
<StgValue><ssdm name="empty_44"/></StgValue>
</operation>
</state>

<state id="2" st_id="2">

<operation id="29" st_id="2" stage="1" lat="1">
<core>NULL</core>
<MemPortIdVec></MemPortIdVec>
<condition id="-1">
<or_exp><and_exp></and_exp></or_exp>
</condition>

<Node id="30" bw="0" op_0_bw="0" op_1_bw="32" op_2_bw="0" op_3_bw="0" op_4_bw="0" op_5_bw="32" op_6_bw="0" op_7_bw="0" op_8_bw="0" op_9_bw="0" op_10_bw="0">
<![CDATA[
entry_ifconv:18  call void (...)* @_ssdm_op_SpecMemCore([50 x float]* %empty_11, [1 x i8]* @p_str110, [13 x i8]* @p_str514, [1 x i8]* @p_str110, i32 -1, [1 x i8]* @p_str110, [1 x i8]* @p_str110, [1 x i8]* @p_str110, [1 x i8]* @p_str110, [1 x i8]* @p_str110)

]]></Node>
<StgValue><ssdm name="specmemcore_ln0"/></StgValue>
</operation>

<operation id="30" st_id="2" stage="1" lat="1">
<core>NULL</core>
<MemPortIdVec></MemPortIdVec>
<condition id="-1">
<or_exp><and_exp></and_exp></or_exp>
</condition>

<Node id="31" bw="0" op_0_bw="0" op_1_bw="32" op_2_bw="0" op_3_bw="0" op_4_bw="0" op_5_bw="32" op_6_bw="0" op_7_bw="0" op_8_bw="0" op_9_bw="0" op_10_bw="0">
<![CDATA[
entry_ifconv:19  call void (...)* @_ssdm_op_SpecMemCore([50 x float]* %empty_10, [1 x i8]* @p_str110, [13 x i8]* @p_str514, [1 x i8]* @p_str110, i32 -1, [1 x i8]* @p_str110, [1 x i8]* @p_str110, [1 x i8]* @p_str110, [1 x i8]* @p_str110, [1 x i8]* @p_str110)

]]></Node>
<StgValue><ssdm name="specmemcore_ln0"/></StgValue>
</operation>

<operation id="31" st_id="2" stage="1" lat="1">
<core>NULL</core>
<MemPortIdVec></MemPortIdVec>
<condition id="-1">
<or_exp><and_exp></and_exp></or_exp>
</condition>

<Node id="32" bw="0" op_0_bw="0" op_1_bw="32" op_2_bw="0" op_3_bw="0" op_4_bw="0" op_5_bw="32" op_6_bw="0" op_7_bw="0" op_8_bw="0" op_9_bw="0" op_10_bw="0">
<![CDATA[
entry_ifconv:20  call void (...)* @_ssdm_op_SpecMemCore([50 x float]* %empty_9, [1 x i8]* @p_str110, [13 x i8]* @p_str514, [1 x i8]* @p_str110, i32 -1, [1 x i8]* @p_str110, [1 x i8]* @p_str110, [1 x i8]* @p_str110, [1 x i8]* @p_str110, [1 x i8]* @p_str110)

]]></Node>
<StgValue><ssdm name="specmemcore_ln0"/></StgValue>
</operation>

<operation id="32" st_id="2" stage="1" lat="1">
<core>NULL</core>
<MemPortIdVec></MemPortIdVec>
<condition id="-1">
<or_exp><and_exp></and_exp></or_exp>
</condition>

<Node id="33" bw="0" op_0_bw="0" op_1_bw="32" op_2_bw="0" op_3_bw="0" op_4_bw="0" op_5_bw="32" op_6_bw="0" op_7_bw="0" op_8_bw="0" op_9_bw="0" op_10_bw="0">
<![CDATA[
entry_ifconv:21  call void (...)* @_ssdm_op_SpecMemCore([50 x float]* %empty_12, [1 x i8]* @p_str110, [13 x i8]* @p_str514, [1 x i8]* @p_str110, i32 -1, [1 x i8]* @p_str110, [1 x i8]* @p_str110, [1 x i8]* @p_str110, [1 x i8]* @p_str110, [1 x i8]* @p_str110)

]]></Node>
<StgValue><ssdm name="specmemcore_ln0"/></StgValue>
</operation>

<operation id="33" st_id="2" stage="1" lat="1">
<core>NULL</core>
<MemPortIdVec></MemPortIdVec>
<condition id="-1">
<or_exp><and_exp></and_exp></or_exp>
</condition>

<Node id="34" bw="0" op_0_bw="0" op_1_bw="32" op_2_bw="0" op_3_bw="0" op_4_bw="0" op_5_bw="32" op_6_bw="0" op_7_bw="0" op_8_bw="0" op_9_bw="0" op_10_bw="0">
<![CDATA[
entry_ifconv:22  call void (...)* @_ssdm_op_SpecMemCore([50 x float]* %empty_13, [1 x i8]* @p_str110, [13 x i8]* @p_str514, [1 x i8]* @p_str110, i32 -1, [1 x i8]* @p_str110, [1 x i8]* @p_str110, [1 x i8]* @p_str110, [1 x i8]* @p_str110, [1 x i8]* @p_str110)

]]></Node>
<StgValue><ssdm name="specmemcore_ln0"/></StgValue>
</operation>

<operation id="34" st_id="2" stage="1" lat="1">
<core>NULL</core>
<MemPortIdVec></MemPortIdVec>
<condition id="-1">
<or_exp><and_exp></and_exp></or_exp>
</condition>

<Node id="35" bw="0" op_0_bw="0" op_1_bw="32" op_2_bw="0" op_3_bw="0" op_4_bw="0" op_5_bw="32" op_6_bw="0" op_7_bw="0" op_8_bw="0" op_9_bw="0" op_10_bw="0">
<![CDATA[
entry_ifconv:23  call void (...)* @_ssdm_op_SpecMemCore([50 x float]* %empty_14, [1 x i8]* @p_str110, [13 x i8]* @p_str514, [1 x i8]* @p_str110, i32 -1, [1 x i8]* @p_str110, [1 x i8]* @p_str110, [1 x i8]* @p_str110, [1 x i8]* @p_str110, [1 x i8]* @p_str110)

]]></Node>
<StgValue><ssdm name="specmemcore_ln0"/></StgValue>
</operation>

<operation id="35" st_id="2" stage="1" lat="1">
<core>NULL</core>
<MemPortIdVec></MemPortIdVec>
<condition id="-1">
<or_exp><and_exp></and_exp></or_exp>
</condition>

<Node id="36" bw="0" op_0_bw="0" op_1_bw="32" op_2_bw="0" op_3_bw="0" op_4_bw="0" op_5_bw="32" op_6_bw="0" op_7_bw="0" op_8_bw="0" op_9_bw="0" op_10_bw="0">
<![CDATA[
entry_ifconv:24  call void (...)* @_ssdm_op_SpecMemCore([50 x float]* %empty_15, [1 x i8]* @p_str110, [13 x i8]* @p_str514, [1 x i8]* @p_str110, i32 -1, [1 x i8]* @p_str110, [1 x i8]* @p_str110, [1 x i8]* @p_str110, [1 x i8]* @p_str110, [1 x i8]* @p_str110)

]]></Node>
<StgValue><ssdm name="specmemcore_ln0"/></StgValue>
</operation>

<operation id="36" st_id="2" stage="1" lat="1">
<core>NULL</core>
<MemPortIdVec></MemPortIdVec>
<condition id="-1">
<or_exp><and_exp></and_exp></or_exp>
</condition>

<Node id="37" bw="0" op_0_bw="0" op_1_bw="32" op_2_bw="0" op_3_bw="0" op_4_bw="0" op_5_bw="32" op_6_bw="0" op_7_bw="0" op_8_bw="0" op_9_bw="0" op_10_bw="0">
<![CDATA[
entry_ifconv:25  call void (...)* @_ssdm_op_SpecMemCore([50 x float]* %empty_8, [1 x i8]* @p_str110, [13 x i8]* @p_str514, [1 x i8]* @p_str110, i32 -1, [1 x i8]* @p_str110, [1 x i8]* @p_str110, [1 x i8]* @p_str110, [1 x i8]* @p_str110, [1 x i8]* @p_str110)

]]></Node>
<StgValue><ssdm name="specmemcore_ln0"/></StgValue>
</operation>

<operation id="37" st_id="2" stage="1" lat="1">
<core>NULL</core>
<MemPortIdVec></MemPortIdVec>
<condition id="-1">
<or_exp><and_exp></and_exp></or_exp>
</condition>

<Node id="38" bw="0" op_0_bw="0" op_1_bw="32" op_2_bw="0" op_3_bw="32" op_4_bw="32" op_5_bw="0" op_6_bw="32" op_7_bw="32" op_8_bw="0" op_9_bw="0" op_10_bw="0" op_11_bw="32" op_12_bw="32" op_13_bw="32" op_14_bw="32" op_15_bw="0" op_16_bw="0">
<![CDATA[
entry_ifconv:26  call void (...)* @_ssdm_op_SpecInterface([50 x float]* %empty_11, [5 x i8]* @p_str312, i32 0, i32 0, [1 x i8]* @p_str110, i32 0, i32 0, [1 x i8]* @p_str110, [1 x i8]* @p_str110, [1 x i8]* @p_str110, i32 0, i32 0, i32 0, i32 0, [1 x i8]* @p_str110, [1 x i8]* @p_str110)

]]></Node>
<StgValue><ssdm name="specinterface_ln0"/></StgValue>
</operation>

<operation id="38" st_id="2" stage="1" lat="1">
<core>NULL</core>
<MemPortIdVec></MemPortIdVec>
<condition id="-1">
<or_exp><and_exp></and_exp></or_exp>
</condition>

<Node id="39" bw="0" op_0_bw="0" op_1_bw="32" op_2_bw="0" op_3_bw="32" op_4_bw="32" op_5_bw="0" op_6_bw="32" op_7_bw="32" op_8_bw="0" op_9_bw="0" op_10_bw="0" op_11_bw="32" op_12_bw="32" op_13_bw="32" op_14_bw="32" op_15_bw="0" op_16_bw="0">
<![CDATA[
entry_ifconv:27  call void (...)* @_ssdm_op_SpecInterface([50 x float]* %empty_10, [5 x i8]* @p_str312, i32 0, i32 0, [1 x i8]* @p_str110, i32 0, i32 0, [1 x i8]* @p_str110, [1 x i8]* @p_str110, [1 x i8]* @p_str110, i32 0, i32 0, i32 0, i32 0, [1 x i8]* @p_str110, [1 x i8]* @p_str110)

]]></Node>
<StgValue><ssdm name="specinterface_ln0"/></StgValue>
</operation>

<operation id="39" st_id="2" stage="1" lat="1">
<core>NULL</core>
<MemPortIdVec></MemPortIdVec>
<condition id="-1">
<or_exp><and_exp></and_exp></or_exp>
</condition>

<Node id="40" bw="0" op_0_bw="0" op_1_bw="32" op_2_bw="0" op_3_bw="32" op_4_bw="32" op_5_bw="0" op_6_bw="32" op_7_bw="32" op_8_bw="0" op_9_bw="0" op_10_bw="0" op_11_bw="32" op_12_bw="32" op_13_bw="32" op_14_bw="32" op_15_bw="0" op_16_bw="0">
<![CDATA[
entry_ifconv:28  call void (...)* @_ssdm_op_SpecInterface([50 x float]* %empty_9, [5 x i8]* @p_str312, i32 0, i32 0, [1 x i8]* @p_str110, i32 0, i32 0, [1 x i8]* @p_str110, [1 x i8]* @p_str110, [1 x i8]* @p_str110, i32 0, i32 0, i32 0, i32 0, [1 x i8]* @p_str110, [1 x i8]* @p_str110)

]]></Node>
<StgValue><ssdm name="specinterface_ln0"/></StgValue>
</operation>

<operation id="40" st_id="2" stage="1" lat="1">
<core>NULL</core>
<MemPortIdVec></MemPortIdVec>
<condition id="-1">
<or_exp><and_exp></and_exp></or_exp>
</condition>

<Node id="41" bw="0" op_0_bw="0" op_1_bw="32" op_2_bw="0" op_3_bw="32" op_4_bw="32" op_5_bw="0" op_6_bw="32" op_7_bw="32" op_8_bw="0" op_9_bw="0" op_10_bw="0" op_11_bw="32" op_12_bw="32" op_13_bw="32" op_14_bw="32" op_15_bw="0" op_16_bw="0">
<![CDATA[
entry_ifconv:29  call void (...)* @_ssdm_op_SpecInterface([50 x float]* %empty_12, [5 x i8]* @p_str312, i32 0, i32 0, [1 x i8]* @p_str110, i32 0, i32 0, [1 x i8]* @p_str110, [1 x i8]* @p_str110, [1 x i8]* @p_str110, i32 0, i32 0, i32 0, i32 0, [1 x i8]* @p_str110, [1 x i8]* @p_str110)

]]></Node>
<StgValue><ssdm name="specinterface_ln0"/></StgValue>
</operation>

<operation id="41" st_id="2" stage="1" lat="1">
<core>NULL</core>
<MemPortIdVec></MemPortIdVec>
<condition id="-1">
<or_exp><and_exp></and_exp></or_exp>
</condition>

<Node id="42" bw="0" op_0_bw="0" op_1_bw="32" op_2_bw="0" op_3_bw="32" op_4_bw="32" op_5_bw="0" op_6_bw="32" op_7_bw="32" op_8_bw="0" op_9_bw="0" op_10_bw="0" op_11_bw="32" op_12_bw="32" op_13_bw="32" op_14_bw="32" op_15_bw="0" op_16_bw="0">
<![CDATA[
entry_ifconv:30  call void (...)* @_ssdm_op_SpecInterface([50 x float]* %empty_13, [5 x i8]* @p_str312, i32 0, i32 0, [1 x i8]* @p_str110, i32 0, i32 0, [1 x i8]* @p_str110, [1 x i8]* @p_str110, [1 x i8]* @p_str110, i32 0, i32 0, i32 0, i32 0, [1 x i8]* @p_str110, [1 x i8]* @p_str110)

]]></Node>
<StgValue><ssdm name="specinterface_ln0"/></StgValue>
</operation>

<operation id="42" st_id="2" stage="1" lat="1">
<core>NULL</core>
<MemPortIdVec></MemPortIdVec>
<condition id="-1">
<or_exp><and_exp></and_exp></or_exp>
</condition>

<Node id="43" bw="0" op_0_bw="0" op_1_bw="32" op_2_bw="0" op_3_bw="32" op_4_bw="32" op_5_bw="0" op_6_bw="32" op_7_bw="32" op_8_bw="0" op_9_bw="0" op_10_bw="0" op_11_bw="32" op_12_bw="32" op_13_bw="32" op_14_bw="32" op_15_bw="0" op_16_bw="0">
<![CDATA[
entry_ifconv:31  call void (...)* @_ssdm_op_SpecInterface([50 x float]* %empty_14, [5 x i8]* @p_str312, i32 0, i32 0, [1 x i8]* @p_str110, i32 0, i32 0, [1 x i8]* @p_str110, [1 x i8]* @p_str110, [1 x i8]* @p_str110, i32 0, i32 0, i32 0, i32 0, [1 x i8]* @p_str110, [1 x i8]* @p_str110)

]]></Node>
<StgValue><ssdm name="specinterface_ln0"/></StgValue>
</operation>

<operation id="43" st_id="2" stage="1" lat="1">
<core>NULL</core>
<MemPortIdVec></MemPortIdVec>
<condition id="-1">
<or_exp><and_exp></and_exp></or_exp>
</condition>

<Node id="44" bw="0" op_0_bw="0" op_1_bw="32" op_2_bw="0" op_3_bw="32" op_4_bw="32" op_5_bw="0" op_6_bw="32" op_7_bw="32" op_8_bw="0" op_9_bw="0" op_10_bw="0" op_11_bw="32" op_12_bw="32" op_13_bw="32" op_14_bw="32" op_15_bw="0" op_16_bw="0">
<![CDATA[
entry_ifconv:32  call void (...)* @_ssdm_op_SpecInterface([50 x float]* %empty_15, [5 x i8]* @p_str312, i32 0, i32 0, [1 x i8]* @p_str110, i32 0, i32 0, [1 x i8]* @p_str110, [1 x i8]* @p_str110, [1 x i8]* @p_str110, i32 0, i32 0, i32 0, i32 0, [1 x i8]* @p_str110, [1 x i8]* @p_str110)

]]></Node>
<StgValue><ssdm name="specinterface_ln0"/></StgValue>
</operation>

<operation id="44" st_id="2" stage="1" lat="1">
<core>NULL</core>
<MemPortIdVec></MemPortIdVec>
<condition id="-1">
<or_exp><and_exp></and_exp></or_exp>
</condition>

<Node id="45" bw="0" op_0_bw="0" op_1_bw="32" op_2_bw="0" op_3_bw="32" op_4_bw="32" op_5_bw="0" op_6_bw="32" op_7_bw="32" op_8_bw="0" op_9_bw="0" op_10_bw="0" op_11_bw="32" op_12_bw="32" op_13_bw="32" op_14_bw="32" op_15_bw="0" op_16_bw="0">
<![CDATA[
entry_ifconv:33  call void (...)* @_ssdm_op_SpecInterface([50 x float]* %empty_8, [5 x i8]* @p_str312, i32 0, i32 0, [1 x i8]* @p_str110, i32 0, i32 0, [1 x i8]* @p_str110, [1 x i8]* @p_str110, [1 x i8]* @p_str110, i32 0, i32 0, i32 0, i32 0, [1 x i8]* @p_str110, [1 x i8]* @p_str110)

]]></Node>
<StgValue><ssdm name="specinterface_ln0"/></StgValue>
</operation>

<operation id="45" st_id="2" stage="1" lat="2">
<core>RAM_S2P_BRAM</core>
<MemPortIdVec>0 </MemPortIdVec>
<condition id="-1">
<or_exp><and_exp></and_exp></or_exp>
</condition>

<Node id="46" bw="32" op_0_bw="6">
<![CDATA[
entry_ifconv:34  %empty_37 = load float* %p_addr, align 4

]]></Node>
<StgValue><ssdm name="empty_37"/></StgValue>
</operation>

<operation id="46" st_id="2" stage="1" lat="2">
<core>RAM_S2P_BRAM</core>
<MemPortIdVec>0 </MemPortIdVec>
<condition id="-1">
<or_exp><and_exp></and_exp></or_exp>
</condition>

<Node id="47" bw="32" op_0_bw="6">
<![CDATA[
entry_ifconv:35  %empty_38 = load float* %p_addr_1, align 4

]]></Node>
<StgValue><ssdm name="empty_38"/></StgValue>
</operation>

<operation id="47" st_id="2" stage="1" lat="2">
<core>RAM_S2P_BRAM</core>
<MemPortIdVec>0 </MemPortIdVec>
<condition id="-1">
<or_exp><and_exp></and_exp></or_exp>
</condition>

<Node id="48" bw="32" op_0_bw="6">
<![CDATA[
entry_ifconv:36  %empty_39 = load float* %p_addr_2, align 4

]]></Node>
<StgValue><ssdm name="empty_39"/></StgValue>
</operation>

<operation id="48" st_id="2" stage="1" lat="2">
<core>RAM_S2P_BRAM</core>
<MemPortIdVec>0 </MemPortIdVec>
<condition id="-1">
<or_exp><and_exp></and_exp></or_exp>
</condition>

<Node id="49" bw="32" op_0_bw="6">
<![CDATA[
entry_ifconv:37  %empty_40 = load float* %p_addr_3, align 4

]]></Node>
<StgValue><ssdm name="empty_40"/></StgValue>
</operation>

<operation id="49" st_id="2" stage="1" lat="2">
<core>RAM_S2P_BRAM</core>
<MemPortIdVec>0 </MemPortIdVec>
<condition id="-1">
<or_exp><and_exp></and_exp></or_exp>
</condition>

<Node id="50" bw="32" op_0_bw="6">
<![CDATA[
entry_ifconv:38  %empty_41 = load float* %p_addr_4, align 4

]]></Node>
<StgValue><ssdm name="empty_41"/></StgValue>
</operation>

<operation id="50" st_id="2" stage="1" lat="2">
<core>RAM_S2P_BRAM</core>
<MemPortIdVec>0 </MemPortIdVec>
<condition id="-1">
<or_exp><and_exp></and_exp></or_exp>
</condition>

<Node id="51" bw="32" op_0_bw="6">
<![CDATA[
entry_ifconv:39  %empty_42 = load float* %p_addr_5, align 4

]]></Node>
<StgValue><ssdm name="empty_42"/></StgValue>
</operation>

<operation id="51" st_id="2" stage="1" lat="2">
<core>RAM_S2P_BRAM</core>
<MemPortIdVec>0 </MemPortIdVec>
<condition id="-1">
<or_exp><and_exp></and_exp></or_exp>
</condition>

<Node id="52" bw="32" op_0_bw="6">
<![CDATA[
entry_ifconv:40  %empty_43 = load float* %p_addr_6, align 4

]]></Node>
<StgValue><ssdm name="empty_43"/></StgValue>
</operation>

<operation id="52" st_id="2" stage="1" lat="2">
<core>RAM_S2P_BRAM</core>
<MemPortIdVec>0 </MemPortIdVec>
<condition id="-1">
<or_exp><and_exp></and_exp></or_exp>
</condition>

<Node id="53" bw="32" op_0_bw="6">
<![CDATA[
entry_ifconv:41  %empty_44 = load float* %p_addr_7, align 4

]]></Node>
<StgValue><ssdm name="empty_44"/></StgValue>
</operation>

<operation id="53" st_id="2" stage="1" lat="1">
<core>Cmp</core>
<MemPortIdVec></MemPortIdVec>
<condition id="-1">
<or_exp><and_exp></and_exp></or_exp>
</condition>

<Node id="54" bw="1" op_0_bw="3" op_1_bw="3">
<![CDATA[
entry_ifconv:42  %icmp_ln25 = icmp eq i3 %tmp_38, 0

]]></Node>
<StgValue><ssdm name="icmp_ln25"/></StgValue>
</operation>

<operation id="54" st_id="2" stage="1" lat="1">
<core>Sel</core>
<MemPortIdVec></MemPortIdVec>
<condition id="-1">
<or_exp><and_exp></and_exp></or_exp>
</condition>

<Node id="55" bw="32" op_0_bw="1" op_1_bw="32" op_2_bw="32">
<![CDATA[
entry_ifconv:43  %select_ln25 = select i1 %icmp_ln25, float %empty_38, float %empty_37

]]></Node>
<StgValue><ssdm name="select_ln25"/></StgValue>
</operation>

<operation id="55" st_id="2" stage="1" lat="1">
<core>Cmp</core>
<MemPortIdVec></MemPortIdVec>
<condition id="-1">
<or_exp><and_exp></and_exp></or_exp>
</condition>

<Node id="56" bw="1" op_0_bw="3" op_1_bw="3">
<![CDATA[
entry_ifconv:44  %icmp_ln25_1 = icmp eq i3 %tmp_38, 1

]]></Node>
<StgValue><ssdm name="icmp_ln25_1"/></StgValue>
</operation>

<operation id="56" st_id="2" stage="1" lat="1">
<core>Sel</core>
<MemPortIdVec></MemPortIdVec>
<condition id="-1">
<or_exp><and_exp></and_exp></or_exp>
</condition>

<Node id="57" bw="32" op_0_bw="1" op_1_bw="32" op_2_bw="32">
<![CDATA[
entry_ifconv:45  %select_ln25_1 = select i1 %icmp_ln25_1, float %empty_39, float %select_ln25

]]></Node>
<StgValue><ssdm name="select_ln25_1"/></StgValue>
</operation>

<operation id="57" st_id="2" stage="1" lat="1">
<core>Cmp</core>
<MemPortIdVec></MemPortIdVec>
<condition id="-1">
<or_exp><and_exp></and_exp></or_exp>
</condition>

<Node id="58" bw="1" op_0_bw="3" op_1_bw="3">
<![CDATA[
entry_ifconv:46  %icmp_ln25_2 = icmp eq i3 %tmp_38, 2

]]></Node>
<StgValue><ssdm name="icmp_ln25_2"/></StgValue>
</operation>

<operation id="58" st_id="2" stage="1" lat="1">
<core>Sel</core>
<MemPortIdVec></MemPortIdVec>
<condition id="-1">
<or_exp><and_exp></and_exp></or_exp>
</condition>

<Node id="59" bw="32" op_0_bw="1" op_1_bw="32" op_2_bw="32">
<![CDATA[
entry_ifconv:47  %select_ln25_2 = select i1 %icmp_ln25_2, float %empty_40, float %select_ln25_1

]]></Node>
<StgValue><ssdm name="select_ln25_2"/></StgValue>
</operation>

<operation id="59" st_id="2" stage="1" lat="1">
<core>Cmp</core>
<MemPortIdVec></MemPortIdVec>
<condition id="-1">
<or_exp><and_exp></and_exp></or_exp>
</condition>

<Node id="60" bw="1" op_0_bw="3" op_1_bw="3">
<![CDATA[
entry_ifconv:48  %icmp_ln25_3 = icmp eq i3 %tmp_38, 3

]]></Node>
<StgValue><ssdm name="icmp_ln25_3"/></StgValue>
</operation>

<operation id="60" st_id="2" stage="1" lat="1">
<core>Sel</core>
<MemPortIdVec></MemPortIdVec>
<condition id="-1">
<or_exp><and_exp></and_exp></or_exp>
</condition>

<Node id="61" bw="32" op_0_bw="1" op_1_bw="32" op_2_bw="32">
<![CDATA[
entry_ifconv:49  %select_ln25_3 = select i1 %icmp_ln25_3, float %empty_41, float %select_ln25_2

]]></Node>
<StgValue><ssdm name="select_ln25_3"/></StgValue>
</operation>

<operation id="61" st_id="2" stage="1" lat="1">
<core>Cmp</core>
<MemPortIdVec></MemPortIdVec>
<condition id="-1">
<or_exp><and_exp></and_exp></or_exp>
</condition>

<Node id="62" bw="1" op_0_bw="3" op_1_bw="3">
<![CDATA[
entry_ifconv:50  %icmp_ln25_4 = icmp eq i3 %tmp_38, -4

]]></Node>
<StgValue><ssdm name="icmp_ln25_4"/></StgValue>
</operation>

<operation id="62" st_id="2" stage="1" lat="1">
<core>Sel</core>
<MemPortIdVec></MemPortIdVec>
<condition id="-1">
<or_exp><and_exp></and_exp></or_exp>
</condition>

<Node id="63" bw="32" op_0_bw="1" op_1_bw="32" op_2_bw="32">
<![CDATA[
entry_ifconv:51  %select_ln25_4 = select i1 %icmp_ln25_4, float %empty_42, float %select_ln25_3

]]></Node>
<StgValue><ssdm name="select_ln25_4"/></StgValue>
</operation>

<operation id="63" st_id="2" stage="1" lat="1">
<core>Cmp</core>
<MemPortIdVec></MemPortIdVec>
<condition id="-1">
<or_exp><and_exp></and_exp></or_exp>
</condition>

<Node id="64" bw="1" op_0_bw="3" op_1_bw="3">
<![CDATA[
entry_ifconv:52  %icmp_ln25_5 = icmp eq i3 %tmp_38, -3

]]></Node>
<StgValue><ssdm name="icmp_ln25_5"/></StgValue>
</operation>

<operation id="64" st_id="2" stage="1" lat="1">
<core>Sel</core>
<MemPortIdVec></MemPortIdVec>
<condition id="-1">
<or_exp><and_exp></and_exp></or_exp>
</condition>

<Node id="65" bw="32" op_0_bw="1" op_1_bw="32" op_2_bw="32">
<![CDATA[
entry_ifconv:53  %select_ln25_5 = select i1 %icmp_ln25_5, float %empty_43, float %select_ln25_4

]]></Node>
<StgValue><ssdm name="select_ln25_5"/></StgValue>
</operation>

<operation id="65" st_id="2" stage="1" lat="1">
<core>Cmp</core>
<MemPortIdVec></MemPortIdVec>
<condition id="-1">
<or_exp><and_exp></and_exp></or_exp>
</condition>

<Node id="66" bw="1" op_0_bw="3" op_1_bw="3">
<![CDATA[
entry_ifconv:54  %icmp_ln25_6 = icmp eq i3 %tmp_38, -2

]]></Node>
<StgValue><ssdm name="icmp_ln25_6"/></StgValue>
</operation>

<operation id="66" st_id="2" stage="1" lat="1">
<core>Sel</core>
<MemPortIdVec></MemPortIdVec>
<condition id="-1">
<or_exp><and_exp></and_exp></or_exp>
</condition>

<Node id="67" bw="32" op_0_bw="1" op_1_bw="32" op_2_bw="32">
<![CDATA[
entry_ifconv:55  %select_ln25_6 = select i1 %icmp_ln25_6, float %empty_44, float %select_ln25_5

]]></Node>
<StgValue><ssdm name="select_ln25_6"/></StgValue>
</operation>

<operation id="67" st_id="2" stage="1" lat="1">
<core>NULL</core>
<MemPortIdVec></MemPortIdVec>
<condition id="-1">
<or_exp><and_exp></and_exp></or_exp>
</condition>

<Node id="68" bw="0" op_0_bw="32">
<![CDATA[
entry_ifconv:56  ret float %select_ln25_6

]]></Node>
<StgValue><ssdm name="ret_ln24"/></StgValue>
</operation>
</state>
</state_list>


<ports>
<port id="71" name="empty_8" dir="0" iftype="1">
<core>RAM_S2P_BRAM</core><StgValue><ssdm name="empty_8"/><MemPortTyVec>1 3 </MemPortTyVec>
</StgValue>
</port>
<port id="72" name="empty_9" dir="0" iftype="1">
<core>RAM_S2P_BRAM</core><StgValue><ssdm name="empty_9"/><MemPortTyVec>1 3 </MemPortTyVec>
</StgValue>
</port>
<port id="73" name="empty_10" dir="0" iftype="1">
<core>RAM_S2P_BRAM</core><StgValue><ssdm name="empty_10"/><MemPortTyVec>1 3 </MemPortTyVec>
</StgValue>
</port>
<port id="74" name="empty_11" dir="0" iftype="1">
<core>RAM_S2P_BRAM</core><StgValue><ssdm name="empty_11"/><MemPortTyVec>1 3 </MemPortTyVec>
</StgValue>
</port>
<port id="75" name="empty_12" dir="0" iftype="1">
<core>RAM_S2P_BRAM</core><StgValue><ssdm name="empty_12"/><MemPortTyVec>1 3 </MemPortTyVec>
</StgValue>
</port>
<port id="76" name="empty_13" dir="0" iftype="1">
<core>RAM_S2P_BRAM</core><StgValue><ssdm name="empty_13"/><MemPortTyVec>1 3 </MemPortTyVec>
</StgValue>
</port>
<port id="77" name="empty_14" dir="0" iftype="1">
<core>RAM_S2P_BRAM</core><StgValue><ssdm name="empty_14"/><MemPortTyVec>1 3 </MemPortTyVec>
</StgValue>
</port>
<port id="78" name="empty_15" dir="0" iftype="1">
<core>RAM_S2P_BRAM</core><StgValue><ssdm name="empty_15"/><MemPortTyVec>1 3 </MemPortTyVec>
</StgValue>
</port>
<port id="79" name="empty_16" dir="0" iftype="0">
<core>NULL</core><StgValue><ssdm name="empty_16"/></StgValue>
</port>
<port id="80" name="empty_17" dir="0" iftype="0">
<core>NULL</core><StgValue><ssdm name="empty_17"/></StgValue>
</port>
<port id="81" name="empty" dir="0" iftype="0">
<core>NULL</core><StgValue><ssdm name="empty"/></StgValue>
</port>
</ports>


<dataflows>
<dataflow id="83" from="_ssdm_op_Read.ap_auto.i4" to="tmp_35" fromId="82" toId="3">
</dataflow>
<dataflow id="84" from="empty" to="tmp_35" fromId="81" toId="3">
</dataflow>
<dataflow id="86" from="_ssdm_op_Read.ap_auto.i3" to="tmp_37" fromId="85" toId="4">
</dataflow>
<dataflow id="87" from="empty_17" to="tmp_37" fromId="80" toId="4">
</dataflow>
<dataflow id="88" from="_ssdm_op_Read.ap_auto.i3" to="tmp_38" fromId="85" toId="5">
</dataflow>
<dataflow id="89" from="empty_16" to="tmp_38" fromId="79" toId="5">
</dataflow>
<dataflow id="90" from="tmp_35" to="p_cast2" fromId="3" toId="6">
</dataflow>
<dataflow id="92" from="_ssdm_op_BitConcatenate.i6.i3.i3" to="tmp" fromId="91" toId="7">
</dataflow>
<dataflow id="93" from="tmp_37" to="tmp" fromId="4" toId="7">
</dataflow>
<dataflow id="95" from="StgValue_94" to="tmp" fromId="94" toId="7">
</dataflow>
<dataflow id="96" from="tmp" to="zext_ln1" fromId="7" toId="8">
</dataflow>
<dataflow id="98" from="_ssdm_op_BitConcatenate.i4.i3.i1" to="tmp_s" fromId="97" toId="9">
</dataflow>
<dataflow id="99" from="tmp_37" to="tmp_s" fromId="4" toId="9">
</dataflow>
<dataflow id="101" from="StgValue_100" to="tmp_s" fromId="100" toId="9">
</dataflow>
<dataflow id="102" from="tmp_s" to="zext_ln1_1" fromId="9" toId="10">
</dataflow>
<dataflow id="103" from="zext_ln1" to="add_ln1" fromId="8" toId="11">
</dataflow>
<dataflow id="104" from="zext_ln1_1" to="add_ln1" fromId="10" toId="11">
</dataflow>
<dataflow id="105" from="p_cast2" to="add_ln1_1" fromId="6" toId="12">
</dataflow>
<dataflow id="106" from="add_ln1" to="add_ln1_1" fromId="11" toId="12">
</dataflow>
<dataflow id="107" from="empty_8" to="p_addr_1" fromId="71" toId="13">
</dataflow>
<dataflow id="109" from="StgValue_108" to="p_addr_1" fromId="108" toId="13">
</dataflow>
<dataflow id="110" from="add_ln1_1" to="p_addr_1" fromId="12" toId="13">
</dataflow>
<dataflow id="111" from="empty_9" to="p_addr_2" fromId="72" toId="14">
</dataflow>
<dataflow id="112" from="StgValue_108" to="p_addr_2" fromId="108" toId="14">
</dataflow>
<dataflow id="113" from="add_ln1_1" to="p_addr_2" fromId="12" toId="14">
</dataflow>
<dataflow id="114" from="empty_10" to="p_addr_3" fromId="73" toId="15">
</dataflow>
<dataflow id="115" from="StgValue_108" to="p_addr_3" fromId="108" toId="15">
</dataflow>
<dataflow id="116" from="add_ln1_1" to="p_addr_3" fromId="12" toId="15">
</dataflow>
<dataflow id="117" from="empty_11" to="p_addr_4" fromId="74" toId="16">
</dataflow>
<dataflow id="118" from="StgValue_108" to="p_addr_4" fromId="108" toId="16">
</dataflow>
<dataflow id="119" from="add_ln1_1" to="p_addr_4" fromId="12" toId="16">
</dataflow>
<dataflow id="120" from="empty_12" to="p_addr_5" fromId="75" toId="17">
</dataflow>
<dataflow id="121" from="StgValue_108" to="p_addr_5" fromId="108" toId="17">
</dataflow>
<dataflow id="122" from="add_ln1_1" to="p_addr_5" fromId="12" toId="17">
</dataflow>
<dataflow id="123" from="empty_13" to="p_addr_6" fromId="76" toId="18">
</dataflow>
<dataflow id="124" from="StgValue_108" to="p_addr_6" fromId="108" toId="18">
</dataflow>
<dataflow id="125" from="add_ln1_1" to="p_addr_6" fromId="12" toId="18">
</dataflow>
<dataflow id="126" from="empty_14" to="p_addr_7" fromId="77" toId="19">
</dataflow>
<dataflow id="127" from="StgValue_108" to="p_addr_7" fromId="108" toId="19">
</dataflow>
<dataflow id="128" from="add_ln1_1" to="p_addr_7" fromId="12" toId="19">
</dataflow>
<dataflow id="129" from="empty_15" to="p_addr" fromId="78" toId="20">
</dataflow>
<dataflow id="130" from="StgValue_108" to="p_addr" fromId="108" toId="20">
</dataflow>
<dataflow id="131" from="add_ln1_1" to="p_addr" fromId="12" toId="20">
</dataflow>
<dataflow id="132" from="p_addr" to="empty_37" fromId="20" toId="21">
</dataflow>
<dataflow id="133" from="p_addr_1" to="empty_38" fromId="13" toId="22">
</dataflow>
<dataflow id="134" from="p_addr_2" to="empty_39" fromId="14" toId="23">
</dataflow>
<dataflow id="135" from="p_addr_3" to="empty_40" fromId="15" toId="24">
</dataflow>
<dataflow id="136" from="p_addr_4" to="empty_41" fromId="16" toId="25">
</dataflow>
<dataflow id="137" from="p_addr_5" to="empty_42" fromId="17" toId="26">
</dataflow>
<dataflow id="138" from="p_addr_6" to="empty_43" fromId="18" toId="27">
</dataflow>
<dataflow id="139" from="p_addr_7" to="empty_44" fromId="19" toId="28">
</dataflow>
<dataflow id="141" from="_ssdm_op_SpecMemCore" to="specmemcore_ln0" fromId="140" toId="29">
</dataflow>
<dataflow id="142" from="empty_11" to="specmemcore_ln0" fromId="74" toId="29">
</dataflow>
<dataflow id="144" from="p_str110" to="specmemcore_ln0" fromId="143" toId="29">
</dataflow>
<dataflow id="146" from="p_str514" to="specmemcore_ln0" fromId="145" toId="29">
</dataflow>
<dataflow id="147" from="p_str110" to="specmemcore_ln0" fromId="143" toId="29">
</dataflow>
<dataflow id="149" from="StgValue_148" to="specmemcore_ln0" fromId="148" toId="29">
</dataflow>
<dataflow id="150" from="p_str110" to="specmemcore_ln0" fromId="143" toId="29">
</dataflow>
<dataflow id="151" from="p_str110" to="specmemcore_ln0" fromId="143" toId="29">
</dataflow>
<dataflow id="152" from="p_str110" to="specmemcore_ln0" fromId="143" toId="29">
</dataflow>
<dataflow id="153" from="p_str110" to="specmemcore_ln0" fromId="143" toId="29">
</dataflow>
<dataflow id="154" from="p_str110" to="specmemcore_ln0" fromId="143" toId="29">
</dataflow>
<dataflow id="155" from="_ssdm_op_SpecMemCore" to="specmemcore_ln0" fromId="140" toId="30">
</dataflow>
<dataflow id="156" from="empty_10" to="specmemcore_ln0" fromId="73" toId="30">
</dataflow>
<dataflow id="157" from="p_str110" to="specmemcore_ln0" fromId="143" toId="30">
</dataflow>
<dataflow id="158" from="p_str514" to="specmemcore_ln0" fromId="145" toId="30">
</dataflow>
<dataflow id="159" from="p_str110" to="specmemcore_ln0" fromId="143" toId="30">
</dataflow>
<dataflow id="160" from="StgValue_148" to="specmemcore_ln0" fromId="148" toId="30">
</dataflow>
<dataflow id="161" from="p_str110" to="specmemcore_ln0" fromId="143" toId="30">
</dataflow>
<dataflow id="162" from="p_str110" to="specmemcore_ln0" fromId="143" toId="30">
</dataflow>
<dataflow id="163" from="p_str110" to="specmemcore_ln0" fromId="143" toId="30">
</dataflow>
<dataflow id="164" from="p_str110" to="specmemcore_ln0" fromId="143" toId="30">
</dataflow>
<dataflow id="165" from="p_str110" to="specmemcore_ln0" fromId="143" toId="30">
</dataflow>
<dataflow id="166" from="_ssdm_op_SpecMemCore" to="specmemcore_ln0" fromId="140" toId="31">
</dataflow>
<dataflow id="167" from="empty_9" to="specmemcore_ln0" fromId="72" toId="31">
</dataflow>
<dataflow id="168" from="p_str110" to="specmemcore_ln0" fromId="143" toId="31">
</dataflow>
<dataflow id="169" from="p_str514" to="specmemcore_ln0" fromId="145" toId="31">
</dataflow>
<dataflow id="170" from="p_str110" to="specmemcore_ln0" fromId="143" toId="31">
</dataflow>
<dataflow id="171" from="StgValue_148" to="specmemcore_ln0" fromId="148" toId="31">
</dataflow>
<dataflow id="172" from="p_str110" to="specmemcore_ln0" fromId="143" toId="31">
</dataflow>
<dataflow id="173" from="p_str110" to="specmemcore_ln0" fromId="143" toId="31">
</dataflow>
<dataflow id="174" from="p_str110" to="specmemcore_ln0" fromId="143" toId="31">
</dataflow>
<dataflow id="175" from="p_str110" to="specmemcore_ln0" fromId="143" toId="31">
</dataflow>
<dataflow id="176" from="p_str110" to="specmemcore_ln0" fromId="143" toId="31">
</dataflow>
<dataflow id="177" from="_ssdm_op_SpecMemCore" to="specmemcore_ln0" fromId="140" toId="32">
</dataflow>
<dataflow id="178" from="empty_12" to="specmemcore_ln0" fromId="75" toId="32">
</dataflow>
<dataflow id="179" from="p_str110" to="specmemcore_ln0" fromId="143" toId="32">
</dataflow>
<dataflow id="180" from="p_str514" to="specmemcore_ln0" fromId="145" toId="32">
</dataflow>
<dataflow id="181" from="p_str110" to="specmemcore_ln0" fromId="143" toId="32">
</dataflow>
<dataflow id="182" from="StgValue_148" to="specmemcore_ln0" fromId="148" toId="32">
</dataflow>
<dataflow id="183" from="p_str110" to="specmemcore_ln0" fromId="143" toId="32">
</dataflow>
<dataflow id="184" from="p_str110" to="specmemcore_ln0" fromId="143" toId="32">
</dataflow>
<dataflow id="185" from="p_str110" to="specmemcore_ln0" fromId="143" toId="32">
</dataflow>
<dataflow id="186" from="p_str110" to="specmemcore_ln0" fromId="143" toId="32">
</dataflow>
<dataflow id="187" from="p_str110" to="specmemcore_ln0" fromId="143" toId="32">
</dataflow>
<dataflow id="188" from="_ssdm_op_SpecMemCore" to="specmemcore_ln0" fromId="140" toId="33">
</dataflow>
<dataflow id="189" from="empty_13" to="specmemcore_ln0" fromId="76" toId="33">
</dataflow>
<dataflow id="190" from="p_str110" to="specmemcore_ln0" fromId="143" toId="33">
</dataflow>
<dataflow id="191" from="p_str514" to="specmemcore_ln0" fromId="145" toId="33">
</dataflow>
<dataflow id="192" from="p_str110" to="specmemcore_ln0" fromId="143" toId="33">
</dataflow>
<dataflow id="193" from="StgValue_148" to="specmemcore_ln0" fromId="148" toId="33">
</dataflow>
<dataflow id="194" from="p_str110" to="specmemcore_ln0" fromId="143" toId="33">
</dataflow>
<dataflow id="195" from="p_str110" to="specmemcore_ln0" fromId="143" toId="33">
</dataflow>
<dataflow id="196" from="p_str110" to="specmemcore_ln0" fromId="143" toId="33">
</dataflow>
<dataflow id="197" from="p_str110" to="specmemcore_ln0" fromId="143" toId="33">
</dataflow>
<dataflow id="198" from="p_str110" to="specmemcore_ln0" fromId="143" toId="33">
</dataflow>
<dataflow id="199" from="_ssdm_op_SpecMemCore" to="specmemcore_ln0" fromId="140" toId="34">
</dataflow>
<dataflow id="200" from="empty_14" to="specmemcore_ln0" fromId="77" toId="34">
</dataflow>
<dataflow id="201" from="p_str110" to="specmemcore_ln0" fromId="143" toId="34">
</dataflow>
<dataflow id="202" from="p_str514" to="specmemcore_ln0" fromId="145" toId="34">
</dataflow>
<dataflow id="203" from="p_str110" to="specmemcore_ln0" fromId="143" toId="34">
</dataflow>
<dataflow id="204" from="StgValue_148" to="specmemcore_ln0" fromId="148" toId="34">
</dataflow>
<dataflow id="205" from="p_str110" to="specmemcore_ln0" fromId="143" toId="34">
</dataflow>
<dataflow id="206" from="p_str110" to="specmemcore_ln0" fromId="143" toId="34">
</dataflow>
<dataflow id="207" from="p_str110" to="specmemcore_ln0" fromId="143" toId="34">
</dataflow>
<dataflow id="208" from="p_str110" to="specmemcore_ln0" fromId="143" toId="34">
</dataflow>
<dataflow id="209" from="p_str110" to="specmemcore_ln0" fromId="143" toId="34">
</dataflow>
<dataflow id="210" from="_ssdm_op_SpecMemCore" to="specmemcore_ln0" fromId="140" toId="35">
</dataflow>
<dataflow id="211" from="empty_15" to="specmemcore_ln0" fromId="78" toId="35">
</dataflow>
<dataflow id="212" from="p_str110" to="specmemcore_ln0" fromId="143" toId="35">
</dataflow>
<dataflow id="213" from="p_str514" to="specmemcore_ln0" fromId="145" toId="35">
</dataflow>
<dataflow id="214" from="p_str110" to="specmemcore_ln0" fromId="143" toId="35">
</dataflow>
<dataflow id="215" from="StgValue_148" to="specmemcore_ln0" fromId="148" toId="35">
</dataflow>
<dataflow id="216" from="p_str110" to="specmemcore_ln0" fromId="143" toId="35">
</dataflow>
<dataflow id="217" from="p_str110" to="specmemcore_ln0" fromId="143" toId="35">
</dataflow>
<dataflow id="218" from="p_str110" to="specmemcore_ln0" fromId="143" toId="35">
</dataflow>
<dataflow id="219" from="p_str110" to="specmemcore_ln0" fromId="143" toId="35">
</dataflow>
<dataflow id="220" from="p_str110" to="specmemcore_ln0" fromId="143" toId="35">
</dataflow>
<dataflow id="221" from="_ssdm_op_SpecMemCore" to="specmemcore_ln0" fromId="140" toId="36">
</dataflow>
<dataflow id="222" from="empty_8" to="specmemcore_ln0" fromId="71" toId="36">
</dataflow>
<dataflow id="223" from="p_str110" to="specmemcore_ln0" fromId="143" toId="36">
</dataflow>
<dataflow id="224" from="p_str514" to="specmemcore_ln0" fromId="145" toId="36">
</dataflow>
<dataflow id="225" from="p_str110" to="specmemcore_ln0" fromId="143" toId="36">
</dataflow>
<dataflow id="226" from="StgValue_148" to="specmemcore_ln0" fromId="148" toId="36">
</dataflow>
<dataflow id="227" from="p_str110" to="specmemcore_ln0" fromId="143" toId="36">
</dataflow>
<dataflow id="228" from="p_str110" to="specmemcore_ln0" fromId="143" toId="36">
</dataflow>
<dataflow id="229" from="p_str110" to="specmemcore_ln0" fromId="143" toId="36">
</dataflow>
<dataflow id="230" from="p_str110" to="specmemcore_ln0" fromId="143" toId="36">
</dataflow>
<dataflow id="231" from="p_str110" to="specmemcore_ln0" fromId="143" toId="36">
</dataflow>
<dataflow id="233" from="_ssdm_op_SpecInterface" to="specinterface_ln0" fromId="232" toId="37">
</dataflow>
<dataflow id="234" from="empty_11" to="specinterface_ln0" fromId="74" toId="37">
</dataflow>
<dataflow id="236" from="p_str312" to="specinterface_ln0" fromId="235" toId="37">
</dataflow>
<dataflow id="238" from="StgValue_237" to="specinterface_ln0" fromId="237" toId="37">
</dataflow>
<dataflow id="239" from="StgValue_237" to="specinterface_ln0" fromId="237" toId="37">
</dataflow>
<dataflow id="240" from="p_str110" to="specinterface_ln0" fromId="143" toId="37">
</dataflow>
<dataflow id="241" from="StgValue_237" to="specinterface_ln0" fromId="237" toId="37">
</dataflow>
<dataflow id="242" from="StgValue_237" to="specinterface_ln0" fromId="237" toId="37">
</dataflow>
<dataflow id="243" from="p_str110" to="specinterface_ln0" fromId="143" toId="37">
</dataflow>
<dataflow id="244" from="p_str110" to="specinterface_ln0" fromId="143" toId="37">
</dataflow>
<dataflow id="245" from="p_str110" to="specinterface_ln0" fromId="143" toId="37">
</dataflow>
<dataflow id="246" from="StgValue_237" to="specinterface_ln0" fromId="237" toId="37">
</dataflow>
<dataflow id="247" from="StgValue_237" to="specinterface_ln0" fromId="237" toId="37">
</dataflow>
<dataflow id="248" from="StgValue_237" to="specinterface_ln0" fromId="237" toId="37">
</dataflow>
<dataflow id="249" from="StgValue_237" to="specinterface_ln0" fromId="237" toId="37">
</dataflow>
<dataflow id="250" from="p_str110" to="specinterface_ln0" fromId="143" toId="37">
</dataflow>
<dataflow id="251" from="p_str110" to="specinterface_ln0" fromId="143" toId="37">
</dataflow>
<dataflow id="252" from="_ssdm_op_SpecInterface" to="specinterface_ln0" fromId="232" toId="38">
</dataflow>
<dataflow id="253" from="empty_10" to="specinterface_ln0" fromId="73" toId="38">
</dataflow>
<dataflow id="254" from="p_str312" to="specinterface_ln0" fromId="235" toId="38">
</dataflow>
<dataflow id="255" from="StgValue_237" to="specinterface_ln0" fromId="237" toId="38">
</dataflow>
<dataflow id="256" from="StgValue_237" to="specinterface_ln0" fromId="237" toId="38">
</dataflow>
<dataflow id="257" from="p_str110" to="specinterface_ln0" fromId="143" toId="38">
</dataflow>
<dataflow id="258" from="StgValue_237" to="specinterface_ln0" fromId="237" toId="38">
</dataflow>
<dataflow id="259" from="StgValue_237" to="specinterface_ln0" fromId="237" toId="38">
</dataflow>
<dataflow id="260" from="p_str110" to="specinterface_ln0" fromId="143" toId="38">
</dataflow>
<dataflow id="261" from="p_str110" to="specinterface_ln0" fromId="143" toId="38">
</dataflow>
<dataflow id="262" from="p_str110" to="specinterface_ln0" fromId="143" toId="38">
</dataflow>
<dataflow id="263" from="StgValue_237" to="specinterface_ln0" fromId="237" toId="38">
</dataflow>
<dataflow id="264" from="StgValue_237" to="specinterface_ln0" fromId="237" toId="38">
</dataflow>
<dataflow id="265" from="StgValue_237" to="specinterface_ln0" fromId="237" toId="38">
</dataflow>
<dataflow id="266" from="StgValue_237" to="specinterface_ln0" fromId="237" toId="38">
</dataflow>
<dataflow id="267" from="p_str110" to="specinterface_ln0" fromId="143" toId="38">
</dataflow>
<dataflow id="268" from="p_str110" to="specinterface_ln0" fromId="143" toId="38">
</dataflow>
<dataflow id="269" from="_ssdm_op_SpecInterface" to="specinterface_ln0" fromId="232" toId="39">
</dataflow>
<dataflow id="270" from="empty_9" to="specinterface_ln0" fromId="72" toId="39">
</dataflow>
<dataflow id="271" from="p_str312" to="specinterface_ln0" fromId="235" toId="39">
</dataflow>
<dataflow id="272" from="StgValue_237" to="specinterface_ln0" fromId="237" toId="39">
</dataflow>
<dataflow id="273" from="StgValue_237" to="specinterface_ln0" fromId="237" toId="39">
</dataflow>
<dataflow id="274" from="p_str110" to="specinterface_ln0" fromId="143" toId="39">
</dataflow>
<dataflow id="275" from="StgValue_237" to="specinterface_ln0" fromId="237" toId="39">
</dataflow>
<dataflow id="276" from="StgValue_237" to="specinterface_ln0" fromId="237" toId="39">
</dataflow>
<dataflow id="277" from="p_str110" to="specinterface_ln0" fromId="143" toId="39">
</dataflow>
<dataflow id="278" from="p_str110" to="specinterface_ln0" fromId="143" toId="39">
</dataflow>
<dataflow id="279" from="p_str110" to="specinterface_ln0" fromId="143" toId="39">
</dataflow>
<dataflow id="280" from="StgValue_237" to="specinterface_ln0" fromId="237" toId="39">
</dataflow>
<dataflow id="281" from="StgValue_237" to="specinterface_ln0" fromId="237" toId="39">
</dataflow>
<dataflow id="282" from="StgValue_237" to="specinterface_ln0" fromId="237" toId="39">
</dataflow>
<dataflow id="283" from="StgValue_237" to="specinterface_ln0" fromId="237" toId="39">
</dataflow>
<dataflow id="284" from="p_str110" to="specinterface_ln0" fromId="143" toId="39">
</dataflow>
<dataflow id="285" from="p_str110" to="specinterface_ln0" fromId="143" toId="39">
</dataflow>
<dataflow id="286" from="_ssdm_op_SpecInterface" to="specinterface_ln0" fromId="232" toId="40">
</dataflow>
<dataflow id="287" from="empty_12" to="specinterface_ln0" fromId="75" toId="40">
</dataflow>
<dataflow id="288" from="p_str312" to="specinterface_ln0" fromId="235" toId="40">
</dataflow>
<dataflow id="289" from="StgValue_237" to="specinterface_ln0" fromId="237" toId="40">
</dataflow>
<dataflow id="290" from="StgValue_237" to="specinterface_ln0" fromId="237" toId="40">
</dataflow>
<dataflow id="291" from="p_str110" to="specinterface_ln0" fromId="143" toId="40">
</dataflow>
<dataflow id="292" from="StgValue_237" to="specinterface_ln0" fromId="237" toId="40">
</dataflow>
<dataflow id="293" from="StgValue_237" to="specinterface_ln0" fromId="237" toId="40">
</dataflow>
<dataflow id="294" from="p_str110" to="specinterface_ln0" fromId="143" toId="40">
</dataflow>
<dataflow id="295" from="p_str110" to="specinterface_ln0" fromId="143" toId="40">
</dataflow>
<dataflow id="296" from="p_str110" to="specinterface_ln0" fromId="143" toId="40">
</dataflow>
<dataflow id="297" from="StgValue_237" to="specinterface_ln0" fromId="237" toId="40">
</dataflow>
<dataflow id="298" from="StgValue_237" to="specinterface_ln0" fromId="237" toId="40">
</dataflow>
<dataflow id="299" from="StgValue_237" to="specinterface_ln0" fromId="237" toId="40">
</dataflow>
<dataflow id="300" from="StgValue_237" to="specinterface_ln0" fromId="237" toId="40">
</dataflow>
<dataflow id="301" from="p_str110" to="specinterface_ln0" fromId="143" toId="40">
</dataflow>
<dataflow id="302" from="p_str110" to="specinterface_ln0" fromId="143" toId="40">
</dataflow>
<dataflow id="303" from="_ssdm_op_SpecInterface" to="specinterface_ln0" fromId="232" toId="41">
</dataflow>
<dataflow id="304" from="empty_13" to="specinterface_ln0" fromId="76" toId="41">
</dataflow>
<dataflow id="305" from="p_str312" to="specinterface_ln0" fromId="235" toId="41">
</dataflow>
<dataflow id="306" from="StgValue_237" to="specinterface_ln0" fromId="237" toId="41">
</dataflow>
<dataflow id="307" from="StgValue_237" to="specinterface_ln0" fromId="237" toId="41">
</dataflow>
<dataflow id="308" from="p_str110" to="specinterface_ln0" fromId="143" toId="41">
</dataflow>
<dataflow id="309" from="StgValue_237" to="specinterface_ln0" fromId="237" toId="41">
</dataflow>
<dataflow id="310" from="StgValue_237" to="specinterface_ln0" fromId="237" toId="41">
</dataflow>
<dataflow id="311" from="p_str110" to="specinterface_ln0" fromId="143" toId="41">
</dataflow>
<dataflow id="312" from="p_str110" to="specinterface_ln0" fromId="143" toId="41">
</dataflow>
<dataflow id="313" from="p_str110" to="specinterface_ln0" fromId="143" toId="41">
</dataflow>
<dataflow id="314" from="StgValue_237" to="specinterface_ln0" fromId="237" toId="41">
</dataflow>
<dataflow id="315" from="StgValue_237" to="specinterface_ln0" fromId="237" toId="41">
</dataflow>
<dataflow id="316" from="StgValue_237" to="specinterface_ln0" fromId="237" toId="41">
</dataflow>
<dataflow id="317" from="StgValue_237" to="specinterface_ln0" fromId="237" toId="41">
</dataflow>
<dataflow id="318" from="p_str110" to="specinterface_ln0" fromId="143" toId="41">
</dataflow>
<dataflow id="319" from="p_str110" to="specinterface_ln0" fromId="143" toId="41">
</dataflow>
<dataflow id="320" from="_ssdm_op_SpecInterface" to="specinterface_ln0" fromId="232" toId="42">
</dataflow>
<dataflow id="321" from="empty_14" to="specinterface_ln0" fromId="77" toId="42">
</dataflow>
<dataflow id="322" from="p_str312" to="specinterface_ln0" fromId="235" toId="42">
</dataflow>
<dataflow id="323" from="StgValue_237" to="specinterface_ln0" fromId="237" toId="42">
</dataflow>
<dataflow id="324" from="StgValue_237" to="specinterface_ln0" fromId="237" toId="42">
</dataflow>
<dataflow id="325" from="p_str110" to="specinterface_ln0" fromId="143" toId="42">
</dataflow>
<dataflow id="326" from="StgValue_237" to="specinterface_ln0" fromId="237" toId="42">
</dataflow>
<dataflow id="327" from="StgValue_237" to="specinterface_ln0" fromId="237" toId="42">
</dataflow>
<dataflow id="328" from="p_str110" to="specinterface_ln0" fromId="143" toId="42">
</dataflow>
<dataflow id="329" from="p_str110" to="specinterface_ln0" fromId="143" toId="42">
</dataflow>
<dataflow id="330" from="p_str110" to="specinterface_ln0" fromId="143" toId="42">
</dataflow>
<dataflow id="331" from="StgValue_237" to="specinterface_ln0" fromId="237" toId="42">
</dataflow>
<dataflow id="332" from="StgValue_237" to="specinterface_ln0" fromId="237" toId="42">
</dataflow>
<dataflow id="333" from="StgValue_237" to="specinterface_ln0" fromId="237" toId="42">
</dataflow>
<dataflow id="334" from="StgValue_237" to="specinterface_ln0" fromId="237" toId="42">
</dataflow>
<dataflow id="335" from="p_str110" to="specinterface_ln0" fromId="143" toId="42">
</dataflow>
<dataflow id="336" from="p_str110" to="specinterface_ln0" fromId="143" toId="42">
</dataflow>
<dataflow id="337" from="_ssdm_op_SpecInterface" to="specinterface_ln0" fromId="232" toId="43">
</dataflow>
<dataflow id="338" from="empty_15" to="specinterface_ln0" fromId="78" toId="43">
</dataflow>
<dataflow id="339" from="p_str312" to="specinterface_ln0" fromId="235" toId="43">
</dataflow>
<dataflow id="340" from="StgValue_237" to="specinterface_ln0" fromId="237" toId="43">
</dataflow>
<dataflow id="341" from="StgValue_237" to="specinterface_ln0" fromId="237" toId="43">
</dataflow>
<dataflow id="342" from="p_str110" to="specinterface_ln0" fromId="143" toId="43">
</dataflow>
<dataflow id="343" from="StgValue_237" to="specinterface_ln0" fromId="237" toId="43">
</dataflow>
<dataflow id="344" from="StgValue_237" to="specinterface_ln0" fromId="237" toId="43">
</dataflow>
<dataflow id="345" from="p_str110" to="specinterface_ln0" fromId="143" toId="43">
</dataflow>
<dataflow id="346" from="p_str110" to="specinterface_ln0" fromId="143" toId="43">
</dataflow>
<dataflow id="347" from="p_str110" to="specinterface_ln0" fromId="143" toId="43">
</dataflow>
<dataflow id="348" from="StgValue_237" to="specinterface_ln0" fromId="237" toId="43">
</dataflow>
<dataflow id="349" from="StgValue_237" to="specinterface_ln0" fromId="237" toId="43">
</dataflow>
<dataflow id="350" from="StgValue_237" to="specinterface_ln0" fromId="237" toId="43">
</dataflow>
<dataflow id="351" from="StgValue_237" to="specinterface_ln0" fromId="237" toId="43">
</dataflow>
<dataflow id="352" from="p_str110" to="specinterface_ln0" fromId="143" toId="43">
</dataflow>
<dataflow id="353" from="p_str110" to="specinterface_ln0" fromId="143" toId="43">
</dataflow>
<dataflow id="354" from="_ssdm_op_SpecInterface" to="specinterface_ln0" fromId="232" toId="44">
</dataflow>
<dataflow id="355" from="empty_8" to="specinterface_ln0" fromId="71" toId="44">
</dataflow>
<dataflow id="356" from="p_str312" to="specinterface_ln0" fromId="235" toId="44">
</dataflow>
<dataflow id="357" from="StgValue_237" to="specinterface_ln0" fromId="237" toId="44">
</dataflow>
<dataflow id="358" from="StgValue_237" to="specinterface_ln0" fromId="237" toId="44">
</dataflow>
<dataflow id="359" from="p_str110" to="specinterface_ln0" fromId="143" toId="44">
</dataflow>
<dataflow id="360" from="StgValue_237" to="specinterface_ln0" fromId="237" toId="44">
</dataflow>
<dataflow id="361" from="StgValue_237" to="specinterface_ln0" fromId="237" toId="44">
</dataflow>
<dataflow id="362" from="p_str110" to="specinterface_ln0" fromId="143" toId="44">
</dataflow>
<dataflow id="363" from="p_str110" to="specinterface_ln0" fromId="143" toId="44">
</dataflow>
<dataflow id="364" from="p_str110" to="specinterface_ln0" fromId="143" toId="44">
</dataflow>
<dataflow id="365" from="StgValue_237" to="specinterface_ln0" fromId="237" toId="44">
</dataflow>
<dataflow id="366" from="StgValue_237" to="specinterface_ln0" fromId="237" toId="44">
</dataflow>
<dataflow id="367" from="StgValue_237" to="specinterface_ln0" fromId="237" toId="44">
</dataflow>
<dataflow id="368" from="StgValue_237" to="specinterface_ln0" fromId="237" toId="44">
</dataflow>
<dataflow id="369" from="p_str110" to="specinterface_ln0" fromId="143" toId="44">
</dataflow>
<dataflow id="370" from="p_str110" to="specinterface_ln0" fromId="143" toId="44">
</dataflow>
<dataflow id="371" from="p_addr" to="empty_37" fromId="20" toId="45">
</dataflow>
<dataflow id="372" from="p_addr_1" to="empty_38" fromId="13" toId="46">
</dataflow>
<dataflow id="373" from="p_addr_2" to="empty_39" fromId="14" toId="47">
</dataflow>
<dataflow id="374" from="p_addr_3" to="empty_40" fromId="15" toId="48">
</dataflow>
<dataflow id="375" from="p_addr_4" to="empty_41" fromId="16" toId="49">
</dataflow>
<dataflow id="376" from="p_addr_5" to="empty_42" fromId="17" toId="50">
</dataflow>
<dataflow id="377" from="p_addr_6" to="empty_43" fromId="18" toId="51">
</dataflow>
<dataflow id="378" from="p_addr_7" to="empty_44" fromId="19" toId="52">
</dataflow>
<dataflow id="379" from="tmp_38" to="icmp_ln25" fromId="5" toId="53">
</dataflow>
<dataflow id="380" from="StgValue_94" to="icmp_ln25" fromId="94" toId="53">
</dataflow>
<dataflow id="381" from="icmp_ln25" to="select_ln25" fromId="53" toId="54">
</dataflow>
<dataflow id="382" from="empty_38" to="select_ln25" fromId="46" toId="54">
</dataflow>
<dataflow id="383" from="empty_37" to="select_ln25" fromId="45" toId="54">
</dataflow>
<dataflow id="384" from="tmp_38" to="icmp_ln25_1" fromId="5" toId="55">
</dataflow>
<dataflow id="386" from="StgValue_385" to="icmp_ln25_1" fromId="385" toId="55">
</dataflow>
<dataflow id="387" from="icmp_ln25_1" to="select_ln25_1" fromId="55" toId="56">
</dataflow>
<dataflow id="388" from="empty_39" to="select_ln25_1" fromId="47" toId="56">
</dataflow>
<dataflow id="389" from="select_ln25" to="select_ln25_1" fromId="54" toId="56">
</dataflow>
<dataflow id="390" from="tmp_38" to="icmp_ln25_2" fromId="5" toId="57">
</dataflow>
<dataflow id="392" from="StgValue_391" to="icmp_ln25_2" fromId="391" toId="57">
</dataflow>
<dataflow id="393" from="icmp_ln25_2" to="select_ln25_2" fromId="57" toId="58">
</dataflow>
<dataflow id="394" from="empty_40" to="select_ln25_2" fromId="48" toId="58">
</dataflow>
<dataflow id="395" from="select_ln25_1" to="select_ln25_2" fromId="56" toId="58">
</dataflow>
<dataflow id="396" from="tmp_38" to="icmp_ln25_3" fromId="5" toId="59">
</dataflow>
<dataflow id="398" from="StgValue_397" to="icmp_ln25_3" fromId="397" toId="59">
</dataflow>
<dataflow id="399" from="icmp_ln25_3" to="select_ln25_3" fromId="59" toId="60">
</dataflow>
<dataflow id="400" from="empty_41" to="select_ln25_3" fromId="49" toId="60">
</dataflow>
<dataflow id="401" from="select_ln25_2" to="select_ln25_3" fromId="58" toId="60">
</dataflow>
<dataflow id="402" from="tmp_38" to="icmp_ln25_4" fromId="5" toId="61">
</dataflow>
<dataflow id="404" from="StgValue_403" to="icmp_ln25_4" fromId="403" toId="61">
</dataflow>
<dataflow id="405" from="icmp_ln25_4" to="select_ln25_4" fromId="61" toId="62">
</dataflow>
<dataflow id="406" from="empty_42" to="select_ln25_4" fromId="50" toId="62">
</dataflow>
<dataflow id="407" from="select_ln25_3" to="select_ln25_4" fromId="60" toId="62">
</dataflow>
<dataflow id="408" from="tmp_38" to="icmp_ln25_5" fromId="5" toId="63">
</dataflow>
<dataflow id="410" from="StgValue_409" to="icmp_ln25_5" fromId="409" toId="63">
</dataflow>
<dataflow id="411" from="icmp_ln25_5" to="select_ln25_5" fromId="63" toId="64">
</dataflow>
<dataflow id="412" from="empty_43" to="select_ln25_5" fromId="51" toId="64">
</dataflow>
<dataflow id="413" from="select_ln25_4" to="select_ln25_5" fromId="62" toId="64">
</dataflow>
<dataflow id="414" from="tmp_38" to="icmp_ln25_6" fromId="5" toId="65">
</dataflow>
<dataflow id="416" from="StgValue_415" to="icmp_ln25_6" fromId="415" toId="65">
</dataflow>
<dataflow id="417" from="icmp_ln25_6" to="select_ln25_6" fromId="65" toId="66">
</dataflow>
<dataflow id="418" from="empty_44" to="select_ln25_6" fromId="52" toId="66">
</dataflow>
<dataflow id="419" from="select_ln25_5" to="select_ln25_6" fromId="64" toId="66">
</dataflow>
<dataflow id="420" from="select_ln25_6" to="ret_ln24" fromId="66" toId="67">
</dataflow>
</dataflows>


</stg>
