<stg><name>aesl_mux_load_5_5_x_1</name>


<trans_list>

<trans id="49" from="1" to="2">
<condition id="-1">
<or_exp><and_exp></and_exp></or_exp>
</condition>
</trans>
</trans_list>



<state_list>

<state id="1" st_id="1">

<operation id="3" st_id="1" stage="1" lat="1">
<core>NULL</core>
<MemPortIdVec></MemPortIdVec>
<condition id="-1">
<or_exp><and_exp></and_exp></or_exp>
</condition>

<Node id="9" bw="4" op_0_bw="4" op_1_bw="4">
<![CDATA[
entry_ifconv:0  %tmp_39 = call i4 @_ssdm_op_Read.ap_auto.i4(i4 %empty)

]]></Node>
<StgValue><ssdm name="tmp_39"/></StgValue>
</operation>

<operation id="4" st_id="1" stage="1" lat="1">
<core>NULL</core>
<MemPortIdVec></MemPortIdVec>
<condition id="-1">
<or_exp><and_exp></and_exp></or_exp>
</condition>

<Node id="10" bw="3" op_0_bw="3" op_1_bw="3">
<![CDATA[
entry_ifconv:1  %tmp_40 = call i3 @_ssdm_op_Read.ap_auto.i3(i3 %empty_24)

]]></Node>
<StgValue><ssdm name="tmp_40"/></StgValue>
</operation>

<operation id="5" st_id="1" stage="1" lat="1">
<core>NULL</core>
<MemPortIdVec></MemPortIdVec>
<condition id="-1">
<or_exp><and_exp></and_exp></or_exp>
</condition>

<Node id="11" bw="3" op_0_bw="3" op_1_bw="3">
<![CDATA[
entry_ifconv:2  %tmp_41 = call i3 @_ssdm_op_Read.ap_auto.i3(i3 %empty_23)

]]></Node>
<StgValue><ssdm name="tmp_41"/></StgValue>
</operation>

<operation id="6" st_id="1" stage="1" lat="1">
<core>NULL</core>
<MemPortIdVec></MemPortIdVec>
<condition id="-1">
<or_exp><and_exp></and_exp></or_exp>
</condition>

<Node id="12" bw="64" op_0_bw="4">
<![CDATA[
entry_ifconv:3  %p_cast2 = zext i4 %tmp_39 to i64

]]></Node>
<StgValue><ssdm name="p_cast2"/></StgValue>
</operation>

<operation id="7" st_id="1" stage="1" lat="1">
<core>NULL</core>
<MemPortIdVec></MemPortIdVec>
<condition id="-1">
<or_exp><and_exp></and_exp></or_exp>
</condition>

<Node id="13" bw="6" op_0_bw="6" op_1_bw="3" op_2_bw="3">
<![CDATA[
entry_ifconv:4  %tmp = call i6 @_ssdm_op_BitConcatenate.i6.i3.i3(i3 %tmp_40, i3 0)

]]></Node>
<StgValue><ssdm name="tmp"/></StgValue>
</operation>

<operation id="8" st_id="1" stage="1" lat="1">
<core>NULL</core>
<MemPortIdVec></MemPortIdVec>
<condition id="-1">
<or_exp><and_exp></and_exp></or_exp>
</condition>

<Node id="14" bw="64" op_0_bw="6">
<![CDATA[
entry_ifconv:5  %zext_ln1 = zext i6 %tmp to i64

]]></Node>
<StgValue><ssdm name="zext_ln1"/></StgValue>
</operation>

<operation id="9" st_id="1" stage="1" lat="1">
<core>NULL</core>
<MemPortIdVec></MemPortIdVec>
<condition id="-1">
<or_exp><and_exp></and_exp></or_exp>
</condition>

<Node id="15" bw="4" op_0_bw="4" op_1_bw="3" op_2_bw="1">
<![CDATA[
entry_ifconv:6  %tmp_s = call i4 @_ssdm_op_BitConcatenate.i4.i3.i1(i3 %tmp_40, i1 false)

]]></Node>
<StgValue><ssdm name="tmp_s"/></StgValue>
</operation>

<operation id="10" st_id="1" stage="1" lat="1">
<core>NULL</core>
<MemPortIdVec></MemPortIdVec>
<condition id="-1">
<or_exp><and_exp></and_exp></or_exp>
</condition>

<Node id="16" bw="64" op_0_bw="4">
<![CDATA[
entry_ifconv:7  %zext_ln1_2 = zext i4 %tmp_s to i64

]]></Node>
<StgValue><ssdm name="zext_ln1_2"/></StgValue>
</operation>

<operation id="11" st_id="1" stage="1" lat="1">
<core>TAddSub</core>
<MemPortIdVec></MemPortIdVec>
<condition id="-1">
<or_exp><and_exp></and_exp></or_exp>
</condition>

<Node id="17" bw="64" op_0_bw="64" op_1_bw="64">
<![CDATA[
entry_ifconv:8  %add_ln1 = add i64 %zext_ln1, %zext_ln1_2

]]></Node>
<StgValue><ssdm name="add_ln1"/></StgValue>
</operation>

<operation id="12" st_id="1" stage="1" lat="1">
<core>TAddSub</core>
<MemPortIdVec></MemPortIdVec>
<condition id="-1">
<or_exp><and_exp></and_exp></or_exp>
</condition>

<Node id="18" bw="64" op_0_bw="64" op_1_bw="64">
<![CDATA[
entry_ifconv:9  %add_ln1_2 = add i64 %p_cast2, %add_ln1

]]></Node>
<StgValue><ssdm name="add_ln1_2"/></StgValue>
</operation>

<operation id="13" st_id="1" stage="1" lat="1">
<core>NULL</core>
<MemPortIdVec></MemPortIdVec>
<condition id="-1">
<or_exp><and_exp></and_exp></or_exp>
</condition>

<Node id="19" bw="6" op_0_bw="32" op_1_bw="64" op_2_bw="64">
<![CDATA[
entry_ifconv:10  %p_addr_8 = getelementptr [50 x float]* %empty_18, i64 0, i64 %add_ln1_2

]]></Node>
<StgValue><ssdm name="p_addr_8"/></StgValue>
</operation>

<operation id="14" st_id="1" stage="1" lat="1">
<core>NULL</core>
<MemPortIdVec></MemPortIdVec>
<condition id="-1">
<or_exp><and_exp></and_exp></or_exp>
</condition>

<Node id="20" bw="6" op_0_bw="32" op_1_bw="64" op_2_bw="64">
<![CDATA[
entry_ifconv:11  %p_addr_9 = getelementptr [50 x float]* %empty_19, i64 0, i64 %add_ln1_2

]]></Node>
<StgValue><ssdm name="p_addr_9"/></StgValue>
</operation>

<operation id="15" st_id="1" stage="1" lat="1">
<core>NULL</core>
<MemPortIdVec></MemPortIdVec>
<condition id="-1">
<or_exp><and_exp></and_exp></or_exp>
</condition>

<Node id="21" bw="6" op_0_bw="32" op_1_bw="64" op_2_bw="64">
<![CDATA[
entry_ifconv:12  %p_addr_10 = getelementptr [50 x float]* %empty_20, i64 0, i64 %add_ln1_2

]]></Node>
<StgValue><ssdm name="p_addr_10"/></StgValue>
</operation>

<operation id="16" st_id="1" stage="1" lat="1">
<core>NULL</core>
<MemPortIdVec></MemPortIdVec>
<condition id="-1">
<or_exp><and_exp></and_exp></or_exp>
</condition>

<Node id="22" bw="6" op_0_bw="32" op_1_bw="64" op_2_bw="64">
<![CDATA[
entry_ifconv:13  %p_addr_11 = getelementptr [50 x float]* %empty_21, i64 0, i64 %add_ln1_2

]]></Node>
<StgValue><ssdm name="p_addr_11"/></StgValue>
</operation>

<operation id="17" st_id="1" stage="1" lat="1">
<core>NULL</core>
<MemPortIdVec></MemPortIdVec>
<condition id="-1">
<or_exp><and_exp></and_exp></or_exp>
</condition>

<Node id="23" bw="6" op_0_bw="32" op_1_bw="64" op_2_bw="64">
<![CDATA[
entry_ifconv:14  %p_addr = getelementptr [50 x float]* %empty_22, i64 0, i64 %add_ln1_2

]]></Node>
<StgValue><ssdm name="p_addr"/></StgValue>
</operation>

<operation id="18" st_id="1" stage="2" lat="2">
<core>RAM_S2P_BRAM</core>
<MemPortIdVec></MemPortIdVec>
<condition id="-1">
<or_exp><and_exp></and_exp></or_exp>
</condition>

<Node id="34" bw="32" op_0_bw="6">
<![CDATA[
entry_ifconv:25  %empty_45 = load float* %p_addr, align 4

]]></Node>
<StgValue><ssdm name="empty_45"/></StgValue>
</operation>

<operation id="19" st_id="1" stage="2" lat="2">
<core>RAM_S2P_BRAM</core>
<MemPortIdVec></MemPortIdVec>
<condition id="-1">
<or_exp><and_exp></and_exp></or_exp>
</condition>

<Node id="35" bw="32" op_0_bw="6">
<![CDATA[
entry_ifconv:26  %empty_46 = load float* %p_addr_8, align 4

]]></Node>
<StgValue><ssdm name="empty_46"/></StgValue>
</operation>

<operation id="20" st_id="1" stage="2" lat="2">
<core>RAM_S2P_BRAM</core>
<MemPortIdVec></MemPortIdVec>
<condition id="-1">
<or_exp><and_exp></and_exp></or_exp>
</condition>

<Node id="36" bw="32" op_0_bw="6">
<![CDATA[
entry_ifconv:27  %empty_47 = load float* %p_addr_9, align 4

]]></Node>
<StgValue><ssdm name="empty_47"/></StgValue>
</operation>

<operation id="21" st_id="1" stage="2" lat="2">
<core>RAM_S2P_BRAM</core>
<MemPortIdVec></MemPortIdVec>
<condition id="-1">
<or_exp><and_exp></and_exp></or_exp>
</condition>

<Node id="37" bw="32" op_0_bw="6">
<![CDATA[
entry_ifconv:28  %empty_48 = load float* %p_addr_10, align 4

]]></Node>
<StgValue><ssdm name="empty_48"/></StgValue>
</operation>

<operation id="22" st_id="1" stage="2" lat="2">
<core>RAM_S2P_BRAM</core>
<MemPortIdVec></MemPortIdVec>
<condition id="-1">
<or_exp><and_exp></and_exp></or_exp>
</condition>

<Node id="38" bw="32" op_0_bw="6">
<![CDATA[
entry_ifconv:29  %empty_49 = load float* %p_addr_11, align 4

]]></Node>
<StgValue><ssdm name="empty_49"/></StgValue>
</operation>
</state>

<state id="2" st_id="2">

<operation id="23" st_id="2" stage="1" lat="1">
<core>NULL</core>
<MemPortIdVec></MemPortIdVec>
<condition id="-1">
<or_exp><and_exp></and_exp></or_exp>
</condition>

<Node id="24" bw="0" op_0_bw="0" op_1_bw="32" op_2_bw="0" op_3_bw="0" op_4_bw="0" op_5_bw="32" op_6_bw="0" op_7_bw="0" op_8_bw="0" op_9_bw="0" op_10_bw="0">
<![CDATA[
entry_ifconv:15  call void (...)* @_ssdm_op_SpecMemCore([50 x float]* %empty_21, [1 x i8]* @p_str110, [13 x i8]* @p_str514, [1 x i8]* @p_str110, i32 -1, [1 x i8]* @p_str110, [1 x i8]* @p_str110, [1 x i8]* @p_str110, [1 x i8]* @p_str110, [1 x i8]* @p_str110)

]]></Node>
<StgValue><ssdm name="specmemcore_ln0"/></StgValue>
</operation>

<operation id="24" st_id="2" stage="1" lat="1">
<core>NULL</core>
<MemPortIdVec></MemPortIdVec>
<condition id="-1">
<or_exp><and_exp></and_exp></or_exp>
</condition>

<Node id="25" bw="0" op_0_bw="0" op_1_bw="32" op_2_bw="0" op_3_bw="0" op_4_bw="0" op_5_bw="32" op_6_bw="0" op_7_bw="0" op_8_bw="0" op_9_bw="0" op_10_bw="0">
<![CDATA[
entry_ifconv:16  call void (...)* @_ssdm_op_SpecMemCore([50 x float]* %empty_20, [1 x i8]* @p_str110, [13 x i8]* @p_str514, [1 x i8]* @p_str110, i32 -1, [1 x i8]* @p_str110, [1 x i8]* @p_str110, [1 x i8]* @p_str110, [1 x i8]* @p_str110, [1 x i8]* @p_str110)

]]></Node>
<StgValue><ssdm name="specmemcore_ln0"/></StgValue>
</operation>

<operation id="25" st_id="2" stage="1" lat="1">
<core>NULL</core>
<MemPortIdVec></MemPortIdVec>
<condition id="-1">
<or_exp><and_exp></and_exp></or_exp>
</condition>

<Node id="26" bw="0" op_0_bw="0" op_1_bw="32" op_2_bw="0" op_3_bw="0" op_4_bw="0" op_5_bw="32" op_6_bw="0" op_7_bw="0" op_8_bw="0" op_9_bw="0" op_10_bw="0">
<![CDATA[
entry_ifconv:17  call void (...)* @_ssdm_op_SpecMemCore([50 x float]* %empty_19, [1 x i8]* @p_str110, [13 x i8]* @p_str514, [1 x i8]* @p_str110, i32 -1, [1 x i8]* @p_str110, [1 x i8]* @p_str110, [1 x i8]* @p_str110, [1 x i8]* @p_str110, [1 x i8]* @p_str110)

]]></Node>
<StgValue><ssdm name="specmemcore_ln0"/></StgValue>
</operation>

<operation id="26" st_id="2" stage="1" lat="1">
<core>NULL</core>
<MemPortIdVec></MemPortIdVec>
<condition id="-1">
<or_exp><and_exp></and_exp></or_exp>
</condition>

<Node id="27" bw="0" op_0_bw="0" op_1_bw="32" op_2_bw="0" op_3_bw="0" op_4_bw="0" op_5_bw="32" op_6_bw="0" op_7_bw="0" op_8_bw="0" op_9_bw="0" op_10_bw="0">
<![CDATA[
entry_ifconv:18  call void (...)* @_ssdm_op_SpecMemCore([50 x float]* %empty_22, [1 x i8]* @p_str110, [13 x i8]* @p_str514, [1 x i8]* @p_str110, i32 -1, [1 x i8]* @p_str110, [1 x i8]* @p_str110, [1 x i8]* @p_str110, [1 x i8]* @p_str110, [1 x i8]* @p_str110)

]]></Node>
<StgValue><ssdm name="specmemcore_ln0"/></StgValue>
</operation>

<operation id="27" st_id="2" stage="1" lat="1">
<core>NULL</core>
<MemPortIdVec></MemPortIdVec>
<condition id="-1">
<or_exp><and_exp></and_exp></or_exp>
</condition>

<Node id="28" bw="0" op_0_bw="0" op_1_bw="32" op_2_bw="0" op_3_bw="0" op_4_bw="0" op_5_bw="32" op_6_bw="0" op_7_bw="0" op_8_bw="0" op_9_bw="0" op_10_bw="0">
<![CDATA[
entry_ifconv:19  call void (...)* @_ssdm_op_SpecMemCore([50 x float]* %empty_18, [1 x i8]* @p_str110, [13 x i8]* @p_str514, [1 x i8]* @p_str110, i32 -1, [1 x i8]* @p_str110, [1 x i8]* @p_str110, [1 x i8]* @p_str110, [1 x i8]* @p_str110, [1 x i8]* @p_str110)

]]></Node>
<StgValue><ssdm name="specmemcore_ln0"/></StgValue>
</operation>

<operation id="28" st_id="2" stage="1" lat="1">
<core>NULL</core>
<MemPortIdVec></MemPortIdVec>
<condition id="-1">
<or_exp><and_exp></and_exp></or_exp>
</condition>

<Node id="29" bw="0" op_0_bw="0" op_1_bw="32" op_2_bw="0" op_3_bw="32" op_4_bw="32" op_5_bw="0" op_6_bw="32" op_7_bw="32" op_8_bw="0" op_9_bw="0" op_10_bw="0" op_11_bw="32" op_12_bw="32" op_13_bw="32" op_14_bw="32" op_15_bw="0" op_16_bw="0">
<![CDATA[
entry_ifconv:20  call void (...)* @_ssdm_op_SpecInterface([50 x float]* %empty_21, [5 x i8]* @p_str312, i32 0, i32 0, [1 x i8]* @p_str110, i32 0, i32 0, [1 x i8]* @p_str110, [1 x i8]* @p_str110, [1 x i8]* @p_str110, i32 0, i32 0, i32 0, i32 0, [1 x i8]* @p_str110, [1 x i8]* @p_str110)

]]></Node>
<StgValue><ssdm name="specinterface_ln0"/></StgValue>
</operation>

<operation id="29" st_id="2" stage="1" lat="1">
<core>NULL</core>
<MemPortIdVec></MemPortIdVec>
<condition id="-1">
<or_exp><and_exp></and_exp></or_exp>
</condition>

<Node id="30" bw="0" op_0_bw="0" op_1_bw="32" op_2_bw="0" op_3_bw="32" op_4_bw="32" op_5_bw="0" op_6_bw="32" op_7_bw="32" op_8_bw="0" op_9_bw="0" op_10_bw="0" op_11_bw="32" op_12_bw="32" op_13_bw="32" op_14_bw="32" op_15_bw="0" op_16_bw="0">
<![CDATA[
entry_ifconv:21  call void (...)* @_ssdm_op_SpecInterface([50 x float]* %empty_20, [5 x i8]* @p_str312, i32 0, i32 0, [1 x i8]* @p_str110, i32 0, i32 0, [1 x i8]* @p_str110, [1 x i8]* @p_str110, [1 x i8]* @p_str110, i32 0, i32 0, i32 0, i32 0, [1 x i8]* @p_str110, [1 x i8]* @p_str110)

]]></Node>
<StgValue><ssdm name="specinterface_ln0"/></StgValue>
</operation>

<operation id="30" st_id="2" stage="1" lat="1">
<core>NULL</core>
<MemPortIdVec></MemPortIdVec>
<condition id="-1">
<or_exp><and_exp></and_exp></or_exp>
</condition>

<Node id="31" bw="0" op_0_bw="0" op_1_bw="32" op_2_bw="0" op_3_bw="32" op_4_bw="32" op_5_bw="0" op_6_bw="32" op_7_bw="32" op_8_bw="0" op_9_bw="0" op_10_bw="0" op_11_bw="32" op_12_bw="32" op_13_bw="32" op_14_bw="32" op_15_bw="0" op_16_bw="0">
<![CDATA[
entry_ifconv:22  call void (...)* @_ssdm_op_SpecInterface([50 x float]* %empty_19, [5 x i8]* @p_str312, i32 0, i32 0, [1 x i8]* @p_str110, i32 0, i32 0, [1 x i8]* @p_str110, [1 x i8]* @p_str110, [1 x i8]* @p_str110, i32 0, i32 0, i32 0, i32 0, [1 x i8]* @p_str110, [1 x i8]* @p_str110)

]]></Node>
<StgValue><ssdm name="specinterface_ln0"/></StgValue>
</operation>

<operation id="31" st_id="2" stage="1" lat="1">
<core>NULL</core>
<MemPortIdVec></MemPortIdVec>
<condition id="-1">
<or_exp><and_exp></and_exp></or_exp>
</condition>

<Node id="32" bw="0" op_0_bw="0" op_1_bw="32" op_2_bw="0" op_3_bw="32" op_4_bw="32" op_5_bw="0" op_6_bw="32" op_7_bw="32" op_8_bw="0" op_9_bw="0" op_10_bw="0" op_11_bw="32" op_12_bw="32" op_13_bw="32" op_14_bw="32" op_15_bw="0" op_16_bw="0">
<![CDATA[
entry_ifconv:23  call void (...)* @_ssdm_op_SpecInterface([50 x float]* %empty_22, [5 x i8]* @p_str312, i32 0, i32 0, [1 x i8]* @p_str110, i32 0, i32 0, [1 x i8]* @p_str110, [1 x i8]* @p_str110, [1 x i8]* @p_str110, i32 0, i32 0, i32 0, i32 0, [1 x i8]* @p_str110, [1 x i8]* @p_str110)

]]></Node>
<StgValue><ssdm name="specinterface_ln0"/></StgValue>
</operation>

<operation id="32" st_id="2" stage="1" lat="1">
<core>NULL</core>
<MemPortIdVec></MemPortIdVec>
<condition id="-1">
<or_exp><and_exp></and_exp></or_exp>
</condition>

<Node id="33" bw="0" op_0_bw="0" op_1_bw="32" op_2_bw="0" op_3_bw="32" op_4_bw="32" op_5_bw="0" op_6_bw="32" op_7_bw="32" op_8_bw="0" op_9_bw="0" op_10_bw="0" op_11_bw="32" op_12_bw="32" op_13_bw="32" op_14_bw="32" op_15_bw="0" op_16_bw="0">
<![CDATA[
entry_ifconv:24  call void (...)* @_ssdm_op_SpecInterface([50 x float]* %empty_18, [5 x i8]* @p_str312, i32 0, i32 0, [1 x i8]* @p_str110, i32 0, i32 0, [1 x i8]* @p_str110, [1 x i8]* @p_str110, [1 x i8]* @p_str110, i32 0, i32 0, i32 0, i32 0, [1 x i8]* @p_str110, [1 x i8]* @p_str110)

]]></Node>
<StgValue><ssdm name="specinterface_ln0"/></StgValue>
</operation>

<operation id="33" st_id="2" stage="1" lat="2">
<core>RAM_S2P_BRAM</core>
<MemPortIdVec></MemPortIdVec>
<condition id="-1">
<or_exp><and_exp></and_exp></or_exp>
</condition>

<Node id="34" bw="32" op_0_bw="6">
<![CDATA[
entry_ifconv:25  %empty_45 = load float* %p_addr, align 4

]]></Node>
<StgValue><ssdm name="empty_45"/></StgValue>
</operation>

<operation id="34" st_id="2" stage="1" lat="2">
<core>RAM_S2P_BRAM</core>
<MemPortIdVec></MemPortIdVec>
<condition id="-1">
<or_exp><and_exp></and_exp></or_exp>
</condition>

<Node id="35" bw="32" op_0_bw="6">
<![CDATA[
entry_ifconv:26  %empty_46 = load float* %p_addr_8, align 4

]]></Node>
<StgValue><ssdm name="empty_46"/></StgValue>
</operation>

<operation id="35" st_id="2" stage="1" lat="2">
<core>RAM_S2P_BRAM</core>
<MemPortIdVec></MemPortIdVec>
<condition id="-1">
<or_exp><and_exp></and_exp></or_exp>
</condition>

<Node id="36" bw="32" op_0_bw="6">
<![CDATA[
entry_ifconv:27  %empty_47 = load float* %p_addr_9, align 4

]]></Node>
<StgValue><ssdm name="empty_47"/></StgValue>
</operation>

<operation id="36" st_id="2" stage="1" lat="2">
<core>RAM_S2P_BRAM</core>
<MemPortIdVec></MemPortIdVec>
<condition id="-1">
<or_exp><and_exp></and_exp></or_exp>
</condition>

<Node id="37" bw="32" op_0_bw="6">
<![CDATA[
entry_ifconv:28  %empty_48 = load float* %p_addr_10, align 4

]]></Node>
<StgValue><ssdm name="empty_48"/></StgValue>
</operation>

<operation id="37" st_id="2" stage="1" lat="2">
<core>RAM_S2P_BRAM</core>
<MemPortIdVec></MemPortIdVec>
<condition id="-1">
<or_exp><and_exp></and_exp></or_exp>
</condition>

<Node id="38" bw="32" op_0_bw="6">
<![CDATA[
entry_ifconv:29  %empty_49 = load float* %p_addr_11, align 4

]]></Node>
<StgValue><ssdm name="empty_49"/></StgValue>
</operation>

<operation id="38" st_id="2" stage="1" lat="1">
<core>Cmp</core>
<MemPortIdVec></MemPortIdVec>
<condition id="-1">
<or_exp><and_exp></and_exp></or_exp>
</condition>

<Node id="39" bw="1" op_0_bw="3" op_1_bw="3">
<![CDATA[
entry_ifconv:30  %icmp_ln16 = icmp eq i3 %tmp_41, 0

]]></Node>
<StgValue><ssdm name="icmp_ln16"/></StgValue>
</operation>

<operation id="39" st_id="2" stage="1" lat="1">
<core>Sel</core>
<MemPortIdVec></MemPortIdVec>
<condition id="-1">
<or_exp><and_exp></and_exp></or_exp>
</condition>

<Node id="40" bw="32" op_0_bw="1" op_1_bw="32" op_2_bw="32">
<![CDATA[
entry_ifconv:31  %select_ln16 = select i1 %icmp_ln16, float %empty_46, float %empty_45

]]></Node>
<StgValue><ssdm name="select_ln16"/></StgValue>
</operation>

<operation id="40" st_id="2" stage="1" lat="1">
<core>Cmp</core>
<MemPortIdVec></MemPortIdVec>
<condition id="-1">
<or_exp><and_exp></and_exp></or_exp>
</condition>

<Node id="41" bw="1" op_0_bw="3" op_1_bw="3">
<![CDATA[
entry_ifconv:32  %icmp_ln16_1 = icmp eq i3 %tmp_41, 1

]]></Node>
<StgValue><ssdm name="icmp_ln16_1"/></StgValue>
</operation>

<operation id="41" st_id="2" stage="1" lat="1">
<core>Sel</core>
<MemPortIdVec></MemPortIdVec>
<condition id="-1">
<or_exp><and_exp></and_exp></or_exp>
</condition>

<Node id="42" bw="32" op_0_bw="1" op_1_bw="32" op_2_bw="32">
<![CDATA[
entry_ifconv:33  %select_ln16_1 = select i1 %icmp_ln16_1, float %empty_47, float %select_ln16

]]></Node>
<StgValue><ssdm name="select_ln16_1"/></StgValue>
</operation>

<operation id="42" st_id="2" stage="1" lat="1">
<core>Cmp</core>
<MemPortIdVec></MemPortIdVec>
<condition id="-1">
<or_exp><and_exp></and_exp></or_exp>
</condition>

<Node id="43" bw="1" op_0_bw="3" op_1_bw="3">
<![CDATA[
entry_ifconv:34  %icmp_ln16_2 = icmp eq i3 %tmp_41, 2

]]></Node>
<StgValue><ssdm name="icmp_ln16_2"/></StgValue>
</operation>

<operation id="43" st_id="2" stage="1" lat="1">
<core>Sel</core>
<MemPortIdVec></MemPortIdVec>
<condition id="-1">
<or_exp><and_exp></and_exp></or_exp>
</condition>

<Node id="44" bw="32" op_0_bw="1" op_1_bw="32" op_2_bw="32">
<![CDATA[
entry_ifconv:35  %select_ln16_2 = select i1 %icmp_ln16_2, float %empty_48, float %select_ln16_1

]]></Node>
<StgValue><ssdm name="select_ln16_2"/></StgValue>
</operation>

<operation id="44" st_id="2" stage="1" lat="1">
<core>Cmp</core>
<MemPortIdVec></MemPortIdVec>
<condition id="-1">
<or_exp><and_exp></and_exp></or_exp>
</condition>

<Node id="45" bw="1" op_0_bw="3" op_1_bw="3">
<![CDATA[
entry_ifconv:36  %icmp_ln16_3 = icmp eq i3 %tmp_41, 3

]]></Node>
<StgValue><ssdm name="icmp_ln16_3"/></StgValue>
</operation>

<operation id="45" st_id="2" stage="1" lat="1">
<core>Sel</core>
<MemPortIdVec></MemPortIdVec>
<condition id="-1">
<or_exp><and_exp></and_exp></or_exp>
</condition>

<Node id="46" bw="32" op_0_bw="1" op_1_bw="32" op_2_bw="32">
<![CDATA[
entry_ifconv:37  %select_ln16_3 = select i1 %icmp_ln16_3, float %empty_49, float %select_ln16_2

]]></Node>
<StgValue><ssdm name="select_ln16_3"/></StgValue>
</operation>

<operation id="46" st_id="2" stage="1" lat="1">
<core>NULL</core>
<MemPortIdVec></MemPortIdVec>
<condition id="-1">
<or_exp><and_exp></and_exp></or_exp>
</condition>

<Node id="47" bw="0" op_0_bw="32">
<![CDATA[
entry_ifconv:38  ret float %select_ln16_3

]]></Node>
<StgValue><ssdm name="ret_ln15"/></StgValue>
</operation>
</state>
</state_list>


<ports>
</ports>


<dataflows>
</dataflows>


</stg>
