<annotationInfo>
<annotationInfo>
<item  id="23" filename="2.2mm_medium/base.cpp" linenumber="45" name="add_ln45" contextFuncName="kernel_2mm_base" moduleName="kernel_2mm_base" rtlName="add_ln45_fu_323_p2" latency="0" BRAM="-1" DSP="-1" FF="0" LUT="16" fileDirectory="C:\Users\GregRoom\AppData\Roaming\Xilinx\Vivado"><\/item>
<item  id="24" filename="2.2mm_medium/base.cpp" linenumber="45" name="add_ln45_1" contextFuncName="kernel_2mm_base" moduleName="kernel_2mm_base" rtlName="add_ln45_1_fu_329_p2" latency="0" BRAM="-1" DSP="-1" FF="0" LUT="16" fileDirectory="C:\Users\GregRoom\AppData\Roaming\Xilinx\Vivado"><\/item>
<item  id="25" filename="2.2mm_medium/base.cpp" linenumber="45" name="icmp_ln45" contextFuncName="kernel_2mm_base" moduleName="kernel_2mm_base" rtlName="icmp_ln45_fu_335_p2" latency="0" BRAM="-1" DSP="-1" FF="0" LUT="4" fileDirectory="C:\Users\GregRoom\AppData\Roaming\Xilinx\Vivado"><\/item>
<item  id="27" filename="2.2mm_medium/base.cpp" linenumber="45" name="i" contextFuncName="kernel_2mm_base" moduleName="kernel_2mm_base" rtlName="i_fu_341_p2" latency="0" BRAM="-1" DSP="-1" FF="0" LUT="8" fileDirectory="C:\Users\GregRoom\AppData\Roaming\Xilinx\Vivado"><\/item>
<item  id="33" filename="2.2mm_medium/base.cpp" linenumber="46" name="icmp_ln46" contextFuncName="kernel_2mm_base" moduleName="kernel_2mm_base" rtlName="icmp_ln46_fu_347_p2" latency="0" BRAM="-1" DSP="-1" FF="0" LUT="4" fileDirectory="C:\Users\GregRoom\AppData\Roaming\Xilinx\Vivado"><\/item>
<item  id="35" filename="2.2mm_medium/base.cpp" linenumber="46" name="j" contextFuncName="kernel_2mm_base" moduleName="kernel_2mm_base" rtlName="j_fu_353_p2" latency="0" BRAM="-1" DSP="-1" FF="0" LUT="8" fileDirectory="C:\Users\GregRoom\AppData\Roaming\Xilinx\Vivado"><\/item>
<item  id="38" filename="2.2mm_medium/base.cpp" linenumber="47" name="zext_ln47" contextFuncName="kernel_2mm_base" moduleName="kernel_2mm_base" rtlName="zext_ln47_fu_359_p1" latency="0" BRAM="-1" DSP="-1" FF="-1" LUT="-1" fileDirectory="C:\Users\GregRoom\AppData\Roaming\Xilinx\Vivado"><\/item>
<item  id="39" filename="2.2mm_medium/base.cpp" linenumber="47" name="add_ln47" contextFuncName="kernel_2mm_base" moduleName="kernel_2mm_base" rtlName="add_ln47_fu_363_p2" latency="0" BRAM="-1" DSP="-1" FF="0" LUT="16" fileDirectory="C:\Users\GregRoom\AppData\Roaming\Xilinx\Vivado"><\/item>
<item  id="40" filename="2.2mm_medium/base.cpp" linenumber="47" name="zext_ln47_1" contextFuncName="kernel_2mm_base" moduleName="kernel_2mm_base" rtlName="zext_ln47_1_fu_369_p1" latency="0" BRAM="-1" DSP="-1" FF="-1" LUT="-1" fileDirectory="C:\Users\GregRoom\AppData\Roaming\Xilinx\Vivado"><\/item>
<item  id="48" filename="2.2mm_medium/base.cpp" linenumber="48" name="icmp_ln48" contextFuncName="kernel_2mm_base" moduleName="kernel_2mm_base" rtlName="icmp_ln48_fu_374_p2" latency="0" BRAM="-1" DSP="-1" FF="0" LUT="4" fileDirectory="C:\Users\GregRoom\AppData\Roaming\Xilinx\Vivado"><\/item>
<item  id="50" filename="2.2mm_medium/base.cpp" linenumber="48" name="k" contextFuncName="kernel_2mm_base" moduleName="kernel_2mm_base" rtlName="k_fu_380_p2" latency="0" BRAM="-1" DSP="-1" FF="0" LUT="8" fileDirectory="C:\Users\GregRoom\AppData\Roaming\Xilinx\Vivado"><\/item>
<item  id="53" filename="2.2mm_medium/base.cpp" linenumber="49" name="zext_ln49" contextFuncName="kernel_2mm_base" moduleName="kernel_2mm_base" rtlName="zext_ln49_fu_386_p1" latency="0" BRAM="-1" DSP="-1" FF="-1" LUT="-1" fileDirectory="C:\Users\GregRoom\AppData\Roaming\Xilinx\Vivado"><\/item>
<item  id="54" filename="2.2mm_medium/base.cpp" linenumber="49" name="add_ln49" contextFuncName="kernel_2mm_base" moduleName="kernel_2mm_base" rtlName="add_ln49_fu_390_p2" latency="0" BRAM="-1" DSP="-1" FF="0" LUT="16" fileDirectory="C:\Users\GregRoom\AppData\Roaming\Xilinx\Vivado"><\/item>
<item  id="55" filename="2.2mm_medium/base.cpp" linenumber="49" name="zext_ln49_1" contextFuncName="kernel_2mm_base" moduleName="kernel_2mm_base" rtlName="zext_ln49_1_fu_396_p1" latency="0" BRAM="-1" DSP="-1" FF="-1" LUT="-1" fileDirectory="C:\Users\GregRoom\AppData\Roaming\Xilinx\Vivado"><\/item>
<item  id="57" filename="2.2mm_medium/base.cpp" linenumber="49" name="add_ln49_2" contextFuncName="kernel_2mm_base" moduleName="kernel_2mm_base" rtlName="add_ln49_2_fu_401_p2" latency="0" BRAM="-1" DSP="-1" FF="0" LUT="16" fileDirectory="C:\Users\GregRoom\AppData\Roaming\Xilinx\Vivado"><\/item>
<item  id="58" filename="2.2mm_medium/base.cpp" linenumber="49" name="add_ln49_1" contextFuncName="kernel_2mm_base" moduleName="kernel_2mm_base" rtlName="add_ln49_1_fu_407_p2" latency="0" BRAM="-1" DSP="-1" FF="0" LUT="16" fileDirectory="C:\Users\GregRoom\AppData\Roaming\Xilinx\Vivado"><\/item>
<item  id="59" filename="2.2mm_medium/base.cpp" linenumber="49" name="zext_ln49_2" contextFuncName="kernel_2mm_base" moduleName="kernel_2mm_base" rtlName="zext_ln49_2_fu_412_p1" latency="0" BRAM="-1" DSP="-1" FF="-1" LUT="-1" fileDirectory="C:\Users\GregRoom\AppData\Roaming\Xilinx\Vivado"><\/item>
<item  id="62" filename="2.2mm_medium/base.cpp" linenumber="49" name="tmp_2" contextFuncName="kernel_2mm_base" moduleName="kernel_2mm_base" rtlName="kernel_2mm_base_fcud_U2" latency="2" BRAM="-1" DSP="-1" FF="-1" LUT="-1" fileDirectory="C:\Users\GregRoom\AppData\Roaming\Xilinx\Vivado"><\/item>
<item  id="64" filename="2.2mm_medium/base.cpp" linenumber="49" name="tmp_3" contextFuncName="kernel_2mm_base" moduleName="kernel_2mm_base" rtlName="kernel_2mm_base_fcud_U2" latency="2" BRAM="-1" DSP="-1" FF="-1" LUT="-1" fileDirectory="C:\Users\GregRoom\AppData\Roaming\Xilinx\Vivado"><\/item>
<item  id="65" filename="2.2mm_medium/base.cpp" linenumber="49" name="tmp_4" contextFuncName="kernel_2mm_base" moduleName="kernel_2mm_base" rtlName="kernel_2mm_base_fbkb_U1" latency="3" BRAM="-1" DSP="-1" FF="-1" LUT="-1" fileDirectory="C:\Users\GregRoom\AppData\Roaming\Xilinx\Vivado"><\/item>
<item  id="77" filename="2.2mm_medium/base.cpp" linenumber="53" name="add_ln53" contextFuncName="kernel_2mm_base" moduleName="kernel_2mm_base" rtlName="add_ln53_fu_416_p2" latency="0" BRAM="-1" DSP="-1" FF="0" LUT="16" fileDirectory="C:\Users\GregRoom\AppData\Roaming\Xilinx\Vivado"><\/item>
<item  id="78" filename="2.2mm_medium/base.cpp" linenumber="53" name="add_ln53_1" contextFuncName="kernel_2mm_base" moduleName="kernel_2mm_base" rtlName="add_ln53_1_fu_422_p2" latency="0" BRAM="-1" DSP="-1" FF="0" LUT="16" fileDirectory="C:\Users\GregRoom\AppData\Roaming\Xilinx\Vivado"><\/item>
<item  id="79" filename="2.2mm_medium/base.cpp" linenumber="53" name="icmp_ln53" contextFuncName="kernel_2mm_base" moduleName="kernel_2mm_base" rtlName="icmp_ln53_fu_428_p2" latency="0" BRAM="-1" DSP="-1" FF="0" LUT="4" fileDirectory="C:\Users\GregRoom\AppData\Roaming\Xilinx\Vivado"><\/item>
<item  id="81" filename="2.2mm_medium/base.cpp" linenumber="53" name="i_2" contextFuncName="kernel_2mm_base" moduleName="kernel_2mm_base" rtlName="i_2_fu_434_p2" latency="0" BRAM="-1" DSP="-1" FF="0" LUT="8" fileDirectory="C:\Users\GregRoom\AppData\Roaming\Xilinx\Vivado"><\/item>
<item  id="87" filename="2.2mm_medium/base.cpp" linenumber="54" name="icmp_ln54" contextFuncName="kernel_2mm_base" moduleName="kernel_2mm_base" rtlName="icmp_ln54_fu_440_p2" latency="0" BRAM="-1" DSP="-1" FF="0" LUT="4" fileDirectory="C:\Users\GregRoom\AppData\Roaming\Xilinx\Vivado"><\/item>
<item  id="89" filename="2.2mm_medium/base.cpp" linenumber="54" name="j_2" contextFuncName="kernel_2mm_base" moduleName="kernel_2mm_base" rtlName="j_2_fu_446_p2" latency="0" BRAM="-1" DSP="-1" FF="0" LUT="8" fileDirectory="C:\Users\GregRoom\AppData\Roaming\Xilinx\Vivado"><\/item>
<item  id="92" filename="2.2mm_medium/base.cpp" linenumber="55" name="zext_ln55" contextFuncName="kernel_2mm_base" moduleName="kernel_2mm_base" rtlName="zext_ln55_fu_452_p1" latency="0" BRAM="-1" DSP="-1" FF="-1" LUT="-1" fileDirectory="C:\Users\GregRoom\AppData\Roaming\Xilinx\Vivado"><\/item>
<item  id="93" filename="2.2mm_medium/base.cpp" linenumber="55" name="add_ln55" contextFuncName="kernel_2mm_base" moduleName="kernel_2mm_base" rtlName="add_ln55_fu_456_p2" latency="0" BRAM="-1" DSP="-1" FF="0" LUT="16" fileDirectory="C:\Users\GregRoom\AppData\Roaming\Xilinx\Vivado"><\/item>
<item  id="94" filename="2.2mm_medium/base.cpp" linenumber="55" name="zext_ln55_1" contextFuncName="kernel_2mm_base" moduleName="kernel_2mm_base" rtlName="zext_ln55_1_fu_462_p1" latency="0" BRAM="-1" DSP="-1" FF="-1" LUT="-1" fileDirectory="C:\Users\GregRoom\AppData\Roaming\Xilinx\Vivado"><\/item>
<item  id="97" filename="2.2mm_medium/base.cpp" linenumber="55" name="tmp_1" contextFuncName="kernel_2mm_base" moduleName="kernel_2mm_base" rtlName="kernel_2mm_base_fcud_U2" latency="2" BRAM="-1" DSP="-1" FF="-1" LUT="-1" fileDirectory="C:\Users\GregRoom\AppData\Roaming\Xilinx\Vivado"><\/item>
<item  id="104" filename="2.2mm_medium/base.cpp" linenumber="56" name="icmp_ln56" contextFuncName="kernel_2mm_base" moduleName="kernel_2mm_base" rtlName="icmp_ln56_fu_467_p2" latency="0" BRAM="-1" DSP="-1" FF="0" LUT="4" fileDirectory="C:\Users\GregRoom\AppData\Roaming\Xilinx\Vivado"><\/item>
<item  id="106" filename="2.2mm_medium/base.cpp" linenumber="56" name="k_2" contextFuncName="kernel_2mm_base" moduleName="kernel_2mm_base" rtlName="k_2_fu_473_p2" latency="0" BRAM="-1" DSP="-1" FF="0" LUT="8" fileDirectory="C:\Users\GregRoom\AppData\Roaming\Xilinx\Vivado"><\/item>
<item  id="109" filename="2.2mm_medium/base.cpp" linenumber="57" name="zext_ln57" contextFuncName="kernel_2mm_base" moduleName="kernel_2mm_base" rtlName="zext_ln57_fu_479_p1" latency="0" BRAM="-1" DSP="-1" FF="-1" LUT="-1" fileDirectory="C:\Users\GregRoom\AppData\Roaming\Xilinx\Vivado"><\/item>
<item  id="110" filename="2.2mm_medium/base.cpp" linenumber="57" name="add_ln57" contextFuncName="kernel_2mm_base" moduleName="kernel_2mm_base" rtlName="add_ln57_fu_483_p2" latency="0" BRAM="-1" DSP="-1" FF="0" LUT="16" fileDirectory="C:\Users\GregRoom\AppData\Roaming\Xilinx\Vivado"><\/item>
<item  id="111" filename="2.2mm_medium/base.cpp" linenumber="57" name="zext_ln57_1" contextFuncName="kernel_2mm_base" moduleName="kernel_2mm_base" rtlName="zext_ln57_1_fu_489_p1" latency="0" BRAM="-1" DSP="-1" FF="-1" LUT="-1" fileDirectory="C:\Users\GregRoom\AppData\Roaming\Xilinx\Vivado"><\/item>
<item  id="113" filename="2.2mm_medium/base.cpp" linenumber="57" name="add_ln57_2" contextFuncName="kernel_2mm_base" moduleName="kernel_2mm_base" rtlName="add_ln57_2_fu_494_p2" latency="0" BRAM="-1" DSP="-1" FF="0" LUT="16" fileDirectory="C:\Users\GregRoom\AppData\Roaming\Xilinx\Vivado"><\/item>
<item  id="114" filename="2.2mm_medium/base.cpp" linenumber="57" name="add_ln57_1" contextFuncName="kernel_2mm_base" moduleName="kernel_2mm_base" rtlName="add_ln57_1_fu_500_p2" latency="0" BRAM="-1" DSP="-1" FF="0" LUT="16" fileDirectory="C:\Users\GregRoom\AppData\Roaming\Xilinx\Vivado"><\/item>
<item  id="115" filename="2.2mm_medium/base.cpp" linenumber="57" name="zext_ln57_2" contextFuncName="kernel_2mm_base" moduleName="kernel_2mm_base" rtlName="zext_ln57_2_fu_505_p1" latency="0" BRAM="-1" DSP="-1" FF="-1" LUT="-1" fileDirectory="C:\Users\GregRoom\AppData\Roaming\Xilinx\Vivado"><\/item>
<item  id="119" filename="2.2mm_medium/base.cpp" linenumber="57" name="tmp_5" contextFuncName="kernel_2mm_base" moduleName="kernel_2mm_base" rtlName="kernel_2mm_base_fcud_U2" latency="2" BRAM="-1" DSP="-1" FF="-1" LUT="-1" fileDirectory="C:\Users\GregRoom\AppData\Roaming\Xilinx\Vivado"><\/item>
<item  id="120" filename="2.2mm_medium/base.cpp" linenumber="57" name="tmp_6" contextFuncName="kernel_2mm_base" moduleName="kernel_2mm_base" rtlName="kernel_2mm_base_fbkb_U1" latency="3" BRAM="-1" DSP="-1" FF="-1" LUT="-1" fileDirectory="C:\Users\GregRoom\AppData\Roaming\Xilinx\Vivado"><\/item>
<\/annotationInfo>
</annotationInfo>
