<profile>

<section name = "Vivado HLS Report for 'kernel_2mm_base'" level="0">
<item name = "Date">Fri Jan 27 17:08:49 2023
</item>
<item name = "Version">2019.2 (Build 2704478 on Wed Nov 06 22:10:23 MST 2019)</item>
<item name = "Project">2.2mm_medium</item>
<item name = "Solution">base</item>
<item name = "Product family">zynq</item>
<item name = "Target device">xc7z045-ffg900-2</item>
</section>

<section name = "Performance Estimates" level="0">
<item name = "Timing">
<section name = "" level="1">
<item name = "Summary"><table name="" hasTotal="0">
<keys size="4">Clock, Target, Estimated, Uncertainty</keys>
<column name="ap_clk">10.00 ns, 8.588 ns, 1.25 ns</column>
</table>
</item>
</section>
</item>
<item name = "Latency">
<section name = "" level="1">
<item name = "Summary"><table name="" hasTotal="0">
<keys size="8">, min, max, min, max, min, max, Type</keys>
<column name="">154246322, 154246322, 1.542 sec, 1.542 sec, 154246322, 154246322, none</column>
</table>
</item>
<item name = "Detail">
<section name = "" level="1">
<item name = "Instance"><table name="" hasTotal="0">
<keys size="9">Instance, Module, min, max, min, max, min, max, Type</keys>
</table>
</item>
<item name = "Loop"><table name="" hasTotal="0">
<keys size="8">Loop Name, min, max, Latency, achieved, target, Count, Pipelined</keys>
<column name="- Loop 1">86252760, 86252760, 479182, -, -, 180, no</column>
<column name=" + Loop 1.1">479180, 479180, 2522, -, -, 190, no</column>
<column name="  ++ Loop 1.1.1">2520, 2520, 12, -, -, 210, no</column>
<column name="- Loop 2">67993560, 67993560, 377742, -, -, 180, no</column>
<column name=" + Loop 2.1">377740, 377740, 1717, -, -, 220, no</column>
<column name="  ++ Loop 2.1.1">1710, 1710, 9, -, -, 190, no</column>
</table>
</item>
</section>
</item>
</section>
</item>
</section>
</profile>
