<profile>

<section name = "Vivado HLS Report for 'kernel_2mm_base'" level="0">
<item name = "Date">Fri Jan 27 17:08:49 2023
</item>
<item name = "Version">2019.2 (Build 2704478 on Wed Nov 06 22:10:23 MST 2019)</item>
<item name = "Project">2.2mm_medium</item>
<item name = "Solution">base</item>
<item name = "Product family">zynq</item>
<item name = "Target device">xc7z045-ffg900-2</item>
</section>

<section name = "Performance Estimates" level="0">
<item name = "Timing">
<section name = "" level="1">
<item name = "Summary"><table name="" hasTotal="0">
<keys size="4">Clock, Target, Estimated, Uncertainty</keys>
<column name="ap_clk">10.00 ns, 8.588 ns, 1.25 ns</column>
</table>
</item>
</section>
</item>
<item name = "Latency">
<section name = "" level="1">
<item name = "Summary"><table name="" hasTotal="0">
<keys size="8">, min, max, min, max, min, max, Type</keys>
<column name="">154246322, 154246322, 1.542 sec, 1.542 sec, 154246322, 154246322, none</column>
</table>
</item>
<item name = "Detail">
<section name = "" level="1">
<item name = "Instance"><table name="" hasTotal="0">
<keys size="9">Instance, Module, min, max, min, max, min, max, Type</keys>
</table>
</item>
<item name = "Loop"><table name="" hasTotal="0">
<keys size="8">Loop Name, min, max, Latency, achieved, target, Count, Pipelined</keys>
<column name="- Loop 1">86252760, 86252760, 479182, -, -, 180, no</column>
<column name=" + Loop 1.1">479180, 479180, 2522, -, -, 190, no</column>
<column name="  ++ Loop 1.1.1">2520, 2520, 12, -, -, 210, no</column>
<column name="- Loop 2">67993560, 67993560, 377742, -, -, 180, no</column>
<column name=" + Loop 2.1">377740, 377740, 1717, -, -, 220, no</column>
<column name="  ++ Loop 2.1.1">1710, 1710, 9, -, -, 190, no</column>
</table>
</item>
</section>
</item>
</section>
</item>
</section>

<section name = "Utilization Estimates" level="0">
<item name = "Summary"><table name="" hasTotal="1">
<keys size="6">Name, BRAM_18K, DSP48E, FF, LUT, URAM</keys>
<column name="DSP">-, -, -, -, -</column>
<column name="Expression">-, -, 0, 264, -</column>
<column name="FIFO">-, -, -, -, -</column>
<column name="Instance">-, 5, 355, 724, -</column>
<column name="Memory">-, -, -, -, -</column>
<column name="Multiplexer">-, -, -, 73, -</column>
<column name="Register">-, -, 671, -, -</column>
<specialColumn name="Available">1090, 900, 437200, 218600, 0</specialColumn>
<specialColumn name="Utilization (%)">0, ~0, ~0, ~0, 0</specialColumn>
</table>
</item>
<item name = "Detail">
<section name = "" level="1">
<item name = "Instance"><table name="" hasTotal="1">
<keys size="7">Instance, Module, BRAM_18K, DSP48E, FF, LUT, URAM</keys>
<column name="kernel_2mm_base_fbkb_U1">kernel_2mm_base_fbkb, 0, 2, 227, 404, 0</column>
<column name="kernel_2mm_base_fcud_U2">kernel_2mm_base_fcud, 0, 3, 128, 320, 0</column>
</table>
</item>
<item name = "DSP48E"><table name="" hasTotal="0">
<keys size="3">Instance, Module, Expression</keys>
</table>
</item>
<item name = "Memory"><table name="" hasTotal="1">
<keys size="10">Memory, Module, BRAM_18K, FF, LUT, URAM, Words, Bits, Banks, W*Bits*Banks</keys>
</table>
</item>
<item name = "FIFO"><table name="" hasTotal="1">
<keys size="8">Name, BRAM_18K, FF, LUT, URAM, Depth, Bits, Size:D*B</keys>
</table>
</item>
<item name = "Expression"><table name="" hasTotal="1">
<keys size="7">Variable Name, Operation, DSP48E, FF, LUT, Bitwidth P0, Bitwidth P1</keys>
<column name="add_ln45_1_fu_329_p2">+, 0, 0, 16, 16, 8</column>
<column name="add_ln45_fu_323_p2">+, 0, 0, 16, 16, 8</column>
<column name="add_ln47_fu_363_p2">+, 0, 0, 16, 16, 16</column>
<column name="add_ln49_1_fu_407_p2">+, 0, 0, 16, 16, 16</column>
<column name="add_ln49_2_fu_401_p2">+, 0, 0, 16, 16, 8</column>
<column name="add_ln49_fu_390_p2">+, 0, 0, 16, 16, 16</column>
<column name="add_ln53_1_fu_422_p2">+, 0, 0, 16, 16, 8</column>
<column name="add_ln53_fu_416_p2">+, 0, 0, 16, 16, 8</column>
<column name="add_ln55_fu_456_p2">+, 0, 0, 16, 16, 16</column>
<column name="add_ln57_1_fu_500_p2">+, 0, 0, 16, 16, 16</column>
<column name="add_ln57_2_fu_494_p2">+, 0, 0, 16, 16, 8</column>
<column name="add_ln57_fu_483_p2">+, 0, 0, 16, 16, 16</column>
<column name="i_2_fu_434_p2">+, 0, 0, 8, 8, 1</column>
<column name="i_fu_341_p2">+, 0, 0, 8, 8, 1</column>
<column name="j_2_fu_446_p2">+, 0, 0, 8, 8, 1</column>
<column name="j_fu_353_p2">+, 0, 0, 8, 8, 1</column>
<column name="k_2_fu_473_p2">+, 0, 0, 8, 8, 1</column>
<column name="k_fu_380_p2">+, 0, 0, 8, 8, 1</column>
<column name="icmp_ln45_fu_335_p2">icmp, 0, 0, 4, 8, 8</column>
<column name="icmp_ln46_fu_347_p2">icmp, 0, 0, 4, 8, 8</column>
<column name="icmp_ln48_fu_374_p2">icmp, 0, 0, 4, 8, 7</column>
<column name="icmp_ln53_fu_428_p2">icmp, 0, 0, 4, 8, 8</column>
<column name="icmp_ln54_fu_440_p2">icmp, 0, 0, 4, 8, 7</column>
<column name="icmp_ln56_fu_467_p2">icmp, 0, 0, 4, 8, 8</column>
</table>
</item>
<item name = "Multiplexer"><table name="" hasTotal="1">
<keys size="5">Name, LUT, Input Size, Bits, Total Bits</keys>
<column name="D_address0">3, 3, 16, 48</column>
<column name="ap_NS_fsm">11, 32, 1, 32</column>
<column name="grp_fu_300_p0">3, 3, 32, 96</column>
<column name="grp_fu_300_p1">3, 3, 32, 96</column>
<column name="grp_fu_306_p0">4, 5, 32, 160</column>
<column name="grp_fu_306_p1">4, 5, 32, 160</column>
<column name="i_0_reg_140">3, 2, 8, 16</column>
<column name="i_1_reg_221">3, 2, 8, 16</column>
<column name="j_0_reg_175">3, 2, 8, 16</column>
<column name="j_1_reg_256">3, 2, 8, 16</column>
<column name="k_0_reg_199">3, 2, 8, 16</column>
<column name="k_1_reg_278">3, 2, 8, 16</column>
<column name="phi_mul1_reg_151">3, 2, 16, 32</column>
<column name="phi_mul3_reg_163">3, 2, 16, 32</column>
<column name="phi_mul5_reg_289">3, 2, 16, 32</column>
<column name="phi_mul7_reg_232">3, 2, 16, 32</column>
<column name="phi_mul9_reg_244">3, 2, 16, 32</column>
<column name="phi_mul_reg_210">3, 2, 16, 32</column>
<column name="storemerge11_reg_267">3, 2, 32, 64</column>
<column name="storemerge_reg_186">3, 2, 32, 64</column>
<column name="tmp_address0">3, 3, 16, 48</column>
</table>
</item>
<item name = "Register"><table name="" hasTotal="1">
<keys size="5">Name, FF, LUT, Bits, Const Bits</keys>
<column name="A_load_reg_579">32, 0, 32, 0</column>
<column name="B_load_reg_589">32, 0, 32, 0</column>
<column name="C_load_reg_663">32, 0, 32, 0</column>
<column name="D_addr_reg_625">16, 0, 16, 0</column>
<column name="D_load_reg_630">32, 0, 32, 0</column>
<column name="add_ln45_1_reg_525">16, 0, 16, 0</column>
<column name="add_ln45_reg_520">16, 0, 16, 0</column>
<column name="add_ln49_1_reg_574">16, 0, 16, 0</column>
<column name="add_ln49_2_reg_569">16, 0, 16, 0</column>
<column name="add_ln53_1_reg_599">16, 0, 16, 0</column>
<column name="add_ln53_reg_594">16, 0, 16, 0</column>
<column name="add_ln57_2_reg_648">16, 0, 16, 0</column>
<column name="ap_CS_fsm">31, 0, 31, 0</column>
<column name="empty_7_reg_658">32, 0, 32, 0</column>
<column name="i_0_reg_140">8, 0, 8, 0</column>
<column name="i_1_reg_221">8, 0, 8, 0</column>
<column name="i_2_reg_607">8, 0, 8, 0</column>
<column name="i_reg_533">8, 0, 8, 0</column>
<column name="j_0_reg_175">8, 0, 8, 0</column>
<column name="j_1_reg_256">8, 0, 8, 0</column>
<column name="j_2_reg_615">8, 0, 8, 0</column>
<column name="j_reg_541">8, 0, 8, 0</column>
<column name="k_0_reg_199">8, 0, 8, 0</column>
<column name="k_1_reg_278">8, 0, 8, 0</column>
<column name="k_2_reg_638">8, 0, 8, 0</column>
<column name="k_reg_559">8, 0, 8, 0</column>
<column name="phi_mul1_reg_151">16, 0, 16, 0</column>
<column name="phi_mul3_reg_163">16, 0, 16, 0</column>
<column name="phi_mul5_reg_289">16, 0, 16, 0</column>
<column name="phi_mul7_reg_232">16, 0, 16, 0</column>
<column name="phi_mul9_reg_244">16, 0, 16, 0</column>
<column name="phi_mul_reg_210">16, 0, 16, 0</column>
<column name="reg_310">32, 0, 32, 0</column>
<column name="storemerge11_reg_267">32, 0, 32, 0</column>
<column name="storemerge_reg_186">32, 0, 32, 0</column>
<column name="tmp_5_reg_668">32, 0, 32, 0</column>
<column name="tmp_addr_reg_551">16, 0, 16, 0</column>
<column name="zext_ln47_reg_546">8, 0, 16, 8</column>
<column name="zext_ln55_reg_620">8, 0, 16, 8</column>
</table>
</item>
</section>
</item>
</section>

<section name = "Interface" level="0">
<item name = "Summary"><table name="" hasTotal="0">
<keys size="6">RTL Ports, Dir, Bits, Protocol, Source Object, C Type</keys>
<column name="ap_clk">in, 1, ap_ctrl_hs, kernel_2mm_base, return value</column>
<column name="ap_rst">in, 1, ap_ctrl_hs, kernel_2mm_base, return value</column>
<column name="ap_start">in, 1, ap_ctrl_hs, kernel_2mm_base, return value</column>
<column name="ap_done">out, 1, ap_ctrl_hs, kernel_2mm_base, return value</column>
<column name="ap_idle">out, 1, ap_ctrl_hs, kernel_2mm_base, return value</column>
<column name="ap_ready">out, 1, ap_ctrl_hs, kernel_2mm_base, return value</column>
<column name="alpha">in, 32, ap_none, alpha, scalar</column>
<column name="beta">in, 32, ap_none, beta, scalar</column>
<column name="tmp_address0">out, 16, ap_memory, tmp, array</column>
<column name="tmp_ce0">out, 1, ap_memory, tmp, array</column>
<column name="tmp_we0">out, 1, ap_memory, tmp, array</column>
<column name="tmp_d0">out, 32, ap_memory, tmp, array</column>
<column name="tmp_q0">in, 32, ap_memory, tmp, array</column>
<column name="A_address0">out, 16, ap_memory, A, array</column>
<column name="A_ce0">out, 1, ap_memory, A, array</column>
<column name="A_q0">in, 32, ap_memory, A, array</column>
<column name="B_address0">out, 16, ap_memory, B, array</column>
<column name="B_ce0">out, 1, ap_memory, B, array</column>
<column name="B_q0">in, 32, ap_memory, B, array</column>
<column name="C_address0">out, 16, ap_memory, C, array</column>
<column name="C_ce0">out, 1, ap_memory, C, array</column>
<column name="C_q0">in, 32, ap_memory, C, array</column>
<column name="D_address0">out, 16, ap_memory, D, array</column>
<column name="D_ce0">out, 1, ap_memory, D, array</column>
<column name="D_we0">out, 1, ap_memory, D, array</column>
<column name="D_d0">out, 32, ap_memory, D, array</column>
<column name="D_q0">in, 32, ap_memory, D, array</column>
</table>
</item>
</section>
</profile>
