<stg><name>kernel_2mm_base</name>


<trans_list>

<trans id="153" from="1" to="2">
<condition id="-1">
<or_exp><and_exp></and_exp></or_exp>
</condition>
</trans>

<trans id="154" from="2" to="3">
<condition id="-1">
<or_exp><and_exp><literal name="icmp_ln45" val="0"/>
</and_exp></or_exp>
</condition>
</trans>

<trans id="171" from="2" to="16">
<condition id="-1">
<or_exp><and_exp><literal name="icmp_ln45" val="1"/>
</and_exp></or_exp>
</condition>
</trans>

<trans id="155" from="3" to="4">
<condition id="-1">
<or_exp><and_exp><literal name="icmp_ln46" val="0"/>
</and_exp></or_exp>
</condition>
</trans>

<trans id="170" from="3" to="2">
<condition id="-1">
<or_exp><and_exp><literal name="icmp_ln46" val="1"/>
</and_exp></or_exp>
</condition>
</trans>

<trans id="156" from="4" to="5">
<condition id="-1">
<or_exp><and_exp><literal name="icmp_ln48" val="0"/>
</and_exp></or_exp>
</condition>
</trans>

<trans id="169" from="4" to="3">
<condition id="-1">
<or_exp><and_exp><literal name="icmp_ln48" val="1"/>
</and_exp></or_exp>
</condition>
</trans>

<trans id="158" from="5" to="6">
<condition id="-1">
<or_exp><and_exp></and_exp></or_exp>
</condition>
</trans>

<trans id="159" from="6" to="7">
<condition id="-1">
<or_exp><and_exp></and_exp></or_exp>
</condition>
</trans>

<trans id="160" from="7" to="8">
<condition id="-1">
<or_exp><and_exp></and_exp></or_exp>
</condition>
</trans>

<trans id="161" from="8" to="9">
<condition id="-1">
<or_exp><and_exp></and_exp></or_exp>
</condition>
</trans>

<trans id="162" from="9" to="10">
<condition id="-1">
<or_exp><and_exp></and_exp></or_exp>
</condition>
</trans>

<trans id="163" from="10" to="11">
<condition id="-1">
<or_exp><and_exp></and_exp></or_exp>
</condition>
</trans>

<trans id="164" from="11" to="12">
<condition id="-1">
<or_exp><and_exp></and_exp></or_exp>
</condition>
</trans>

<trans id="165" from="12" to="13">
<condition id="-1">
<or_exp><and_exp></and_exp></or_exp>
</condition>
</trans>

<trans id="166" from="13" to="14">
<condition id="-1">
<or_exp><and_exp></and_exp></or_exp>
</condition>
</trans>

<trans id="167" from="14" to="15">
<condition id="-1">
<or_exp><and_exp></and_exp></or_exp>
</condition>
</trans>

<trans id="168" from="15" to="4">
<condition id="-1">
<or_exp><and_exp></and_exp></or_exp>
</condition>
</trans>

<trans id="172" from="16" to="17">
<condition id="-1">
<or_exp><and_exp><literal name="icmp_ln53" val="0"/>
</and_exp></or_exp>
</condition>
</trans>

<trans id="173" from="17" to="18">
<condition id="-1">
<or_exp><and_exp><literal name="icmp_ln54" val="0"/>
</and_exp></or_exp>
</condition>
</trans>

<trans id="191" from="17" to="16">
<condition id="-1">
<or_exp><and_exp><literal name="icmp_ln54" val="1"/>
</and_exp></or_exp>
</condition>
</trans>

<trans id="175" from="18" to="19">
<condition id="-1">
<or_exp><and_exp></and_exp></or_exp>
</condition>
</trans>

<trans id="176" from="19" to="20">
<condition id="-1">
<or_exp><and_exp></and_exp></or_exp>
</condition>
</trans>

<trans id="177" from="20" to="21">
<condition id="-1">
<or_exp><and_exp></and_exp></or_exp>
</condition>
</trans>

<trans id="178" from="21" to="22">
<condition id="-1">
<or_exp><and_exp></and_exp></or_exp>
</condition>
</trans>

<trans id="179" from="22" to="23">
<condition id="-1">
<or_exp><and_exp></and_exp></or_exp>
</condition>
</trans>

<trans id="180" from="23" to="24">
<condition id="-1">
<or_exp><and_exp><literal name="icmp_ln56" val="0"/>
</and_exp></or_exp>
</condition>
</trans>

<trans id="190" from="23" to="17">
<condition id="-1">
<or_exp><and_exp><literal name="icmp_ln56" val="1"/>
</and_exp></or_exp>
</condition>
</trans>

<trans id="182" from="24" to="25">
<condition id="-1">
<or_exp><and_exp></and_exp></or_exp>
</condition>
</trans>

<trans id="183" from="25" to="26">
<condition id="-1">
<or_exp><and_exp></and_exp></or_exp>
</condition>
</trans>

<trans id="184" from="26" to="27">
<condition id="-1">
<or_exp><and_exp></and_exp></or_exp>
</condition>
</trans>

<trans id="185" from="27" to="28">
<condition id="-1">
<or_exp><and_exp></and_exp></or_exp>
</condition>
</trans>

<trans id="186" from="28" to="29">
<condition id="-1">
<or_exp><and_exp></and_exp></or_exp>
</condition>
</trans>

<trans id="187" from="29" to="30">
<condition id="-1">
<or_exp><and_exp></and_exp></or_exp>
</condition>
</trans>

<trans id="188" from="30" to="31">
<condition id="-1">
<or_exp><and_exp></and_exp></or_exp>
</condition>
</trans>

<trans id="189" from="31" to="23">
<condition id="-1">
<or_exp><and_exp></and_exp></or_exp>
</condition>
</trans>
</trans_list>



<state_list>

<state id="1" st_id="1">

<operation id="32" st_id="1" stage="1" lat="1">
<core>NULL</core>
<MemPortIdVec></MemPortIdVec>
<condition id="-1">
<or_exp><and_exp></and_exp></or_exp>
</condition>

<Node id="8" bw="0" op_0_bw="0" op_1_bw="32">
<![CDATA[
:0  call void (...)* @_ssdm_op_SpecBitsMap(float %alpha) nounwind, !map !9

]]></Node>
<StgValue><ssdm name="specbitsmap_ln0"/></StgValue>
</operation>

<operation id="33" st_id="1" stage="1" lat="1">
<core>NULL</core>
<MemPortIdVec></MemPortIdVec>
<condition id="-1">
<or_exp><and_exp></and_exp></or_exp>
</condition>

<Node id="9" bw="0" op_0_bw="0" op_1_bw="32">
<![CDATA[
:1  call void (...)* @_ssdm_op_SpecBitsMap(float %beta) nounwind, !map !15

]]></Node>
<StgValue><ssdm name="specbitsmap_ln0"/></StgValue>
</operation>

<operation id="34" st_id="1" stage="1" lat="1">
<core>NULL</core>
<MemPortIdVec></MemPortIdVec>
<condition id="-1">
<or_exp><and_exp></and_exp></or_exp>
</condition>

<Node id="10" bw="0" op_0_bw="0" op_1_bw="32">
<![CDATA[
:2  call void (...)* @_ssdm_op_SpecBitsMap([34200 x float]* %tmp) nounwind, !map !19

]]></Node>
<StgValue><ssdm name="specbitsmap_ln0"/></StgValue>
</operation>

<operation id="35" st_id="1" stage="1" lat="1">
<core>NULL</core>
<MemPortIdVec></MemPortIdVec>
<condition id="-1">
<or_exp><and_exp></and_exp></or_exp>
</condition>

<Node id="11" bw="0" op_0_bw="0" op_1_bw="32">
<![CDATA[
:3  call void (...)* @_ssdm_op_SpecBitsMap([37800 x float]* %A) nounwind, !map !26

]]></Node>
<StgValue><ssdm name="specbitsmap_ln0"/></StgValue>
</operation>

<operation id="36" st_id="1" stage="1" lat="1">
<core>NULL</core>
<MemPortIdVec></MemPortIdVec>
<condition id="-1">
<or_exp><and_exp></and_exp></or_exp>
</condition>

<Node id="12" bw="0" op_0_bw="0" op_1_bw="32">
<![CDATA[
:4  call void (...)* @_ssdm_op_SpecBitsMap([39900 x float]* %B) nounwind, !map !32

]]></Node>
<StgValue><ssdm name="specbitsmap_ln0"/></StgValue>
</operation>

<operation id="37" st_id="1" stage="1" lat="1">
<core>NULL</core>
<MemPortIdVec></MemPortIdVec>
<condition id="-1">
<or_exp><and_exp></and_exp></or_exp>
</condition>

<Node id="13" bw="0" op_0_bw="0" op_1_bw="32">
<![CDATA[
:5  call void (...)* @_ssdm_op_SpecBitsMap([41800 x float]* %C) nounwind, !map !37

]]></Node>
<StgValue><ssdm name="specbitsmap_ln0"/></StgValue>
</operation>

<operation id="38" st_id="1" stage="1" lat="1">
<core>NULL</core>
<MemPortIdVec></MemPortIdVec>
<condition id="-1">
<or_exp><and_exp></and_exp></or_exp>
</condition>

<Node id="14" bw="0" op_0_bw="0" op_1_bw="32">
<![CDATA[
:6  call void (...)* @_ssdm_op_SpecBitsMap([39600 x float]* %D) nounwind, !map !43

]]></Node>
<StgValue><ssdm name="specbitsmap_ln0"/></StgValue>
</operation>

<operation id="39" st_id="1" stage="1" lat="1">
<core>NULL</core>
<MemPortIdVec></MemPortIdVec>
<condition id="-1">
<or_exp><and_exp></and_exp></or_exp>
</condition>

<Node id="15" bw="0" op_0_bw="0" op_1_bw="0">
<![CDATA[
:7  call void (...)* @_ssdm_op_SpecTopModule([16 x i8]* @kernel_2mm_base_str) nounwind

]]></Node>
<StgValue><ssdm name="spectopmodule_ln0"/></StgValue>
</operation>

<operation id="40" st_id="1" stage="1" lat="1">
<core>NULL</core>
<MemPortIdVec></MemPortIdVec>
<condition id="-1">
<or_exp><and_exp></and_exp></or_exp>
</condition>

<Node id="16" bw="32" op_0_bw="32" op_1_bw="32">
<![CDATA[
:8  %beta_read = call float @_ssdm_op_Read.ap_auto.float(float %beta) nounwind

]]></Node>
<StgValue><ssdm name="beta_read"/></StgValue>
</operation>

<operation id="41" st_id="1" stage="1" lat="1">
<core>NULL</core>
<MemPortIdVec></MemPortIdVec>
<condition id="-1">
<or_exp><and_exp></and_exp></or_exp>
</condition>

<Node id="17" bw="32" op_0_bw="32" op_1_bw="32">
<![CDATA[
:9  %alpha_read = call float @_ssdm_op_Read.ap_auto.float(float %alpha) nounwind

]]></Node>
<StgValue><ssdm name="alpha_read"/></StgValue>
</operation>

<operation id="42" st_id="1" stage="1" lat="1">
<core>NULL</core>
<MemPortIdVec></MemPortIdVec>
<condition id="-1">
<or_exp><and_exp></and_exp></or_exp>
</condition>

<Node id="18" bw="0" op_0_bw="0">
<![CDATA[
:10  br label %.loopexit

]]></Node>
<StgValue><ssdm name="br_ln45"/></StgValue>
</operation>
</state>

<state id="2" st_id="2">

<operation id="43" st_id="2" stage="1" lat="1">
<core>NULL</core>
<MemPortIdVec></MemPortIdVec>
<condition id="-1">
<or_exp><and_exp></and_exp></or_exp>
</condition>

<Node id="20" bw="8" op_0_bw="8" op_1_bw="0" op_2_bw="8" op_3_bw="0">
<![CDATA[
.loopexit:0  %i_0 = phi i8 [ 0, %0 ], [ %i, %.loopexit.loopexit ]

]]></Node>
<StgValue><ssdm name="i_0"/></StgValue>
</operation>

<operation id="44" st_id="2" stage="1" lat="1">
<core>NULL</core>
<MemPortIdVec></MemPortIdVec>
<condition id="-1">
<or_exp><and_exp></and_exp></or_exp>
</condition>

<Node id="21" bw="16" op_0_bw="16" op_1_bw="0" op_2_bw="16" op_3_bw="0">
<![CDATA[
.loopexit:1  %phi_mul1 = phi i16 [ 0, %0 ], [ %add_ln45_1, %.loopexit.loopexit ]

]]></Node>
<StgValue><ssdm name="phi_mul1"/></StgValue>
</operation>

<operation id="45" st_id="2" stage="1" lat="1">
<core>NULL</core>
<MemPortIdVec></MemPortIdVec>
<condition id="-1">
<or_exp><and_exp></and_exp></or_exp>
</condition>

<Node id="22" bw="16" op_0_bw="16" op_1_bw="0" op_2_bw="16" op_3_bw="0">
<![CDATA[
.loopexit:2  %phi_mul3 = phi i16 [ 0, %0 ], [ %add_ln45, %.loopexit.loopexit ]

]]></Node>
<StgValue><ssdm name="phi_mul3"/></StgValue>
</operation>

<operation id="46" st_id="2" stage="1" lat="1">
<core>AddSub</core>
<MemPortIdVec></MemPortIdVec>
<condition id="-1">
<or_exp><and_exp></and_exp></or_exp>
</condition>

<Node id="23" bw="16" op_0_bw="16" op_1_bw="16">
<![CDATA[
.loopexit:3  %add_ln45 = add i16 %phi_mul3, 210

]]></Node>
<StgValue><ssdm name="add_ln45"/></StgValue>
</operation>

<operation id="47" st_id="2" stage="1" lat="1">
<core>AddSub</core>
<MemPortIdVec></MemPortIdVec>
<condition id="-1">
<or_exp><and_exp></and_exp></or_exp>
</condition>

<Node id="24" bw="16" op_0_bw="16" op_1_bw="16">
<![CDATA[
.loopexit:4  %add_ln45_1 = add i16 %phi_mul1, 190

]]></Node>
<StgValue><ssdm name="add_ln45_1"/></StgValue>
</operation>

<operation id="48" st_id="2" stage="1" lat="1">
<core>Cmp</core>
<MemPortIdVec></MemPortIdVec>
<condition id="-1">
<or_exp><and_exp></and_exp></or_exp>
</condition>

<Node id="25" bw="1" op_0_bw="8" op_1_bw="8">
<![CDATA[
.loopexit:5  %icmp_ln45 = icmp eq i8 %i_0, -76

]]></Node>
<StgValue><ssdm name="icmp_ln45"/></StgValue>
</operation>

<operation id="49" st_id="2" stage="1" lat="1">
<core>NULL</core>
<MemPortIdVec></MemPortIdVec>
<condition id="-1">
<or_exp><and_exp></and_exp></or_exp>
</condition>

<Node id="26" bw="32" op_0_bw="32" op_1_bw="64" op_2_bw="64" op_3_bw="64">
<![CDATA[
.loopexit:6  %empty = call i32 (...)* @_ssdm_op_SpecLoopTripCount(i64 180, i64 180, i64 180) nounwind

]]></Node>
<StgValue><ssdm name="empty"/></StgValue>
</operation>

<operation id="50" st_id="2" stage="1" lat="1">
<core>AddSub</core>
<MemPortIdVec></MemPortIdVec>
<condition id="-1">
<or_exp><and_exp></and_exp></or_exp>
</condition>

<Node id="27" bw="8" op_0_bw="8" op_1_bw="8">
<![CDATA[
.loopexit:7  %i = add i8 %i_0, 1

]]></Node>
<StgValue><ssdm name="i"/></StgValue>
</operation>

<operation id="51" st_id="2" stage="1" lat="1">
<core>NULL</core>
<MemPortIdVec></MemPortIdVec>
<condition id="-1">
<or_exp><and_exp></and_exp></or_exp>
</condition>

<Node id="28" bw="0" op_0_bw="1" op_1_bw="0" op_2_bw="0">
<![CDATA[
.loopexit:8  br i1 %icmp_ln45, label %.preheader1.preheader, label %.preheader2.preheader

]]></Node>
<StgValue><ssdm name="br_ln45"/></StgValue>
</operation>

<operation id="52" st_id="2" stage="1" lat="1">
<core>NULL</core>
<MemPortIdVec></MemPortIdVec>
<condition id="-1">
<or_exp><and_exp><literal name="icmp_ln45" val="0"/>
</and_exp></or_exp>
</condition>

<Node id="30" bw="0" op_0_bw="0">
<![CDATA[
.preheader2.preheader:0  br label %.preheader2

]]></Node>
<StgValue><ssdm name="br_ln46"/></StgValue>
</operation>

<operation id="53" st_id="2" stage="1" lat="1">
<core>NULL</core>
<MemPortIdVec></MemPortIdVec>
<condition id="-1">
<or_exp><and_exp><literal name="icmp_ln45" val="1"/>
</and_exp></or_exp>
</condition>

<Node id="72" bw="0" op_0_bw="0">
<![CDATA[
.preheader1.preheader:0  br label %.preheader1

]]></Node>
<StgValue><ssdm name="br_ln53"/></StgValue>
</operation>
</state>

<state id="3" st_id="3">

<operation id="54" st_id="3" stage="1" lat="1">
<core>NULL</core>
<MemPortIdVec></MemPortIdVec>
<condition id="-1">
<or_exp><and_exp></and_exp></or_exp>
</condition>

<Node id="32" bw="8" op_0_bw="8" op_1_bw="0" op_2_bw="8" op_3_bw="0">
<![CDATA[
.preheader2:0  %j_0 = phi i8 [ %j, %.preheader2.loopexit ], [ 0, %.preheader2.preheader ]

]]></Node>
<StgValue><ssdm name="j_0"/></StgValue>
</operation>

<operation id="55" st_id="3" stage="1" lat="1">
<core>Cmp</core>
<MemPortIdVec></MemPortIdVec>
<condition id="-1">
<or_exp><and_exp></and_exp></or_exp>
</condition>

<Node id="33" bw="1" op_0_bw="8" op_1_bw="8">
<![CDATA[
.preheader2:1  %icmp_ln46 = icmp eq i8 %j_0, -66

]]></Node>
<StgValue><ssdm name="icmp_ln46"/></StgValue>
</operation>

<operation id="56" st_id="3" stage="1" lat="1">
<core>NULL</core>
<MemPortIdVec></MemPortIdVec>
<condition id="-1">
<or_exp><and_exp></and_exp></or_exp>
</condition>

<Node id="34" bw="32" op_0_bw="32" op_1_bw="64" op_2_bw="64" op_3_bw="64">
<![CDATA[
.preheader2:2  %empty_2 = call i32 (...)* @_ssdm_op_SpecLoopTripCount(i64 190, i64 190, i64 190) nounwind

]]></Node>
<StgValue><ssdm name="empty_2"/></StgValue>
</operation>

<operation id="57" st_id="3" stage="1" lat="1">
<core>AddSub</core>
<MemPortIdVec></MemPortIdVec>
<condition id="-1">
<or_exp><and_exp></and_exp></or_exp>
</condition>

<Node id="35" bw="8" op_0_bw="8" op_1_bw="8">
<![CDATA[
.preheader2:3  %j = add i8 %j_0, 1

]]></Node>
<StgValue><ssdm name="j"/></StgValue>
</operation>

<operation id="58" st_id="3" stage="1" lat="1">
<core>NULL</core>
<MemPortIdVec></MemPortIdVec>
<condition id="-1">
<or_exp><and_exp></and_exp></or_exp>
</condition>

<Node id="36" bw="0" op_0_bw="1" op_1_bw="0" op_2_bw="0">
<![CDATA[
.preheader2:4  br i1 %icmp_ln46, label %.loopexit.loopexit, label %1

]]></Node>
<StgValue><ssdm name="br_ln46"/></StgValue>
</operation>

<operation id="59" st_id="3" stage="1" lat="1">
<core>NULL</core>
<MemPortIdVec></MemPortIdVec>
<condition id="-1">
<or_exp><and_exp><literal name="icmp_ln46" val="0"/>
</and_exp></or_exp>
</condition>

<Node id="38" bw="16" op_0_bw="8">
<![CDATA[
:0  %zext_ln47 = zext i8 %j_0 to i16

]]></Node>
<StgValue><ssdm name="zext_ln47"/></StgValue>
</operation>

<operation id="60" st_id="3" stage="1" lat="1">
<core>AddSub</core>
<MemPortIdVec></MemPortIdVec>
<condition id="-1">
<or_exp><and_exp><literal name="icmp_ln46" val="0"/>
</and_exp></or_exp>
</condition>

<Node id="39" bw="16" op_0_bw="16" op_1_bw="16">
<![CDATA[
:1  %add_ln47 = add i16 %phi_mul1, %zext_ln47

]]></Node>
<StgValue><ssdm name="add_ln47"/></StgValue>
</operation>

<operation id="61" st_id="3" stage="1" lat="1">
<core>NULL</core>
<MemPortIdVec></MemPortIdVec>
<condition id="-1">
<or_exp><and_exp><literal name="icmp_ln46" val="0"/>
</and_exp></or_exp>
</condition>

<Node id="40" bw="64" op_0_bw="16">
<![CDATA[
:2  %zext_ln47_1 = zext i16 %add_ln47 to i64

]]></Node>
<StgValue><ssdm name="zext_ln47_1"/></StgValue>
</operation>

<operation id="62" st_id="3" stage="1" lat="1">
<core>NULL</core>
<MemPortIdVec></MemPortIdVec>
<condition id="-1">
<or_exp><and_exp><literal name="icmp_ln46" val="0"/>
</and_exp></or_exp>
</condition>

<Node id="41" bw="16" op_0_bw="32" op_1_bw="64" op_2_bw="64">
<![CDATA[
:3  %tmp_addr = getelementptr [34200 x float]* %tmp, i64 0, i64 %zext_ln47_1

]]></Node>
<StgValue><ssdm name="tmp_addr"/></StgValue>
</operation>

<operation id="63" st_id="3" stage="1" lat="1">
<core>NULL</core>
<MemPortIdVec></MemPortIdVec>
<condition id="-1">
<or_exp><and_exp><literal name="icmp_ln46" val="0"/>
</and_exp></or_exp>
</condition>

<Node id="42" bw="0" op_0_bw="0">
<![CDATA[
:4  br label %2

]]></Node>
<StgValue><ssdm name="br_ln48"/></StgValue>
</operation>

<operation id="64" st_id="3" stage="1" lat="1">
<core>NULL</core>
<MemPortIdVec></MemPortIdVec>
<condition id="-1">
<or_exp><and_exp><literal name="icmp_ln46" val="1"/>
</and_exp></or_exp>
</condition>

<Node id="70" bw="0" op_0_bw="0">
<![CDATA[
.loopexit.loopexit:0  br label %.loopexit

]]></Node>
<StgValue><ssdm name="br_ln0"/></StgValue>
</operation>
</state>

<state id="4" st_id="4">

<operation id="65" st_id="4" stage="1" lat="1">
<core>NULL</core>
<MemPortIdVec></MemPortIdVec>
<condition id="-1">
<or_exp><and_exp></and_exp></or_exp>
</condition>

<Node id="44" bw="32" op_0_bw="32" op_1_bw="0" op_2_bw="32" op_3_bw="0">
<![CDATA[
:0  %storemerge = phi float [ 0.000000e+00, %1 ], [ %tmp_4, %3 ]

]]></Node>
<StgValue><ssdm name="storemerge"/></StgValue>
</operation>

<operation id="66" st_id="4" stage="1" lat="1">
<core>NULL</core>
<MemPortIdVec></MemPortIdVec>
<condition id="-1">
<or_exp><and_exp></and_exp></or_exp>
</condition>

<Node id="45" bw="8" op_0_bw="8" op_1_bw="0" op_2_bw="8" op_3_bw="0">
<![CDATA[
:1  %k_0 = phi i8 [ 0, %1 ], [ %k, %3 ]

]]></Node>
<StgValue><ssdm name="k_0"/></StgValue>
</operation>

<operation id="67" st_id="4" stage="1" lat="1">
<core>NULL</core>
<MemPortIdVec></MemPortIdVec>
<condition id="-1">
<or_exp><and_exp></and_exp></or_exp>
</condition>

<Node id="46" bw="16" op_0_bw="16" op_1_bw="0" op_2_bw="16" op_3_bw="0">
<![CDATA[
:2  %phi_mul = phi i16 [ 0, %1 ], [ %add_ln49_2, %3 ]

]]></Node>
<StgValue><ssdm name="phi_mul"/></StgValue>
</operation>

<operation id="68" st_id="4" stage="1" lat="1">
<core>RAM</core>
<MemPortIdVec></MemPortIdVec>
<condition id="-1">
<or_exp><and_exp></and_exp></or_exp>
</condition>

<Node id="47" bw="0" op_0_bw="32" op_1_bw="16">
<![CDATA[
:3  store float %storemerge, float* %tmp_addr, align 4

]]></Node>
<StgValue><ssdm name="store_ln49"/></StgValue>
</operation>

<operation id="69" st_id="4" stage="1" lat="1">
<core>Cmp</core>
<MemPortIdVec></MemPortIdVec>
<condition id="-1">
<or_exp><and_exp></and_exp></or_exp>
</condition>

<Node id="48" bw="1" op_0_bw="8" op_1_bw="8">
<![CDATA[
:4  %icmp_ln48 = icmp eq i8 %k_0, -46

]]></Node>
<StgValue><ssdm name="icmp_ln48"/></StgValue>
</operation>

<operation id="70" st_id="4" stage="1" lat="1">
<core>NULL</core>
<MemPortIdVec></MemPortIdVec>
<condition id="-1">
<or_exp><and_exp></and_exp></or_exp>
</condition>

<Node id="49" bw="32" op_0_bw="32" op_1_bw="64" op_2_bw="64" op_3_bw="64">
<![CDATA[
:5  %empty_3 = call i32 (...)* @_ssdm_op_SpecLoopTripCount(i64 210, i64 210, i64 210) nounwind

]]></Node>
<StgValue><ssdm name="empty_3"/></StgValue>
</operation>

<operation id="71" st_id="4" stage="1" lat="1">
<core>AddSub</core>
<MemPortIdVec></MemPortIdVec>
<condition id="-1">
<or_exp><and_exp></and_exp></or_exp>
</condition>

<Node id="50" bw="8" op_0_bw="8" op_1_bw="8">
<![CDATA[
:6  %k = add i8 %k_0, 1

]]></Node>
<StgValue><ssdm name="k"/></StgValue>
</operation>

<operation id="72" st_id="4" stage="1" lat="1">
<core>NULL</core>
<MemPortIdVec></MemPortIdVec>
<condition id="-1">
<or_exp><and_exp></and_exp></or_exp>
</condition>

<Node id="51" bw="0" op_0_bw="1" op_1_bw="0" op_2_bw="0">
<![CDATA[
:7  br i1 %icmp_ln48, label %.preheader2.loopexit, label %3

]]></Node>
<StgValue><ssdm name="br_ln48"/></StgValue>
</operation>

<operation id="73" st_id="4" stage="1" lat="1">
<core>NULL</core>
<MemPortIdVec></MemPortIdVec>
<condition id="-1">
<or_exp><and_exp><literal name="icmp_ln48" val="0"/>
</and_exp></or_exp>
</condition>

<Node id="53" bw="16" op_0_bw="8">
<![CDATA[
:0  %zext_ln49 = zext i8 %k_0 to i16

]]></Node>
<StgValue><ssdm name="zext_ln49"/></StgValue>
</operation>

<operation id="74" st_id="4" stage="1" lat="1">
<core>AddSub</core>
<MemPortIdVec></MemPortIdVec>
<condition id="-1">
<or_exp><and_exp><literal name="icmp_ln48" val="0"/>
</and_exp></or_exp>
</condition>

<Node id="54" bw="16" op_0_bw="16" op_1_bw="16">
<![CDATA[
:1  %add_ln49 = add i16 %phi_mul3, %zext_ln49

]]></Node>
<StgValue><ssdm name="add_ln49"/></StgValue>
</operation>

<operation id="75" st_id="4" stage="1" lat="1">
<core>NULL</core>
<MemPortIdVec></MemPortIdVec>
<condition id="-1">
<or_exp><and_exp><literal name="icmp_ln48" val="0"/>
</and_exp></or_exp>
</condition>

<Node id="55" bw="64" op_0_bw="16">
<![CDATA[
:2  %zext_ln49_1 = zext i16 %add_ln49 to i64

]]></Node>
<StgValue><ssdm name="zext_ln49_1"/></StgValue>
</operation>

<operation id="76" st_id="4" stage="1" lat="1">
<core>NULL</core>
<MemPortIdVec></MemPortIdVec>
<condition id="-1">
<or_exp><and_exp><literal name="icmp_ln48" val="0"/>
</and_exp></or_exp>
</condition>

<Node id="56" bw="16" op_0_bw="32" op_1_bw="64" op_2_bw="64">
<![CDATA[
:3  %A_addr = getelementptr [37800 x float]* %A, i64 0, i64 %zext_ln49_1

]]></Node>
<StgValue><ssdm name="A_addr"/></StgValue>
</operation>

<operation id="77" st_id="4" stage="1" lat="1">
<core>AddSub</core>
<MemPortIdVec></MemPortIdVec>
<condition id="-1">
<or_exp><and_exp><literal name="icmp_ln48" val="0"/>
</and_exp></or_exp>
</condition>

<Node id="57" bw="16" op_0_bw="16" op_1_bw="16">
<![CDATA[
:4  %add_ln49_2 = add i16 %phi_mul, 190

]]></Node>
<StgValue><ssdm name="add_ln49_2"/></StgValue>
</operation>

<operation id="78" st_id="4" stage="1" lat="1">
<core>AddSub</core>
<MemPortIdVec></MemPortIdVec>
<condition id="-1">
<or_exp><and_exp><literal name="icmp_ln48" val="0"/>
</and_exp></or_exp>
</condition>

<Node id="58" bw="16" op_0_bw="16" op_1_bw="16">
<![CDATA[
:5  %add_ln49_1 = add i16 %phi_mul, %zext_ln47

]]></Node>
<StgValue><ssdm name="add_ln49_1"/></StgValue>
</operation>

<operation id="79" st_id="4" stage="2" lat="2">
<core>RAM</core>
<MemPortIdVec></MemPortIdVec>
<condition id="-1">
<or_exp><and_exp><literal name="icmp_ln48" val="0"/>
</and_exp></or_exp>
</condition>

<Node id="61" bw="32" op_0_bw="16">
<![CDATA[
:8  %A_load = load float* %A_addr, align 4

]]></Node>
<StgValue><ssdm name="A_load"/></StgValue>
</operation>

<operation id="80" st_id="4" stage="1" lat="1">
<core>NULL</core>
<MemPortIdVec></MemPortIdVec>
<condition id="-1">
<or_exp><and_exp><literal name="icmp_ln48" val="1"/>
</and_exp></or_exp>
</condition>

<Node id="68" bw="0" op_0_bw="0">
<![CDATA[
.preheader2.loopexit:0  br label %.preheader2

]]></Node>
<StgValue><ssdm name="br_ln0"/></StgValue>
</operation>
</state>

<state id="5" st_id="5">

<operation id="81" st_id="5" stage="1" lat="2">
<core>RAM</core>
<MemPortIdVec></MemPortIdVec>
<condition id="-1">
<or_exp><and_exp></and_exp></or_exp>
</condition>

<Node id="61" bw="32" op_0_bw="16">
<![CDATA[
:8  %A_load = load float* %A_addr, align 4

]]></Node>
<StgValue><ssdm name="A_load"/></StgValue>
</operation>
</state>

<state id="6" st_id="6">

<operation id="82" st_id="6" stage="3" lat="3">
<core>FMul</core>
<MemPortIdVec></MemPortIdVec>
<condition id="-1">
<or_exp><and_exp></and_exp></or_exp>
</condition>

<Node id="62" bw="32" op_0_bw="32" op_1_bw="32">
<![CDATA[
:9  %tmp_2 = fmul float %A_load, %alpha_read

]]></Node>
<StgValue><ssdm name="tmp_2"/></StgValue>
</operation>
</state>

<state id="7" st_id="7">

<operation id="83" st_id="7" stage="1" lat="1">
<core>NULL</core>
<MemPortIdVec></MemPortIdVec>
<condition id="-1">
<or_exp><and_exp></and_exp></or_exp>
</condition>

<Node id="59" bw="64" op_0_bw="16">
<![CDATA[
:6  %zext_ln49_2 = zext i16 %add_ln49_1 to i64

]]></Node>
<StgValue><ssdm name="zext_ln49_2"/></StgValue>
</operation>

<operation id="84" st_id="7" stage="1" lat="1">
<core>NULL</core>
<MemPortIdVec></MemPortIdVec>
<condition id="-1">
<or_exp><and_exp></and_exp></or_exp>
</condition>

<Node id="60" bw="16" op_0_bw="32" op_1_bw="64" op_2_bw="64">
<![CDATA[
:7  %B_addr = getelementptr [39900 x float]* %B, i64 0, i64 %zext_ln49_2

]]></Node>
<StgValue><ssdm name="B_addr"/></StgValue>
</operation>

<operation id="85" st_id="7" stage="2" lat="3">
<core>FMul</core>
<MemPortIdVec></MemPortIdVec>
<condition id="-1">
<or_exp><and_exp></and_exp></or_exp>
</condition>

<Node id="62" bw="32" op_0_bw="32" op_1_bw="32">
<![CDATA[
:9  %tmp_2 = fmul float %A_load, %alpha_read

]]></Node>
<StgValue><ssdm name="tmp_2"/></StgValue>
</operation>

<operation id="86" st_id="7" stage="2" lat="2">
<core>RAM</core>
<MemPortIdVec></MemPortIdVec>
<condition id="-1">
<or_exp><and_exp></and_exp></or_exp>
</condition>

<Node id="63" bw="32" op_0_bw="16">
<![CDATA[
:10  %B_load = load float* %B_addr, align 4

]]></Node>
<StgValue><ssdm name="B_load"/></StgValue>
</operation>
</state>

<state id="8" st_id="8">

<operation id="87" st_id="8" stage="1" lat="3">
<core>FMul</core>
<MemPortIdVec></MemPortIdVec>
<condition id="-1">
<or_exp><and_exp></and_exp></or_exp>
</condition>

<Node id="62" bw="32" op_0_bw="32" op_1_bw="32">
<![CDATA[
:9  %tmp_2 = fmul float %A_load, %alpha_read

]]></Node>
<StgValue><ssdm name="tmp_2"/></StgValue>
</operation>

<operation id="88" st_id="8" stage="1" lat="2">
<core>RAM</core>
<MemPortIdVec></MemPortIdVec>
<condition id="-1">
<or_exp><and_exp></and_exp></or_exp>
</condition>

<Node id="63" bw="32" op_0_bw="16">
<![CDATA[
:10  %B_load = load float* %B_addr, align 4

]]></Node>
<StgValue><ssdm name="B_load"/></StgValue>
</operation>
</state>

<state id="9" st_id="9">

<operation id="89" st_id="9" stage="3" lat="3">
<core>FMul</core>
<MemPortIdVec></MemPortIdVec>
<condition id="-1">
<or_exp><and_exp></and_exp></or_exp>
</condition>

<Node id="64" bw="32" op_0_bw="32" op_1_bw="32">
<![CDATA[
:11  %tmp_3 = fmul float %tmp_2, %B_load

]]></Node>
<StgValue><ssdm name="tmp_3"/></StgValue>
</operation>
</state>

<state id="10" st_id="10">

<operation id="90" st_id="10" stage="2" lat="3">
<core>FMul</core>
<MemPortIdVec></MemPortIdVec>
<condition id="-1">
<or_exp><and_exp></and_exp></or_exp>
</condition>

<Node id="64" bw="32" op_0_bw="32" op_1_bw="32">
<![CDATA[
:11  %tmp_3 = fmul float %tmp_2, %B_load

]]></Node>
<StgValue><ssdm name="tmp_3"/></StgValue>
</operation>
</state>

<state id="11" st_id="11">

<operation id="91" st_id="11" stage="1" lat="3">
<core>FMul</core>
<MemPortIdVec></MemPortIdVec>
<condition id="-1">
<or_exp><and_exp></and_exp></or_exp>
</condition>

<Node id="64" bw="32" op_0_bw="32" op_1_bw="32">
<![CDATA[
:11  %tmp_3 = fmul float %tmp_2, %B_load

]]></Node>
<StgValue><ssdm name="tmp_3"/></StgValue>
</operation>
</state>

<state id="12" st_id="12">

<operation id="92" st_id="12" stage="4" lat="4">
<core>FAddSub</core>
<MemPortIdVec></MemPortIdVec>
<condition id="-1">
<or_exp><and_exp></and_exp></or_exp>
</condition>

<Node id="65" bw="32" op_0_bw="32" op_1_bw="32">
<![CDATA[
:12  %tmp_4 = fadd float %storemerge, %tmp_3

]]></Node>
<StgValue><ssdm name="tmp_4"/></StgValue>
</operation>
</state>

<state id="13" st_id="13">

<operation id="93" st_id="13" stage="3" lat="4">
<core>FAddSub</core>
<MemPortIdVec></MemPortIdVec>
<condition id="-1">
<or_exp><and_exp></and_exp></or_exp>
</condition>

<Node id="65" bw="32" op_0_bw="32" op_1_bw="32">
<![CDATA[
:12  %tmp_4 = fadd float %storemerge, %tmp_3

]]></Node>
<StgValue><ssdm name="tmp_4"/></StgValue>
</operation>
</state>

<state id="14" st_id="14">

<operation id="94" st_id="14" stage="2" lat="4">
<core>FAddSub</core>
<MemPortIdVec></MemPortIdVec>
<condition id="-1">
<or_exp><and_exp></and_exp></or_exp>
</condition>

<Node id="65" bw="32" op_0_bw="32" op_1_bw="32">
<![CDATA[
:12  %tmp_4 = fadd float %storemerge, %tmp_3

]]></Node>
<StgValue><ssdm name="tmp_4"/></StgValue>
</operation>
</state>

<state id="15" st_id="15">

<operation id="95" st_id="15" stage="1" lat="4">
<core>FAddSub</core>
<MemPortIdVec></MemPortIdVec>
<condition id="-1">
<or_exp><and_exp></and_exp></or_exp>
</condition>

<Node id="65" bw="32" op_0_bw="32" op_1_bw="32">
<![CDATA[
:12  %tmp_4 = fadd float %storemerge, %tmp_3

]]></Node>
<StgValue><ssdm name="tmp_4"/></StgValue>
</operation>

<operation id="96" st_id="15" stage="1" lat="1">
<core>NULL</core>
<MemPortIdVec></MemPortIdVec>
<condition id="-1">
<or_exp><and_exp></and_exp></or_exp>
</condition>

<Node id="66" bw="0" op_0_bw="0">
<![CDATA[
:13  br label %2

]]></Node>
<StgValue><ssdm name="br_ln48"/></StgValue>
</operation>
</state>

<state id="16" st_id="16">

<operation id="97" st_id="16" stage="1" lat="1">
<core>NULL</core>
<MemPortIdVec></MemPortIdVec>
<condition id="-1">
<or_exp><and_exp></and_exp></or_exp>
</condition>

<Node id="74" bw="8" op_0_bw="8" op_1_bw="0" op_2_bw="8" op_3_bw="0">
<![CDATA[
.preheader1:0  %i_1 = phi i8 [ %i_2, %.preheader1.loopexit ], [ 0, %.preheader1.preheader ]

]]></Node>
<StgValue><ssdm name="i_1"/></StgValue>
</operation>

<operation id="98" st_id="16" stage="1" lat="1">
<core>NULL</core>
<MemPortIdVec></MemPortIdVec>
<condition id="-1">
<or_exp><and_exp></and_exp></or_exp>
</condition>

<Node id="75" bw="16" op_0_bw="16" op_1_bw="0" op_2_bw="16" op_3_bw="0">
<![CDATA[
.preheader1:1  %phi_mul7 = phi i16 [ %add_ln53_1, %.preheader1.loopexit ], [ 0, %.preheader1.preheader ]

]]></Node>
<StgValue><ssdm name="phi_mul7"/></StgValue>
</operation>

<operation id="99" st_id="16" stage="1" lat="1">
<core>NULL</core>
<MemPortIdVec></MemPortIdVec>
<condition id="-1">
<or_exp><and_exp></and_exp></or_exp>
</condition>

<Node id="76" bw="16" op_0_bw="16" op_1_bw="0" op_2_bw="16" op_3_bw="0">
<![CDATA[
.preheader1:2  %phi_mul9 = phi i16 [ %add_ln53, %.preheader1.loopexit ], [ 0, %.preheader1.preheader ]

]]></Node>
<StgValue><ssdm name="phi_mul9"/></StgValue>
</operation>

<operation id="100" st_id="16" stage="1" lat="1">
<core>AddSub</core>
<MemPortIdVec></MemPortIdVec>
<condition id="-1">
<or_exp><and_exp></and_exp></or_exp>
</condition>

<Node id="77" bw="16" op_0_bw="16" op_1_bw="16">
<![CDATA[
.preheader1:3  %add_ln53 = add i16 %phi_mul9, 220

]]></Node>
<StgValue><ssdm name="add_ln53"/></StgValue>
</operation>

<operation id="101" st_id="16" stage="1" lat="1">
<core>AddSub</core>
<MemPortIdVec></MemPortIdVec>
<condition id="-1">
<or_exp><and_exp></and_exp></or_exp>
</condition>

<Node id="78" bw="16" op_0_bw="16" op_1_bw="16">
<![CDATA[
.preheader1:4  %add_ln53_1 = add i16 %phi_mul7, 190

]]></Node>
<StgValue><ssdm name="add_ln53_1"/></StgValue>
</operation>

<operation id="102" st_id="16" stage="1" lat="1">
<core>Cmp</core>
<MemPortIdVec></MemPortIdVec>
<condition id="-1">
<or_exp><and_exp></and_exp></or_exp>
</condition>

<Node id="79" bw="1" op_0_bw="8" op_1_bw="8">
<![CDATA[
.preheader1:5  %icmp_ln53 = icmp eq i8 %i_1, -76

]]></Node>
<StgValue><ssdm name="icmp_ln53"/></StgValue>
</operation>

<operation id="103" st_id="16" stage="1" lat="1">
<core>NULL</core>
<MemPortIdVec></MemPortIdVec>
<condition id="-1">
<or_exp><and_exp></and_exp></or_exp>
</condition>

<Node id="80" bw="32" op_0_bw="32" op_1_bw="64" op_2_bw="64" op_3_bw="64">
<![CDATA[
.preheader1:6  %empty_4 = call i32 (...)* @_ssdm_op_SpecLoopTripCount(i64 180, i64 180, i64 180) nounwind

]]></Node>
<StgValue><ssdm name="empty_4"/></StgValue>
</operation>

<operation id="104" st_id="16" stage="1" lat="1">
<core>AddSub</core>
<MemPortIdVec></MemPortIdVec>
<condition id="-1">
<or_exp><and_exp></and_exp></or_exp>
</condition>

<Node id="81" bw="8" op_0_bw="8" op_1_bw="8">
<![CDATA[
.preheader1:7  %i_2 = add i8 %i_1, 1

]]></Node>
<StgValue><ssdm name="i_2"/></StgValue>
</operation>

<operation id="105" st_id="16" stage="1" lat="1">
<core>NULL</core>
<MemPortIdVec></MemPortIdVec>
<condition id="-1">
<or_exp><and_exp></and_exp></or_exp>
</condition>

<Node id="82" bw="0" op_0_bw="1" op_1_bw="0" op_2_bw="0">
<![CDATA[
.preheader1:8  br i1 %icmp_ln53, label %7, label %.preheader.preheader

]]></Node>
<StgValue><ssdm name="br_ln53"/></StgValue>
</operation>

<operation id="106" st_id="16" stage="1" lat="1">
<core>NULL</core>
<MemPortIdVec></MemPortIdVec>
<condition id="-1">
<or_exp><and_exp><literal name="icmp_ln53" val="0"/>
</and_exp></or_exp>
</condition>

<Node id="84" bw="0" op_0_bw="0">
<![CDATA[
.preheader.preheader:0  br label %.preheader

]]></Node>
<StgValue><ssdm name="br_ln54"/></StgValue>
</operation>

<operation id="107" st_id="16" stage="1" lat="1">
<core>NULL</core>
<MemPortIdVec></MemPortIdVec>
<condition id="-1">
<or_exp><and_exp><literal name="icmp_ln53" val="1"/>
</and_exp></or_exp>
</condition>

<Node id="127" bw="0">
<![CDATA[
:0  ret void

]]></Node>
<StgValue><ssdm name="ret_ln62"/></StgValue>
</operation>
</state>

<state id="17" st_id="17">

<operation id="108" st_id="17" stage="1" lat="1">
<core>NULL</core>
<MemPortIdVec></MemPortIdVec>
<condition id="-1">
<or_exp><and_exp></and_exp></or_exp>
</condition>

<Node id="86" bw="8" op_0_bw="8" op_1_bw="0" op_2_bw="8" op_3_bw="0">
<![CDATA[
.preheader:0  %j_1 = phi i8 [ %j_2, %.preheader.loopexit ], [ 0, %.preheader.preheader ]

]]></Node>
<StgValue><ssdm name="j_1"/></StgValue>
</operation>

<operation id="109" st_id="17" stage="1" lat="1">
<core>Cmp</core>
<MemPortIdVec></MemPortIdVec>
<condition id="-1">
<or_exp><and_exp></and_exp></or_exp>
</condition>

<Node id="87" bw="1" op_0_bw="8" op_1_bw="8">
<![CDATA[
.preheader:1  %icmp_ln54 = icmp eq i8 %j_1, -36

]]></Node>
<StgValue><ssdm name="icmp_ln54"/></StgValue>
</operation>

<operation id="110" st_id="17" stage="1" lat="1">
<core>NULL</core>
<MemPortIdVec></MemPortIdVec>
<condition id="-1">
<or_exp><and_exp></and_exp></or_exp>
</condition>

<Node id="88" bw="32" op_0_bw="32" op_1_bw="64" op_2_bw="64" op_3_bw="64">
<![CDATA[
.preheader:2  %empty_5 = call i32 (...)* @_ssdm_op_SpecLoopTripCount(i64 220, i64 220, i64 220) nounwind

]]></Node>
<StgValue><ssdm name="empty_5"/></StgValue>
</operation>

<operation id="111" st_id="17" stage="1" lat="1">
<core>AddSub</core>
<MemPortIdVec></MemPortIdVec>
<condition id="-1">
<or_exp><and_exp></and_exp></or_exp>
</condition>

<Node id="89" bw="8" op_0_bw="8" op_1_bw="8">
<![CDATA[
.preheader:3  %j_2 = add i8 %j_1, 1

]]></Node>
<StgValue><ssdm name="j_2"/></StgValue>
</operation>

<operation id="112" st_id="17" stage="1" lat="1">
<core>NULL</core>
<MemPortIdVec></MemPortIdVec>
<condition id="-1">
<or_exp><and_exp></and_exp></or_exp>
</condition>

<Node id="90" bw="0" op_0_bw="1" op_1_bw="0" op_2_bw="0">
<![CDATA[
.preheader:4  br i1 %icmp_ln54, label %.preheader1.loopexit, label %4

]]></Node>
<StgValue><ssdm name="br_ln54"/></StgValue>
</operation>

<operation id="113" st_id="17" stage="1" lat="1">
<core>NULL</core>
<MemPortIdVec></MemPortIdVec>
<condition id="-1">
<or_exp><and_exp><literal name="icmp_ln54" val="0"/>
</and_exp></or_exp>
</condition>

<Node id="92" bw="16" op_0_bw="8">
<![CDATA[
:0  %zext_ln55 = zext i8 %j_1 to i16

]]></Node>
<StgValue><ssdm name="zext_ln55"/></StgValue>
</operation>

<operation id="114" st_id="17" stage="1" lat="1">
<core>AddSub</core>
<MemPortIdVec></MemPortIdVec>
<condition id="-1">
<or_exp><and_exp><literal name="icmp_ln54" val="0"/>
</and_exp></or_exp>
</condition>

<Node id="93" bw="16" op_0_bw="16" op_1_bw="16">
<![CDATA[
:1  %add_ln55 = add i16 %phi_mul9, %zext_ln55

]]></Node>
<StgValue><ssdm name="add_ln55"/></StgValue>
</operation>

<operation id="115" st_id="17" stage="1" lat="1">
<core>NULL</core>
<MemPortIdVec></MemPortIdVec>
<condition id="-1">
<or_exp><and_exp><literal name="icmp_ln54" val="0"/>
</and_exp></or_exp>
</condition>

<Node id="94" bw="64" op_0_bw="16">
<![CDATA[
:2  %zext_ln55_1 = zext i16 %add_ln55 to i64

]]></Node>
<StgValue><ssdm name="zext_ln55_1"/></StgValue>
</operation>

<operation id="116" st_id="17" stage="1" lat="1">
<core>NULL</core>
<MemPortIdVec></MemPortIdVec>
<condition id="-1">
<or_exp><and_exp><literal name="icmp_ln54" val="0"/>
</and_exp></or_exp>
</condition>

<Node id="95" bw="16" op_0_bw="32" op_1_bw="64" op_2_bw="64">
<![CDATA[
:3  %D_addr = getelementptr [39600 x float]* %D, i64 0, i64 %zext_ln55_1

]]></Node>
<StgValue><ssdm name="D_addr"/></StgValue>
</operation>

<operation id="117" st_id="17" stage="2" lat="2">
<core>RAM</core>
<MemPortIdVec></MemPortIdVec>
<condition id="-1">
<or_exp><and_exp><literal name="icmp_ln54" val="0"/>
</and_exp></or_exp>
</condition>

<Node id="96" bw="32" op_0_bw="16">
<![CDATA[
:4  %D_load = load float* %D_addr, align 4

]]></Node>
<StgValue><ssdm name="D_load"/></StgValue>
</operation>

<operation id="118" st_id="17" stage="1" lat="1">
<core>NULL</core>
<MemPortIdVec></MemPortIdVec>
<condition id="-1">
<or_exp><and_exp><literal name="icmp_ln54" val="1"/>
</and_exp></or_exp>
</condition>

<Node id="125" bw="0" op_0_bw="0">
<![CDATA[
.preheader1.loopexit:0  br label %.preheader1

]]></Node>
<StgValue><ssdm name="br_ln0"/></StgValue>
</operation>
</state>

<state id="18" st_id="18">

<operation id="119" st_id="18" stage="1" lat="2">
<core>RAM</core>
<MemPortIdVec></MemPortIdVec>
<condition id="-1">
<or_exp><and_exp></and_exp></or_exp>
</condition>

<Node id="96" bw="32" op_0_bw="16">
<![CDATA[
:4  %D_load = load float* %D_addr, align 4

]]></Node>
<StgValue><ssdm name="D_load"/></StgValue>
</operation>
</state>

<state id="19" st_id="19">

<operation id="120" st_id="19" stage="3" lat="3">
<core>FMul</core>
<MemPortIdVec></MemPortIdVec>
<condition id="-1">
<or_exp><and_exp></and_exp></or_exp>
</condition>

<Node id="97" bw="32" op_0_bw="32" op_1_bw="32">
<![CDATA[
:5  %tmp_1 = fmul float %D_load, %beta_read

]]></Node>
<StgValue><ssdm name="tmp_1"/></StgValue>
</operation>
</state>

<state id="20" st_id="20">

<operation id="121" st_id="20" stage="2" lat="3">
<core>FMul</core>
<MemPortIdVec></MemPortIdVec>
<condition id="-1">
<or_exp><and_exp></and_exp></or_exp>
</condition>

<Node id="97" bw="32" op_0_bw="32" op_1_bw="32">
<![CDATA[
:5  %tmp_1 = fmul float %D_load, %beta_read

]]></Node>
<StgValue><ssdm name="tmp_1"/></StgValue>
</operation>
</state>

<state id="21" st_id="21">

<operation id="122" st_id="21" stage="1" lat="3">
<core>FMul</core>
<MemPortIdVec></MemPortIdVec>
<condition id="-1">
<or_exp><and_exp></and_exp></or_exp>
</condition>

<Node id="97" bw="32" op_0_bw="32" op_1_bw="32">
<![CDATA[
:5  %tmp_1 = fmul float %D_load, %beta_read

]]></Node>
<StgValue><ssdm name="tmp_1"/></StgValue>
</operation>
</state>

<state id="22" st_id="22">

<operation id="123" st_id="22" stage="1" lat="1">
<core>NULL</core>
<MemPortIdVec></MemPortIdVec>
<condition id="-1">
<or_exp><and_exp></and_exp></or_exp>
</condition>

<Node id="98" bw="0" op_0_bw="0">
<![CDATA[
:6  br label %5

]]></Node>
<StgValue><ssdm name="br_ln56"/></StgValue>
</operation>
</state>

<state id="23" st_id="23">

<operation id="124" st_id="23" stage="1" lat="1">
<core>NULL</core>
<MemPortIdVec></MemPortIdVec>
<condition id="-1">
<or_exp><and_exp></and_exp></or_exp>
</condition>

<Node id="100" bw="32" op_0_bw="32" op_1_bw="0" op_2_bw="32" op_3_bw="0">
<![CDATA[
:0  %storemerge11 = phi float [ %tmp_1, %4 ], [ %tmp_6, %6 ]

]]></Node>
<StgValue><ssdm name="storemerge11"/></StgValue>
</operation>

<operation id="125" st_id="23" stage="1" lat="1">
<core>NULL</core>
<MemPortIdVec></MemPortIdVec>
<condition id="-1">
<or_exp><and_exp></and_exp></or_exp>
</condition>

<Node id="101" bw="8" op_0_bw="8" op_1_bw="0" op_2_bw="8" op_3_bw="0">
<![CDATA[
:1  %k_1 = phi i8 [ 0, %4 ], [ %k_2, %6 ]

]]></Node>
<StgValue><ssdm name="k_1"/></StgValue>
</operation>

<operation id="126" st_id="23" stage="1" lat="1">
<core>NULL</core>
<MemPortIdVec></MemPortIdVec>
<condition id="-1">
<or_exp><and_exp></and_exp></or_exp>
</condition>

<Node id="102" bw="16" op_0_bw="16" op_1_bw="0" op_2_bw="16" op_3_bw="0">
<![CDATA[
:2  %phi_mul5 = phi i16 [ 0, %4 ], [ %add_ln57_2, %6 ]

]]></Node>
<StgValue><ssdm name="phi_mul5"/></StgValue>
</operation>

<operation id="127" st_id="23" stage="1" lat="1">
<core>RAM</core>
<MemPortIdVec></MemPortIdVec>
<condition id="-1">
<or_exp><and_exp></and_exp></or_exp>
</condition>

<Node id="103" bw="0" op_0_bw="32" op_1_bw="16">
<![CDATA[
:3  store float %storemerge11, float* %D_addr, align 4

]]></Node>
<StgValue><ssdm name="store_ln57"/></StgValue>
</operation>

<operation id="128" st_id="23" stage="1" lat="1">
<core>Cmp</core>
<MemPortIdVec></MemPortIdVec>
<condition id="-1">
<or_exp><and_exp></and_exp></or_exp>
</condition>

<Node id="104" bw="1" op_0_bw="8" op_1_bw="8">
<![CDATA[
:4  %icmp_ln56 = icmp eq i8 %k_1, -66

]]></Node>
<StgValue><ssdm name="icmp_ln56"/></StgValue>
</operation>

<operation id="129" st_id="23" stage="1" lat="1">
<core>NULL</core>
<MemPortIdVec></MemPortIdVec>
<condition id="-1">
<or_exp><and_exp></and_exp></or_exp>
</condition>

<Node id="105" bw="32" op_0_bw="32" op_1_bw="64" op_2_bw="64" op_3_bw="64">
<![CDATA[
:5  %empty_6 = call i32 (...)* @_ssdm_op_SpecLoopTripCount(i64 190, i64 190, i64 190) nounwind

]]></Node>
<StgValue><ssdm name="empty_6"/></StgValue>
</operation>

<operation id="130" st_id="23" stage="1" lat="1">
<core>AddSub</core>
<MemPortIdVec></MemPortIdVec>
<condition id="-1">
<or_exp><and_exp></and_exp></or_exp>
</condition>

<Node id="106" bw="8" op_0_bw="8" op_1_bw="8">
<![CDATA[
:6  %k_2 = add i8 %k_1, 1

]]></Node>
<StgValue><ssdm name="k_2"/></StgValue>
</operation>

<operation id="131" st_id="23" stage="1" lat="1">
<core>NULL</core>
<MemPortIdVec></MemPortIdVec>
<condition id="-1">
<or_exp><and_exp></and_exp></or_exp>
</condition>

<Node id="107" bw="0" op_0_bw="1" op_1_bw="0" op_2_bw="0">
<![CDATA[
:7  br i1 %icmp_ln56, label %.preheader.loopexit, label %6

]]></Node>
<StgValue><ssdm name="br_ln56"/></StgValue>
</operation>

<operation id="132" st_id="23" stage="1" lat="1">
<core>NULL</core>
<MemPortIdVec></MemPortIdVec>
<condition id="-1">
<or_exp><and_exp><literal name="icmp_ln56" val="0"/>
</and_exp></or_exp>
</condition>

<Node id="109" bw="16" op_0_bw="8">
<![CDATA[
:0  %zext_ln57 = zext i8 %k_1 to i16

]]></Node>
<StgValue><ssdm name="zext_ln57"/></StgValue>
</operation>

<operation id="133" st_id="23" stage="1" lat="1">
<core>AddSub</core>
<MemPortIdVec></MemPortIdVec>
<condition id="-1">
<or_exp><and_exp><literal name="icmp_ln56" val="0"/>
</and_exp></or_exp>
</condition>

<Node id="110" bw="16" op_0_bw="16" op_1_bw="16">
<![CDATA[
:1  %add_ln57 = add i16 %phi_mul7, %zext_ln57

]]></Node>
<StgValue><ssdm name="add_ln57"/></StgValue>
</operation>

<operation id="134" st_id="23" stage="1" lat="1">
<core>NULL</core>
<MemPortIdVec></MemPortIdVec>
<condition id="-1">
<or_exp><and_exp><literal name="icmp_ln56" val="0"/>
</and_exp></or_exp>
</condition>

<Node id="111" bw="64" op_0_bw="16">
<![CDATA[
:2  %zext_ln57_1 = zext i16 %add_ln57 to i64

]]></Node>
<StgValue><ssdm name="zext_ln57_1"/></StgValue>
</operation>

<operation id="135" st_id="23" stage="1" lat="1">
<core>NULL</core>
<MemPortIdVec></MemPortIdVec>
<condition id="-1">
<or_exp><and_exp><literal name="icmp_ln56" val="0"/>
</and_exp></or_exp>
</condition>

<Node id="112" bw="16" op_0_bw="32" op_1_bw="64" op_2_bw="64">
<![CDATA[
:3  %tmp_addr_1 = getelementptr [34200 x float]* %tmp, i64 0, i64 %zext_ln57_1

]]></Node>
<StgValue><ssdm name="tmp_addr_1"/></StgValue>
</operation>

<operation id="136" st_id="23" stage="1" lat="1">
<core>AddSub</core>
<MemPortIdVec></MemPortIdVec>
<condition id="-1">
<or_exp><and_exp><literal name="icmp_ln56" val="0"/>
</and_exp></or_exp>
</condition>

<Node id="113" bw="16" op_0_bw="16" op_1_bw="16">
<![CDATA[
:4  %add_ln57_2 = add i16 %phi_mul5, 220

]]></Node>
<StgValue><ssdm name="add_ln57_2"/></StgValue>
</operation>

<operation id="137" st_id="23" stage="1" lat="1">
<core>AddSub</core>
<MemPortIdVec></MemPortIdVec>
<condition id="-1">
<or_exp><and_exp><literal name="icmp_ln56" val="0"/>
</and_exp></or_exp>
</condition>

<Node id="114" bw="16" op_0_bw="16" op_1_bw="16">
<![CDATA[
:5  %add_ln57_1 = add i16 %phi_mul5, %zext_ln55

]]></Node>
<StgValue><ssdm name="add_ln57_1"/></StgValue>
</operation>

<operation id="138" st_id="23" stage="1" lat="1">
<core>NULL</core>
<MemPortIdVec></MemPortIdVec>
<condition id="-1">
<or_exp><and_exp><literal name="icmp_ln56" val="0"/>
</and_exp></or_exp>
</condition>

<Node id="115" bw="64" op_0_bw="16">
<![CDATA[
:6  %zext_ln57_2 = zext i16 %add_ln57_1 to i64

]]></Node>
<StgValue><ssdm name="zext_ln57_2"/></StgValue>
</operation>

<operation id="139" st_id="23" stage="1" lat="1">
<core>NULL</core>
<MemPortIdVec></MemPortIdVec>
<condition id="-1">
<or_exp><and_exp><literal name="icmp_ln56" val="0"/>
</and_exp></or_exp>
</condition>

<Node id="116" bw="16" op_0_bw="32" op_1_bw="64" op_2_bw="64">
<![CDATA[
:7  %C_addr = getelementptr [41800 x float]* %C, i64 0, i64 %zext_ln57_2

]]></Node>
<StgValue><ssdm name="C_addr"/></StgValue>
</operation>

<operation id="140" st_id="23" stage="2" lat="2">
<core>RAM</core>
<MemPortIdVec></MemPortIdVec>
<condition id="-1">
<or_exp><and_exp><literal name="icmp_ln56" val="0"/>
</and_exp></or_exp>
</condition>

<Node id="117" bw="32" op_0_bw="16">
<![CDATA[
:8  %empty_7 = load float* %tmp_addr_1, align 4

]]></Node>
<StgValue><ssdm name="empty_7"/></StgValue>
</operation>

<operation id="141" st_id="23" stage="2" lat="2">
<core>RAM</core>
<MemPortIdVec></MemPortIdVec>
<condition id="-1">
<or_exp><and_exp><literal name="icmp_ln56" val="0"/>
</and_exp></or_exp>
</condition>

<Node id="118" bw="32" op_0_bw="16">
<![CDATA[
:9  %C_load = load float* %C_addr, align 4

]]></Node>
<StgValue><ssdm name="C_load"/></StgValue>
</operation>

<operation id="142" st_id="23" stage="1" lat="1">
<core>NULL</core>
<MemPortIdVec></MemPortIdVec>
<condition id="-1">
<or_exp><and_exp><literal name="icmp_ln56" val="1"/>
</and_exp></or_exp>
</condition>

<Node id="123" bw="0" op_0_bw="0">
<![CDATA[
.preheader.loopexit:0  br label %.preheader

]]></Node>
<StgValue><ssdm name="br_ln0"/></StgValue>
</operation>
</state>

<state id="24" st_id="24">

<operation id="143" st_id="24" stage="1" lat="2">
<core>RAM</core>
<MemPortIdVec></MemPortIdVec>
<condition id="-1">
<or_exp><and_exp></and_exp></or_exp>
</condition>

<Node id="117" bw="32" op_0_bw="16">
<![CDATA[
:8  %empty_7 = load float* %tmp_addr_1, align 4

]]></Node>
<StgValue><ssdm name="empty_7"/></StgValue>
</operation>

<operation id="144" st_id="24" stage="1" lat="2">
<core>RAM</core>
<MemPortIdVec></MemPortIdVec>
<condition id="-1">
<or_exp><and_exp></and_exp></or_exp>
</condition>

<Node id="118" bw="32" op_0_bw="16">
<![CDATA[
:9  %C_load = load float* %C_addr, align 4

]]></Node>
<StgValue><ssdm name="C_load"/></StgValue>
</operation>
</state>

<state id="25" st_id="25">

<operation id="145" st_id="25" stage="3" lat="3">
<core>FMul</core>
<MemPortIdVec></MemPortIdVec>
<condition id="-1">
<or_exp><and_exp></and_exp></or_exp>
</condition>

<Node id="119" bw="32" op_0_bw="32" op_1_bw="32">
<![CDATA[
:10  %tmp_5 = fmul float %empty_7, %C_load

]]></Node>
<StgValue><ssdm name="tmp_5"/></StgValue>
</operation>
</state>

<state id="26" st_id="26">

<operation id="146" st_id="26" stage="2" lat="3">
<core>FMul</core>
<MemPortIdVec></MemPortIdVec>
<condition id="-1">
<or_exp><and_exp></and_exp></or_exp>
</condition>

<Node id="119" bw="32" op_0_bw="32" op_1_bw="32">
<![CDATA[
:10  %tmp_5 = fmul float %empty_7, %C_load

]]></Node>
<StgValue><ssdm name="tmp_5"/></StgValue>
</operation>
</state>

<state id="27" st_id="27">

<operation id="147" st_id="27" stage="1" lat="3">
<core>FMul</core>
<MemPortIdVec></MemPortIdVec>
<condition id="-1">
<or_exp><and_exp></and_exp></or_exp>
</condition>

<Node id="119" bw="32" op_0_bw="32" op_1_bw="32">
<![CDATA[
:10  %tmp_5 = fmul float %empty_7, %C_load

]]></Node>
<StgValue><ssdm name="tmp_5"/></StgValue>
</operation>
</state>

<state id="28" st_id="28">

<operation id="148" st_id="28" stage="4" lat="4">
<core>FAddSub</core>
<MemPortIdVec></MemPortIdVec>
<condition id="-1">
<or_exp><and_exp></and_exp></or_exp>
</condition>

<Node id="120" bw="32" op_0_bw="32" op_1_bw="32">
<![CDATA[
:11  %tmp_6 = fadd float %storemerge11, %tmp_5

]]></Node>
<StgValue><ssdm name="tmp_6"/></StgValue>
</operation>
</state>

<state id="29" st_id="29">

<operation id="149" st_id="29" stage="3" lat="4">
<core>FAddSub</core>
<MemPortIdVec></MemPortIdVec>
<condition id="-1">
<or_exp><and_exp></and_exp></or_exp>
</condition>

<Node id="120" bw="32" op_0_bw="32" op_1_bw="32">
<![CDATA[
:11  %tmp_6 = fadd float %storemerge11, %tmp_5

]]></Node>
<StgValue><ssdm name="tmp_6"/></StgValue>
</operation>
</state>

<state id="30" st_id="30">

<operation id="150" st_id="30" stage="2" lat="4">
<core>FAddSub</core>
<MemPortIdVec></MemPortIdVec>
<condition id="-1">
<or_exp><and_exp></and_exp></or_exp>
</condition>

<Node id="120" bw="32" op_0_bw="32" op_1_bw="32">
<![CDATA[
:11  %tmp_6 = fadd float %storemerge11, %tmp_5

]]></Node>
<StgValue><ssdm name="tmp_6"/></StgValue>
</operation>
</state>

<state id="31" st_id="31">

<operation id="151" st_id="31" stage="1" lat="4">
<core>FAddSub</core>
<MemPortIdVec></MemPortIdVec>
<condition id="-1">
<or_exp><and_exp></and_exp></or_exp>
</condition>

<Node id="120" bw="32" op_0_bw="32" op_1_bw="32">
<![CDATA[
:11  %tmp_6 = fadd float %storemerge11, %tmp_5

]]></Node>
<StgValue><ssdm name="tmp_6"/></StgValue>
</operation>

<operation id="152" st_id="31" stage="1" lat="1">
<core>NULL</core>
<MemPortIdVec></MemPortIdVec>
<condition id="-1">
<or_exp><and_exp></and_exp></or_exp>
</condition>

<Node id="121" bw="0" op_0_bw="0">
<![CDATA[
:12  br label %5

]]></Node>
<StgValue><ssdm name="br_ln56"/></StgValue>
</operation>
</state>
</state_list>


<ports>
</ports>


<dataflows>
</dataflows>


</stg>
