<?xml version="1.0" encoding="utf-8"?>
<Messages>
	<Message severity="INFO" prefix="[SCHED 204-61]" key="SCHED_PIPELINING_STATUS_631" tag="SCHEDULE" content="Option &apos;relax_ii_for_timing&apos; is enabled, will increase II to preserve clock frequency constraints."/>
	<Message severity="INFO" prefix="[HLS 200-10]" key="HLS_10_1312" tag="" content="Analyzing design file &apos;1.2mm_small/2mm_small_non-P.cpp&apos; ..."/>
	<Message severity="INFO" prefix="[HLS 200-10]" key="HLS_10_1312" tag="" content="Analyzing design file &apos;1.2mm_small/2mm_small_non-P_EA.cpp&apos; ..."/>
	<Message severity="INFO" prefix="[HLS 200-111]" key="HLS_111_965" tag="" content="Finished Linking Time (s): cpu = 00:00:02 ; elapsed = 00:00:28 . Memory (MB): peak = 185.637 ; gain = 95.953"/>
	<Message severity="INFO" prefix="[HLS 200-111]" key="HLS_111_965" tag="" content="Finished Checking Pragmas Time (s): cpu = 00:00:02 ; elapsed = 00:00:28 . Memory (MB): peak = 185.637 ; gain = 95.953"/>
	<Message severity="INFO" prefix="[HLS 200-10]" key="HLS_10_1467" tag="" content="Starting code transformations ..."/>
	<Message severity="INFO" prefix="[HLS 200-111]" key="HLS_111_965" tag="" content="Finished Standard Transforms Time (s): cpu = 00:00:02 ; elapsed = 00:00:28 . Memory (MB): peak = 185.637 ; gain = 95.953"/>
	<Message severity="INFO" prefix="[HLS 200-10]" key="HLS_10_1472" tag="" content="Checking synthesizability ..."/>
	<Message severity="INFO" prefix="[HLS 200-111]" key="HLS_111_965" tag="" content="Finished Checking Synthesizability Time (s): cpu = 00:00:02 ; elapsed = 00:00:28 . Memory (MB): peak = 185.637 ; gain = 95.953"/>
	<Message severity="INFO" prefix="[XFORM 203-101]" key="XFORM_PARTITION_STATUS_109" tag="" content="Partitioning array &apos;v2&apos; (1.2mm_small/2mm_small_non-P_EA.cpp:25) in dimension 2 with a cyclic factor 10."/>
	<Message severity="INFO" prefix="[XFORM 203-101]" key="XFORM_PARTITION_STATUS_109" tag="" content="Partitioning array &apos;v3&apos; (1.2mm_small/2mm_small_non-P_EA.cpp:26) in dimension 2 with a cyclic factor 7."/>
	<Message severity="INFO" prefix="[XFORM 203-101]" key="XFORM_PARTITION_STATUS_109" tag="" content="Partitioning array &apos;v4&apos; (1.2mm_small/2mm_small_non-P_EA.cpp:27) in dimension 1 with a cyclic factor 7."/>
	<Message severity="INFO" prefix="[XFORM 203-101]" key="XFORM_PARTITION_STATUS_109" tag="" content="Partitioning array &apos;v5&apos; (1.2mm_small/2mm_small_non-P_EA.cpp:28) in dimension 1 with a cyclic factor 5."/>
	<Message severity="INFO" prefix="[XFORM 203-101]" key="XFORM_PARTITION_STATUS_109" tag="" content="Partitioning array &apos;v6&apos; (1.2mm_small/2mm_small_non-P_EA.cpp:29) in dimension 1 with a cyclic factor 5."/>
	<Message severity="INFO" prefix="[XFORM 203-101]" key="XFORM_PARTITION_STATUS_109" tag="" content="Partitioning array &apos;v4&apos; (1.2mm_small/2mm_small_non-P_EA.cpp:27) in dimension 2 with a cyclic factor 10."/>
	<Message severity="INFO" prefix="[XFORM 203-101]" key="XFORM_PARTITION_STATUS_109" tag="" content="Partitioning array &apos;v5&apos; (1.2mm_small/2mm_small_non-P_EA.cpp:28) in dimension 2 with a cyclic factor 4."/>
	<Message severity="INFO" prefix="[XFORM 203-101]" key="XFORM_PARTITION_STATUS_109" tag="" content="Partitioning array &apos;v6&apos; (1.2mm_small/2mm_small_non-P_EA.cpp:29) in dimension 2 with a cyclic factor 4."/>
	<Message severity="WARNING" prefix="[ANALYSIS 214-31]" key="ANALYSIS_ARRAY_ACCESS_OUTBOUND_179" tag="" content="The program may have out of bound access of array variable &apos;v5[0][0]&apos; in function &apos;kernel_2mm_nonP_EA&apos; (1.2mm_small/2mm_small_non-P_EA.cpp:378:48)."/>
	<Message severity="WARNING" prefix="[ANALYSIS 214-31]" key="ANALYSIS_ARRAY_ACCESS_OUTBOUND_179" tag="" content="The program may have out of bound access of array variable &apos;v5[0][1]&apos; in function &apos;kernel_2mm_nonP_EA&apos; (1.2mm_small/2mm_small_non-P_EA.cpp:389:54)."/>
	<Message severity="WARNING" prefix="[ANALYSIS 214-31]" key="ANALYSIS_ARRAY_ACCESS_OUTBOUND_179" tag="" content="The program may have out of bound access of array variable &apos;v5[0][2]&apos; in function &apos;kernel_2mm_nonP_EA&apos; (1.2mm_small/2mm_small_non-P_EA.cpp:400:54)."/>
	<Message severity="WARNING" prefix="[ANALYSIS 214-31]" key="ANALYSIS_ARRAY_ACCESS_OUTBOUND_179" tag="" content="The program may have out of bound access of array variable &apos;v5[0][3]&apos; in function &apos;kernel_2mm_nonP_EA&apos; (1.2mm_small/2mm_small_non-P_EA.cpp:411:54)."/>
	<Message severity="WARNING" prefix="[ANALYSIS 214-31]" key="ANALYSIS_ARRAY_ACCESS_OUTBOUND_179" tag="" content="The program may have out of bound access of array variable &apos;v5[1][0]&apos; in function &apos;kernel_2mm_nonP_EA&apos; (1.2mm_small/2mm_small_non-P_EA.cpp:585:54)."/>
	<Message severity="WARNING" prefix="[ANALYSIS 214-31]" key="ANALYSIS_ARRAY_ACCESS_OUTBOUND_179" tag="" content="The program may have out of bound access of array variable &apos;v5[1][1]&apos; in function &apos;kernel_2mm_nonP_EA&apos; (1.2mm_small/2mm_small_non-P_EA.cpp:588:60)."/>
	<Message severity="WARNING" prefix="[ANALYSIS 214-31]" key="ANALYSIS_ARRAY_ACCESS_OUTBOUND_179" tag="" content="The program may have out of bound access of array variable &apos;v5[1][2]&apos; in function &apos;kernel_2mm_nonP_EA&apos; (1.2mm_small/2mm_small_non-P_EA.cpp:591:60)."/>
	<Message severity="WARNING" prefix="[ANALYSIS 214-31]" key="ANALYSIS_ARRAY_ACCESS_OUTBOUND_179" tag="" content="The program may have out of bound access of array variable &apos;v5[1][3]&apos; in function &apos;kernel_2mm_nonP_EA&apos; (1.2mm_small/2mm_small_non-P_EA.cpp:594:60)."/>
	<Message severity="WARNING" prefix="[ANALYSIS 214-31]" key="ANALYSIS_ARRAY_ACCESS_OUTBOUND_179" tag="" content="The program may have out of bound access of array variable &apos;v5[2][0]&apos; in function &apos;kernel_2mm_nonP_EA&apos; (1.2mm_small/2mm_small_non-P_EA.cpp:634:54)."/>
	<Message severity="WARNING" prefix="[ANALYSIS 214-31]" key="ANALYSIS_ARRAY_ACCESS_OUTBOUND_179" tag="" content="The program may have out of bound access of array variable &apos;v5[2][1]&apos; in function &apos;kernel_2mm_nonP_EA&apos; (1.2mm_small/2mm_small_non-P_EA.cpp:637:60)."/>
	<Message severity="WARNING" prefix="[ANALYSIS 214-31]" key="ANALYSIS_ARRAY_ACCESS_OUTBOUND_179" tag="" content="The program may have out of bound access of array variable &apos;v5[2][2]&apos; in function &apos;kernel_2mm_nonP_EA&apos; (1.2mm_small/2mm_small_non-P_EA.cpp:640:60)."/>
	<Message severity="WARNING" prefix="[ANALYSIS 214-31]" key="ANALYSIS_ARRAY_ACCESS_OUTBOUND_179" tag="" content="The program may have out of bound access of array variable &apos;v5[2][3]&apos; in function &apos;kernel_2mm_nonP_EA&apos; (1.2mm_small/2mm_small_non-P_EA.cpp:643:60)."/>
	<Message severity="WARNING" prefix="[ANALYSIS 214-31]" key="ANALYSIS_ARRAY_ACCESS_OUTBOUND_179" tag="" content="The program may have out of bound access of array variable &apos;v5[3][0]&apos; in function &apos;kernel_2mm_nonP_EA&apos; (1.2mm_small/2mm_small_non-P_EA.cpp:683:54)."/>
	<Message severity="WARNING" prefix="[ANALYSIS 214-31]" key="ANALYSIS_ARRAY_ACCESS_OUTBOUND_179" tag="" content="The program may have out of bound access of array variable &apos;v5[3][1]&apos; in function &apos;kernel_2mm_nonP_EA&apos; (1.2mm_small/2mm_small_non-P_EA.cpp:686:60)."/>
	<Message severity="WARNING" prefix="[ANALYSIS 214-31]" key="ANALYSIS_ARRAY_ACCESS_OUTBOUND_179" tag="" content="The program may have out of bound access of array variable &apos;v5[3][2]&apos; in function &apos;kernel_2mm_nonP_EA&apos; (1.2mm_small/2mm_small_non-P_EA.cpp:689:60)."/>
	<Message severity="WARNING" prefix="[ANALYSIS 214-31]" key="ANALYSIS_ARRAY_ACCESS_OUTBOUND_179" tag="" content="The program may have out of bound access of array variable &apos;v5[3][3]&apos; in function &apos;kernel_2mm_nonP_EA&apos; (1.2mm_small/2mm_small_non-P_EA.cpp:692:60)."/>
	<Message severity="WARNING" prefix="[ANALYSIS 214-31]" key="ANALYSIS_ARRAY_ACCESS_OUTBOUND_179" tag="" content="The program may have out of bound access of array variable &apos;v5[4][0]&apos; in function &apos;kernel_2mm_nonP_EA&apos; (1.2mm_small/2mm_small_non-P_EA.cpp:732:54)."/>
	<Message severity="WARNING" prefix="[ANALYSIS 214-31]" key="ANALYSIS_ARRAY_ACCESS_OUTBOUND_179" tag="" content="The program may have out of bound access of array variable &apos;v5[4][1]&apos; in function &apos;kernel_2mm_nonP_EA&apos; (1.2mm_small/2mm_small_non-P_EA.cpp:736:60)."/>
	<Message severity="WARNING" prefix="[ANALYSIS 214-31]" key="ANALYSIS_ARRAY_ACCESS_OUTBOUND_179" tag="" content="The program may have out of bound access of array variable &apos;v5[4][2]&apos; in function &apos;kernel_2mm_nonP_EA&apos; (1.2mm_small/2mm_small_non-P_EA.cpp:740:60)."/>
	<Message severity="WARNING" prefix="[ANALYSIS 214-31]" key="ANALYSIS_ARRAY_ACCESS_OUTBOUND_179" tag="" content="The program may have out of bound access of array variable &apos;v5[4][3]&apos; in function &apos;kernel_2mm_nonP_EA&apos; (1.2mm_small/2mm_small_non-P_EA.cpp:744:60)."/>
	<Message severity="INFO" prefix="[XFORM 203-401]" key="XFORM_IFCONV_STATUS_239" tag="" content="Performing if-conversion on hyperblock from (1.2mm_small/2mm_small_non-P_EA.cpp:373:49) to (1.2mm_small/2mm_small_non-P_EA.cpp:373:37) in function &apos;kernel_2mm_nonP_EA&apos;... converting 76 basic blocks."/>
	<Message severity="INFO" prefix="[HLS 200-111]" key="HLS_111_965" tag="" content="Finished Pre-synthesis Time (s): cpu = 00:00:03 ; elapsed = 00:00:30 . Memory (MB): peak = 185.637 ; gain = 95.953"/>
	<Message severity="INFO" prefix="[XFORM 203-541]" key="XFORM_LOOPFLAT_STATUS_218" tag="" content="Flattening a loop nest &apos;Loop-1.1&apos; (1.2mm_small/2mm_small_non-P_EA.cpp:61:20) in function &apos;kernel_2mm_nonP_EA&apos;."/>
	<Message severity="INFO" prefix="[XFORM 203-541]" key="XFORM_LOOPFLAT_STATUS_218" tag="" content="Flattening a loop nest &apos;Loop-1&apos; (1.2mm_small/2mm_small_non-P_EA.cpp:60:18) in function &apos;kernel_2mm_nonP_EA&apos;."/>
	<Message severity="INFO" prefix="[XFORM 203-541]" key="XFORM_LOOPFLAT_STATUS_218" tag="" content="Flattening a loop nest &apos;Loop-2.1&apos; (1.2mm_small/2mm_small_non-P_EA.cpp:372:22) in function &apos;kernel_2mm_nonP_EA&apos;."/>
	<Message severity="INFO" prefix="[XFORM 203-541]" key="XFORM_LOOPFLAT_STATUS_218" tag="" content="Flattening a loop nest &apos;Loop-2&apos; (1.2mm_small/2mm_small_non-P_EA.cpp:371:20) in function &apos;kernel_2mm_nonP_EA&apos;."/>
	<Message severity="INFO" prefix="[HLS 200-472]" key="HLS 200-472" tag="" content="Inferring partial write operation for &apos;v2[0]&apos; (1.2mm_small/2mm_small_non-P_EA.cpp:331:9)"/>
	<Message severity="INFO" prefix="[HLS 200-472]" key="HLS 200-472" tag="" content="Inferring partial write operation for &apos;v2[1]&apos; (1.2mm_small/2mm_small_non-P_EA.cpp:335:9)"/>
	<Message severity="INFO" prefix="[HLS 200-472]" key="HLS 200-472" tag="" content="Inferring partial write operation for &apos;v2[2]&apos; (1.2mm_small/2mm_small_non-P_EA.cpp:339:9)"/>
	<Message severity="INFO" prefix="[HLS 200-472]" key="HLS 200-472" tag="" content="Inferring partial write operation for &apos;v2[3]&apos; (1.2mm_small/2mm_small_non-P_EA.cpp:343:9)"/>
	<Message severity="INFO" prefix="[HLS 200-472]" key="HLS 200-472" tag="" content="Inferring partial write operation for &apos;v2[4]&apos; (1.2mm_small/2mm_small_non-P_EA.cpp:347:9)"/>
	<Message severity="INFO" prefix="[HLS 200-472]" key="HLS 200-472" tag="" content="Inferring partial write operation for &apos;v2[5]&apos; (1.2mm_small/2mm_small_non-P_EA.cpp:351:9)"/>
	<Message severity="INFO" prefix="[HLS 200-472]" key="HLS 200-472" tag="" content="Inferring partial write operation for &apos;v2[6]&apos; (1.2mm_small/2mm_small_non-P_EA.cpp:355:9)"/>
	<Message severity="INFO" prefix="[HLS 200-472]" key="HLS 200-472" tag="" content="Inferring partial write operation for &apos;v2[7]&apos; (1.2mm_small/2mm_small_non-P_EA.cpp:359:9)"/>
	<Message severity="INFO" prefix="[HLS 200-472]" key="HLS 200-472" tag="" content="Inferring partial write operation for &apos;v2[8]&apos; (1.2mm_small/2mm_small_non-P_EA.cpp:363:9)"/>
	<Message severity="INFO" prefix="[HLS 200-472]" key="HLS 200-472" tag="" content="Inferring partial write operation for &apos;v2[9]&apos; (1.2mm_small/2mm_small_non-P_EA.cpp:367:9)"/>
	<Message severity="INFO" prefix="[HLS 200-472]" key="HLS 200-472" tag="" content="Inferring partial write operation for &apos;v6[0][0]&apos; (1.2mm_small/2mm_small_non-P_EA.cpp:735:9)"/>
	<Message severity="INFO" prefix="[HLS 200-472]" key="HLS 200-472" tag="" content="Inferring partial write operation for &apos;v6[0][1]&apos; (1.2mm_small/2mm_small_non-P_EA.cpp:739:9)"/>
	<Message severity="INFO" prefix="[HLS 200-472]" key="HLS 200-472" tag="" content="Inferring partial write operation for &apos;v6[0][2]&apos; (1.2mm_small/2mm_small_non-P_EA.cpp:743:9)"/>
	<Message severity="INFO" prefix="[HLS 200-472]" key="HLS 200-472" tag="" content="Inferring partial write operation for &apos;v6[0][3]&apos; (1.2mm_small/2mm_small_non-P_EA.cpp:747:9)"/>
	<Message severity="INFO" prefix="[HLS 200-472]" key="HLS 200-472" tag="" content="Inferring partial write operation for &apos;v6[1][0]&apos; (1.2mm_small/2mm_small_non-P_EA.cpp:751:9)"/>
	<Message severity="INFO" prefix="[HLS 200-472]" key="HLS 200-472" tag="" content="Inferring partial write operation for &apos;v6[1][1]&apos; (1.2mm_small/2mm_small_non-P_EA.cpp:754:9)"/>
	<Message severity="INFO" prefix="[HLS 200-472]" key="HLS 200-472" tag="" content="Inferring partial write operation for &apos;v6[1][2]&apos; (1.2mm_small/2mm_small_non-P_EA.cpp:757:9)"/>
	<Message severity="INFO" prefix="[HLS 200-472]" key="HLS 200-472" tag="" content="Inferring partial write operation for &apos;v6[1][3]&apos; (1.2mm_small/2mm_small_non-P_EA.cpp:760:9)"/>
	<Message severity="INFO" prefix="[HLS 200-472]" key="HLS 200-472" tag="" content="Inferring partial write operation for &apos;v6[2][0]&apos; (1.2mm_small/2mm_small_non-P_EA.cpp:764:9)"/>
	<Message severity="INFO" prefix="[HLS 200-472]" key="HLS 200-472" tag="" content="Inferring partial write operation for &apos;v6[2][1]&apos; (1.2mm_small/2mm_small_non-P_EA.cpp:767:9)"/>
	<Message severity="INFO" prefix="[HLS 200-472]" key="HLS 200-472" tag="" content="Inferring partial write operation for &apos;v6[2][2]&apos; (1.2mm_small/2mm_small_non-P_EA.cpp:770:9)"/>
	<Message severity="INFO" prefix="[HLS 200-472]" key="HLS 200-472" tag="" content="Inferring partial write operation for &apos;v6[2][3]&apos; (1.2mm_small/2mm_small_non-P_EA.cpp:773:9)"/>
	<Message severity="INFO" prefix="[HLS 200-472]" key="HLS 200-472" tag="" content="Inferring partial write operation for &apos;v6[3][0]&apos; (1.2mm_small/2mm_small_non-P_EA.cpp:777:9)"/>
	<Message severity="INFO" prefix="[HLS 200-472]" key="HLS 200-472" tag="" content="Inferring partial write operation for &apos;v6[3][1]&apos; (1.2mm_small/2mm_small_non-P_EA.cpp:780:9)"/>
	<Message severity="INFO" prefix="[HLS 200-472]" key="HLS 200-472" tag="" content="Inferring partial write operation for &apos;v6[3][2]&apos; (1.2mm_small/2mm_small_non-P_EA.cpp:783:9)"/>
	<Message severity="INFO" prefix="[HLS 200-472]" key="HLS 200-472" tag="" content="Inferring partial write operation for &apos;v6[3][3]&apos; (1.2mm_small/2mm_small_non-P_EA.cpp:786:9)"/>
	<Message severity="INFO" prefix="[HLS 200-472]" key="HLS 200-472" tag="" content="Inferring partial write operation for &apos;v6[4][0]&apos; (1.2mm_small/2mm_small_non-P_EA.cpp:790:9)"/>
	<Message severity="INFO" prefix="[HLS 200-472]" key="HLS 200-472" tag="" content="Inferring partial write operation for &apos;v6[4][1]&apos; (1.2mm_small/2mm_small_non-P_EA.cpp:793:9)"/>
	<Message severity="INFO" prefix="[HLS 200-472]" key="HLS 200-472" tag="" content="Inferring partial write operation for &apos;v6[4][2]&apos; (1.2mm_small/2mm_small_non-P_EA.cpp:796:9)"/>
	<Message severity="INFO" prefix="[HLS 200-472]" key="HLS 200-472" tag="" content="Inferring partial write operation for &apos;v6[4][3]&apos; (1.2mm_small/2mm_small_non-P_EA.cpp:799:9)"/>
	<Message severity="INFO" prefix="[HLS 200-111]" key="HLS_111_965" tag="" content="Finished Architecture Synthesis Time (s): cpu = 00:00:04 ; elapsed = 00:00:30 . Memory (MB): peak = 185.637 ; gain = 95.953"/>
	<Message severity="INFO" prefix="[HLS 200-10]" key="HLS_10_1317" tag="" content="Starting hardware synthesis ..."/>
	<Message severity="INFO" prefix="[HLS 200-10]" key="HLS_10_1385" tag="" content="Synthesizing &apos;kernel_2mm_nonP_EA&apos; ..."/>
	<Message severity="INFO" prefix="[HLS 200-10]" key="HLS_10_1477" tag="" content="----------------------------------------------------------------"/>
	<Message severity="INFO" prefix="[HLS 200-42]" key="HLS_42_1438" tag="" content="-- Implementing module &apos;kernel_2mm_nonP_EA&apos;"/>
	<Message severity="INFO" prefix="[HLS 200-10]" key="HLS_10_1478" tag="" content="----------------------------------------------------------------"/>
	<Message severity="INFO" prefix="[SCHED 204-11]" key="SCHED_SCHED_STATUS_597" tag="" content="Starting scheduling ..."/>
	<Message severity="INFO" prefix="[SCHED 204-61]" key="SCHED_PIPELINING_STATUS_41" tag="" content="Pipelining loop &apos;Loop 1&apos;."/>
	<Message severity="INFO" prefix="[SCHED 204-61]" key="SCHED_PIPELINING_STATUS_44" tag="" content="Pipelining result : Target II = 2, Final II = 2, Depth = 39."/>
	<Message severity="INFO" prefix="[SCHED 204-61]" key="SCHED_PIPELINING_STATUS_41" tag="" content="Pipelining loop &apos;Loop 2&apos;."/>
	<Message severity="WARNING" prefix="[SCHED 204-69]" key="SCHED_RESOURCE_CONSTRAINT_NOT_MET_38" tag="SDX_KERNEL,SCHEDULE" content="Unable to schedule &apos;load&apos; operation (&apos;v2_0_load_3&apos;, 1.2mm_small/2mm_small_non-P_EA.cpp:504) on array &apos;v2_0&apos; due to limited memory ports. Please consider using a memory core with more ports or partitioning the array &apos;v2_0&apos;."/>
	<Message severity="INFO" prefix="[SCHED 204-61]" key="SCHED_PIPELINING_STATUS_44" tag="" content="Pipelining result : Target II = 3, Final II = 5, Depth = 35."/>
	<Message severity="INFO" prefix="[SCHED 204-11]" key="SCHED_SCHED_STATUS_596" tag="" content="Finished scheduling."/>
	<Message severity="INFO" prefix="[HLS 200-111]" key="HLS_111_966" tag="" content=" Elapsed time: 32.277 seconds; current allocated memory: 118.852 MB."/>
	<Message severity="INFO" prefix="[BIND 205-100]" key="BIND_100_926" tag="" content="Starting micro-architecture generation ..."/>
	<Message severity="INFO" prefix="[BIND 205-101]" key="BIND_101_698" tag="" content="Performing variable lifetime analysis."/>
	<Message severity="INFO" prefix="[BIND 205-101]" key="BIND_101_697" tag="" content="Exploring resource sharing."/>
	<Message severity="INFO" prefix="[BIND 205-101]" key="BIND_101_693" tag="" content="Binding ..."/>
	<Message severity="INFO" prefix="[BIND 205-100]" key="BIND_100_925" tag="" content="Finished micro-architecture generation."/>
	<Message severity="INFO" prefix="[HLS 200-111]" key="HLS_111_966" tag="" content=" Elapsed time: 1.114 seconds; current allocated memory: 125.416 MB."/>
	<Message severity="INFO" prefix="[HLS 200-10]" key="HLS_10_1483" tag="" content="----------------------------------------------------------------"/>
	<Message severity="INFO" prefix="[HLS 200-10]" key="HLS_10_1484" tag="" content="-- Generating RTL for module &apos;kernel_2mm_nonP_EA&apos;"/>
	<Message severity="INFO" prefix="[HLS 200-10]" key="HLS_10_1485" tag="" content="----------------------------------------------------------------"/>
	<Message severity="INFO" prefix="[RTGEN 206-500]" key="PREPROC_IO_COMP_CONFLICT_1950" tag="" content="Setting interface mode on port &apos;kernel_2mm_nonP_EA/v0&apos; to &apos;s_axilite &amp; ap_none&apos;."/>
	<Message severity="INFO" prefix="[RTGEN 206-500]" key="PREPROC_IO_COMP_CONFLICT_1950" tag="" content="Setting interface mode on port &apos;kernel_2mm_nonP_EA/v1&apos; to &apos;s_axilite &amp; ap_none&apos;."/>
	<Message severity="INFO" prefix="[RTGEN 206-500]" key="PREPROC_IO_COMP_CONFLICT_1950" tag="" content="Setting interface mode on port &apos;kernel_2mm_nonP_EA/v2_0&apos; to &apos;bram&apos;."/>
	<Message severity="INFO" prefix="[RTGEN 206-500]" key="PREPROC_IO_COMP_CONFLICT_1950" tag="" content="Setting interface mode on port &apos;kernel_2mm_nonP_EA/v2_1&apos; to &apos;bram&apos;."/>
	<Message severity="INFO" prefix="[RTGEN 206-500]" key="PREPROC_IO_COMP_CONFLICT_1950" tag="" content="Setting interface mode on port &apos;kernel_2mm_nonP_EA/v2_2&apos; to &apos;bram&apos;."/>
	<Message severity="INFO" prefix="[RTGEN 206-500]" key="PREPROC_IO_COMP_CONFLICT_1950" tag="" content="Setting interface mode on port &apos;kernel_2mm_nonP_EA/v2_3&apos; to &apos;bram&apos;."/>
	<Message severity="INFO" prefix="[RTGEN 206-500]" key="PREPROC_IO_COMP_CONFLICT_1950" tag="" content="Setting interface mode on port &apos;kernel_2mm_nonP_EA/v2_4&apos; to &apos;bram&apos;."/>
	<Message severity="INFO" prefix="[RTGEN 206-500]" key="PREPROC_IO_COMP_CONFLICT_1950" tag="" content="Setting interface mode on port &apos;kernel_2mm_nonP_EA/v2_5&apos; to &apos;bram&apos;."/>
	<Message severity="INFO" prefix="[RTGEN 206-500]" key="PREPROC_IO_COMP_CONFLICT_1950" tag="" content="Setting interface mode on port &apos;kernel_2mm_nonP_EA/v2_6&apos; to &apos;bram&apos;."/>
	<Message severity="INFO" prefix="[RTGEN 206-500]" key="PREPROC_IO_COMP_CONFLICT_1950" tag="" content="Setting interface mode on port &apos;kernel_2mm_nonP_EA/v2_7&apos; to &apos;bram&apos;."/>
	<Message severity="INFO" prefix="[RTGEN 206-500]" key="PREPROC_IO_COMP_CONFLICT_1950" tag="" content="Setting interface mode on port &apos;kernel_2mm_nonP_EA/v2_8&apos; to &apos;bram&apos;."/>
	<Message severity="INFO" prefix="[RTGEN 206-500]" key="PREPROC_IO_COMP_CONFLICT_1950" tag="" content="Setting interface mode on port &apos;kernel_2mm_nonP_EA/v2_9&apos; to &apos;bram&apos;."/>
	<Message severity="INFO" prefix="[RTGEN 206-500]" key="PREPROC_IO_COMP_CONFLICT_1950" tag="" content="Setting interface mode on port &apos;kernel_2mm_nonP_EA/v3_0&apos; to &apos;bram&apos;."/>
	<Message severity="INFO" prefix="[RTGEN 206-500]" key="PREPROC_IO_COMP_CONFLICT_1950" tag="" content="Setting interface mode on port &apos;kernel_2mm_nonP_EA/v3_1&apos; to &apos;bram&apos;."/>
	<Message severity="INFO" prefix="[RTGEN 206-500]" key="PREPROC_IO_COMP_CONFLICT_1950" tag="" content="Setting interface mode on port &apos;kernel_2mm_nonP_EA/v3_2&apos; to &apos;bram&apos;."/>
	<Message severity="INFO" prefix="[RTGEN 206-500]" key="PREPROC_IO_COMP_CONFLICT_1950" tag="" content="Setting interface mode on port &apos;kernel_2mm_nonP_EA/v3_3&apos; to &apos;bram&apos;."/>
	<Message severity="INFO" prefix="[RTGEN 206-500]" key="PREPROC_IO_COMP_CONFLICT_1950" tag="" content="Setting interface mode on port &apos;kernel_2mm_nonP_EA/v3_4&apos; to &apos;bram&apos;."/>
	<Message severity="INFO" prefix="[RTGEN 206-500]" key="PREPROC_IO_COMP_CONFLICT_1950" tag="" content="Setting interface mode on port &apos;kernel_2mm_nonP_EA/v3_5&apos; to &apos;bram&apos;."/>
	<Message severity="INFO" prefix="[RTGEN 206-500]" key="PREPROC_IO_COMP_CONFLICT_1950" tag="" content="Setting interface mode on port &apos;kernel_2mm_nonP_EA/v3_6&apos; to &apos;bram&apos;."/>
	<Message severity="INFO" prefix="[RTGEN 206-500]" key="PREPROC_IO_COMP_CONFLICT_1950" tag="" content="Setting interface mode on port &apos;kernel_2mm_nonP_EA/v4_0_0&apos; to &apos;bram&apos;."/>
	<Message severity="INFO" prefix="[RTGEN 206-500]" key="PREPROC_IO_COMP_CONFLICT_1950" tag="" content="Setting interface mode on port &apos;kernel_2mm_nonP_EA/v4_0_1&apos; to &apos;bram&apos;."/>
	<Message severity="INFO" prefix="[RTGEN 206-500]" key="PREPROC_IO_COMP_CONFLICT_1950" tag="" content="Setting interface mode on port &apos;kernel_2mm_nonP_EA/v4_0_2&apos; to &apos;bram&apos;."/>
	<Message severity="INFO" prefix="[RTGEN 206-500]" key="PREPROC_IO_COMP_CONFLICT_1950" tag="" content="Setting interface mode on port &apos;kernel_2mm_nonP_EA/v4_0_3&apos; to &apos;bram&apos;."/>
	<Message severity="INFO" prefix="[RTGEN 206-500]" key="PREPROC_IO_COMP_CONFLICT_1950" tag="" content="Setting interface mode on port &apos;kernel_2mm_nonP_EA/v4_0_4&apos; to &apos;bram&apos;."/>
	<Message severity="INFO" prefix="[RTGEN 206-500]" key="PREPROC_IO_COMP_CONFLICT_1950" tag="" content="Setting interface mode on port &apos;kernel_2mm_nonP_EA/v4_0_5&apos; to &apos;bram&apos;."/>
	<Message severity="INFO" prefix="[RTGEN 206-500]" key="PREPROC_IO_COMP_CONFLICT_1950" tag="" content="Setting interface mode on port &apos;kernel_2mm_nonP_EA/v4_0_6&apos; to &apos;bram&apos;."/>
	<Message severity="INFO" prefix="[RTGEN 206-500]" key="PREPROC_IO_COMP_CONFLICT_1950" tag="" content="Setting interface mode on port &apos;kernel_2mm_nonP_EA/v4_0_7&apos; to &apos;bram&apos;."/>
	<Message severity="INFO" prefix="[RTGEN 206-500]" key="PREPROC_IO_COMP_CONFLICT_1950" tag="" content="Setting interface mode on port &apos;kernel_2mm_nonP_EA/v4_0_8&apos; to &apos;bram&apos;."/>
	<Message severity="INFO" prefix="[RTGEN 206-500]" key="PREPROC_IO_COMP_CONFLICT_1950" tag="" content="Setting interface mode on port &apos;kernel_2mm_nonP_EA/v4_0_9&apos; to &apos;bram&apos;."/>
	<Message severity="INFO" prefix="[RTGEN 206-500]" key="PREPROC_IO_COMP_CONFLICT_1950" tag="" content="Setting interface mode on port &apos;kernel_2mm_nonP_EA/v4_1_0&apos; to &apos;bram&apos;."/>
	<Message severity="INFO" prefix="[RTGEN 206-500]" key="PREPROC_IO_COMP_CONFLICT_1950" tag="" content="Setting interface mode on port &apos;kernel_2mm_nonP_EA/v4_1_1&apos; to &apos;bram&apos;."/>
	<Message severity="INFO" prefix="[RTGEN 206-500]" key="PREPROC_IO_COMP_CONFLICT_1950" tag="" content="Setting interface mode on port &apos;kernel_2mm_nonP_EA/v4_1_2&apos; to &apos;bram&apos;."/>
	<Message severity="INFO" prefix="[RTGEN 206-500]" key="PREPROC_IO_COMP_CONFLICT_1950" tag="" content="Setting interface mode on port &apos;kernel_2mm_nonP_EA/v4_1_3&apos; to &apos;bram&apos;."/>
	<Message severity="INFO" prefix="[RTGEN 206-500]" key="PREPROC_IO_COMP_CONFLICT_1950" tag="" content="Setting interface mode on port &apos;kernel_2mm_nonP_EA/v4_1_4&apos; to &apos;bram&apos;."/>
	<Message severity="INFO" prefix="[RTGEN 206-500]" key="PREPROC_IO_COMP_CONFLICT_1950" tag="" content="Setting interface mode on port &apos;kernel_2mm_nonP_EA/v4_1_5&apos; to &apos;bram&apos;."/>
	<Message severity="INFO" prefix="[RTGEN 206-500]" key="PREPROC_IO_COMP_CONFLICT_1950" tag="" content="Setting interface mode on port &apos;kernel_2mm_nonP_EA/v4_1_6&apos; to &apos;bram&apos;."/>
	<Message severity="INFO" prefix="[RTGEN 206-500]" key="PREPROC_IO_COMP_CONFLICT_1950" tag="" content="Setting interface mode on port &apos;kernel_2mm_nonP_EA/v4_1_7&apos; to &apos;bram&apos;."/>
	<Message severity="INFO" prefix="[RTGEN 206-500]" key="PREPROC_IO_COMP_CONFLICT_1950" tag="" content="Setting interface mode on port &apos;kernel_2mm_nonP_EA/v4_1_8&apos; to &apos;bram&apos;."/>
	<Message severity="INFO" prefix="[RTGEN 206-500]" key="PREPROC_IO_COMP_CONFLICT_1950" tag="" content="Setting interface mode on port &apos;kernel_2mm_nonP_EA/v4_1_9&apos; to &apos;bram&apos;."/>
	<Message severity="INFO" prefix="[RTGEN 206-500]" key="PREPROC_IO_COMP_CONFLICT_1950" tag="" content="Setting interface mode on port &apos;kernel_2mm_nonP_EA/v4_2_0&apos; to &apos;bram&apos;."/>
	<Message severity="INFO" prefix="[RTGEN 206-500]" key="PREPROC_IO_COMP_CONFLICT_1950" tag="" content="Setting interface mode on port &apos;kernel_2mm_nonP_EA/v4_2_1&apos; to &apos;bram&apos;."/>
	<Message severity="INFO" prefix="[RTGEN 206-500]" key="PREPROC_IO_COMP_CONFLICT_1950" tag="" content="Setting interface mode on port &apos;kernel_2mm_nonP_EA/v4_2_2&apos; to &apos;bram&apos;."/>
	<Message severity="INFO" prefix="[RTGEN 206-500]" key="PREPROC_IO_COMP_CONFLICT_1950" tag="" content="Setting interface mode on port &apos;kernel_2mm_nonP_EA/v4_2_3&apos; to &apos;bram&apos;."/>
	<Message severity="INFO" prefix="[RTGEN 206-500]" key="PREPROC_IO_COMP_CONFLICT_1950" tag="" content="Setting interface mode on port &apos;kernel_2mm_nonP_EA/v4_2_4&apos; to &apos;bram&apos;."/>
	<Message severity="INFO" prefix="[RTGEN 206-500]" key="PREPROC_IO_COMP_CONFLICT_1950" tag="" content="Setting interface mode on port &apos;kernel_2mm_nonP_EA/v4_2_5&apos; to &apos;bram&apos;."/>
	<Message severity="INFO" prefix="[RTGEN 206-500]" key="PREPROC_IO_COMP_CONFLICT_1950" tag="" content="Setting interface mode on port &apos;kernel_2mm_nonP_EA/v4_2_6&apos; to &apos;bram&apos;."/>
	<Message severity="INFO" prefix="[RTGEN 206-500]" key="PREPROC_IO_COMP_CONFLICT_1950" tag="" content="Setting interface mode on port &apos;kernel_2mm_nonP_EA/v4_2_7&apos; to &apos;bram&apos;."/>
	<Message severity="INFO" prefix="[RTGEN 206-500]" key="PREPROC_IO_COMP_CONFLICT_1950" tag="" content="Setting interface mode on port &apos;kernel_2mm_nonP_EA/v4_2_8&apos; to &apos;bram&apos;."/>
	<Message severity="INFO" prefix="[RTGEN 206-500]" key="PREPROC_IO_COMP_CONFLICT_1950" tag="" content="Setting interface mode on port &apos;kernel_2mm_nonP_EA/v4_2_9&apos; to &apos;bram&apos;."/>
	<Message severity="INFO" prefix="[RTGEN 206-500]" key="PREPROC_IO_COMP_CONFLICT_1950" tag="" content="Setting interface mode on port &apos;kernel_2mm_nonP_EA/v4_3_0&apos; to &apos;bram&apos;."/>
	<Message severity="INFO" prefix="[RTGEN 206-500]" key="PREPROC_IO_COMP_CONFLICT_1950" tag="" content="Setting interface mode on port &apos;kernel_2mm_nonP_EA/v4_3_1&apos; to &apos;bram&apos;."/>
	<Message severity="INFO" prefix="[RTGEN 206-500]" key="PREPROC_IO_COMP_CONFLICT_1950" tag="" content="Setting interface mode on port &apos;kernel_2mm_nonP_EA/v4_3_2&apos; to &apos;bram&apos;."/>
	<Message severity="INFO" prefix="[RTGEN 206-500]" key="PREPROC_IO_COMP_CONFLICT_1950" tag="" content="Setting interface mode on port &apos;kernel_2mm_nonP_EA/v4_3_3&apos; to &apos;bram&apos;."/>
	<Message severity="INFO" prefix="[RTGEN 206-500]" key="PREPROC_IO_COMP_CONFLICT_1950" tag="" content="Setting interface mode on port &apos;kernel_2mm_nonP_EA/v4_3_4&apos; to &apos;bram&apos;."/>
	<Message severity="INFO" prefix="[RTGEN 206-500]" key="PREPROC_IO_COMP_CONFLICT_1950" tag="" content="Setting interface mode on port &apos;kernel_2mm_nonP_EA/v4_3_5&apos; to &apos;bram&apos;."/>
	<Message severity="INFO" prefix="[RTGEN 206-500]" key="PREPROC_IO_COMP_CONFLICT_1950" tag="" content="Setting interface mode on port &apos;kernel_2mm_nonP_EA/v4_3_6&apos; to &apos;bram&apos;."/>
	<Message severity="INFO" prefix="[RTGEN 206-500]" key="PREPROC_IO_COMP_CONFLICT_1950" tag="" content="Setting interface mode on port &apos;kernel_2mm_nonP_EA/v4_3_7&apos; to &apos;bram&apos;."/>
	<Message severity="INFO" prefix="[RTGEN 206-500]" key="PREPROC_IO_COMP_CONFLICT_1950" tag="" content="Setting interface mode on port &apos;kernel_2mm_nonP_EA/v4_3_8&apos; to &apos;bram&apos;."/>
	<Message severity="INFO" prefix="[RTGEN 206-500]" key="PREPROC_IO_COMP_CONFLICT_1950" tag="" content="Setting interface mode on port &apos;kernel_2mm_nonP_EA/v4_3_9&apos; to &apos;bram&apos;."/>
	<Message severity="INFO" prefix="[RTGEN 206-500]" key="PREPROC_IO_COMP_CONFLICT_1950" tag="" content="Setting interface mode on port &apos;kernel_2mm_nonP_EA/v4_4_0&apos; to &apos;bram&apos;."/>
	<Message severity="INFO" prefix="[RTGEN 206-500]" key="PREPROC_IO_COMP_CONFLICT_1950" tag="" content="Setting interface mode on port &apos;kernel_2mm_nonP_EA/v4_4_1&apos; to &apos;bram&apos;."/>
	<Message severity="INFO" prefix="[RTGEN 206-500]" key="PREPROC_IO_COMP_CONFLICT_1950" tag="" content="Setting interface mode on port &apos;kernel_2mm_nonP_EA/v4_4_2&apos; to &apos;bram&apos;."/>
	<Message severity="INFO" prefix="[RTGEN 206-500]" key="PREPROC_IO_COMP_CONFLICT_1950" tag="" content="Setting interface mode on port &apos;kernel_2mm_nonP_EA/v4_4_3&apos; to &apos;bram&apos;."/>
	<Message severity="INFO" prefix="[RTGEN 206-500]" key="PREPROC_IO_COMP_CONFLICT_1950" tag="" content="Setting interface mode on port &apos;kernel_2mm_nonP_EA/v4_4_4&apos; to &apos;bram&apos;."/>
	<Message severity="INFO" prefix="[RTGEN 206-500]" key="PREPROC_IO_COMP_CONFLICT_1950" tag="" content="Setting interface mode on port &apos;kernel_2mm_nonP_EA/v4_4_5&apos; to &apos;bram&apos;."/>
	<Message severity="INFO" prefix="[RTGEN 206-500]" key="PREPROC_IO_COMP_CONFLICT_1950" tag="" content="Setting interface mode on port &apos;kernel_2mm_nonP_EA/v4_4_6&apos; to &apos;bram&apos;."/>
	<Message severity="INFO" prefix="[RTGEN 206-500]" key="PREPROC_IO_COMP_CONFLICT_1950" tag="" content="Setting interface mode on port &apos;kernel_2mm_nonP_EA/v4_4_7&apos; to &apos;bram&apos;."/>
	<Message severity="INFO" prefix="[RTGEN 206-500]" key="PREPROC_IO_COMP_CONFLICT_1950" tag="" content="Setting interface mode on port &apos;kernel_2mm_nonP_EA/v4_4_8&apos; to &apos;bram&apos;."/>
	<Message severity="INFO" prefix="[RTGEN 206-500]" key="PREPROC_IO_COMP_CONFLICT_1950" tag="" content="Setting interface mode on port &apos;kernel_2mm_nonP_EA/v4_4_9&apos; to &apos;bram&apos;."/>
	<Message severity="INFO" prefix="[RTGEN 206-500]" key="PREPROC_IO_COMP_CONFLICT_1950" tag="" content="Setting interface mode on port &apos;kernel_2mm_nonP_EA/v4_5_0&apos; to &apos;bram&apos;."/>
	<Message severity="INFO" prefix="[RTGEN 206-500]" key="PREPROC_IO_COMP_CONFLICT_1950" tag="" content="Setting interface mode on port &apos;kernel_2mm_nonP_EA/v4_5_1&apos; to &apos;bram&apos;."/>
	<Message severity="INFO" prefix="[RTGEN 206-500]" key="PREPROC_IO_COMP_CONFLICT_1950" tag="" content="Setting interface mode on port &apos;kernel_2mm_nonP_EA/v4_5_2&apos; to &apos;bram&apos;."/>
	<Message severity="INFO" prefix="[RTGEN 206-500]" key="PREPROC_IO_COMP_CONFLICT_1950" tag="" content="Setting interface mode on port &apos;kernel_2mm_nonP_EA/v4_5_3&apos; to &apos;bram&apos;."/>
	<Message severity="INFO" prefix="[RTGEN 206-500]" key="PREPROC_IO_COMP_CONFLICT_1950" tag="" content="Setting interface mode on port &apos;kernel_2mm_nonP_EA/v4_5_4&apos; to &apos;bram&apos;."/>
	<Message severity="INFO" prefix="[RTGEN 206-500]" key="PREPROC_IO_COMP_CONFLICT_1950" tag="" content="Setting interface mode on port &apos;kernel_2mm_nonP_EA/v4_5_5&apos; to &apos;bram&apos;."/>
	<Message severity="INFO" prefix="[RTGEN 206-500]" key="PREPROC_IO_COMP_CONFLICT_1950" tag="" content="Setting interface mode on port &apos;kernel_2mm_nonP_EA/v4_5_6&apos; to &apos;bram&apos;."/>
	<Message severity="INFO" prefix="[RTGEN 206-500]" key="PREPROC_IO_COMP_CONFLICT_1950" tag="" content="Setting interface mode on port &apos;kernel_2mm_nonP_EA/v4_5_7&apos; to &apos;bram&apos;."/>
	<Message severity="INFO" prefix="[RTGEN 206-500]" key="PREPROC_IO_COMP_CONFLICT_1950" tag="" content="Setting interface mode on port &apos;kernel_2mm_nonP_EA/v4_5_8&apos; to &apos;bram&apos;."/>
	<Message severity="INFO" prefix="[RTGEN 206-500]" key="PREPROC_IO_COMP_CONFLICT_1950" tag="" content="Setting interface mode on port &apos;kernel_2mm_nonP_EA/v4_5_9&apos; to &apos;bram&apos;."/>
	<Message severity="INFO" prefix="[RTGEN 206-500]" key="PREPROC_IO_COMP_CONFLICT_1950" tag="" content="Setting interface mode on port &apos;kernel_2mm_nonP_EA/v4_6_0&apos; to &apos;bram&apos;."/>
	<Message severity="INFO" prefix="[RTGEN 206-500]" key="PREPROC_IO_COMP_CONFLICT_1950" tag="" content="Setting interface mode on port &apos;kernel_2mm_nonP_EA/v4_6_1&apos; to &apos;bram&apos;."/>
	<Message severity="INFO" prefix="[RTGEN 206-500]" key="PREPROC_IO_COMP_CONFLICT_1950" tag="" content="Setting interface mode on port &apos;kernel_2mm_nonP_EA/v4_6_2&apos; to &apos;bram&apos;."/>
	<Message severity="INFO" prefix="[RTGEN 206-500]" key="PREPROC_IO_COMP_CONFLICT_1950" tag="" content="Setting interface mode on port &apos;kernel_2mm_nonP_EA/v4_6_3&apos; to &apos;bram&apos;."/>
	<Message severity="INFO" prefix="[RTGEN 206-500]" key="PREPROC_IO_COMP_CONFLICT_1950" tag="" content="Setting interface mode on port &apos;kernel_2mm_nonP_EA/v4_6_4&apos; to &apos;bram&apos;."/>
	<Message severity="INFO" prefix="[RTGEN 206-500]" key="PREPROC_IO_COMP_CONFLICT_1950" tag="" content="Setting interface mode on port &apos;kernel_2mm_nonP_EA/v4_6_5&apos; to &apos;bram&apos;."/>
	<Message severity="INFO" prefix="[RTGEN 206-500]" key="PREPROC_IO_COMP_CONFLICT_1950" tag="" content="Setting interface mode on port &apos;kernel_2mm_nonP_EA/v4_6_6&apos; to &apos;bram&apos;."/>
	<Message severity="INFO" prefix="[RTGEN 206-500]" key="PREPROC_IO_COMP_CONFLICT_1950" tag="" content="Setting interface mode on port &apos;kernel_2mm_nonP_EA/v4_6_7&apos; to &apos;bram&apos;."/>
	<Message severity="INFO" prefix="[RTGEN 206-500]" key="PREPROC_IO_COMP_CONFLICT_1950" tag="" content="Setting interface mode on port &apos;kernel_2mm_nonP_EA/v4_6_8&apos; to &apos;bram&apos;."/>
	<Message severity="INFO" prefix="[RTGEN 206-500]" key="PREPROC_IO_COMP_CONFLICT_1950" tag="" content="Setting interface mode on port &apos;kernel_2mm_nonP_EA/v4_6_9&apos; to &apos;bram&apos;."/>
	<Message severity="INFO" prefix="[RTGEN 206-500]" key="PREPROC_IO_COMP_CONFLICT_1950" tag="" content="Setting interface mode on port &apos;kernel_2mm_nonP_EA/v5_0_0&apos; to &apos;bram&apos;."/>
	<Message severity="INFO" prefix="[RTGEN 206-500]" key="PREPROC_IO_COMP_CONFLICT_1950" tag="" content="Setting interface mode on port &apos;kernel_2mm_nonP_EA/v5_0_1&apos; to &apos;bram&apos;."/>
	<Message severity="INFO" prefix="[RTGEN 206-500]" key="PREPROC_IO_COMP_CONFLICT_1950" tag="" content="Setting interface mode on port &apos;kernel_2mm_nonP_EA/v5_0_2&apos; to &apos;bram&apos;."/>
	<Message severity="INFO" prefix="[RTGEN 206-500]" key="PREPROC_IO_COMP_CONFLICT_1950" tag="" content="Setting interface mode on port &apos;kernel_2mm_nonP_EA/v5_0_3&apos; to &apos;bram&apos;."/>
	<Message severity="INFO" prefix="[RTGEN 206-500]" key="PREPROC_IO_COMP_CONFLICT_1950" tag="" content="Setting interface mode on port &apos;kernel_2mm_nonP_EA/v5_1_0&apos; to &apos;bram&apos;."/>
	<Message severity="INFO" prefix="[RTGEN 206-500]" key="PREPROC_IO_COMP_CONFLICT_1950" tag="" content="Setting interface mode on port &apos;kernel_2mm_nonP_EA/v5_1_1&apos; to &apos;bram&apos;."/>
	<Message severity="INFO" prefix="[RTGEN 206-500]" key="PREPROC_IO_COMP_CONFLICT_1950" tag="" content="Setting interface mode on port &apos;kernel_2mm_nonP_EA/v5_1_2&apos; to &apos;bram&apos;."/>
	<Message severity="INFO" prefix="[RTGEN 206-500]" key="PREPROC_IO_COMP_CONFLICT_1950" tag="" content="Setting interface mode on port &apos;kernel_2mm_nonP_EA/v5_1_3&apos; to &apos;bram&apos;."/>
	<Message severity="INFO" prefix="[RTGEN 206-500]" key="PREPROC_IO_COMP_CONFLICT_1950" tag="" content="Setting interface mode on port &apos;kernel_2mm_nonP_EA/v5_2_0&apos; to &apos;bram&apos;."/>
	<Message severity="INFO" prefix="[RTGEN 206-500]" key="PREPROC_IO_COMP_CONFLICT_1950" tag="" content="Setting interface mode on port &apos;kernel_2mm_nonP_EA/v5_2_1&apos; to &apos;bram&apos;."/>
	<Message severity="INFO" prefix="[RTGEN 206-500]" key="PREPROC_IO_COMP_CONFLICT_1950" tag="" content="Setting interface mode on port &apos;kernel_2mm_nonP_EA/v5_2_2&apos; to &apos;bram&apos;."/>
	<Message severity="INFO" prefix="[RTGEN 206-500]" key="PREPROC_IO_COMP_CONFLICT_1950" tag="" content="Setting interface mode on port &apos;kernel_2mm_nonP_EA/v5_2_3&apos; to &apos;bram&apos;."/>
	<Message severity="INFO" prefix="[RTGEN 206-500]" key="PREPROC_IO_COMP_CONFLICT_1950" tag="" content="Setting interface mode on port &apos;kernel_2mm_nonP_EA/v5_3_0&apos; to &apos;bram&apos;."/>
	<Message severity="INFO" prefix="[RTGEN 206-500]" key="PREPROC_IO_COMP_CONFLICT_1950" tag="" content="Setting interface mode on port &apos;kernel_2mm_nonP_EA/v5_3_1&apos; to &apos;bram&apos;."/>
	<Message severity="INFO" prefix="[RTGEN 206-500]" key="PREPROC_IO_COMP_CONFLICT_1950" tag="" content="Setting interface mode on port &apos;kernel_2mm_nonP_EA/v5_3_2&apos; to &apos;bram&apos;."/>
	<Message severity="INFO" prefix="[RTGEN 206-500]" key="PREPROC_IO_COMP_CONFLICT_1950" tag="" content="Setting interface mode on port &apos;kernel_2mm_nonP_EA/v5_3_3&apos; to &apos;bram&apos;."/>
	<Message severity="INFO" prefix="[RTGEN 206-500]" key="PREPROC_IO_COMP_CONFLICT_1950" tag="" content="Setting interface mode on port &apos;kernel_2mm_nonP_EA/v5_4_0&apos; to &apos;bram&apos;."/>
	<Message severity="INFO" prefix="[RTGEN 206-500]" key="PREPROC_IO_COMP_CONFLICT_1950" tag="" content="Setting interface mode on port &apos;kernel_2mm_nonP_EA/v5_4_1&apos; to &apos;bram&apos;."/>
	<Message severity="INFO" prefix="[RTGEN 206-500]" key="PREPROC_IO_COMP_CONFLICT_1950" tag="" content="Setting interface mode on port &apos;kernel_2mm_nonP_EA/v5_4_2&apos; to &apos;bram&apos;."/>
	<Message severity="INFO" prefix="[RTGEN 206-500]" key="PREPROC_IO_COMP_CONFLICT_1950" tag="" content="Setting interface mode on port &apos;kernel_2mm_nonP_EA/v5_4_3&apos; to &apos;bram&apos;."/>
	<Message severity="INFO" prefix="[RTGEN 206-500]" key="PREPROC_IO_COMP_CONFLICT_1950" tag="" content="Setting interface mode on port &apos;kernel_2mm_nonP_EA/v6_0_0&apos; to &apos;bram&apos;."/>
	<Message severity="INFO" prefix="[RTGEN 206-500]" key="PREPROC_IO_COMP_CONFLICT_1950" tag="" content="Setting interface mode on port &apos;kernel_2mm_nonP_EA/v6_0_1&apos; to &apos;bram&apos;."/>
	<Message severity="INFO" prefix="[RTGEN 206-500]" key="PREPROC_IO_COMP_CONFLICT_1950" tag="" content="Setting interface mode on port &apos;kernel_2mm_nonP_EA/v6_0_2&apos; to &apos;bram&apos;."/>
	<Message severity="INFO" prefix="[RTGEN 206-500]" key="PREPROC_IO_COMP_CONFLICT_1950" tag="" content="Setting interface mode on port &apos;kernel_2mm_nonP_EA/v6_0_3&apos; to &apos;bram&apos;."/>
	<Message severity="INFO" prefix="[RTGEN 206-500]" key="PREPROC_IO_COMP_CONFLICT_1950" tag="" content="Setting interface mode on port &apos;kernel_2mm_nonP_EA/v6_1_0&apos; to &apos;bram&apos;."/>
	<Message severity="INFO" prefix="[RTGEN 206-500]" key="PREPROC_IO_COMP_CONFLICT_1950" tag="" content="Setting interface mode on port &apos;kernel_2mm_nonP_EA/v6_1_1&apos; to &apos;bram&apos;."/>
	<Message severity="INFO" prefix="[RTGEN 206-500]" key="PREPROC_IO_COMP_CONFLICT_1950" tag="" content="Setting interface mode on port &apos;kernel_2mm_nonP_EA/v6_1_2&apos; to &apos;bram&apos;."/>
	<Message severity="INFO" prefix="[RTGEN 206-500]" key="PREPROC_IO_COMP_CONFLICT_1950" tag="" content="Setting interface mode on port &apos;kernel_2mm_nonP_EA/v6_1_3&apos; to &apos;bram&apos;."/>
	<Message severity="INFO" prefix="[RTGEN 206-500]" key="PREPROC_IO_COMP_CONFLICT_1950" tag="" content="Setting interface mode on port &apos;kernel_2mm_nonP_EA/v6_2_0&apos; to &apos;bram&apos;."/>
	<Message severity="INFO" prefix="[RTGEN 206-500]" key="PREPROC_IO_COMP_CONFLICT_1950" tag="" content="Setting interface mode on port &apos;kernel_2mm_nonP_EA/v6_2_1&apos; to &apos;bram&apos;."/>
	<Message severity="INFO" prefix="[RTGEN 206-500]" key="PREPROC_IO_COMP_CONFLICT_1950" tag="" content="Setting interface mode on port &apos;kernel_2mm_nonP_EA/v6_2_2&apos; to &apos;bram&apos;."/>
	<Message severity="INFO" prefix="[RTGEN 206-500]" key="PREPROC_IO_COMP_CONFLICT_1950" tag="" content="Setting interface mode on port &apos;kernel_2mm_nonP_EA/v6_2_3&apos; to &apos;bram&apos;."/>
	<Message severity="INFO" prefix="[RTGEN 206-500]" key="PREPROC_IO_COMP_CONFLICT_1950" tag="" content="Setting interface mode on port &apos;kernel_2mm_nonP_EA/v6_3_0&apos; to &apos;bram&apos;."/>
	<Message severity="INFO" prefix="[RTGEN 206-500]" key="PREPROC_IO_COMP_CONFLICT_1950" tag="" content="Setting interface mode on port &apos;kernel_2mm_nonP_EA/v6_3_1&apos; to &apos;bram&apos;."/>
	<Message severity="INFO" prefix="[RTGEN 206-500]" key="PREPROC_IO_COMP_CONFLICT_1950" tag="" content="Setting interface mode on port &apos;kernel_2mm_nonP_EA/v6_3_2&apos; to &apos;bram&apos;."/>
	<Message severity="INFO" prefix="[RTGEN 206-500]" key="PREPROC_IO_COMP_CONFLICT_1950" tag="" content="Setting interface mode on port &apos;kernel_2mm_nonP_EA/v6_3_3&apos; to &apos;bram&apos;."/>
	<Message severity="INFO" prefix="[RTGEN 206-500]" key="PREPROC_IO_COMP_CONFLICT_1950" tag="" content="Setting interface mode on port &apos;kernel_2mm_nonP_EA/v6_4_0&apos; to &apos;bram&apos;."/>
	<Message severity="INFO" prefix="[RTGEN 206-500]" key="PREPROC_IO_COMP_CONFLICT_1950" tag="" content="Setting interface mode on port &apos;kernel_2mm_nonP_EA/v6_4_1&apos; to &apos;bram&apos;."/>
	<Message severity="INFO" prefix="[RTGEN 206-500]" key="PREPROC_IO_COMP_CONFLICT_1950" tag="" content="Setting interface mode on port &apos;kernel_2mm_nonP_EA/v6_4_2&apos; to &apos;bram&apos;."/>
	<Message severity="INFO" prefix="[RTGEN 206-500]" key="PREPROC_IO_COMP_CONFLICT_1950" tag="" content="Setting interface mode on port &apos;kernel_2mm_nonP_EA/v6_4_3&apos; to &apos;bram&apos;."/>
	<Message severity="INFO" prefix="[RTGEN 206-500]" key="PREPROC_IO_COMP_CONFLICT_1950" tag="" content="Setting interface mode on function &apos;kernel_2mm_nonP_EA&apos; to &apos;s_axilite &amp; ap_ctrl_hs&apos;."/>
	<Message severity="INFO" prefix="[RTGEN 206-100]" key="RTGEN_100_851" tag="" content="Bundling port &apos;return&apos; and &apos;v1&apos; to AXI-Lite port ctrl."/>
	<Message severity="INFO" prefix="[SYN 201-210]" key="SYN_210_889" tag="" content="Renamed object name &apos;kernel_2mm_nonP_EA_fadd_32ns_32ns_32_4_full_dsp_1&apos; to &apos;kernel_2mm_nonP_Ebkb&apos; due to the length limit 20"/>
	<Message severity="INFO" prefix="[SYN 201-210]" key="SYN_210_889" tag="" content="Renamed object name &apos;kernel_2mm_nonP_EA_fmul_32ns_32ns_32_3_max_dsp_1&apos; to &apos;kernel_2mm_nonP_Ecud&apos; due to the length limit 20"/>
	<Message severity="INFO" prefix="[SYN 201-210]" key="SYN_210_889" tag="" content="Renamed object name &apos;kernel_2mm_nonP_EA_urem_6ns_5ns_4_10_1&apos; to &apos;kernel_2mm_nonP_EdEe&apos; due to the length limit 20"/>
	<Message severity="INFO" prefix="[SYN 201-210]" key="SYN_210_889" tag="" content="Renamed object name &apos;kernel_2mm_nonP_EA_mac_muladd_5ns_4ns_5ns_8_1_1&apos; to &apos;kernel_2mm_nonP_EeOg&apos; due to the length limit 20"/>
	<Message severity="WARNING" prefix="[RTGEN 206-101]" key="RTGEN_101_739" tag="" content="Setting dangling out port &apos;kernel_2mm_nonP_EA/v2_0_WEN_A&apos; to 0."/>
	<Message severity="WARNING" prefix="[RTGEN 206-101]" key="RTGEN_101_739" tag="" content="Setting dangling out port &apos;kernel_2mm_nonP_EA/v2_0_Din_A&apos; to 0."/>
	<Message severity="WARNING" prefix="[RTGEN 206-101]" key="RTGEN_101_739" tag="" content="Setting dangling out port &apos;kernel_2mm_nonP_EA/v2_1_WEN_A&apos; to 0."/>
	<Message severity="WARNING" prefix="[RTGEN 206-101]" key="RTGEN_101_739" tag="" content="Setting dangling out port &apos;kernel_2mm_nonP_EA/v2_1_Din_A&apos; to 0."/>
	<Message severity="WARNING" prefix="[RTGEN 206-101]" key="RTGEN_101_739" tag="" content="Setting dangling out port &apos;kernel_2mm_nonP_EA/v2_2_WEN_A&apos; to 0."/>
	<Message severity="WARNING" prefix="[RTGEN 206-101]" key="RTGEN_101_739" tag="" content="Setting dangling out port &apos;kernel_2mm_nonP_EA/v2_2_Din_A&apos; to 0."/>
	<Message severity="WARNING" prefix="[RTGEN 206-101]" key="RTGEN_101_739" tag="" content="Setting dangling out port &apos;kernel_2mm_nonP_EA/v2_3_WEN_A&apos; to 0."/>
	<Message severity="WARNING" prefix="[RTGEN 206-101]" key="RTGEN_101_739" tag="" content="Setting dangling out port &apos;kernel_2mm_nonP_EA/v2_3_Din_A&apos; to 0."/>
	<Message severity="WARNING" prefix="[RTGEN 206-101]" key="RTGEN_101_739" tag="" content="Setting dangling out port &apos;kernel_2mm_nonP_EA/v2_4_WEN_A&apos; to 0."/>
	<Message severity="WARNING" prefix="[RTGEN 206-101]" key="RTGEN_101_739" tag="" content="Setting dangling out port &apos;kernel_2mm_nonP_EA/v2_4_Din_A&apos; to 0."/>
	<Message severity="WARNING" prefix="[RTGEN 206-101]" key="RTGEN_101_739" tag="" content="Setting dangling out port &apos;kernel_2mm_nonP_EA/v2_5_WEN_A&apos; to 0."/>
	<Message severity="WARNING" prefix="[RTGEN 206-101]" key="RTGEN_101_739" tag="" content="Setting dangling out port &apos;kernel_2mm_nonP_EA/v2_5_Din_A&apos; to 0."/>
	<Message severity="WARNING" prefix="[RTGEN 206-101]" key="RTGEN_101_739" tag="" content="Setting dangling out port &apos;kernel_2mm_nonP_EA/v2_6_WEN_A&apos; to 0."/>
	<Message severity="WARNING" prefix="[RTGEN 206-101]" key="RTGEN_101_739" tag="" content="Setting dangling out port &apos;kernel_2mm_nonP_EA/v2_6_Din_A&apos; to 0."/>
	<Message severity="WARNING" prefix="[RTGEN 206-101]" key="RTGEN_101_739" tag="" content="Setting dangling out port &apos;kernel_2mm_nonP_EA/v2_7_WEN_A&apos; to 0."/>
	<Message severity="WARNING" prefix="[RTGEN 206-101]" key="RTGEN_101_739" tag="" content="Setting dangling out port &apos;kernel_2mm_nonP_EA/v2_7_Din_A&apos; to 0."/>
	<Message severity="WARNING" prefix="[RTGEN 206-101]" key="RTGEN_101_739" tag="" content="Setting dangling out port &apos;kernel_2mm_nonP_EA/v2_8_WEN_A&apos; to 0."/>
	<Message severity="WARNING" prefix="[RTGEN 206-101]" key="RTGEN_101_739" tag="" content="Setting dangling out port &apos;kernel_2mm_nonP_EA/v2_8_Din_A&apos; to 0."/>
	<Message severity="WARNING" prefix="[RTGEN 206-101]" key="RTGEN_101_739" tag="" content="Setting dangling out port &apos;kernel_2mm_nonP_EA/v2_9_WEN_A&apos; to 0."/>
	<Message severity="WARNING" prefix="[RTGEN 206-101]" key="RTGEN_101_739" tag="" content="Setting dangling out port &apos;kernel_2mm_nonP_EA/v2_9_Din_A&apos; to 0."/>
	<Message severity="WARNING" prefix="[RTGEN 206-101]" key="RTGEN_101_739" tag="" content="Setting dangling out port &apos;kernel_2mm_nonP_EA/v3_0_WEN_A&apos; to 0."/>
	<Message severity="WARNING" prefix="[RTGEN 206-101]" key="RTGEN_101_739" tag="" content="Setting dangling out port &apos;kernel_2mm_nonP_EA/v3_0_Din_A&apos; to 0."/>
	<Message severity="WARNING" prefix="[RTGEN 206-101]" key="RTGEN_101_739" tag="" content="Setting dangling out port &apos;kernel_2mm_nonP_EA/v3_1_WEN_A&apos; to 0."/>
	<Message severity="WARNING" prefix="[RTGEN 206-101]" key="RTGEN_101_739" tag="" content="Setting dangling out port &apos;kernel_2mm_nonP_EA/v3_1_Din_A&apos; to 0."/>
	<Message severity="WARNING" prefix="[RTGEN 206-101]" key="RTGEN_101_739" tag="" content="Setting dangling out port &apos;kernel_2mm_nonP_EA/v3_2_WEN_A&apos; to 0."/>
	<Message severity="WARNING" prefix="[RTGEN 206-101]" key="RTGEN_101_739" tag="" content="Setting dangling out port &apos;kernel_2mm_nonP_EA/v3_2_Din_A&apos; to 0."/>
	<Message severity="WARNING" prefix="[RTGEN 206-101]" key="RTGEN_101_739" tag="" content="Setting dangling out port &apos;kernel_2mm_nonP_EA/v3_3_WEN_A&apos; to 0."/>
	<Message severity="WARNING" prefix="[RTGEN 206-101]" key="RTGEN_101_739" tag="" content="Setting dangling out port &apos;kernel_2mm_nonP_EA/v3_3_Din_A&apos; to 0."/>
	<Message severity="WARNING" prefix="[RTGEN 206-101]" key="RTGEN_101_739" tag="" content="Setting dangling out port &apos;kernel_2mm_nonP_EA/v3_4_WEN_A&apos; to 0."/>
	<Message severity="WARNING" prefix="[RTGEN 206-101]" key="RTGEN_101_739" tag="" content="Setting dangling out port &apos;kernel_2mm_nonP_EA/v3_4_Din_A&apos; to 0."/>
	<Message severity="WARNING" prefix="[RTGEN 206-101]" key="RTGEN_101_739" tag="" content="Setting dangling out port &apos;kernel_2mm_nonP_EA/v3_5_WEN_A&apos; to 0."/>
	<Message severity="WARNING" prefix="[RTGEN 206-101]" key="RTGEN_101_739" tag="" content="Setting dangling out port &apos;kernel_2mm_nonP_EA/v3_5_Din_A&apos; to 0."/>
	<Message severity="WARNING" prefix="[RTGEN 206-101]" key="RTGEN_101_739" tag="" content="Setting dangling out port &apos;kernel_2mm_nonP_EA/v3_6_WEN_A&apos; to 0."/>
	<Message severity="WARNING" prefix="[RTGEN 206-101]" key="RTGEN_101_739" tag="" content="Setting dangling out port &apos;kernel_2mm_nonP_EA/v3_6_Din_A&apos; to 0."/>
	<Message severity="WARNING" prefix="[RTGEN 206-101]" key="RTGEN_101_739" tag="" content="Setting dangling out port &apos;kernel_2mm_nonP_EA/v4_0_0_WEN_A&apos; to 0."/>
	<Message severity="WARNING" prefix="[RTGEN 206-101]" key="RTGEN_101_739" tag="" content="Setting dangling out port &apos;kernel_2mm_nonP_EA/v4_0_0_Din_A&apos; to 0."/>
	<Message severity="WARNING" prefix="[RTGEN 206-101]" key="RTGEN_101_739" tag="" content="Setting dangling out port &apos;kernel_2mm_nonP_EA/v4_0_1_WEN_A&apos; to 0."/>
	<Message severity="WARNING" prefix="[RTGEN 206-101]" key="RTGEN_101_739" tag="" content="Setting dangling out port &apos;kernel_2mm_nonP_EA/v4_0_1_Din_A&apos; to 0."/>
	<Message severity="WARNING" prefix="[RTGEN 206-101]" key="RTGEN_101_739" tag="" content="Setting dangling out port &apos;kernel_2mm_nonP_EA/v4_0_2_WEN_A&apos; to 0."/>
	<Message severity="WARNING" prefix="[RTGEN 206-101]" key="RTGEN_101_739" tag="" content="Setting dangling out port &apos;kernel_2mm_nonP_EA/v4_0_2_Din_A&apos; to 0."/>
	<Message severity="WARNING" prefix="[RTGEN 206-101]" key="RTGEN_101_739" tag="" content="Setting dangling out port &apos;kernel_2mm_nonP_EA/v4_0_3_WEN_A&apos; to 0."/>
	<Message severity="WARNING" prefix="[RTGEN 206-101]" key="RTGEN_101_739" tag="" content="Setting dangling out port &apos;kernel_2mm_nonP_EA/v4_0_3_Din_A&apos; to 0."/>
	<Message severity="WARNING" prefix="[RTGEN 206-101]" key="RTGEN_101_739" tag="" content="Setting dangling out port &apos;kernel_2mm_nonP_EA/v4_0_4_WEN_A&apos; to 0."/>
	<Message severity="WARNING" prefix="[RTGEN 206-101]" key="RTGEN_101_739" tag="" content="Setting dangling out port &apos;kernel_2mm_nonP_EA/v4_0_4_Din_A&apos; to 0."/>
	<Message severity="WARNING" prefix="[RTGEN 206-101]" key="RTGEN_101_739" tag="" content="Setting dangling out port &apos;kernel_2mm_nonP_EA/v4_0_5_WEN_A&apos; to 0."/>
	<Message severity="WARNING" prefix="[RTGEN 206-101]" key="RTGEN_101_739" tag="" content="Setting dangling out port &apos;kernel_2mm_nonP_EA/v4_0_5_Din_A&apos; to 0."/>
	<Message severity="WARNING" prefix="[RTGEN 206-101]" key="RTGEN_101_739" tag="" content="Setting dangling out port &apos;kernel_2mm_nonP_EA/v4_0_6_WEN_A&apos; to 0."/>
	<Message severity="WARNING" prefix="[RTGEN 206-101]" key="RTGEN_101_739" tag="" content="Setting dangling out port &apos;kernel_2mm_nonP_EA/v4_0_6_Din_A&apos; to 0."/>
	<Message severity="WARNING" prefix="[RTGEN 206-101]" key="RTGEN_101_739" tag="" content="Setting dangling out port &apos;kernel_2mm_nonP_EA/v4_0_7_WEN_A&apos; to 0."/>
	<Message severity="WARNING" prefix="[RTGEN 206-101]" key="RTGEN_101_739" tag="" content="Setting dangling out port &apos;kernel_2mm_nonP_EA/v4_0_7_Din_A&apos; to 0."/>
	<Message severity="WARNING" prefix="[RTGEN 206-101]" key="RTGEN_101_739" tag="" content="Setting dangling out port &apos;kernel_2mm_nonP_EA/v4_0_8_WEN_A&apos; to 0."/>
	<Message severity="WARNING" prefix="[RTGEN 206-101]" key="RTGEN_101_739" tag="" content="Setting dangling out port &apos;kernel_2mm_nonP_EA/v4_0_8_Din_A&apos; to 0."/>
	<Message severity="WARNING" prefix="[RTGEN 206-101]" key="RTGEN_101_739" tag="" content="Setting dangling out port &apos;kernel_2mm_nonP_EA/v4_0_9_WEN_A&apos; to 0."/>
	<Message severity="WARNING" prefix="[RTGEN 206-101]" key="RTGEN_101_739" tag="" content="Setting dangling out port &apos;kernel_2mm_nonP_EA/v4_0_9_Din_A&apos; to 0."/>
	<Message severity="WARNING" prefix="[RTGEN 206-101]" key="RTGEN_101_739" tag="" content="Setting dangling out port &apos;kernel_2mm_nonP_EA/v4_1_0_WEN_A&apos; to 0."/>
	<Message severity="WARNING" prefix="[RTGEN 206-101]" key="RTGEN_101_739" tag="" content="Setting dangling out port &apos;kernel_2mm_nonP_EA/v4_1_0_Din_A&apos; to 0."/>
	<Message severity="WARNING" prefix="[RTGEN 206-101]" key="RTGEN_101_739" tag="" content="Setting dangling out port &apos;kernel_2mm_nonP_EA/v4_1_1_WEN_A&apos; to 0."/>
	<Message severity="WARNING" prefix="[RTGEN 206-101]" key="RTGEN_101_739" tag="" content="Setting dangling out port &apos;kernel_2mm_nonP_EA/v4_1_1_Din_A&apos; to 0."/>
	<Message severity="WARNING" prefix="[RTGEN 206-101]" key="RTGEN_101_739" tag="" content="Setting dangling out port &apos;kernel_2mm_nonP_EA/v4_1_2_WEN_A&apos; to 0."/>
	<Message severity="WARNING" prefix="[RTGEN 206-101]" key="RTGEN_101_739" tag="" content="Setting dangling out port &apos;kernel_2mm_nonP_EA/v4_1_2_Din_A&apos; to 0."/>
	<Message severity="WARNING" prefix="[RTGEN 206-101]" key="RTGEN_101_739" tag="" content="Setting dangling out port &apos;kernel_2mm_nonP_EA/v4_1_3_WEN_A&apos; to 0."/>
	<Message severity="WARNING" prefix="[RTGEN 206-101]" key="RTGEN_101_739" tag="" content="Setting dangling out port &apos;kernel_2mm_nonP_EA/v4_1_3_Din_A&apos; to 0."/>
	<Message severity="WARNING" prefix="[RTGEN 206-101]" key="RTGEN_101_739" tag="" content="Setting dangling out port &apos;kernel_2mm_nonP_EA/v4_1_4_WEN_A&apos; to 0."/>
	<Message severity="WARNING" prefix="[RTGEN 206-101]" key="RTGEN_101_739" tag="" content="Setting dangling out port &apos;kernel_2mm_nonP_EA/v4_1_4_Din_A&apos; to 0."/>
	<Message severity="WARNING" prefix="[RTGEN 206-101]" key="RTGEN_101_739" tag="" content="Setting dangling out port &apos;kernel_2mm_nonP_EA/v4_1_5_WEN_A&apos; to 0."/>
	<Message severity="WARNING" prefix="[RTGEN 206-101]" key="RTGEN_101_739" tag="" content="Setting dangling out port &apos;kernel_2mm_nonP_EA/v4_1_5_Din_A&apos; to 0."/>
	<Message severity="WARNING" prefix="[RTGEN 206-101]" key="RTGEN_101_739" tag="" content="Setting dangling out port &apos;kernel_2mm_nonP_EA/v4_1_6_WEN_A&apos; to 0."/>
	<Message severity="WARNING" prefix="[RTGEN 206-101]" key="RTGEN_101_739" tag="" content="Setting dangling out port &apos;kernel_2mm_nonP_EA/v4_1_6_Din_A&apos; to 0."/>
	<Message severity="WARNING" prefix="[RTGEN 206-101]" key="RTGEN_101_739" tag="" content="Setting dangling out port &apos;kernel_2mm_nonP_EA/v4_1_7_WEN_A&apos; to 0."/>
	<Message severity="WARNING" prefix="[RTGEN 206-101]" key="RTGEN_101_739" tag="" content="Setting dangling out port &apos;kernel_2mm_nonP_EA/v4_1_7_Din_A&apos; to 0."/>
	<Message severity="WARNING" prefix="[RTGEN 206-101]" key="RTGEN_101_739" tag="" content="Setting dangling out port &apos;kernel_2mm_nonP_EA/v4_1_8_WEN_A&apos; to 0."/>
	<Message severity="WARNING" prefix="[RTGEN 206-101]" key="RTGEN_101_739" tag="" content="Setting dangling out port &apos;kernel_2mm_nonP_EA/v4_1_8_Din_A&apos; to 0."/>
	<Message severity="WARNING" prefix="[RTGEN 206-101]" key="RTGEN_101_739" tag="" content="Setting dangling out port &apos;kernel_2mm_nonP_EA/v4_1_9_WEN_A&apos; to 0."/>
	<Message severity="WARNING" prefix="[RTGEN 206-101]" key="RTGEN_101_739" tag="" content="Setting dangling out port &apos;kernel_2mm_nonP_EA/v4_1_9_Din_A&apos; to 0."/>
	<Message severity="WARNING" prefix="[RTGEN 206-101]" key="RTGEN_101_739" tag="" content="Setting dangling out port &apos;kernel_2mm_nonP_EA/v4_2_0_WEN_A&apos; to 0."/>
	<Message severity="WARNING" prefix="[RTGEN 206-101]" key="RTGEN_101_739" tag="" content="Setting dangling out port &apos;kernel_2mm_nonP_EA/v4_2_0_Din_A&apos; to 0."/>
	<Message severity="WARNING" prefix="[RTGEN 206-101]" key="RTGEN_101_739" tag="" content="Setting dangling out port &apos;kernel_2mm_nonP_EA/v4_2_1_WEN_A&apos; to 0."/>
	<Message severity="WARNING" prefix="[RTGEN 206-101]" key="RTGEN_101_739" tag="" content="Setting dangling out port &apos;kernel_2mm_nonP_EA/v4_2_1_Din_A&apos; to 0."/>
	<Message severity="WARNING" prefix="[RTGEN 206-101]" key="RTGEN_101_739" tag="" content="Setting dangling out port &apos;kernel_2mm_nonP_EA/v4_2_2_WEN_A&apos; to 0."/>
	<Message severity="WARNING" prefix="[RTGEN 206-101]" key="RTGEN_101_739" tag="" content="Setting dangling out port &apos;kernel_2mm_nonP_EA/v4_2_2_Din_A&apos; to 0."/>
	<Message severity="WARNING" prefix="[RTGEN 206-101]" key="RTGEN_101_739" tag="" content="Setting dangling out port &apos;kernel_2mm_nonP_EA/v4_2_3_WEN_A&apos; to 0."/>
	<Message severity="WARNING" prefix="[RTGEN 206-101]" key="RTGEN_101_739" tag="" content="Setting dangling out port &apos;kernel_2mm_nonP_EA/v4_2_3_Din_A&apos; to 0."/>
	<Message severity="WARNING" prefix="[RTGEN 206-101]" key="RTGEN_101_739" tag="" content="Setting dangling out port &apos;kernel_2mm_nonP_EA/v4_2_4_WEN_A&apos; to 0."/>
	<Message severity="WARNING" prefix="[RTGEN 206-101]" key="RTGEN_101_739" tag="" content="Setting dangling out port &apos;kernel_2mm_nonP_EA/v4_2_4_Din_A&apos; to 0."/>
	<Message severity="WARNING" prefix="[RTGEN 206-101]" key="RTGEN_101_739" tag="" content="Setting dangling out port &apos;kernel_2mm_nonP_EA/v4_2_5_WEN_A&apos; to 0."/>
	<Message severity="WARNING" prefix="[RTGEN 206-101]" key="RTGEN_101_739" tag="" content="Setting dangling out port &apos;kernel_2mm_nonP_EA/v4_2_5_Din_A&apos; to 0."/>
	<Message severity="WARNING" prefix="[RTGEN 206-101]" key="RTGEN_101_739" tag="" content="Setting dangling out port &apos;kernel_2mm_nonP_EA/v4_2_6_WEN_A&apos; to 0."/>
	<Message severity="WARNING" prefix="[RTGEN 206-101]" key="RTGEN_101_739" tag="" content="Setting dangling out port &apos;kernel_2mm_nonP_EA/v4_2_6_Din_A&apos; to 0."/>
	<Message severity="WARNING" prefix="[RTGEN 206-101]" key="RTGEN_101_739" tag="" content="Setting dangling out port &apos;kernel_2mm_nonP_EA/v4_2_7_WEN_A&apos; to 0."/>
	<Message severity="WARNING" prefix="[RTGEN 206-101]" key="RTGEN_101_739" tag="" content="Setting dangling out port &apos;kernel_2mm_nonP_EA/v4_2_7_Din_A&apos; to 0."/>
	<Message severity="WARNING" prefix="[RTGEN 206-101]" key="RTGEN_101_739" tag="" content="Setting dangling out port &apos;kernel_2mm_nonP_EA/v4_2_8_WEN_A&apos; to 0."/>
	<Message severity="WARNING" prefix="[RTGEN 206-101]" key="RTGEN_101_739" tag="" content="Setting dangling out port &apos;kernel_2mm_nonP_EA/v4_2_8_Din_A&apos; to 0."/>
	<Message severity="WARNING" prefix="[RTGEN 206-101]" key="RTGEN_101_739" tag="" content="Setting dangling out port &apos;kernel_2mm_nonP_EA/v4_2_9_WEN_A&apos; to 0."/>
	<Message severity="WARNING" prefix="[RTGEN 206-101]" key="RTGEN_101_739" tag="" content="Setting dangling out port &apos;kernel_2mm_nonP_EA/v4_2_9_Din_A&apos; to 0."/>
	<Message severity="WARNING" prefix="[RTGEN 206-101]" key="RTGEN_101_739" tag="" content="Setting dangling out port &apos;kernel_2mm_nonP_EA/v4_3_0_WEN_A&apos; to 0."/>
	<Message severity="WARNING" prefix="[RTGEN 206-101]" key="RTGEN_101_739" tag="" content="Setting dangling out port &apos;kernel_2mm_nonP_EA/v4_3_0_Din_A&apos; to 0."/>
	<Message severity="WARNING" prefix="[RTGEN 206-101]" key="RTGEN_101_739" tag="" content="Setting dangling out port &apos;kernel_2mm_nonP_EA/v4_3_1_WEN_A&apos; to 0."/>
	<Message severity="WARNING" prefix="[RTGEN 206-101]" key="RTGEN_101_739" tag="" content="Setting dangling out port &apos;kernel_2mm_nonP_EA/v4_3_1_Din_A&apos; to 0."/>
	<Message severity="WARNING" prefix="[RTGEN 206-101]" key="RTGEN_101_739" tag="" content="Setting dangling out port &apos;kernel_2mm_nonP_EA/v4_3_2_WEN_A&apos; to 0."/>
	<Message severity="WARNING" prefix="[RTGEN 206-101]" key="RTGEN_101_739" tag="" content="Setting dangling out port &apos;kernel_2mm_nonP_EA/v4_3_2_Din_A&apos; to 0."/>
	<Message severity="WARNING" prefix="[RTGEN 206-101]" key="RTGEN_101_739" tag="" content="Setting dangling out port &apos;kernel_2mm_nonP_EA/v4_3_3_WEN_A&apos; to 0."/>
	<Message severity="WARNING" prefix="[RTGEN 206-101]" key="RTGEN_101_739" tag="" content="Setting dangling out port &apos;kernel_2mm_nonP_EA/v4_3_3_Din_A&apos; to 0."/>
	<Message severity="WARNING" prefix="[RTGEN 206-101]" key="RTGEN_101_739" tag="" content="Setting dangling out port &apos;kernel_2mm_nonP_EA/v4_3_4_WEN_A&apos; to 0."/>
	<Message severity="WARNING" prefix="[RTGEN 206-101]" key="RTGEN_101_739" tag="" content="Setting dangling out port &apos;kernel_2mm_nonP_EA/v4_3_4_Din_A&apos; to 0."/>
	<Message severity="WARNING" prefix="[RTGEN 206-101]" key="RTGEN_101_739" tag="" content="Setting dangling out port &apos;kernel_2mm_nonP_EA/v4_3_5_WEN_A&apos; to 0."/>
	<Message severity="WARNING" prefix="[RTGEN 206-101]" key="RTGEN_101_739" tag="" content="Setting dangling out port &apos;kernel_2mm_nonP_EA/v4_3_5_Din_A&apos; to 0."/>
	<Message severity="WARNING" prefix="[RTGEN 206-101]" key="RTGEN_101_739" tag="" content="Setting dangling out port &apos;kernel_2mm_nonP_EA/v4_3_6_WEN_A&apos; to 0."/>
	<Message severity="WARNING" prefix="[RTGEN 206-101]" key="RTGEN_101_739" tag="" content="Setting dangling out port &apos;kernel_2mm_nonP_EA/v4_3_6_Din_A&apos; to 0."/>
	<Message severity="WARNING" prefix="[RTGEN 206-101]" key="RTGEN_101_739" tag="" content="Setting dangling out port &apos;kernel_2mm_nonP_EA/v4_3_7_WEN_A&apos; to 0."/>
	<Message severity="WARNING" prefix="[RTGEN 206-101]" key="RTGEN_101_739" tag="" content="Setting dangling out port &apos;kernel_2mm_nonP_EA/v4_3_7_Din_A&apos; to 0."/>
	<Message severity="WARNING" prefix="[RTGEN 206-101]" key="RTGEN_101_739" tag="" content="Setting dangling out port &apos;kernel_2mm_nonP_EA/v4_3_8_WEN_A&apos; to 0."/>
	<Message severity="WARNING" prefix="[RTGEN 206-101]" key="RTGEN_101_739" tag="" content="Setting dangling out port &apos;kernel_2mm_nonP_EA/v4_3_8_Din_A&apos; to 0."/>
	<Message severity="WARNING" prefix="[RTGEN 206-101]" key="RTGEN_101_739" tag="" content="Setting dangling out port &apos;kernel_2mm_nonP_EA/v4_3_9_WEN_A&apos; to 0."/>
	<Message severity="WARNING" prefix="[RTGEN 206-101]" key="RTGEN_101_739" tag="" content="Setting dangling out port &apos;kernel_2mm_nonP_EA/v4_3_9_Din_A&apos; to 0."/>
	<Message severity="WARNING" prefix="[RTGEN 206-101]" key="RTGEN_101_739" tag="" content="Setting dangling out port &apos;kernel_2mm_nonP_EA/v4_4_0_WEN_A&apos; to 0."/>
	<Message severity="WARNING" prefix="[RTGEN 206-101]" key="RTGEN_101_739" tag="" content="Setting dangling out port &apos;kernel_2mm_nonP_EA/v4_4_0_Din_A&apos; to 0."/>
	<Message severity="WARNING" prefix="[RTGEN 206-101]" key="RTGEN_101_739" tag="" content="Setting dangling out port &apos;kernel_2mm_nonP_EA/v4_4_1_WEN_A&apos; to 0."/>
	<Message severity="WARNING" prefix="[RTGEN 206-101]" key="RTGEN_101_739" tag="" content="Setting dangling out port &apos;kernel_2mm_nonP_EA/v4_4_1_Din_A&apos; to 0."/>
	<Message severity="WARNING" prefix="[RTGEN 206-101]" key="RTGEN_101_739" tag="" content="Setting dangling out port &apos;kernel_2mm_nonP_EA/v4_4_2_WEN_A&apos; to 0."/>
	<Message severity="WARNING" prefix="[RTGEN 206-101]" key="RTGEN_101_739" tag="" content="Setting dangling out port &apos;kernel_2mm_nonP_EA/v4_4_2_Din_A&apos; to 0."/>
	<Message severity="WARNING" prefix="[RTGEN 206-101]" key="RTGEN_101_739" tag="" content="Setting dangling out port &apos;kernel_2mm_nonP_EA/v4_4_3_WEN_A&apos; to 0."/>
	<Message severity="WARNING" prefix="[RTGEN 206-101]" key="RTGEN_101_739" tag="" content="Setting dangling out port &apos;kernel_2mm_nonP_EA/v4_4_3_Din_A&apos; to 0."/>
	<Message severity="WARNING" prefix="[RTGEN 206-101]" key="RTGEN_101_739" tag="" content="Setting dangling out port &apos;kernel_2mm_nonP_EA/v4_4_4_WEN_A&apos; to 0."/>
	<Message severity="WARNING" prefix="[RTGEN 206-101]" key="RTGEN_101_739" tag="" content="Setting dangling out port &apos;kernel_2mm_nonP_EA/v4_4_4_Din_A&apos; to 0."/>
	<Message severity="WARNING" prefix="[RTGEN 206-101]" key="RTGEN_101_739" tag="" content="Setting dangling out port &apos;kernel_2mm_nonP_EA/v4_4_5_WEN_A&apos; to 0."/>
	<Message severity="WARNING" prefix="[RTGEN 206-101]" key="RTGEN_101_739" tag="" content="Setting dangling out port &apos;kernel_2mm_nonP_EA/v4_4_5_Din_A&apos; to 0."/>
	<Message severity="WARNING" prefix="[RTGEN 206-101]" key="RTGEN_101_739" tag="" content="Setting dangling out port &apos;kernel_2mm_nonP_EA/v4_4_6_WEN_A&apos; to 0."/>
	<Message severity="WARNING" prefix="[RTGEN 206-101]" key="RTGEN_101_739" tag="" content="Setting dangling out port &apos;kernel_2mm_nonP_EA/v4_4_6_Din_A&apos; to 0."/>
	<Message severity="WARNING" prefix="[RTGEN 206-101]" key="RTGEN_101_739" tag="" content="Setting dangling out port &apos;kernel_2mm_nonP_EA/v4_4_7_WEN_A&apos; to 0."/>
	<Message severity="WARNING" prefix="[RTGEN 206-101]" key="RTGEN_101_739" tag="" content="Setting dangling out port &apos;kernel_2mm_nonP_EA/v4_4_7_Din_A&apos; to 0."/>
	<Message severity="WARNING" prefix="[RTGEN 206-101]" key="RTGEN_101_739" tag="" content="Setting dangling out port &apos;kernel_2mm_nonP_EA/v4_4_8_WEN_A&apos; to 0."/>
	<Message severity="WARNING" prefix="[RTGEN 206-101]" key="RTGEN_101_739" tag="" content="Setting dangling out port &apos;kernel_2mm_nonP_EA/v4_4_8_Din_A&apos; to 0."/>
	<Message severity="WARNING" prefix="[RTGEN 206-101]" key="RTGEN_101_739" tag="" content="Setting dangling out port &apos;kernel_2mm_nonP_EA/v4_4_9_WEN_A&apos; to 0."/>
	<Message severity="WARNING" prefix="[RTGEN 206-101]" key="RTGEN_101_739" tag="" content="Setting dangling out port &apos;kernel_2mm_nonP_EA/v4_4_9_Din_A&apos; to 0."/>
	<Message severity="WARNING" prefix="[RTGEN 206-101]" key="RTGEN_101_739" tag="" content="Setting dangling out port &apos;kernel_2mm_nonP_EA/v4_5_0_WEN_A&apos; to 0."/>
	<Message severity="WARNING" prefix="[RTGEN 206-101]" key="RTGEN_101_739" tag="" content="Setting dangling out port &apos;kernel_2mm_nonP_EA/v4_5_0_Din_A&apos; to 0."/>
	<Message severity="WARNING" prefix="[RTGEN 206-101]" key="RTGEN_101_739" tag="" content="Setting dangling out port &apos;kernel_2mm_nonP_EA/v4_5_1_WEN_A&apos; to 0."/>
	<Message severity="WARNING" prefix="[RTGEN 206-101]" key="RTGEN_101_739" tag="" content="Setting dangling out port &apos;kernel_2mm_nonP_EA/v4_5_1_Din_A&apos; to 0."/>
	<Message severity="WARNING" prefix="[RTGEN 206-101]" key="RTGEN_101_739" tag="" content="Setting dangling out port &apos;kernel_2mm_nonP_EA/v4_5_2_WEN_A&apos; to 0."/>
	<Message severity="WARNING" prefix="[RTGEN 206-101]" key="RTGEN_101_739" tag="" content="Setting dangling out port &apos;kernel_2mm_nonP_EA/v4_5_2_Din_A&apos; to 0."/>
	<Message severity="WARNING" prefix="[RTGEN 206-101]" key="RTGEN_101_739" tag="" content="Setting dangling out port &apos;kernel_2mm_nonP_EA/v4_5_3_WEN_A&apos; to 0."/>
	<Message severity="WARNING" prefix="[RTGEN 206-101]" key="RTGEN_101_739" tag="" content="Setting dangling out port &apos;kernel_2mm_nonP_EA/v4_5_3_Din_A&apos; to 0."/>
	<Message severity="WARNING" prefix="[RTGEN 206-101]" key="RTGEN_101_739" tag="" content="Setting dangling out port &apos;kernel_2mm_nonP_EA/v4_5_4_WEN_A&apos; to 0."/>
	<Message severity="WARNING" prefix="[RTGEN 206-101]" key="RTGEN_101_739" tag="" content="Setting dangling out port &apos;kernel_2mm_nonP_EA/v4_5_4_Din_A&apos; to 0."/>
	<Message severity="WARNING" prefix="[RTGEN 206-101]" key="RTGEN_101_739" tag="" content="Setting dangling out port &apos;kernel_2mm_nonP_EA/v4_5_5_WEN_A&apos; to 0."/>
	<Message severity="WARNING" prefix="[RTGEN 206-101]" key="RTGEN_101_739" tag="" content="Setting dangling out port &apos;kernel_2mm_nonP_EA/v4_5_5_Din_A&apos; to 0."/>
	<Message severity="WARNING" prefix="[RTGEN 206-101]" key="RTGEN_101_739" tag="" content="Setting dangling out port &apos;kernel_2mm_nonP_EA/v4_5_6_WEN_A&apos; to 0."/>
	<Message severity="WARNING" prefix="[RTGEN 206-101]" key="RTGEN_101_739" tag="" content="Setting dangling out port &apos;kernel_2mm_nonP_EA/v4_5_6_Din_A&apos; to 0."/>
	<Message severity="WARNING" prefix="[RTGEN 206-101]" key="RTGEN_101_739" tag="" content="Setting dangling out port &apos;kernel_2mm_nonP_EA/v4_5_7_WEN_A&apos; to 0."/>
	<Message severity="WARNING" prefix="[RTGEN 206-101]" key="RTGEN_101_739" tag="" content="Setting dangling out port &apos;kernel_2mm_nonP_EA/v4_5_7_Din_A&apos; to 0."/>
	<Message severity="WARNING" prefix="[RTGEN 206-101]" key="RTGEN_101_739" tag="" content="Setting dangling out port &apos;kernel_2mm_nonP_EA/v4_5_8_WEN_A&apos; to 0."/>
	<Message severity="WARNING" prefix="[RTGEN 206-101]" key="RTGEN_101_739" tag="" content="Setting dangling out port &apos;kernel_2mm_nonP_EA/v4_5_8_Din_A&apos; to 0."/>
	<Message severity="WARNING" prefix="[RTGEN 206-101]" key="RTGEN_101_739" tag="" content="Setting dangling out port &apos;kernel_2mm_nonP_EA/v4_5_9_WEN_A&apos; to 0."/>
	<Message severity="WARNING" prefix="[RTGEN 206-101]" key="RTGEN_101_739" tag="" content="Setting dangling out port &apos;kernel_2mm_nonP_EA/v4_5_9_Din_A&apos; to 0."/>
	<Message severity="WARNING" prefix="[RTGEN 206-101]" key="RTGEN_101_739" tag="" content="Setting dangling out port &apos;kernel_2mm_nonP_EA/v4_6_0_WEN_A&apos; to 0."/>
	<Message severity="WARNING" prefix="[RTGEN 206-101]" key="RTGEN_101_739" tag="" content="Setting dangling out port &apos;kernel_2mm_nonP_EA/v4_6_0_Din_A&apos; to 0."/>
	<Message severity="WARNING" prefix="[RTGEN 206-101]" key="RTGEN_101_739" tag="" content="Setting dangling out port &apos;kernel_2mm_nonP_EA/v4_6_1_WEN_A&apos; to 0."/>
	<Message severity="WARNING" prefix="[RTGEN 206-101]" key="RTGEN_101_739" tag="" content="Setting dangling out port &apos;kernel_2mm_nonP_EA/v4_6_1_Din_A&apos; to 0."/>
	<Message severity="WARNING" prefix="[RTGEN 206-101]" key="RTGEN_101_739" tag="" content="Setting dangling out port &apos;kernel_2mm_nonP_EA/v4_6_2_WEN_A&apos; to 0."/>
	<Message severity="WARNING" prefix="[RTGEN 206-101]" key="RTGEN_101_739" tag="" content="Setting dangling out port &apos;kernel_2mm_nonP_EA/v4_6_2_Din_A&apos; to 0."/>
	<Message severity="WARNING" prefix="[RTGEN 206-101]" key="RTGEN_101_739" tag="" content="Setting dangling out port &apos;kernel_2mm_nonP_EA/v4_6_3_WEN_A&apos; to 0."/>
	<Message severity="WARNING" prefix="[RTGEN 206-101]" key="RTGEN_101_739" tag="" content="Setting dangling out port &apos;kernel_2mm_nonP_EA/v4_6_3_Din_A&apos; to 0."/>
	<Message severity="WARNING" prefix="[RTGEN 206-101]" key="RTGEN_101_739" tag="" content="Setting dangling out port &apos;kernel_2mm_nonP_EA/v4_6_4_WEN_A&apos; to 0."/>
	<Message severity="WARNING" prefix="[RTGEN 206-101]" key="RTGEN_101_739" tag="" content="Setting dangling out port &apos;kernel_2mm_nonP_EA/v4_6_4_Din_A&apos; to 0."/>
	<Message severity="WARNING" prefix="[RTGEN 206-101]" key="RTGEN_101_739" tag="" content="Setting dangling out port &apos;kernel_2mm_nonP_EA/v4_6_5_WEN_A&apos; to 0."/>
	<Message severity="WARNING" prefix="[RTGEN 206-101]" key="RTGEN_101_739" tag="" content="Setting dangling out port &apos;kernel_2mm_nonP_EA/v4_6_5_Din_A&apos; to 0."/>
	<Message severity="WARNING" prefix="[RTGEN 206-101]" key="RTGEN_101_739" tag="" content="Setting dangling out port &apos;kernel_2mm_nonP_EA/v4_6_6_WEN_A&apos; to 0."/>
	<Message severity="WARNING" prefix="[RTGEN 206-101]" key="RTGEN_101_739" tag="" content="Setting dangling out port &apos;kernel_2mm_nonP_EA/v4_6_6_Din_A&apos; to 0."/>
	<Message severity="WARNING" prefix="[RTGEN 206-101]" key="RTGEN_101_739" tag="" content="Setting dangling out port &apos;kernel_2mm_nonP_EA/v4_6_7_WEN_A&apos; to 0."/>
	<Message severity="WARNING" prefix="[RTGEN 206-101]" key="RTGEN_101_739" tag="" content="Setting dangling out port &apos;kernel_2mm_nonP_EA/v4_6_7_Din_A&apos; to 0."/>
	<Message severity="WARNING" prefix="[RTGEN 206-101]" key="RTGEN_101_739" tag="" content="Setting dangling out port &apos;kernel_2mm_nonP_EA/v4_6_8_WEN_A&apos; to 0."/>
	<Message severity="WARNING" prefix="[RTGEN 206-101]" key="RTGEN_101_739" tag="" content="Setting dangling out port &apos;kernel_2mm_nonP_EA/v4_6_8_Din_A&apos; to 0."/>
	<Message severity="WARNING" prefix="[RTGEN 206-101]" key="RTGEN_101_739" tag="" content="Setting dangling out port &apos;kernel_2mm_nonP_EA/v4_6_9_WEN_A&apos; to 0."/>
	<Message severity="WARNING" prefix="[RTGEN 206-101]" key="RTGEN_101_739" tag="" content="Setting dangling out port &apos;kernel_2mm_nonP_EA/v4_6_9_Din_A&apos; to 0."/>
	<Message severity="WARNING" prefix="[RTGEN 206-101]" key="RTGEN_101_739" tag="" content="Setting dangling out port &apos;kernel_2mm_nonP_EA/v5_0_0_WEN_A&apos; to 0."/>
	<Message severity="WARNING" prefix="[RTGEN 206-101]" key="RTGEN_101_739" tag="" content="Setting dangling out port &apos;kernel_2mm_nonP_EA/v5_0_0_Din_A&apos; to 0."/>
	<Message severity="WARNING" prefix="[RTGEN 206-101]" key="RTGEN_101_739" tag="" content="Setting dangling out port &apos;kernel_2mm_nonP_EA/v5_0_1_WEN_A&apos; to 0."/>
	<Message severity="WARNING" prefix="[RTGEN 206-101]" key="RTGEN_101_739" tag="" content="Setting dangling out port &apos;kernel_2mm_nonP_EA/v5_0_1_Din_A&apos; to 0."/>
	<Message severity="WARNING" prefix="[RTGEN 206-101]" key="RTGEN_101_739" tag="" content="Setting dangling out port &apos;kernel_2mm_nonP_EA/v5_0_2_WEN_A&apos; to 0."/>
	<Message severity="WARNING" prefix="[RTGEN 206-101]" key="RTGEN_101_739" tag="" content="Setting dangling out port &apos;kernel_2mm_nonP_EA/v5_0_2_Din_A&apos; to 0."/>
	<Message severity="WARNING" prefix="[RTGEN 206-101]" key="RTGEN_101_739" tag="" content="Setting dangling out port &apos;kernel_2mm_nonP_EA/v5_0_3_WEN_A&apos; to 0."/>
	<Message severity="WARNING" prefix="[RTGEN 206-101]" key="RTGEN_101_739" tag="" content="Setting dangling out port &apos;kernel_2mm_nonP_EA/v5_0_3_Din_A&apos; to 0."/>
	<Message severity="WARNING" prefix="[RTGEN 206-101]" key="RTGEN_101_739" tag="" content="Setting dangling out port &apos;kernel_2mm_nonP_EA/v5_1_0_WEN_A&apos; to 0."/>
	<Message severity="WARNING" prefix="[RTGEN 206-101]" key="RTGEN_101_739" tag="" content="Setting dangling out port &apos;kernel_2mm_nonP_EA/v5_1_0_Din_A&apos; to 0."/>
	<Message severity="WARNING" prefix="[RTGEN 206-101]" key="RTGEN_101_739" tag="" content="Setting dangling out port &apos;kernel_2mm_nonP_EA/v5_1_1_WEN_A&apos; to 0."/>
	<Message severity="WARNING" prefix="[RTGEN 206-101]" key="RTGEN_101_739" tag="" content="Setting dangling out port &apos;kernel_2mm_nonP_EA/v5_1_1_Din_A&apos; to 0."/>
	<Message severity="WARNING" prefix="[RTGEN 206-101]" key="RTGEN_101_739" tag="" content="Setting dangling out port &apos;kernel_2mm_nonP_EA/v5_1_2_WEN_A&apos; to 0."/>
	<Message severity="WARNING" prefix="[RTGEN 206-101]" key="RTGEN_101_739" tag="" content="Setting dangling out port &apos;kernel_2mm_nonP_EA/v5_1_2_Din_A&apos; to 0."/>
	<Message severity="WARNING" prefix="[RTGEN 206-101]" key="RTGEN_101_739" tag="" content="Setting dangling out port &apos;kernel_2mm_nonP_EA/v5_1_3_WEN_A&apos; to 0."/>
	<Message severity="WARNING" prefix="[RTGEN 206-101]" key="RTGEN_101_739" tag="" content="Setting dangling out port &apos;kernel_2mm_nonP_EA/v5_1_3_Din_A&apos; to 0."/>
	<Message severity="WARNING" prefix="[RTGEN 206-101]" key="RTGEN_101_739" tag="" content="Setting dangling out port &apos;kernel_2mm_nonP_EA/v5_2_0_WEN_A&apos; to 0."/>
	<Message severity="WARNING" prefix="[RTGEN 206-101]" key="RTGEN_101_739" tag="" content="Setting dangling out port &apos;kernel_2mm_nonP_EA/v5_2_0_Din_A&apos; to 0."/>
	<Message severity="WARNING" prefix="[RTGEN 206-101]" key="RTGEN_101_739" tag="" content="Setting dangling out port &apos;kernel_2mm_nonP_EA/v5_2_1_WEN_A&apos; to 0."/>
	<Message severity="WARNING" prefix="[RTGEN 206-101]" key="RTGEN_101_739" tag="" content="Setting dangling out port &apos;kernel_2mm_nonP_EA/v5_2_1_Din_A&apos; to 0."/>
	<Message severity="WARNING" prefix="[RTGEN 206-101]" key="RTGEN_101_739" tag="" content="Setting dangling out port &apos;kernel_2mm_nonP_EA/v5_2_2_WEN_A&apos; to 0."/>
	<Message severity="WARNING" prefix="[RTGEN 206-101]" key="RTGEN_101_739" tag="" content="Setting dangling out port &apos;kernel_2mm_nonP_EA/v5_2_2_Din_A&apos; to 0."/>
	<Message severity="WARNING" prefix="[RTGEN 206-101]" key="RTGEN_101_739" tag="" content="Setting dangling out port &apos;kernel_2mm_nonP_EA/v5_2_3_WEN_A&apos; to 0."/>
	<Message severity="WARNING" prefix="[RTGEN 206-101]" key="RTGEN_101_739" tag="" content="Setting dangling out port &apos;kernel_2mm_nonP_EA/v5_2_3_Din_A&apos; to 0."/>
	<Message severity="WARNING" prefix="[RTGEN 206-101]" key="RTGEN_101_739" tag="" content="Setting dangling out port &apos;kernel_2mm_nonP_EA/v5_3_0_WEN_A&apos; to 0."/>
	<Message severity="WARNING" prefix="[RTGEN 206-101]" key="RTGEN_101_739" tag="" content="Setting dangling out port &apos;kernel_2mm_nonP_EA/v5_3_0_Din_A&apos; to 0."/>
	<Message severity="WARNING" prefix="[RTGEN 206-101]" key="RTGEN_101_739" tag="" content="Setting dangling out port &apos;kernel_2mm_nonP_EA/v5_3_1_WEN_A&apos; to 0."/>
	<Message severity="WARNING" prefix="[RTGEN 206-101]" key="RTGEN_101_739" tag="" content="Setting dangling out port &apos;kernel_2mm_nonP_EA/v5_3_1_Din_A&apos; to 0."/>
	<Message severity="WARNING" prefix="[RTGEN 206-101]" key="RTGEN_101_739" tag="" content="Setting dangling out port &apos;kernel_2mm_nonP_EA/v5_3_2_WEN_A&apos; to 0."/>
	<Message severity="WARNING" prefix="[RTGEN 206-101]" key="RTGEN_101_739" tag="" content="Setting dangling out port &apos;kernel_2mm_nonP_EA/v5_3_2_Din_A&apos; to 0."/>
	<Message severity="WARNING" prefix="[RTGEN 206-101]" key="RTGEN_101_739" tag="" content="Setting dangling out port &apos;kernel_2mm_nonP_EA/v5_3_3_WEN_A&apos; to 0."/>
	<Message severity="WARNING" prefix="[RTGEN 206-101]" key="RTGEN_101_739" tag="" content="Setting dangling out port &apos;kernel_2mm_nonP_EA/v5_3_3_Din_A&apos; to 0."/>
	<Message severity="WARNING" prefix="[RTGEN 206-101]" key="RTGEN_101_739" tag="" content="Setting dangling out port &apos;kernel_2mm_nonP_EA/v5_4_0_WEN_A&apos; to 0."/>
	<Message severity="WARNING" prefix="[RTGEN 206-101]" key="RTGEN_101_739" tag="" content="Setting dangling out port &apos;kernel_2mm_nonP_EA/v5_4_0_Din_A&apos; to 0."/>
	<Message severity="WARNING" prefix="[RTGEN 206-101]" key="RTGEN_101_739" tag="" content="Setting dangling out port &apos;kernel_2mm_nonP_EA/v5_4_1_WEN_A&apos; to 0."/>
	<Message severity="WARNING" prefix="[RTGEN 206-101]" key="RTGEN_101_739" tag="" content="Setting dangling out port &apos;kernel_2mm_nonP_EA/v5_4_1_Din_A&apos; to 0."/>
	<Message severity="WARNING" prefix="[RTGEN 206-101]" key="RTGEN_101_739" tag="" content="Setting dangling out port &apos;kernel_2mm_nonP_EA/v5_4_2_WEN_A&apos; to 0."/>
	<Message severity="WARNING" prefix="[RTGEN 206-101]" key="RTGEN_101_739" tag="" content="Setting dangling out port &apos;kernel_2mm_nonP_EA/v5_4_2_Din_A&apos; to 0."/>
	<Message severity="WARNING" prefix="[RTGEN 206-101]" key="RTGEN_101_739" tag="" content="Setting dangling out port &apos;kernel_2mm_nonP_EA/v5_4_3_WEN_A&apos; to 0."/>
	<Message severity="WARNING" prefix="[RTGEN 206-101]" key="RTGEN_101_739" tag="" content="Setting dangling out port &apos;kernel_2mm_nonP_EA/v5_4_3_Din_A&apos; to 0."/>
	<Message severity="WARNING" prefix="[RTGEN 206-101]" key="RTGEN_101_739" tag="" content="Setting dangling out port &apos;kernel_2mm_nonP_EA/v6_0_0_WEN_A&apos; to 0."/>
	<Message severity="WARNING" prefix="[RTGEN 206-101]" key="RTGEN_101_739" tag="" content="Setting dangling out port &apos;kernel_2mm_nonP_EA/v6_0_0_Din_A&apos; to 0."/>
	<Message severity="WARNING" prefix="[RTGEN 206-101]" key="RTGEN_101_739" tag="" content="Setting dangling out port &apos;kernel_2mm_nonP_EA/v6_0_1_WEN_A&apos; to 0."/>
	<Message severity="WARNING" prefix="[RTGEN 206-101]" key="RTGEN_101_739" tag="" content="Setting dangling out port &apos;kernel_2mm_nonP_EA/v6_0_1_Din_A&apos; to 0."/>
	<Message severity="WARNING" prefix="[RTGEN 206-101]" key="RTGEN_101_739" tag="" content="Setting dangling out port &apos;kernel_2mm_nonP_EA/v6_0_2_WEN_A&apos; to 0."/>
	<Message severity="WARNING" prefix="[RTGEN 206-101]" key="RTGEN_101_739" tag="" content="Setting dangling out port &apos;kernel_2mm_nonP_EA/v6_0_2_Din_A&apos; to 0."/>
	<Message severity="WARNING" prefix="[RTGEN 206-101]" key="RTGEN_101_739" tag="" content="Setting dangling out port &apos;kernel_2mm_nonP_EA/v6_0_3_WEN_A&apos; to 0."/>
	<Message severity="WARNING" prefix="[RTGEN 206-101]" key="RTGEN_101_739" tag="" content="Setting dangling out port &apos;kernel_2mm_nonP_EA/v6_0_3_Din_A&apos; to 0."/>
	<Message severity="WARNING" prefix="[RTGEN 206-101]" key="RTGEN_101_739" tag="" content="Setting dangling out port &apos;kernel_2mm_nonP_EA/v6_1_0_WEN_A&apos; to 0."/>
	<Message severity="WARNING" prefix="[RTGEN 206-101]" key="RTGEN_101_739" tag="" content="Setting dangling out port &apos;kernel_2mm_nonP_EA/v6_1_0_Din_A&apos; to 0."/>
	<Message severity="WARNING" prefix="[RTGEN 206-101]" key="RTGEN_101_739" tag="" content="Setting dangling out port &apos;kernel_2mm_nonP_EA/v6_1_1_WEN_A&apos; to 0."/>
	<Message severity="WARNING" prefix="[RTGEN 206-101]" key="RTGEN_101_739" tag="" content="Setting dangling out port &apos;kernel_2mm_nonP_EA/v6_1_1_Din_A&apos; to 0."/>
	<Message severity="WARNING" prefix="[RTGEN 206-101]" key="RTGEN_101_739" tag="" content="Setting dangling out port &apos;kernel_2mm_nonP_EA/v6_1_2_WEN_A&apos; to 0."/>
	<Message severity="WARNING" prefix="[RTGEN 206-101]" key="RTGEN_101_739" tag="" content="Setting dangling out port &apos;kernel_2mm_nonP_EA/v6_1_2_Din_A&apos; to 0."/>
	<Message severity="WARNING" prefix="[RTGEN 206-101]" key="RTGEN_101_739" tag="" content="Setting dangling out port &apos;kernel_2mm_nonP_EA/v6_1_3_WEN_A&apos; to 0."/>
	<Message severity="WARNING" prefix="[RTGEN 206-101]" key="RTGEN_101_739" tag="" content="Setting dangling out port &apos;kernel_2mm_nonP_EA/v6_1_3_Din_A&apos; to 0."/>
	<Message severity="WARNING" prefix="[RTGEN 206-101]" key="RTGEN_101_739" tag="" content="Setting dangling out port &apos;kernel_2mm_nonP_EA/v6_2_0_WEN_A&apos; to 0."/>
	<Message severity="WARNING" prefix="[RTGEN 206-101]" key="RTGEN_101_739" tag="" content="Setting dangling out port &apos;kernel_2mm_nonP_EA/v6_2_0_Din_A&apos; to 0."/>
	<Message severity="WARNING" prefix="[RTGEN 206-101]" key="RTGEN_101_739" tag="" content="Setting dangling out port &apos;kernel_2mm_nonP_EA/v6_2_1_WEN_A&apos; to 0."/>
	<Message severity="WARNING" prefix="[RTGEN 206-101]" key="RTGEN_101_739" tag="" content="Setting dangling out port &apos;kernel_2mm_nonP_EA/v6_2_1_Din_A&apos; to 0."/>
	<Message severity="WARNING" prefix="[RTGEN 206-101]" key="RTGEN_101_739" tag="" content="Setting dangling out port &apos;kernel_2mm_nonP_EA/v6_2_2_WEN_A&apos; to 0."/>
	<Message severity="WARNING" prefix="[RTGEN 206-101]" key="RTGEN_101_739" tag="" content="Setting dangling out port &apos;kernel_2mm_nonP_EA/v6_2_2_Din_A&apos; to 0."/>
	<Message severity="WARNING" prefix="[RTGEN 206-101]" key="RTGEN_101_739" tag="" content="Setting dangling out port &apos;kernel_2mm_nonP_EA/v6_2_3_WEN_A&apos; to 0."/>
	<Message severity="WARNING" prefix="[RTGEN 206-101]" key="RTGEN_101_739" tag="" content="Setting dangling out port &apos;kernel_2mm_nonP_EA/v6_2_3_Din_A&apos; to 0."/>
	<Message severity="WARNING" prefix="[RTGEN 206-101]" key="RTGEN_101_739" tag="" content="Setting dangling out port &apos;kernel_2mm_nonP_EA/v6_3_0_WEN_A&apos; to 0."/>
	<Message severity="WARNING" prefix="[RTGEN 206-101]" key="RTGEN_101_739" tag="" content="Setting dangling out port &apos;kernel_2mm_nonP_EA/v6_3_0_Din_A&apos; to 0."/>
	<Message severity="WARNING" prefix="[RTGEN 206-101]" key="RTGEN_101_739" tag="" content="Setting dangling out port &apos;kernel_2mm_nonP_EA/v6_3_1_WEN_A&apos; to 0."/>
	<Message severity="WARNING" prefix="[RTGEN 206-101]" key="RTGEN_101_739" tag="" content="Setting dangling out port &apos;kernel_2mm_nonP_EA/v6_3_1_Din_A&apos; to 0."/>
	<Message severity="WARNING" prefix="[RTGEN 206-101]" key="RTGEN_101_739" tag="" content="Setting dangling out port &apos;kernel_2mm_nonP_EA/v6_3_2_WEN_A&apos; to 0."/>
	<Message severity="WARNING" prefix="[RTGEN 206-101]" key="RTGEN_101_739" tag="" content="Setting dangling out port &apos;kernel_2mm_nonP_EA/v6_3_2_Din_A&apos; to 0."/>
	<Message severity="WARNING" prefix="[RTGEN 206-101]" key="RTGEN_101_739" tag="" content="Setting dangling out port &apos;kernel_2mm_nonP_EA/v6_3_3_WEN_A&apos; to 0."/>
	<Message severity="WARNING" prefix="[RTGEN 206-101]" key="RTGEN_101_739" tag="" content="Setting dangling out port &apos;kernel_2mm_nonP_EA/v6_3_3_Din_A&apos; to 0."/>
	<Message severity="WARNING" prefix="[RTGEN 206-101]" key="RTGEN_101_739" tag="" content="Setting dangling out port &apos;kernel_2mm_nonP_EA/v6_4_0_WEN_A&apos; to 0."/>
	<Message severity="WARNING" prefix="[RTGEN 206-101]" key="RTGEN_101_739" tag="" content="Setting dangling out port &apos;kernel_2mm_nonP_EA/v6_4_0_Din_A&apos; to 0."/>
	<Message severity="WARNING" prefix="[RTGEN 206-101]" key="RTGEN_101_739" tag="" content="Setting dangling out port &apos;kernel_2mm_nonP_EA/v6_4_1_WEN_A&apos; to 0."/>
	<Message severity="WARNING" prefix="[RTGEN 206-101]" key="RTGEN_101_739" tag="" content="Setting dangling out port &apos;kernel_2mm_nonP_EA/v6_4_1_Din_A&apos; to 0."/>
	<Message severity="WARNING" prefix="[RTGEN 206-101]" key="RTGEN_101_739" tag="" content="Setting dangling out port &apos;kernel_2mm_nonP_EA/v6_4_2_WEN_A&apos; to 0."/>
	<Message severity="WARNING" prefix="[RTGEN 206-101]" key="RTGEN_101_739" tag="" content="Setting dangling out port &apos;kernel_2mm_nonP_EA/v6_4_2_Din_A&apos; to 0."/>
	<Message severity="WARNING" prefix="[RTGEN 206-101]" key="RTGEN_101_739" tag="" content="Setting dangling out port &apos;kernel_2mm_nonP_EA/v6_4_3_WEN_A&apos; to 0."/>
	<Message severity="WARNING" prefix="[RTGEN 206-101]" key="RTGEN_101_739" tag="" content="Setting dangling out port &apos;kernel_2mm_nonP_EA/v6_4_3_Din_A&apos; to 0."/>
	<Message severity="INFO" prefix="[RTGEN 206-104]" key="RTGEN_104_852" tag="" content="Estimated max fanout for &apos;kernel_2mm_nonP_EA&apos; is 10992 from HDL expression: ((1&apos;b1 == ap_CS_fsm_pp0_stage1) &amp; (1&apos;b0 == ap_block_pp0_stage1_11001))"/>
	<Message severity="INFO" prefix="[RTGEN 206-100]" key="RTGEN_100_855" tag="" content="Generating core module &apos;kernel_2mm_nonP_Ebkb&apos;: 35 instance(s)."/>
	<Message severity="INFO" prefix="[RTGEN 206-100]" key="RTGEN_100_855" tag="" content="Generating core module &apos;kernel_2mm_nonP_Ecud&apos;: 39 instance(s)."/>
	<Message severity="INFO" prefix="[RTGEN 206-100]" key="RTGEN_100_855" tag="" content="Generating core module &apos;kernel_2mm_nonP_EdEe&apos;: 2 instance(s)."/>
	<Message severity="INFO" prefix="[RTGEN 206-100]" key="RTGEN_100_855" tag="" content="Generating core module &apos;kernel_2mm_nonP_EeOg&apos;: 1 instance(s)."/>
	<Message severity="INFO" prefix="[RTGEN 206-100]" key="RTGEN_100_856" tag="" content="Finished creating RTL model for &apos;kernel_2mm_nonP_EA&apos;."/>
	<Message severity="INFO" prefix="[HLS 200-111]" key="HLS_111_966" tag="" content=" Elapsed time: 5.058 seconds; current allocated memory: 135.959 MB."/>
	<Message severity="INFO" prefix="[HLS 200-790]" key="HLS 200-790" tag="LOOP,SDX_LOOP" content="**** Loop Constraint Status: All loop constraints were NOT satisfied."/>
	<Message severity="INFO" prefix="[HLS 200-789]" key="HLS 200-789" tag="THROUGHPUT,SDX_KERNEL" content="**** Estimated Fmax: 109.27 MHz"/>
	<Message severity="INFO" prefix="[RTMG 210-282]" key="RTMG_282_1796" tag="" content="Generating pipelined core: &apos;kernel_2mm_nonP_EdEe_div&apos;"/>
	<Message severity="INFO" prefix="[HLS 200-111]" key="HLS_111_965" tag="" content="Finished generating all RTL models Time (s): cpu = 00:00:21 ; elapsed = 00:00:51 . Memory (MB): peak = 245.898 ; gain = 156.215"/>
	<Message severity="INFO" prefix="[VHDL 208-304]" key="VHDL_304_1066" tag="" content="Generating VHDL RTL for kernel_2mm_nonP_EA."/>
	<Message severity="INFO" prefix="[VLOG 209-307]" key="VLOG_307_1067" tag="" content="Generating Verilog RTL for kernel_2mm_nonP_EA."/>
</Messages>
