<profile>

<section name = "Vivado HLS Report for 'aesl_mux_load_95_36_s'" level="0">
<item name = "Date">Fri Jan 27 17:01:23 2023
</item>
<item name = "Version">2019.2 (Build 2704478 on Wed Nov 06 22:10:23 MST 2019)</item>
<item name = "Project">2.2mm_medium</item>
<item name = "Solution">scalehls_dse</item>
<item name = "Product family">zynq</item>
<item name = "Target device">xc7z045-ffg900-2</item>
</section>

<section name = "Performance Estimates" level="0">
<item name = "Timing">
<section name = "" level="1">
<item name = "Summary"><table name="" hasTotal="0">
<keys size="4">Clock, Target, Estimated, Uncertainty</keys>
<column name="ap_clk">10.00 ns, 5.792 ns, 1.25 ns</column>
</table>
</item>
</section>
</item>
<item name = "Latency">
<section name = "" level="1">
<item name = "Summary"><table name="" hasTotal="0">
<keys size="8">, min, max, min, max, min, max, Type</keys>
<column name="">1, 1, 10.000 ns, 10.000 ns, 1, 1, function</column>
</table>
</item>
<item name = "Detail">
<section name = "" level="1">
<item name = "Instance"><table name="" hasTotal="0">
<keys size="9">Instance, Module, min, max, min, max, min, max, Type</keys>
</table>
</item>
<item name = "Loop"><table name="" hasTotal="0">
<keys size="8">Loop Name, min, max, Latency, achieved, target, Count, Pipelined</keys>
</table>
</item>
</section>
</item>
</section>
</item>
</section>

<section name = "Utilization Estimates" level="0">
<item name = "Summary"><table name="" hasTotal="1">
<keys size="6">Name, BRAM_18K, DSP48E, FF, LUT, URAM</keys>
<column name="DSP">-, -, -, -, -</column>
<column name="Expression">-, -, 0, 28, -</column>
<column name="FIFO">-, -, -, -, -</column>
<column name="Instance">-, -, -, -, -</column>
<column name="Memory">-, -, -, -, -</column>
<column name="Multiplexer">-, -, -, 11, -</column>
<column name="Register">-, -, 9, -, -</column>
<specialColumn name="Available">1090, 900, 437200, 218600, 0</specialColumn>
<specialColumn name="Utilization (%)">0, 0, ~0, ~0, 0</specialColumn>
</table>
</item>
<item name = "Detail">
<section name = "" level="1">
<item name = "Instance"><table name="" hasTotal="1">
<keys size="7">Instance, Module, BRAM_18K, DSP48E, FF, LUT, URAM</keys>
</table>
</item>
<item name = "DSP48E"><table name="" hasTotal="0">
<keys size="3">Instance, Module, Expression</keys>
</table>
</item>
<item name = "Memory"><table name="" hasTotal="1">
<keys size="10">Memory, Module, BRAM_18K, FF, LUT, URAM, Words, Bits, Banks, W*Bits*Banks</keys>
</table>
</item>
<item name = "FIFO"><table name="" hasTotal="1">
<keys size="8">Name, BRAM_18K, FF, LUT, URAM, Depth, Bits, Size:D*B</keys>
</table>
</item>
<item name = "Expression"><table name="" hasTotal="1">
<keys size="7">Variable Name, Operation, DSP48E, FF, LUT, Bitwidth P0, Bitwidth P1</keys>
<column name="add_ln1_1_fu_1991_p2">+, 0, 0, 12, 64, 64</column>
<column name="add_ln1_fu_1985_p2">+, 0, 0, 12, 64, 64</column>
<column name="ap_block_pp0_stage0_11001">and, 0, 0, 1, 1, 1</column>
<column name="ap_block_pp0_stage0_subdone">or, 0, 0, 1, 1, 1</column>
<column name="ap_enable_pp0">xor, 0, 0, 2, 1, 2</column>
</table>
</item>
<item name = "Multiplexer"><table name="" hasTotal="1">
<keys size="5">Name, LUT, Input Size, Bits, Total Bits</keys>
<column name="ap_phi_mux_UnifiedRetVal_phi_fu_1670_p190">11, 96, 32, 3072</column>
</table>
</item>
<item name = "Register"><table name="" hasTotal="1">
<keys size="5">Name, FF, LUT, Bits, Const Bits</keys>
<column name="ap_CS_fsm">1, 0, 1, 0</column>
<column name="ap_enable_reg_pp0_iter1">1, 0, 1, 0</column>
<column name="tmp_9_reg_2092">7, 0, 7, 0</column>
</table>
</item>
</section>
</item>
</section>

<section name = "Interface" level="0">
<item name = "Summary"><table name="" hasTotal="0">
<keys size="6">RTL Ports, Dir, Bits, Protocol, Source Object, C Type</keys>
<column name="ap_clk">in, 1, ap_ctrl_hs, aesl_mux_load_95_36_s, return value</column>
<column name="ap_rst">in, 1, ap_ctrl_hs, aesl_mux_load_95_36_s, return value</column>
<column name="ap_start">in, 1, ap_ctrl_hs, aesl_mux_load_95_36_s, return value</column>
<column name="ap_done">out, 1, ap_ctrl_hs, aesl_mux_load_95_36_s, return value</column>
<column name="ap_idle">out, 1, ap_ctrl_hs, aesl_mux_load_95_36_s, return value</column>
<column name="ap_ready">out, 1, ap_ctrl_hs, aesl_mux_load_95_36_s, return value</column>
<column name="ap_ce">in, 1, ap_ctrl_hs, aesl_mux_load_95_36_s, return value</column>
<column name="ap_return">out, 32, ap_ctrl_hs, aesl_mux_load_95_36_s, return value</column>
<column name="empty_4_Addr_A">out, 32, bram, empty_4, array</column>
<column name="empty_4_EN_A">out, 1, bram, empty_4, array</column>
<column name="empty_4_WEN_A">out, 4, bram, empty_4, array</column>
<column name="empty_4_Din_A">out, 32, bram, empty_4, array</column>
<column name="empty_4_Dout_A">in, 32, bram, empty_4, array</column>
<column name="empty_5_Addr_A">out, 32, bram, empty_5, array</column>
<column name="empty_5_EN_A">out, 1, bram, empty_5, array</column>
<column name="empty_5_WEN_A">out, 4, bram, empty_5, array</column>
<column name="empty_5_Din_A">out, 32, bram, empty_5, array</column>
<column name="empty_5_Dout_A">in, 32, bram, empty_5, array</column>
<column name="empty_6_Addr_A">out, 32, bram, empty_6, array</column>
<column name="empty_6_EN_A">out, 1, bram, empty_6, array</column>
<column name="empty_6_WEN_A">out, 4, bram, empty_6, array</column>
<column name="empty_6_Din_A">out, 32, bram, empty_6, array</column>
<column name="empty_6_Dout_A">in, 32, bram, empty_6, array</column>
<column name="empty_7_Addr_A">out, 32, bram, empty_7, array</column>
<column name="empty_7_EN_A">out, 1, bram, empty_7, array</column>
<column name="empty_7_WEN_A">out, 4, bram, empty_7, array</column>
<column name="empty_7_Din_A">out, 32, bram, empty_7, array</column>
<column name="empty_7_Dout_A">in, 32, bram, empty_7, array</column>
<column name="empty_8_Addr_A">out, 32, bram, empty_8, array</column>
<column name="empty_8_EN_A">out, 1, bram, empty_8, array</column>
<column name="empty_8_WEN_A">out, 4, bram, empty_8, array</column>
<column name="empty_8_Din_A">out, 32, bram, empty_8, array</column>
<column name="empty_8_Dout_A">in, 32, bram, empty_8, array</column>
<column name="empty_9_Addr_A">out, 32, bram, empty_9, array</column>
<column name="empty_9_EN_A">out, 1, bram, empty_9, array</column>
<column name="empty_9_WEN_A">out, 4, bram, empty_9, array</column>
<column name="empty_9_Din_A">out, 32, bram, empty_9, array</column>
<column name="empty_9_Dout_A">in, 32, bram, empty_9, array</column>
<column name="empty_10_Addr_A">out, 32, bram, empty_10, array</column>
<column name="empty_10_EN_A">out, 1, bram, empty_10, array</column>
<column name="empty_10_WEN_A">out, 4, bram, empty_10, array</column>
<column name="empty_10_Din_A">out, 32, bram, empty_10, array</column>
<column name="empty_10_Dout_A">in, 32, bram, empty_10, array</column>
<column name="empty_11_Addr_A">out, 32, bram, empty_11, array</column>
<column name="empty_11_EN_A">out, 1, bram, empty_11, array</column>
<column name="empty_11_WEN_A">out, 4, bram, empty_11, array</column>
<column name="empty_11_Din_A">out, 32, bram, empty_11, array</column>
<column name="empty_11_Dout_A">in, 32, bram, empty_11, array</column>
<column name="empty_12_Addr_A">out, 32, bram, empty_12, array</column>
<column name="empty_12_EN_A">out, 1, bram, empty_12, array</column>
<column name="empty_12_WEN_A">out, 4, bram, empty_12, array</column>
<column name="empty_12_Din_A">out, 32, bram, empty_12, array</column>
<column name="empty_12_Dout_A">in, 32, bram, empty_12, array</column>
<column name="empty_13_Addr_A">out, 32, bram, empty_13, array</column>
<column name="empty_13_EN_A">out, 1, bram, empty_13, array</column>
<column name="empty_13_WEN_A">out, 4, bram, empty_13, array</column>
<column name="empty_13_Din_A">out, 32, bram, empty_13, array</column>
<column name="empty_13_Dout_A">in, 32, bram, empty_13, array</column>
<column name="empty_14_Addr_A">out, 32, bram, empty_14, array</column>
<column name="empty_14_EN_A">out, 1, bram, empty_14, array</column>
<column name="empty_14_WEN_A">out, 4, bram, empty_14, array</column>
<column name="empty_14_Din_A">out, 32, bram, empty_14, array</column>
<column name="empty_14_Dout_A">in, 32, bram, empty_14, array</column>
<column name="empty_15_Addr_A">out, 32, bram, empty_15, array</column>
<column name="empty_15_EN_A">out, 1, bram, empty_15, array</column>
<column name="empty_15_WEN_A">out, 4, bram, empty_15, array</column>
<column name="empty_15_Din_A">out, 32, bram, empty_15, array</column>
<column name="empty_15_Dout_A">in, 32, bram, empty_15, array</column>
<column name="empty_16_Addr_A">out, 32, bram, empty_16, array</column>
<column name="empty_16_EN_A">out, 1, bram, empty_16, array</column>
<column name="empty_16_WEN_A">out, 4, bram, empty_16, array</column>
<column name="empty_16_Din_A">out, 32, bram, empty_16, array</column>
<column name="empty_16_Dout_A">in, 32, bram, empty_16, array</column>
<column name="empty_17_Addr_A">out, 32, bram, empty_17, array</column>
<column name="empty_17_EN_A">out, 1, bram, empty_17, array</column>
<column name="empty_17_WEN_A">out, 4, bram, empty_17, array</column>
<column name="empty_17_Din_A">out, 32, bram, empty_17, array</column>
<column name="empty_17_Dout_A">in, 32, bram, empty_17, array</column>
<column name="empty_18_Addr_A">out, 32, bram, empty_18, array</column>
<column name="empty_18_EN_A">out, 1, bram, empty_18, array</column>
<column name="empty_18_WEN_A">out, 4, bram, empty_18, array</column>
<column name="empty_18_Din_A">out, 32, bram, empty_18, array</column>
<column name="empty_18_Dout_A">in, 32, bram, empty_18, array</column>
<column name="empty_19_Addr_A">out, 32, bram, empty_19, array</column>
<column name="empty_19_EN_A">out, 1, bram, empty_19, array</column>
<column name="empty_19_WEN_A">out, 4, bram, empty_19, array</column>
<column name="empty_19_Din_A">out, 32, bram, empty_19, array</column>
<column name="empty_19_Dout_A">in, 32, bram, empty_19, array</column>
<column name="empty_20_Addr_A">out, 32, bram, empty_20, array</column>
<column name="empty_20_EN_A">out, 1, bram, empty_20, array</column>
<column name="empty_20_WEN_A">out, 4, bram, empty_20, array</column>
<column name="empty_20_Din_A">out, 32, bram, empty_20, array</column>
<column name="empty_20_Dout_A">in, 32, bram, empty_20, array</column>
<column name="empty_21_Addr_A">out, 32, bram, empty_21, array</column>
<column name="empty_21_EN_A">out, 1, bram, empty_21, array</column>
<column name="empty_21_WEN_A">out, 4, bram, empty_21, array</column>
<column name="empty_21_Din_A">out, 32, bram, empty_21, array</column>
<column name="empty_21_Dout_A">in, 32, bram, empty_21, array</column>
<column name="empty_22_Addr_A">out, 32, bram, empty_22, array</column>
<column name="empty_22_EN_A">out, 1, bram, empty_22, array</column>
<column name="empty_22_WEN_A">out, 4, bram, empty_22, array</column>
<column name="empty_22_Din_A">out, 32, bram, empty_22, array</column>
<column name="empty_22_Dout_A">in, 32, bram, empty_22, array</column>
<column name="empty_23_Addr_A">out, 32, bram, empty_23, array</column>
<column name="empty_23_EN_A">out, 1, bram, empty_23, array</column>
<column name="empty_23_WEN_A">out, 4, bram, empty_23, array</column>
<column name="empty_23_Din_A">out, 32, bram, empty_23, array</column>
<column name="empty_23_Dout_A">in, 32, bram, empty_23, array</column>
<column name="empty_24_Addr_A">out, 32, bram, empty_24, array</column>
<column name="empty_24_EN_A">out, 1, bram, empty_24, array</column>
<column name="empty_24_WEN_A">out, 4, bram, empty_24, array</column>
<column name="empty_24_Din_A">out, 32, bram, empty_24, array</column>
<column name="empty_24_Dout_A">in, 32, bram, empty_24, array</column>
<column name="empty_25_Addr_A">out, 32, bram, empty_25, array</column>
<column name="empty_25_EN_A">out, 1, bram, empty_25, array</column>
<column name="empty_25_WEN_A">out, 4, bram, empty_25, array</column>
<column name="empty_25_Din_A">out, 32, bram, empty_25, array</column>
<column name="empty_25_Dout_A">in, 32, bram, empty_25, array</column>
<column name="empty_26_Addr_A">out, 32, bram, empty_26, array</column>
<column name="empty_26_EN_A">out, 1, bram, empty_26, array</column>
<column name="empty_26_WEN_A">out, 4, bram, empty_26, array</column>
<column name="empty_26_Din_A">out, 32, bram, empty_26, array</column>
<column name="empty_26_Dout_A">in, 32, bram, empty_26, array</column>
<column name="empty_27_Addr_A">out, 32, bram, empty_27, array</column>
<column name="empty_27_EN_A">out, 1, bram, empty_27, array</column>
<column name="empty_27_WEN_A">out, 4, bram, empty_27, array</column>
<column name="empty_27_Din_A">out, 32, bram, empty_27, array</column>
<column name="empty_27_Dout_A">in, 32, bram, empty_27, array</column>
<column name="empty_28_Addr_A">out, 32, bram, empty_28, array</column>
<column name="empty_28_EN_A">out, 1, bram, empty_28, array</column>
<column name="empty_28_WEN_A">out, 4, bram, empty_28, array</column>
<column name="empty_28_Din_A">out, 32, bram, empty_28, array</column>
<column name="empty_28_Dout_A">in, 32, bram, empty_28, array</column>
<column name="empty_29_Addr_A">out, 32, bram, empty_29, array</column>
<column name="empty_29_EN_A">out, 1, bram, empty_29, array</column>
<column name="empty_29_WEN_A">out, 4, bram, empty_29, array</column>
<column name="empty_29_Din_A">out, 32, bram, empty_29, array</column>
<column name="empty_29_Dout_A">in, 32, bram, empty_29, array</column>
<column name="empty_30_Addr_A">out, 32, bram, empty_30, array</column>
<column name="empty_30_EN_A">out, 1, bram, empty_30, array</column>
<column name="empty_30_WEN_A">out, 4, bram, empty_30, array</column>
<column name="empty_30_Din_A">out, 32, bram, empty_30, array</column>
<column name="empty_30_Dout_A">in, 32, bram, empty_30, array</column>
<column name="empty_31_Addr_A">out, 32, bram, empty_31, array</column>
<column name="empty_31_EN_A">out, 1, bram, empty_31, array</column>
<column name="empty_31_WEN_A">out, 4, bram, empty_31, array</column>
<column name="empty_31_Din_A">out, 32, bram, empty_31, array</column>
<column name="empty_31_Dout_A">in, 32, bram, empty_31, array</column>
<column name="empty_32_Addr_A">out, 32, bram, empty_32, array</column>
<column name="empty_32_EN_A">out, 1, bram, empty_32, array</column>
<column name="empty_32_WEN_A">out, 4, bram, empty_32, array</column>
<column name="empty_32_Din_A">out, 32, bram, empty_32, array</column>
<column name="empty_32_Dout_A">in, 32, bram, empty_32, array</column>
<column name="empty_33_Addr_A">out, 32, bram, empty_33, array</column>
<column name="empty_33_EN_A">out, 1, bram, empty_33, array</column>
<column name="empty_33_WEN_A">out, 4, bram, empty_33, array</column>
<column name="empty_33_Din_A">out, 32, bram, empty_33, array</column>
<column name="empty_33_Dout_A">in, 32, bram, empty_33, array</column>
<column name="empty_34_Addr_A">out, 32, bram, empty_34, array</column>
<column name="empty_34_EN_A">out, 1, bram, empty_34, array</column>
<column name="empty_34_WEN_A">out, 4, bram, empty_34, array</column>
<column name="empty_34_Din_A">out, 32, bram, empty_34, array</column>
<column name="empty_34_Dout_A">in, 32, bram, empty_34, array</column>
<column name="empty_35_Addr_A">out, 32, bram, empty_35, array</column>
<column name="empty_35_EN_A">out, 1, bram, empty_35, array</column>
<column name="empty_35_WEN_A">out, 4, bram, empty_35, array</column>
<column name="empty_35_Din_A">out, 32, bram, empty_35, array</column>
<column name="empty_35_Dout_A">in, 32, bram, empty_35, array</column>
<column name="empty_36_Addr_A">out, 32, bram, empty_36, array</column>
<column name="empty_36_EN_A">out, 1, bram, empty_36, array</column>
<column name="empty_36_WEN_A">out, 4, bram, empty_36, array</column>
<column name="empty_36_Din_A">out, 32, bram, empty_36, array</column>
<column name="empty_36_Dout_A">in, 32, bram, empty_36, array</column>
<column name="empty_37_Addr_A">out, 32, bram, empty_37, array</column>
<column name="empty_37_EN_A">out, 1, bram, empty_37, array</column>
<column name="empty_37_WEN_A">out, 4, bram, empty_37, array</column>
<column name="empty_37_Din_A">out, 32, bram, empty_37, array</column>
<column name="empty_37_Dout_A">in, 32, bram, empty_37, array</column>
<column name="empty_38_Addr_A">out, 32, bram, empty_38, array</column>
<column name="empty_38_EN_A">out, 1, bram, empty_38, array</column>
<column name="empty_38_WEN_A">out, 4, bram, empty_38, array</column>
<column name="empty_38_Din_A">out, 32, bram, empty_38, array</column>
<column name="empty_38_Dout_A">in, 32, bram, empty_38, array</column>
<column name="empty_39_Addr_A">out, 32, bram, empty_39, array</column>
<column name="empty_39_EN_A">out, 1, bram, empty_39, array</column>
<column name="empty_39_WEN_A">out, 4, bram, empty_39, array</column>
<column name="empty_39_Din_A">out, 32, bram, empty_39, array</column>
<column name="empty_39_Dout_A">in, 32, bram, empty_39, array</column>
<column name="empty_40_Addr_A">out, 32, bram, empty_40, array</column>
<column name="empty_40_EN_A">out, 1, bram, empty_40, array</column>
<column name="empty_40_WEN_A">out, 4, bram, empty_40, array</column>
<column name="empty_40_Din_A">out, 32, bram, empty_40, array</column>
<column name="empty_40_Dout_A">in, 32, bram, empty_40, array</column>
<column name="empty_41_Addr_A">out, 32, bram, empty_41, array</column>
<column name="empty_41_EN_A">out, 1, bram, empty_41, array</column>
<column name="empty_41_WEN_A">out, 4, bram, empty_41, array</column>
<column name="empty_41_Din_A">out, 32, bram, empty_41, array</column>
<column name="empty_41_Dout_A">in, 32, bram, empty_41, array</column>
<column name="empty_42_Addr_A">out, 32, bram, empty_42, array</column>
<column name="empty_42_EN_A">out, 1, bram, empty_42, array</column>
<column name="empty_42_WEN_A">out, 4, bram, empty_42, array</column>
<column name="empty_42_Din_A">out, 32, bram, empty_42, array</column>
<column name="empty_42_Dout_A">in, 32, bram, empty_42, array</column>
<column name="empty_43_Addr_A">out, 32, bram, empty_43, array</column>
<column name="empty_43_EN_A">out, 1, bram, empty_43, array</column>
<column name="empty_43_WEN_A">out, 4, bram, empty_43, array</column>
<column name="empty_43_Din_A">out, 32, bram, empty_43, array</column>
<column name="empty_43_Dout_A">in, 32, bram, empty_43, array</column>
<column name="empty_44_Addr_A">out, 32, bram, empty_44, array</column>
<column name="empty_44_EN_A">out, 1, bram, empty_44, array</column>
<column name="empty_44_WEN_A">out, 4, bram, empty_44, array</column>
<column name="empty_44_Din_A">out, 32, bram, empty_44, array</column>
<column name="empty_44_Dout_A">in, 32, bram, empty_44, array</column>
<column name="empty_45_Addr_A">out, 32, bram, empty_45, array</column>
<column name="empty_45_EN_A">out, 1, bram, empty_45, array</column>
<column name="empty_45_WEN_A">out, 4, bram, empty_45, array</column>
<column name="empty_45_Din_A">out, 32, bram, empty_45, array</column>
<column name="empty_45_Dout_A">in, 32, bram, empty_45, array</column>
<column name="empty_46_Addr_A">out, 32, bram, empty_46, array</column>
<column name="empty_46_EN_A">out, 1, bram, empty_46, array</column>
<column name="empty_46_WEN_A">out, 4, bram, empty_46, array</column>
<column name="empty_46_Din_A">out, 32, bram, empty_46, array</column>
<column name="empty_46_Dout_A">in, 32, bram, empty_46, array</column>
<column name="empty_47_Addr_A">out, 32, bram, empty_47, array</column>
<column name="empty_47_EN_A">out, 1, bram, empty_47, array</column>
<column name="empty_47_WEN_A">out, 4, bram, empty_47, array</column>
<column name="empty_47_Din_A">out, 32, bram, empty_47, array</column>
<column name="empty_47_Dout_A">in, 32, bram, empty_47, array</column>
<column name="empty_48_Addr_A">out, 32, bram, empty_48, array</column>
<column name="empty_48_EN_A">out, 1, bram, empty_48, array</column>
<column name="empty_48_WEN_A">out, 4, bram, empty_48, array</column>
<column name="empty_48_Din_A">out, 32, bram, empty_48, array</column>
<column name="empty_48_Dout_A">in, 32, bram, empty_48, array</column>
<column name="empty_49_Addr_A">out, 32, bram, empty_49, array</column>
<column name="empty_49_EN_A">out, 1, bram, empty_49, array</column>
<column name="empty_49_WEN_A">out, 4, bram, empty_49, array</column>
<column name="empty_49_Din_A">out, 32, bram, empty_49, array</column>
<column name="empty_49_Dout_A">in, 32, bram, empty_49, array</column>
<column name="empty_50_Addr_A">out, 32, bram, empty_50, array</column>
<column name="empty_50_EN_A">out, 1, bram, empty_50, array</column>
<column name="empty_50_WEN_A">out, 4, bram, empty_50, array</column>
<column name="empty_50_Din_A">out, 32, bram, empty_50, array</column>
<column name="empty_50_Dout_A">in, 32, bram, empty_50, array</column>
<column name="empty_51_Addr_A">out, 32, bram, empty_51, array</column>
<column name="empty_51_EN_A">out, 1, bram, empty_51, array</column>
<column name="empty_51_WEN_A">out, 4, bram, empty_51, array</column>
<column name="empty_51_Din_A">out, 32, bram, empty_51, array</column>
<column name="empty_51_Dout_A">in, 32, bram, empty_51, array</column>
<column name="empty_52_Addr_A">out, 32, bram, empty_52, array</column>
<column name="empty_52_EN_A">out, 1, bram, empty_52, array</column>
<column name="empty_52_WEN_A">out, 4, bram, empty_52, array</column>
<column name="empty_52_Din_A">out, 32, bram, empty_52, array</column>
<column name="empty_52_Dout_A">in, 32, bram, empty_52, array</column>
<column name="empty_53_Addr_A">out, 32, bram, empty_53, array</column>
<column name="empty_53_EN_A">out, 1, bram, empty_53, array</column>
<column name="empty_53_WEN_A">out, 4, bram, empty_53, array</column>
<column name="empty_53_Din_A">out, 32, bram, empty_53, array</column>
<column name="empty_53_Dout_A">in, 32, bram, empty_53, array</column>
<column name="empty_54_Addr_A">out, 32, bram, empty_54, array</column>
<column name="empty_54_EN_A">out, 1, bram, empty_54, array</column>
<column name="empty_54_WEN_A">out, 4, bram, empty_54, array</column>
<column name="empty_54_Din_A">out, 32, bram, empty_54, array</column>
<column name="empty_54_Dout_A">in, 32, bram, empty_54, array</column>
<column name="empty_55_Addr_A">out, 32, bram, empty_55, array</column>
<column name="empty_55_EN_A">out, 1, bram, empty_55, array</column>
<column name="empty_55_WEN_A">out, 4, bram, empty_55, array</column>
<column name="empty_55_Din_A">out, 32, bram, empty_55, array</column>
<column name="empty_55_Dout_A">in, 32, bram, empty_55, array</column>
<column name="empty_56_Addr_A">out, 32, bram, empty_56, array</column>
<column name="empty_56_EN_A">out, 1, bram, empty_56, array</column>
<column name="empty_56_WEN_A">out, 4, bram, empty_56, array</column>
<column name="empty_56_Din_A">out, 32, bram, empty_56, array</column>
<column name="empty_56_Dout_A">in, 32, bram, empty_56, array</column>
<column name="empty_57_Addr_A">out, 32, bram, empty_57, array</column>
<column name="empty_57_EN_A">out, 1, bram, empty_57, array</column>
<column name="empty_57_WEN_A">out, 4, bram, empty_57, array</column>
<column name="empty_57_Din_A">out, 32, bram, empty_57, array</column>
<column name="empty_57_Dout_A">in, 32, bram, empty_57, array</column>
<column name="empty_58_Addr_A">out, 32, bram, empty_58, array</column>
<column name="empty_58_EN_A">out, 1, bram, empty_58, array</column>
<column name="empty_58_WEN_A">out, 4, bram, empty_58, array</column>
<column name="empty_58_Din_A">out, 32, bram, empty_58, array</column>
<column name="empty_58_Dout_A">in, 32, bram, empty_58, array</column>
<column name="empty_59_Addr_A">out, 32, bram, empty_59, array</column>
<column name="empty_59_EN_A">out, 1, bram, empty_59, array</column>
<column name="empty_59_WEN_A">out, 4, bram, empty_59, array</column>
<column name="empty_59_Din_A">out, 32, bram, empty_59, array</column>
<column name="empty_59_Dout_A">in, 32, bram, empty_59, array</column>
<column name="empty_60_Addr_A">out, 32, bram, empty_60, array</column>
<column name="empty_60_EN_A">out, 1, bram, empty_60, array</column>
<column name="empty_60_WEN_A">out, 4, bram, empty_60, array</column>
<column name="empty_60_Din_A">out, 32, bram, empty_60, array</column>
<column name="empty_60_Dout_A">in, 32, bram, empty_60, array</column>
<column name="empty_61_Addr_A">out, 32, bram, empty_61, array</column>
<column name="empty_61_EN_A">out, 1, bram, empty_61, array</column>
<column name="empty_61_WEN_A">out, 4, bram, empty_61, array</column>
<column name="empty_61_Din_A">out, 32, bram, empty_61, array</column>
<column name="empty_61_Dout_A">in, 32, bram, empty_61, array</column>
<column name="empty_62_Addr_A">out, 32, bram, empty_62, array</column>
<column name="empty_62_EN_A">out, 1, bram, empty_62, array</column>
<column name="empty_62_WEN_A">out, 4, bram, empty_62, array</column>
<column name="empty_62_Din_A">out, 32, bram, empty_62, array</column>
<column name="empty_62_Dout_A">in, 32, bram, empty_62, array</column>
<column name="empty_63_Addr_A">out, 32, bram, empty_63, array</column>
<column name="empty_63_EN_A">out, 1, bram, empty_63, array</column>
<column name="empty_63_WEN_A">out, 4, bram, empty_63, array</column>
<column name="empty_63_Din_A">out, 32, bram, empty_63, array</column>
<column name="empty_63_Dout_A">in, 32, bram, empty_63, array</column>
<column name="empty_64_Addr_A">out, 32, bram, empty_64, array</column>
<column name="empty_64_EN_A">out, 1, bram, empty_64, array</column>
<column name="empty_64_WEN_A">out, 4, bram, empty_64, array</column>
<column name="empty_64_Din_A">out, 32, bram, empty_64, array</column>
<column name="empty_64_Dout_A">in, 32, bram, empty_64, array</column>
<column name="empty_65_Addr_A">out, 32, bram, empty_65, array</column>
<column name="empty_65_EN_A">out, 1, bram, empty_65, array</column>
<column name="empty_65_WEN_A">out, 4, bram, empty_65, array</column>
<column name="empty_65_Din_A">out, 32, bram, empty_65, array</column>
<column name="empty_65_Dout_A">in, 32, bram, empty_65, array</column>
<column name="empty_66_Addr_A">out, 32, bram, empty_66, array</column>
<column name="empty_66_EN_A">out, 1, bram, empty_66, array</column>
<column name="empty_66_WEN_A">out, 4, bram, empty_66, array</column>
<column name="empty_66_Din_A">out, 32, bram, empty_66, array</column>
<column name="empty_66_Dout_A">in, 32, bram, empty_66, array</column>
<column name="empty_67_Addr_A">out, 32, bram, empty_67, array</column>
<column name="empty_67_EN_A">out, 1, bram, empty_67, array</column>
<column name="empty_67_WEN_A">out, 4, bram, empty_67, array</column>
<column name="empty_67_Din_A">out, 32, bram, empty_67, array</column>
<column name="empty_67_Dout_A">in, 32, bram, empty_67, array</column>
<column name="empty_68_Addr_A">out, 32, bram, empty_68, array</column>
<column name="empty_68_EN_A">out, 1, bram, empty_68, array</column>
<column name="empty_68_WEN_A">out, 4, bram, empty_68, array</column>
<column name="empty_68_Din_A">out, 32, bram, empty_68, array</column>
<column name="empty_68_Dout_A">in, 32, bram, empty_68, array</column>
<column name="empty_69_Addr_A">out, 32, bram, empty_69, array</column>
<column name="empty_69_EN_A">out, 1, bram, empty_69, array</column>
<column name="empty_69_WEN_A">out, 4, bram, empty_69, array</column>
<column name="empty_69_Din_A">out, 32, bram, empty_69, array</column>
<column name="empty_69_Dout_A">in, 32, bram, empty_69, array</column>
<column name="empty_70_Addr_A">out, 32, bram, empty_70, array</column>
<column name="empty_70_EN_A">out, 1, bram, empty_70, array</column>
<column name="empty_70_WEN_A">out, 4, bram, empty_70, array</column>
<column name="empty_70_Din_A">out, 32, bram, empty_70, array</column>
<column name="empty_70_Dout_A">in, 32, bram, empty_70, array</column>
<column name="empty_71_Addr_A">out, 32, bram, empty_71, array</column>
<column name="empty_71_EN_A">out, 1, bram, empty_71, array</column>
<column name="empty_71_WEN_A">out, 4, bram, empty_71, array</column>
<column name="empty_71_Din_A">out, 32, bram, empty_71, array</column>
<column name="empty_71_Dout_A">in, 32, bram, empty_71, array</column>
<column name="empty_72_Addr_A">out, 32, bram, empty_72, array</column>
<column name="empty_72_EN_A">out, 1, bram, empty_72, array</column>
<column name="empty_72_WEN_A">out, 4, bram, empty_72, array</column>
<column name="empty_72_Din_A">out, 32, bram, empty_72, array</column>
<column name="empty_72_Dout_A">in, 32, bram, empty_72, array</column>
<column name="empty_73_Addr_A">out, 32, bram, empty_73, array</column>
<column name="empty_73_EN_A">out, 1, bram, empty_73, array</column>
<column name="empty_73_WEN_A">out, 4, bram, empty_73, array</column>
<column name="empty_73_Din_A">out, 32, bram, empty_73, array</column>
<column name="empty_73_Dout_A">in, 32, bram, empty_73, array</column>
<column name="empty_74_Addr_A">out, 32, bram, empty_74, array</column>
<column name="empty_74_EN_A">out, 1, bram, empty_74, array</column>
<column name="empty_74_WEN_A">out, 4, bram, empty_74, array</column>
<column name="empty_74_Din_A">out, 32, bram, empty_74, array</column>
<column name="empty_74_Dout_A">in, 32, bram, empty_74, array</column>
<column name="empty_75_Addr_A">out, 32, bram, empty_75, array</column>
<column name="empty_75_EN_A">out, 1, bram, empty_75, array</column>
<column name="empty_75_WEN_A">out, 4, bram, empty_75, array</column>
<column name="empty_75_Din_A">out, 32, bram, empty_75, array</column>
<column name="empty_75_Dout_A">in, 32, bram, empty_75, array</column>
<column name="empty_76_Addr_A">out, 32, bram, empty_76, array</column>
<column name="empty_76_EN_A">out, 1, bram, empty_76, array</column>
<column name="empty_76_WEN_A">out, 4, bram, empty_76, array</column>
<column name="empty_76_Din_A">out, 32, bram, empty_76, array</column>
<column name="empty_76_Dout_A">in, 32, bram, empty_76, array</column>
<column name="empty_77_Addr_A">out, 32, bram, empty_77, array</column>
<column name="empty_77_EN_A">out, 1, bram, empty_77, array</column>
<column name="empty_77_WEN_A">out, 4, bram, empty_77, array</column>
<column name="empty_77_Din_A">out, 32, bram, empty_77, array</column>
<column name="empty_77_Dout_A">in, 32, bram, empty_77, array</column>
<column name="empty_78_Addr_A">out, 32, bram, empty_78, array</column>
<column name="empty_78_EN_A">out, 1, bram, empty_78, array</column>
<column name="empty_78_WEN_A">out, 4, bram, empty_78, array</column>
<column name="empty_78_Din_A">out, 32, bram, empty_78, array</column>
<column name="empty_78_Dout_A">in, 32, bram, empty_78, array</column>
<column name="empty_79_Addr_A">out, 32, bram, empty_79, array</column>
<column name="empty_79_EN_A">out, 1, bram, empty_79, array</column>
<column name="empty_79_WEN_A">out, 4, bram, empty_79, array</column>
<column name="empty_79_Din_A">out, 32, bram, empty_79, array</column>
<column name="empty_79_Dout_A">in, 32, bram, empty_79, array</column>
<column name="empty_80_Addr_A">out, 32, bram, empty_80, array</column>
<column name="empty_80_EN_A">out, 1, bram, empty_80, array</column>
<column name="empty_80_WEN_A">out, 4, bram, empty_80, array</column>
<column name="empty_80_Din_A">out, 32, bram, empty_80, array</column>
<column name="empty_80_Dout_A">in, 32, bram, empty_80, array</column>
<column name="empty_81_Addr_A">out, 32, bram, empty_81, array</column>
<column name="empty_81_EN_A">out, 1, bram, empty_81, array</column>
<column name="empty_81_WEN_A">out, 4, bram, empty_81, array</column>
<column name="empty_81_Din_A">out, 32, bram, empty_81, array</column>
<column name="empty_81_Dout_A">in, 32, bram, empty_81, array</column>
<column name="empty_82_Addr_A">out, 32, bram, empty_82, array</column>
<column name="empty_82_EN_A">out, 1, bram, empty_82, array</column>
<column name="empty_82_WEN_A">out, 4, bram, empty_82, array</column>
<column name="empty_82_Din_A">out, 32, bram, empty_82, array</column>
<column name="empty_82_Dout_A">in, 32, bram, empty_82, array</column>
<column name="empty_83_Addr_A">out, 32, bram, empty_83, array</column>
<column name="empty_83_EN_A">out, 1, bram, empty_83, array</column>
<column name="empty_83_WEN_A">out, 4, bram, empty_83, array</column>
<column name="empty_83_Din_A">out, 32, bram, empty_83, array</column>
<column name="empty_83_Dout_A">in, 32, bram, empty_83, array</column>
<column name="empty_84_Addr_A">out, 32, bram, empty_84, array</column>
<column name="empty_84_EN_A">out, 1, bram, empty_84, array</column>
<column name="empty_84_WEN_A">out, 4, bram, empty_84, array</column>
<column name="empty_84_Din_A">out, 32, bram, empty_84, array</column>
<column name="empty_84_Dout_A">in, 32, bram, empty_84, array</column>
<column name="empty_85_Addr_A">out, 32, bram, empty_85, array</column>
<column name="empty_85_EN_A">out, 1, bram, empty_85, array</column>
<column name="empty_85_WEN_A">out, 4, bram, empty_85, array</column>
<column name="empty_85_Din_A">out, 32, bram, empty_85, array</column>
<column name="empty_85_Dout_A">in, 32, bram, empty_85, array</column>
<column name="empty_86_Addr_A">out, 32, bram, empty_86, array</column>
<column name="empty_86_EN_A">out, 1, bram, empty_86, array</column>
<column name="empty_86_WEN_A">out, 4, bram, empty_86, array</column>
<column name="empty_86_Din_A">out, 32, bram, empty_86, array</column>
<column name="empty_86_Dout_A">in, 32, bram, empty_86, array</column>
<column name="empty_87_Addr_A">out, 32, bram, empty_87, array</column>
<column name="empty_87_EN_A">out, 1, bram, empty_87, array</column>
<column name="empty_87_WEN_A">out, 4, bram, empty_87, array</column>
<column name="empty_87_Din_A">out, 32, bram, empty_87, array</column>
<column name="empty_87_Dout_A">in, 32, bram, empty_87, array</column>
<column name="empty_88_Addr_A">out, 32, bram, empty_88, array</column>
<column name="empty_88_EN_A">out, 1, bram, empty_88, array</column>
<column name="empty_88_WEN_A">out, 4, bram, empty_88, array</column>
<column name="empty_88_Din_A">out, 32, bram, empty_88, array</column>
<column name="empty_88_Dout_A">in, 32, bram, empty_88, array</column>
<column name="empty_89_Addr_A">out, 32, bram, empty_89, array</column>
<column name="empty_89_EN_A">out, 1, bram, empty_89, array</column>
<column name="empty_89_WEN_A">out, 4, bram, empty_89, array</column>
<column name="empty_89_Din_A">out, 32, bram, empty_89, array</column>
<column name="empty_89_Dout_A">in, 32, bram, empty_89, array</column>
<column name="empty_90_Addr_A">out, 32, bram, empty_90, array</column>
<column name="empty_90_EN_A">out, 1, bram, empty_90, array</column>
<column name="empty_90_WEN_A">out, 4, bram, empty_90, array</column>
<column name="empty_90_Din_A">out, 32, bram, empty_90, array</column>
<column name="empty_90_Dout_A">in, 32, bram, empty_90, array</column>
<column name="empty_91_Addr_A">out, 32, bram, empty_91, array</column>
<column name="empty_91_EN_A">out, 1, bram, empty_91, array</column>
<column name="empty_91_WEN_A">out, 4, bram, empty_91, array</column>
<column name="empty_91_Din_A">out, 32, bram, empty_91, array</column>
<column name="empty_91_Dout_A">in, 32, bram, empty_91, array</column>
<column name="empty_92_Addr_A">out, 32, bram, empty_92, array</column>
<column name="empty_92_EN_A">out, 1, bram, empty_92, array</column>
<column name="empty_92_WEN_A">out, 4, bram, empty_92, array</column>
<column name="empty_92_Din_A">out, 32, bram, empty_92, array</column>
<column name="empty_92_Dout_A">in, 32, bram, empty_92, array</column>
<column name="empty_93_Addr_A">out, 32, bram, empty_93, array</column>
<column name="empty_93_EN_A">out, 1, bram, empty_93, array</column>
<column name="empty_93_WEN_A">out, 4, bram, empty_93, array</column>
<column name="empty_93_Din_A">out, 32, bram, empty_93, array</column>
<column name="empty_93_Dout_A">in, 32, bram, empty_93, array</column>
<column name="empty_94_Addr_A">out, 32, bram, empty_94, array</column>
<column name="empty_94_EN_A">out, 1, bram, empty_94, array</column>
<column name="empty_94_WEN_A">out, 4, bram, empty_94, array</column>
<column name="empty_94_Din_A">out, 32, bram, empty_94, array</column>
<column name="empty_94_Dout_A">in, 32, bram, empty_94, array</column>
<column name="empty_95_Addr_A">out, 32, bram, empty_95, array</column>
<column name="empty_95_EN_A">out, 1, bram, empty_95, array</column>
<column name="empty_95_WEN_A">out, 4, bram, empty_95, array</column>
<column name="empty_95_Din_A">out, 32, bram, empty_95, array</column>
<column name="empty_95_Dout_A">in, 32, bram, empty_95, array</column>
<column name="empty_96_Addr_A">out, 32, bram, empty_96, array</column>
<column name="empty_96_EN_A">out, 1, bram, empty_96, array</column>
<column name="empty_96_WEN_A">out, 4, bram, empty_96, array</column>
<column name="empty_96_Din_A">out, 32, bram, empty_96, array</column>
<column name="empty_96_Dout_A">in, 32, bram, empty_96, array</column>
<column name="empty_97_Addr_A">out, 32, bram, empty_97, array</column>
<column name="empty_97_EN_A">out, 1, bram, empty_97, array</column>
<column name="empty_97_WEN_A">out, 4, bram, empty_97, array</column>
<column name="empty_97_Din_A">out, 32, bram, empty_97, array</column>
<column name="empty_97_Dout_A">in, 32, bram, empty_97, array</column>
<column name="empty_98_Addr_A">out, 32, bram, empty_98, array</column>
<column name="empty_98_EN_A">out, 1, bram, empty_98, array</column>
<column name="empty_98_WEN_A">out, 4, bram, empty_98, array</column>
<column name="empty_98_Din_A">out, 32, bram, empty_98, array</column>
<column name="empty_98_Dout_A">in, 32, bram, empty_98, array</column>
<column name="empty_99">in, 7, ap_none, empty_99, scalar</column>
<column name="empty_100">in, 6, ap_none, empty_100, scalar</column>
<column name="empty">in, 4, ap_none, empty, scalar</column>
</table>
</item>
</section>
</profile>
