<profile>

<section name = "Vivado HLS Report for 'kernel_2mm_sdse'" level="0">
<item name = "Date">Fri Jan 27 17:01:19 2023
</item>
<item name = "Version">2019.2 (Build 2704478 on Wed Nov 06 22:10:23 MST 2019)</item>
<item name = "Project">2.2mm_medium</item>
<item name = "Solution">scalehls_dse</item>
<item name = "Product family">zynq</item>
<item name = "Target device">xc7z045-ffg900-2</item>
</section>

<section name = "Performance Estimates" level="0">
<item name = "Timing">
<section name = "" level="1">
<item name = "Summary"><table name="" hasTotal="0">
<keys size="4">Clock, Target, Estimated, Uncertainty</keys>
<column name="ap_clk">10.00 ns, 9.064 ns, 1.25 ns</column>
</table>
</item>
</section>
</item>
<item name = "Latency">
<section name = "" level="1">
<item name = "Summary"><table name="" hasTotal="0">
<keys size="8">, min, max, min, max, min, max, Type</keys>
<column name="">828069, 828069, 8.281 ms, 8.281 ms, 828069, 828069, none</column>
</table>
</item>
<item name = "Detail">
<section name = "" level="1">
<item name = "Instance"><table name="" hasTotal="0">
<keys size="9">Instance, Module, min, max, min, max, min, max, Type</keys>
<column name="grp_aesl_mux_load_95_36_s_fu_4309">aesl_mux_load_95_36_s, 1, 1, 10.000 ns, 10.000 ns, 1, 1, function</column>
</table>
</item>
<item name = "Loop"><table name="" hasTotal="0">
<keys size="8">Loop Name, min, max, Latency, achieved, target, Count, Pipelined</keys>
<column name="- Loop 1">75612, 75612, 14, 1, 1, 75600, yes</column>
<column name="- Loop 2">752453, 752453, 64, 10, 1, 75240, yes</column>
</table>
</item>
</section>
</item>
</section>
</item>
</section>
</profile>
