<stg><name>aesl_mux_load_20_4_x</name>


<trans_list>

<trans id="158" from="1" to="2">
<condition id="-1">
<or_exp><and_exp></and_exp></or_exp>
</condition>
</trans>
</trans_list>



<state_list>

<state id="1" st_id="1">

<operation id="3" st_id="1" stage="1" lat="1">
<core>NULL</core>
<MemPortIdVec></MemPortIdVec>
<condition id="-1">
<or_exp><and_exp></and_exp></or_exp>
</condition>

<Node id="24" bw="4" op_0_bw="4" op_1_bw="4">
<![CDATA[
entry:0  %tmp_192 = call i4 @_ssdm_op_Read.ap_auto.i4(i4 %empty)

]]></Node>
<StgValue><ssdm name="tmp_192"/></StgValue>
</operation>

<operation id="4" st_id="1" stage="1" lat="1">
<core>NULL</core>
<MemPortIdVec></MemPortIdVec>
<condition id="-1">
<or_exp><and_exp></and_exp></or_exp>
</condition>

<Node id="25" bw="3" op_0_bw="3" op_1_bw="3">
<![CDATA[
entry:1  %tmp_193 = call i3 @_ssdm_op_Read.ap_auto.i3(i3 %empty_96)

]]></Node>
<StgValue><ssdm name="tmp_193"/></StgValue>
</operation>

<operation id="5" st_id="1" stage="1" lat="1">
<core>NULL</core>
<MemPortIdVec></MemPortIdVec>
<condition id="-1">
<or_exp><and_exp></and_exp></or_exp>
</condition>

<Node id="26" bw="5" op_0_bw="5" op_1_bw="5">
<![CDATA[
entry:2  %tmp_194 = call i5 @_ssdm_op_Read.ap_auto.i5(i5 %empty_95)

]]></Node>
<StgValue><ssdm name="tmp_194"/></StgValue>
</operation>

<operation id="6" st_id="1" stage="1" lat="1">
<core>NULL</core>
<MemPortIdVec></MemPortIdVec>
<condition id="-1">
<or_exp><and_exp></and_exp></or_exp>
</condition>

<Node id="27" bw="64" op_0_bw="4">
<![CDATA[
entry:3  %p_cast2 = zext i4 %tmp_192 to i64

]]></Node>
<StgValue><ssdm name="p_cast2"/></StgValue>
</operation>

<operation id="7" st_id="1" stage="1" lat="1">
<core>NULL</core>
<MemPortIdVec></MemPortIdVec>
<condition id="-1">
<or_exp><and_exp></and_exp></or_exp>
</condition>

<Node id="28" bw="7" op_0_bw="7" op_1_bw="3" op_2_bw="4">
<![CDATA[
entry:4  %tmp = call i7 @_ssdm_op_BitConcatenate.i7.i3.i4(i3 %tmp_193, i4 0)

]]></Node>
<StgValue><ssdm name="tmp"/></StgValue>
</operation>

<operation id="8" st_id="1" stage="1" lat="1">
<core>NULL</core>
<MemPortIdVec></MemPortIdVec>
<condition id="-1">
<or_exp><and_exp></and_exp></or_exp>
</condition>

<Node id="29" bw="64" op_0_bw="7">
<![CDATA[
entry:5  %zext_ln1 = zext i7 %tmp to i64

]]></Node>
<StgValue><ssdm name="zext_ln1"/></StgValue>
</operation>

<operation id="9" st_id="1" stage="1" lat="1">
<core>NULL</core>
<MemPortIdVec></MemPortIdVec>
<condition id="-1">
<or_exp><and_exp></and_exp></or_exp>
</condition>

<Node id="30" bw="5" op_0_bw="5" op_1_bw="3" op_2_bw="2">
<![CDATA[
entry:6  %tmp_s = call i5 @_ssdm_op_BitConcatenate.i5.i3.i2(i3 %tmp_193, i2 0)

]]></Node>
<StgValue><ssdm name="tmp_s"/></StgValue>
</operation>

<operation id="10" st_id="1" stage="1" lat="1">
<core>NULL</core>
<MemPortIdVec></MemPortIdVec>
<condition id="-1">
<or_exp><and_exp></and_exp></or_exp>
</condition>

<Node id="31" bw="64" op_0_bw="5">
<![CDATA[
entry:7  %zext_ln1_2 = zext i5 %tmp_s to i64

]]></Node>
<StgValue><ssdm name="zext_ln1_2"/></StgValue>
</operation>

<operation id="11" st_id="1" stage="1" lat="1">
<core>TAddSub</core>
<MemPortIdVec></MemPortIdVec>
<condition id="-1">
<or_exp><and_exp></and_exp></or_exp>
</condition>

<Node id="32" bw="64" op_0_bw="64" op_1_bw="64">
<![CDATA[
entry:8  %sub_ln1 = sub i64 %zext_ln1, %zext_ln1_2

]]></Node>
<StgValue><ssdm name="sub_ln1"/></StgValue>
</operation>

<operation id="12" st_id="1" stage="1" lat="1">
<core>TAddSub</core>
<MemPortIdVec></MemPortIdVec>
<condition id="-1">
<or_exp><and_exp></and_exp></or_exp>
</condition>

<Node id="33" bw="64" op_0_bw="64" op_1_bw="64">
<![CDATA[
entry:9  %add_ln1 = add i64 %p_cast2, %sub_ln1

]]></Node>
<StgValue><ssdm name="add_ln1"/></StgValue>
</operation>

<operation id="13" st_id="1" stage="1" lat="1">
<core>NULL</core>
<MemPortIdVec></MemPortIdVec>
<condition id="-1">
<or_exp><and_exp></and_exp></or_exp>
</condition>

<Node id="34" bw="6" op_0_bw="32" op_1_bw="64" op_2_bw="64">
<![CDATA[
entry:10  %p_addr_65 = getelementptr [48 x float]* %empty_75, i64 0, i64 %add_ln1

]]></Node>
<StgValue><ssdm name="p_addr_65"/></StgValue>
</operation>

<operation id="14" st_id="1" stage="1" lat="1">
<core>NULL</core>
<MemPortIdVec></MemPortIdVec>
<condition id="-1">
<or_exp><and_exp></and_exp></or_exp>
</condition>

<Node id="35" bw="6" op_0_bw="32" op_1_bw="64" op_2_bw="64">
<![CDATA[
entry:11  %p_addr_66 = getelementptr [48 x float]* %empty_76, i64 0, i64 %add_ln1

]]></Node>
<StgValue><ssdm name="p_addr_66"/></StgValue>
</operation>

<operation id="15" st_id="1" stage="1" lat="1">
<core>NULL</core>
<MemPortIdVec></MemPortIdVec>
<condition id="-1">
<or_exp><and_exp></and_exp></or_exp>
</condition>

<Node id="36" bw="6" op_0_bw="32" op_1_bw="64" op_2_bw="64">
<![CDATA[
entry:12  %p_addr_67 = getelementptr [48 x float]* %empty_77, i64 0, i64 %add_ln1

]]></Node>
<StgValue><ssdm name="p_addr_67"/></StgValue>
</operation>

<operation id="16" st_id="1" stage="1" lat="1">
<core>NULL</core>
<MemPortIdVec></MemPortIdVec>
<condition id="-1">
<or_exp><and_exp></and_exp></or_exp>
</condition>

<Node id="37" bw="6" op_0_bw="32" op_1_bw="64" op_2_bw="64">
<![CDATA[
entry:13  %p_addr_68 = getelementptr [48 x float]* %empty_78, i64 0, i64 %add_ln1

]]></Node>
<StgValue><ssdm name="p_addr_68"/></StgValue>
</operation>

<operation id="17" st_id="1" stage="1" lat="1">
<core>NULL</core>
<MemPortIdVec></MemPortIdVec>
<condition id="-1">
<or_exp><and_exp></and_exp></or_exp>
</condition>

<Node id="38" bw="6" op_0_bw="32" op_1_bw="64" op_2_bw="64">
<![CDATA[
entry:14  %p_addr_69 = getelementptr [48 x float]* %empty_79, i64 0, i64 %add_ln1

]]></Node>
<StgValue><ssdm name="p_addr_69"/></StgValue>
</operation>

<operation id="18" st_id="1" stage="1" lat="1">
<core>NULL</core>
<MemPortIdVec></MemPortIdVec>
<condition id="-1">
<or_exp><and_exp></and_exp></or_exp>
</condition>

<Node id="39" bw="6" op_0_bw="32" op_1_bw="64" op_2_bw="64">
<![CDATA[
entry:15  %p_addr_70 = getelementptr [48 x float]* %empty_80, i64 0, i64 %add_ln1

]]></Node>
<StgValue><ssdm name="p_addr_70"/></StgValue>
</operation>

<operation id="19" st_id="1" stage="1" lat="1">
<core>NULL</core>
<MemPortIdVec></MemPortIdVec>
<condition id="-1">
<or_exp><and_exp></and_exp></or_exp>
</condition>

<Node id="40" bw="6" op_0_bw="32" op_1_bw="64" op_2_bw="64">
<![CDATA[
entry:16  %p_addr_71 = getelementptr [48 x float]* %empty_81, i64 0, i64 %add_ln1

]]></Node>
<StgValue><ssdm name="p_addr_71"/></StgValue>
</operation>

<operation id="20" st_id="1" stage="1" lat="1">
<core>NULL</core>
<MemPortIdVec></MemPortIdVec>
<condition id="-1">
<or_exp><and_exp></and_exp></or_exp>
</condition>

<Node id="41" bw="6" op_0_bw="32" op_1_bw="64" op_2_bw="64">
<![CDATA[
entry:17  %p_addr_72 = getelementptr [48 x float]* %empty_82, i64 0, i64 %add_ln1

]]></Node>
<StgValue><ssdm name="p_addr_72"/></StgValue>
</operation>

<operation id="21" st_id="1" stage="1" lat="1">
<core>NULL</core>
<MemPortIdVec></MemPortIdVec>
<condition id="-1">
<or_exp><and_exp></and_exp></or_exp>
</condition>

<Node id="42" bw="6" op_0_bw="32" op_1_bw="64" op_2_bw="64">
<![CDATA[
entry:18  %p_addr_73 = getelementptr [48 x float]* %empty_83, i64 0, i64 %add_ln1

]]></Node>
<StgValue><ssdm name="p_addr_73"/></StgValue>
</operation>

<operation id="22" st_id="1" stage="1" lat="1">
<core>NULL</core>
<MemPortIdVec></MemPortIdVec>
<condition id="-1">
<or_exp><and_exp></and_exp></or_exp>
</condition>

<Node id="43" bw="6" op_0_bw="32" op_1_bw="64" op_2_bw="64">
<![CDATA[
entry:19  %p_addr_74 = getelementptr [48 x float]* %empty_84, i64 0, i64 %add_ln1

]]></Node>
<StgValue><ssdm name="p_addr_74"/></StgValue>
</operation>

<operation id="23" st_id="1" stage="1" lat="1">
<core>NULL</core>
<MemPortIdVec></MemPortIdVec>
<condition id="-1">
<or_exp><and_exp></and_exp></or_exp>
</condition>

<Node id="44" bw="6" op_0_bw="32" op_1_bw="64" op_2_bw="64">
<![CDATA[
entry:20  %p_addr_75 = getelementptr [48 x float]* %empty_85, i64 0, i64 %add_ln1

]]></Node>
<StgValue><ssdm name="p_addr_75"/></StgValue>
</operation>

<operation id="24" st_id="1" stage="1" lat="1">
<core>NULL</core>
<MemPortIdVec></MemPortIdVec>
<condition id="-1">
<or_exp><and_exp></and_exp></or_exp>
</condition>

<Node id="45" bw="6" op_0_bw="32" op_1_bw="64" op_2_bw="64">
<![CDATA[
entry:21  %p_addr_76 = getelementptr [48 x float]* %empty_86, i64 0, i64 %add_ln1

]]></Node>
<StgValue><ssdm name="p_addr_76"/></StgValue>
</operation>

<operation id="25" st_id="1" stage="1" lat="1">
<core>NULL</core>
<MemPortIdVec></MemPortIdVec>
<condition id="-1">
<or_exp><and_exp></and_exp></or_exp>
</condition>

<Node id="46" bw="6" op_0_bw="32" op_1_bw="64" op_2_bw="64">
<![CDATA[
entry:22  %p_addr_77 = getelementptr [48 x float]* %empty_87, i64 0, i64 %add_ln1

]]></Node>
<StgValue><ssdm name="p_addr_77"/></StgValue>
</operation>

<operation id="26" st_id="1" stage="1" lat="1">
<core>NULL</core>
<MemPortIdVec></MemPortIdVec>
<condition id="-1">
<or_exp><and_exp></and_exp></or_exp>
</condition>

<Node id="47" bw="6" op_0_bw="32" op_1_bw="64" op_2_bw="64">
<![CDATA[
entry:23  %p_addr_78 = getelementptr [48 x float]* %empty_88, i64 0, i64 %add_ln1

]]></Node>
<StgValue><ssdm name="p_addr_78"/></StgValue>
</operation>

<operation id="27" st_id="1" stage="1" lat="1">
<core>NULL</core>
<MemPortIdVec></MemPortIdVec>
<condition id="-1">
<or_exp><and_exp></and_exp></or_exp>
</condition>

<Node id="48" bw="6" op_0_bw="32" op_1_bw="64" op_2_bw="64">
<![CDATA[
entry:24  %p_addr_79 = getelementptr [48 x float]* %empty_89, i64 0, i64 %add_ln1

]]></Node>
<StgValue><ssdm name="p_addr_79"/></StgValue>
</operation>

<operation id="28" st_id="1" stage="1" lat="1">
<core>NULL</core>
<MemPortIdVec></MemPortIdVec>
<condition id="-1">
<or_exp><and_exp></and_exp></or_exp>
</condition>

<Node id="49" bw="6" op_0_bw="32" op_1_bw="64" op_2_bw="64">
<![CDATA[
entry:25  %p_addr_80 = getelementptr [48 x float]* %empty_90, i64 0, i64 %add_ln1

]]></Node>
<StgValue><ssdm name="p_addr_80"/></StgValue>
</operation>

<operation id="29" st_id="1" stage="1" lat="1">
<core>NULL</core>
<MemPortIdVec></MemPortIdVec>
<condition id="-1">
<or_exp><and_exp></and_exp></or_exp>
</condition>

<Node id="50" bw="6" op_0_bw="32" op_1_bw="64" op_2_bw="64">
<![CDATA[
entry:26  %p_addr_81 = getelementptr [48 x float]* %empty_91, i64 0, i64 %add_ln1

]]></Node>
<StgValue><ssdm name="p_addr_81"/></StgValue>
</operation>

<operation id="30" st_id="1" stage="1" lat="1">
<core>NULL</core>
<MemPortIdVec></MemPortIdVec>
<condition id="-1">
<or_exp><and_exp></and_exp></or_exp>
</condition>

<Node id="51" bw="6" op_0_bw="32" op_1_bw="64" op_2_bw="64">
<![CDATA[
entry:27  %p_addr_82 = getelementptr [48 x float]* %empty_92, i64 0, i64 %add_ln1

]]></Node>
<StgValue><ssdm name="p_addr_82"/></StgValue>
</operation>

<operation id="31" st_id="1" stage="1" lat="1">
<core>NULL</core>
<MemPortIdVec></MemPortIdVec>
<condition id="-1">
<or_exp><and_exp></and_exp></or_exp>
</condition>

<Node id="52" bw="6" op_0_bw="32" op_1_bw="64" op_2_bw="64">
<![CDATA[
entry:28  %p_addr_83 = getelementptr [48 x float]* %empty_93, i64 0, i64 %add_ln1

]]></Node>
<StgValue><ssdm name="p_addr_83"/></StgValue>
</operation>

<operation id="32" st_id="1" stage="1" lat="1">
<core>NULL</core>
<MemPortIdVec></MemPortIdVec>
<condition id="-1">
<or_exp><and_exp></and_exp></or_exp>
</condition>

<Node id="53" bw="6" op_0_bw="32" op_1_bw="64" op_2_bw="64">
<![CDATA[
entry:29  %p_addr = getelementptr [48 x float]* %empty_94, i64 0, i64 %add_ln1

]]></Node>
<StgValue><ssdm name="p_addr"/></StgValue>
</operation>

<operation id="33" st_id="1" stage="1" lat="1">
<core>NULL</core>
<MemPortIdVec></MemPortIdVec>
<condition id="-1">
<or_exp><and_exp></and_exp></or_exp>
</condition>

<Node id="94" bw="0" op_0_bw="5" op_1_bw="0" op_2_bw="5" op_3_bw="0" op_4_bw="5" op_5_bw="0" op_6_bw="5" op_7_bw="0" op_8_bw="5" op_9_bw="0" op_10_bw="5" op_11_bw="0" op_12_bw="5" op_13_bw="0" op_14_bw="5" op_15_bw="0" op_16_bw="5" op_17_bw="0" op_18_bw="5" op_19_bw="0" op_20_bw="5" op_21_bw="0" op_22_bw="5" op_23_bw="0" op_24_bw="5" op_25_bw="0" op_26_bw="5" op_27_bw="0" op_28_bw="5" op_29_bw="0" op_30_bw="5" op_31_bw="0" op_32_bw="5" op_33_bw="0" op_34_bw="5" op_35_bw="0" op_36_bw="5" op_37_bw="0" op_38_bw="5" op_39_bw="0">
<![CDATA[
entry:70  switch i5 %tmp_194, label %case19 [
    i5 0, label %case0
    i5 1, label %case1
    i5 2, label %case2
    i5 3, label %case3
    i5 4, label %case4
    i5 5, label %case5
    i5 6, label %case6
    i5 7, label %case7
    i5 8, label %case8
    i5 9, label %case9
    i5 10, label %case10
    i5 11, label %case11
    i5 12, label %case12
    i5 13, label %case13
    i5 14, label %case14
    i5 15, label %case15
    i5 -16, label %case16
    i5 -15, label %case17
    i5 -14, label %case18
  ]

]]></Node>
<StgValue><ssdm name="switch_ln61"/></StgValue>
</operation>

<operation id="34" st_id="1" stage="2" lat="2">
<core>RAM_S2P_BRAM</core>
<MemPortIdVec></MemPortIdVec>
<condition id="-1">
<or_exp><and_exp><literal name="tmp_194" val="-14"/>
</and_exp></or_exp>
</condition>

<Node id="96" bw="32" op_0_bw="6">
<![CDATA[
case18:0  %empty_315 = load float* %p_addr_83, align 4

]]></Node>
<StgValue><ssdm name="empty_315"/></StgValue>
</operation>

<operation id="35" st_id="1" stage="2" lat="2">
<core>RAM_S2P_BRAM</core>
<MemPortIdVec></MemPortIdVec>
<condition id="-1">
<or_exp><and_exp><literal name="tmp_194" val="-15"/>
</and_exp></or_exp>
</condition>

<Node id="99" bw="32" op_0_bw="6">
<![CDATA[
case17:0  %empty_314 = load float* %p_addr_82, align 4

]]></Node>
<StgValue><ssdm name="empty_314"/></StgValue>
</operation>

<operation id="36" st_id="1" stage="2" lat="2">
<core>RAM_S2P_BRAM</core>
<MemPortIdVec></MemPortIdVec>
<condition id="-1">
<or_exp><and_exp><literal name="tmp_194" val="-16"/>
</and_exp></or_exp>
</condition>

<Node id="102" bw="32" op_0_bw="6">
<![CDATA[
case16:0  %empty_313 = load float* %p_addr_81, align 4

]]></Node>
<StgValue><ssdm name="empty_313"/></StgValue>
</operation>

<operation id="37" st_id="1" stage="2" lat="2">
<core>RAM_S2P_BRAM</core>
<MemPortIdVec></MemPortIdVec>
<condition id="-1">
<or_exp><and_exp><literal name="tmp_194" val="15"/>
</and_exp></or_exp>
</condition>

<Node id="105" bw="32" op_0_bw="6">
<![CDATA[
case15:0  %empty_312 = load float* %p_addr_80, align 4

]]></Node>
<StgValue><ssdm name="empty_312"/></StgValue>
</operation>

<operation id="38" st_id="1" stage="2" lat="2">
<core>RAM_S2P_BRAM</core>
<MemPortIdVec></MemPortIdVec>
<condition id="-1">
<or_exp><and_exp><literal name="tmp_194" val="14"/>
</and_exp></or_exp>
</condition>

<Node id="108" bw="32" op_0_bw="6">
<![CDATA[
case14:0  %empty_311 = load float* %p_addr_79, align 4

]]></Node>
<StgValue><ssdm name="empty_311"/></StgValue>
</operation>

<operation id="39" st_id="1" stage="2" lat="2">
<core>RAM_S2P_BRAM</core>
<MemPortIdVec></MemPortIdVec>
<condition id="-1">
<or_exp><and_exp><literal name="tmp_194" val="13"/>
</and_exp></or_exp>
</condition>

<Node id="111" bw="32" op_0_bw="6">
<![CDATA[
case13:0  %empty_310 = load float* %p_addr_78, align 4

]]></Node>
<StgValue><ssdm name="empty_310"/></StgValue>
</operation>

<operation id="40" st_id="1" stage="2" lat="2">
<core>RAM_S2P_BRAM</core>
<MemPortIdVec></MemPortIdVec>
<condition id="-1">
<or_exp><and_exp><literal name="tmp_194" val="12"/>
</and_exp></or_exp>
</condition>

<Node id="114" bw="32" op_0_bw="6">
<![CDATA[
case12:0  %empty_309 = load float* %p_addr_77, align 4

]]></Node>
<StgValue><ssdm name="empty_309"/></StgValue>
</operation>

<operation id="41" st_id="1" stage="2" lat="2">
<core>RAM_S2P_BRAM</core>
<MemPortIdVec></MemPortIdVec>
<condition id="-1">
<or_exp><and_exp><literal name="tmp_194" val="11"/>
</and_exp></or_exp>
</condition>

<Node id="117" bw="32" op_0_bw="6">
<![CDATA[
case11:0  %empty_308 = load float* %p_addr_76, align 4

]]></Node>
<StgValue><ssdm name="empty_308"/></StgValue>
</operation>

<operation id="42" st_id="1" stage="2" lat="2">
<core>RAM_S2P_BRAM</core>
<MemPortIdVec></MemPortIdVec>
<condition id="-1">
<or_exp><and_exp><literal name="tmp_194" val="10"/>
</and_exp></or_exp>
</condition>

<Node id="120" bw="32" op_0_bw="6">
<![CDATA[
case10:0  %empty_307 = load float* %p_addr_75, align 4

]]></Node>
<StgValue><ssdm name="empty_307"/></StgValue>
</operation>

<operation id="43" st_id="1" stage="2" lat="2">
<core>RAM_S2P_BRAM</core>
<MemPortIdVec></MemPortIdVec>
<condition id="-1">
<or_exp><and_exp><literal name="tmp_194" val="9"/>
</and_exp></or_exp>
</condition>

<Node id="123" bw="32" op_0_bw="6">
<![CDATA[
case9:0  %empty_306 = load float* %p_addr_74, align 4

]]></Node>
<StgValue><ssdm name="empty_306"/></StgValue>
</operation>

<operation id="44" st_id="1" stage="2" lat="2">
<core>RAM_S2P_BRAM</core>
<MemPortIdVec></MemPortIdVec>
<condition id="-1">
<or_exp><and_exp><literal name="tmp_194" val="8"/>
</and_exp></or_exp>
</condition>

<Node id="126" bw="32" op_0_bw="6">
<![CDATA[
case8:0  %empty_305 = load float* %p_addr_73, align 4

]]></Node>
<StgValue><ssdm name="empty_305"/></StgValue>
</operation>

<operation id="45" st_id="1" stage="2" lat="2">
<core>RAM_S2P_BRAM</core>
<MemPortIdVec></MemPortIdVec>
<condition id="-1">
<or_exp><and_exp><literal name="tmp_194" val="7"/>
</and_exp></or_exp>
</condition>

<Node id="129" bw="32" op_0_bw="6">
<![CDATA[
case7:0  %empty_304 = load float* %p_addr_72, align 4

]]></Node>
<StgValue><ssdm name="empty_304"/></StgValue>
</operation>

<operation id="46" st_id="1" stage="2" lat="2">
<core>RAM_S2P_BRAM</core>
<MemPortIdVec></MemPortIdVec>
<condition id="-1">
<or_exp><and_exp><literal name="tmp_194" val="6"/>
</and_exp></or_exp>
</condition>

<Node id="132" bw="32" op_0_bw="6">
<![CDATA[
case6:0  %empty_303 = load float* %p_addr_71, align 4

]]></Node>
<StgValue><ssdm name="empty_303"/></StgValue>
</operation>

<operation id="47" st_id="1" stage="2" lat="2">
<core>RAM_S2P_BRAM</core>
<MemPortIdVec></MemPortIdVec>
<condition id="-1">
<or_exp><and_exp><literal name="tmp_194" val="5"/>
</and_exp></or_exp>
</condition>

<Node id="135" bw="32" op_0_bw="6">
<![CDATA[
case5:0  %empty_302 = load float* %p_addr_70, align 4

]]></Node>
<StgValue><ssdm name="empty_302"/></StgValue>
</operation>

<operation id="48" st_id="1" stage="2" lat="2">
<core>RAM_S2P_BRAM</core>
<MemPortIdVec></MemPortIdVec>
<condition id="-1">
<or_exp><and_exp><literal name="tmp_194" val="4"/>
</and_exp></or_exp>
</condition>

<Node id="138" bw="32" op_0_bw="6">
<![CDATA[
case4:0  %empty_301 = load float* %p_addr_69, align 4

]]></Node>
<StgValue><ssdm name="empty_301"/></StgValue>
</operation>

<operation id="49" st_id="1" stage="2" lat="2">
<core>RAM_S2P_BRAM</core>
<MemPortIdVec></MemPortIdVec>
<condition id="-1">
<or_exp><and_exp><literal name="tmp_194" val="3"/>
</and_exp></or_exp>
</condition>

<Node id="141" bw="32" op_0_bw="6">
<![CDATA[
case3:0  %empty_300 = load float* %p_addr_68, align 4

]]></Node>
<StgValue><ssdm name="empty_300"/></StgValue>
</operation>

<operation id="50" st_id="1" stage="2" lat="2">
<core>RAM_S2P_BRAM</core>
<MemPortIdVec></MemPortIdVec>
<condition id="-1">
<or_exp><and_exp><literal name="tmp_194" val="2"/>
</and_exp></or_exp>
</condition>

<Node id="144" bw="32" op_0_bw="6">
<![CDATA[
case2:0  %empty_299 = load float* %p_addr_67, align 4

]]></Node>
<StgValue><ssdm name="empty_299"/></StgValue>
</operation>

<operation id="51" st_id="1" stage="2" lat="2">
<core>RAM_S2P_BRAM</core>
<MemPortIdVec></MemPortIdVec>
<condition id="-1">
<or_exp><and_exp><literal name="tmp_194" val="1"/>
</and_exp></or_exp>
</condition>

<Node id="147" bw="32" op_0_bw="6">
<![CDATA[
case1:0  %empty_298 = load float* %p_addr_66, align 4

]]></Node>
<StgValue><ssdm name="empty_298"/></StgValue>
</operation>

<operation id="52" st_id="1" stage="2" lat="2">
<core>RAM_S2P_BRAM</core>
<MemPortIdVec></MemPortIdVec>
<condition id="-1">
<or_exp><and_exp><literal name="tmp_194" val="0"/>
</and_exp></or_exp>
</condition>

<Node id="150" bw="32" op_0_bw="6">
<![CDATA[
case0:0  %empty_297 = load float* %p_addr_65, align 4

]]></Node>
<StgValue><ssdm name="empty_297"/></StgValue>
</operation>

<operation id="53" st_id="1" stage="2" lat="2">
<core>RAM_S2P_BRAM</core>
<MemPortIdVec></MemPortIdVec>
<condition id="-1">
<or_exp><and_exp><literal name="tmp_194" val="-1"/>
</and_exp><and_exp><literal name="tmp_194" val="-2"/>
</and_exp><and_exp><literal name="tmp_194" val="-3"/>
</and_exp><and_exp><literal name="tmp_194" val="-4"/>
</and_exp><and_exp><literal name="tmp_194" val="-5"/>
</and_exp><and_exp><literal name="tmp_194" val="-6"/>
</and_exp><and_exp><literal name="tmp_194" val="-7"/>
</and_exp><and_exp><literal name="tmp_194" val="-8"/>
</and_exp><and_exp><literal name="tmp_194" val="-9"/>
</and_exp><and_exp><literal name="tmp_194" val="-10"/>
</and_exp><and_exp><literal name="tmp_194" val="-11"/>
</and_exp><and_exp><literal name="tmp_194" val="-12"/>
</and_exp><and_exp><literal name="tmp_194" val="-13"/>
</and_exp></or_exp>
</condition>

<Node id="153" bw="32" op_0_bw="6">
<![CDATA[
case19:0  %empty_316 = load float* %p_addr, align 4

]]></Node>
<StgValue><ssdm name="empty_316"/></StgValue>
</operation>
</state>

<state id="2" st_id="2">

<operation id="54" st_id="2" stage="1" lat="1">
<core>NULL</core>
<MemPortIdVec></MemPortIdVec>
<condition id="-1">
<or_exp><and_exp></and_exp></or_exp>
</condition>

<Node id="54" bw="0" op_0_bw="0" op_1_bw="32" op_2_bw="0" op_3_bw="0" op_4_bw="0" op_5_bw="32" op_6_bw="0" op_7_bw="0" op_8_bw="0" op_9_bw="0" op_10_bw="0">
<![CDATA[
entry:30  call void (...)* @_ssdm_op_SpecMemCore([48 x float]* %empty_93, [1 x i8]* @p_str1, [13 x i8]* @p_str5, [1 x i8]* @p_str1, i32 -1, [1 x i8]* @p_str1, [1 x i8]* @p_str1, [1 x i8]* @p_str1, [1 x i8]* @p_str1, [1 x i8]* @p_str1)

]]></Node>
<StgValue><ssdm name="specmemcore_ln0"/></StgValue>
</operation>

<operation id="55" st_id="2" stage="1" lat="1">
<core>NULL</core>
<MemPortIdVec></MemPortIdVec>
<condition id="-1">
<or_exp><and_exp></and_exp></or_exp>
</condition>

<Node id="55" bw="0" op_0_bw="0" op_1_bw="32" op_2_bw="0" op_3_bw="0" op_4_bw="0" op_5_bw="32" op_6_bw="0" op_7_bw="0" op_8_bw="0" op_9_bw="0" op_10_bw="0">
<![CDATA[
entry:31  call void (...)* @_ssdm_op_SpecMemCore([48 x float]* %empty_92, [1 x i8]* @p_str1, [13 x i8]* @p_str5, [1 x i8]* @p_str1, i32 -1, [1 x i8]* @p_str1, [1 x i8]* @p_str1, [1 x i8]* @p_str1, [1 x i8]* @p_str1, [1 x i8]* @p_str1)

]]></Node>
<StgValue><ssdm name="specmemcore_ln0"/></StgValue>
</operation>

<operation id="56" st_id="2" stage="1" lat="1">
<core>NULL</core>
<MemPortIdVec></MemPortIdVec>
<condition id="-1">
<or_exp><and_exp></and_exp></or_exp>
</condition>

<Node id="56" bw="0" op_0_bw="0" op_1_bw="32" op_2_bw="0" op_3_bw="0" op_4_bw="0" op_5_bw="32" op_6_bw="0" op_7_bw="0" op_8_bw="0" op_9_bw="0" op_10_bw="0">
<![CDATA[
entry:32  call void (...)* @_ssdm_op_SpecMemCore([48 x float]* %empty_91, [1 x i8]* @p_str1, [13 x i8]* @p_str5, [1 x i8]* @p_str1, i32 -1, [1 x i8]* @p_str1, [1 x i8]* @p_str1, [1 x i8]* @p_str1, [1 x i8]* @p_str1, [1 x i8]* @p_str1)

]]></Node>
<StgValue><ssdm name="specmemcore_ln0"/></StgValue>
</operation>

<operation id="57" st_id="2" stage="1" lat="1">
<core>NULL</core>
<MemPortIdVec></MemPortIdVec>
<condition id="-1">
<or_exp><and_exp></and_exp></or_exp>
</condition>

<Node id="57" bw="0" op_0_bw="0" op_1_bw="32" op_2_bw="0" op_3_bw="0" op_4_bw="0" op_5_bw="32" op_6_bw="0" op_7_bw="0" op_8_bw="0" op_9_bw="0" op_10_bw="0">
<![CDATA[
entry:33  call void (...)* @_ssdm_op_SpecMemCore([48 x float]* %empty_90, [1 x i8]* @p_str1, [13 x i8]* @p_str5, [1 x i8]* @p_str1, i32 -1, [1 x i8]* @p_str1, [1 x i8]* @p_str1, [1 x i8]* @p_str1, [1 x i8]* @p_str1, [1 x i8]* @p_str1)

]]></Node>
<StgValue><ssdm name="specmemcore_ln0"/></StgValue>
</operation>

<operation id="58" st_id="2" stage="1" lat="1">
<core>NULL</core>
<MemPortIdVec></MemPortIdVec>
<condition id="-1">
<or_exp><and_exp></and_exp></or_exp>
</condition>

<Node id="58" bw="0" op_0_bw="0" op_1_bw="32" op_2_bw="0" op_3_bw="0" op_4_bw="0" op_5_bw="32" op_6_bw="0" op_7_bw="0" op_8_bw="0" op_9_bw="0" op_10_bw="0">
<![CDATA[
entry:34  call void (...)* @_ssdm_op_SpecMemCore([48 x float]* %empty_89, [1 x i8]* @p_str1, [13 x i8]* @p_str5, [1 x i8]* @p_str1, i32 -1, [1 x i8]* @p_str1, [1 x i8]* @p_str1, [1 x i8]* @p_str1, [1 x i8]* @p_str1, [1 x i8]* @p_str1)

]]></Node>
<StgValue><ssdm name="specmemcore_ln0"/></StgValue>
</operation>

<operation id="59" st_id="2" stage="1" lat="1">
<core>NULL</core>
<MemPortIdVec></MemPortIdVec>
<condition id="-1">
<or_exp><and_exp></and_exp></or_exp>
</condition>

<Node id="59" bw="0" op_0_bw="0" op_1_bw="32" op_2_bw="0" op_3_bw="0" op_4_bw="0" op_5_bw="32" op_6_bw="0" op_7_bw="0" op_8_bw="0" op_9_bw="0" op_10_bw="0">
<![CDATA[
entry:35  call void (...)* @_ssdm_op_SpecMemCore([48 x float]* %empty_88, [1 x i8]* @p_str1, [13 x i8]* @p_str5, [1 x i8]* @p_str1, i32 -1, [1 x i8]* @p_str1, [1 x i8]* @p_str1, [1 x i8]* @p_str1, [1 x i8]* @p_str1, [1 x i8]* @p_str1)

]]></Node>
<StgValue><ssdm name="specmemcore_ln0"/></StgValue>
</operation>

<operation id="60" st_id="2" stage="1" lat="1">
<core>NULL</core>
<MemPortIdVec></MemPortIdVec>
<condition id="-1">
<or_exp><and_exp></and_exp></or_exp>
</condition>

<Node id="60" bw="0" op_0_bw="0" op_1_bw="32" op_2_bw="0" op_3_bw="0" op_4_bw="0" op_5_bw="32" op_6_bw="0" op_7_bw="0" op_8_bw="0" op_9_bw="0" op_10_bw="0">
<![CDATA[
entry:36  call void (...)* @_ssdm_op_SpecMemCore([48 x float]* %empty_87, [1 x i8]* @p_str1, [13 x i8]* @p_str5, [1 x i8]* @p_str1, i32 -1, [1 x i8]* @p_str1, [1 x i8]* @p_str1, [1 x i8]* @p_str1, [1 x i8]* @p_str1, [1 x i8]* @p_str1)

]]></Node>
<StgValue><ssdm name="specmemcore_ln0"/></StgValue>
</operation>

<operation id="61" st_id="2" stage="1" lat="1">
<core>NULL</core>
<MemPortIdVec></MemPortIdVec>
<condition id="-1">
<or_exp><and_exp></and_exp></or_exp>
</condition>

<Node id="61" bw="0" op_0_bw="0" op_1_bw="32" op_2_bw="0" op_3_bw="0" op_4_bw="0" op_5_bw="32" op_6_bw="0" op_7_bw="0" op_8_bw="0" op_9_bw="0" op_10_bw="0">
<![CDATA[
entry:37  call void (...)* @_ssdm_op_SpecMemCore([48 x float]* %empty_86, [1 x i8]* @p_str1, [13 x i8]* @p_str5, [1 x i8]* @p_str1, i32 -1, [1 x i8]* @p_str1, [1 x i8]* @p_str1, [1 x i8]* @p_str1, [1 x i8]* @p_str1, [1 x i8]* @p_str1)

]]></Node>
<StgValue><ssdm name="specmemcore_ln0"/></StgValue>
</operation>

<operation id="62" st_id="2" stage="1" lat="1">
<core>NULL</core>
<MemPortIdVec></MemPortIdVec>
<condition id="-1">
<or_exp><and_exp></and_exp></or_exp>
</condition>

<Node id="62" bw="0" op_0_bw="0" op_1_bw="32" op_2_bw="0" op_3_bw="0" op_4_bw="0" op_5_bw="32" op_6_bw="0" op_7_bw="0" op_8_bw="0" op_9_bw="0" op_10_bw="0">
<![CDATA[
entry:38  call void (...)* @_ssdm_op_SpecMemCore([48 x float]* %empty_85, [1 x i8]* @p_str1, [13 x i8]* @p_str5, [1 x i8]* @p_str1, i32 -1, [1 x i8]* @p_str1, [1 x i8]* @p_str1, [1 x i8]* @p_str1, [1 x i8]* @p_str1, [1 x i8]* @p_str1)

]]></Node>
<StgValue><ssdm name="specmemcore_ln0"/></StgValue>
</operation>

<operation id="63" st_id="2" stage="1" lat="1">
<core>NULL</core>
<MemPortIdVec></MemPortIdVec>
<condition id="-1">
<or_exp><and_exp></and_exp></or_exp>
</condition>

<Node id="63" bw="0" op_0_bw="0" op_1_bw="32" op_2_bw="0" op_3_bw="0" op_4_bw="0" op_5_bw="32" op_6_bw="0" op_7_bw="0" op_8_bw="0" op_9_bw="0" op_10_bw="0">
<![CDATA[
entry:39  call void (...)* @_ssdm_op_SpecMemCore([48 x float]* %empty_84, [1 x i8]* @p_str1, [13 x i8]* @p_str5, [1 x i8]* @p_str1, i32 -1, [1 x i8]* @p_str1, [1 x i8]* @p_str1, [1 x i8]* @p_str1, [1 x i8]* @p_str1, [1 x i8]* @p_str1)

]]></Node>
<StgValue><ssdm name="specmemcore_ln0"/></StgValue>
</operation>

<operation id="64" st_id="2" stage="1" lat="1">
<core>NULL</core>
<MemPortIdVec></MemPortIdVec>
<condition id="-1">
<or_exp><and_exp></and_exp></or_exp>
</condition>

<Node id="64" bw="0" op_0_bw="0" op_1_bw="32" op_2_bw="0" op_3_bw="0" op_4_bw="0" op_5_bw="32" op_6_bw="0" op_7_bw="0" op_8_bw="0" op_9_bw="0" op_10_bw="0">
<![CDATA[
entry:40  call void (...)* @_ssdm_op_SpecMemCore([48 x float]* %empty_83, [1 x i8]* @p_str1, [13 x i8]* @p_str5, [1 x i8]* @p_str1, i32 -1, [1 x i8]* @p_str1, [1 x i8]* @p_str1, [1 x i8]* @p_str1, [1 x i8]* @p_str1, [1 x i8]* @p_str1)

]]></Node>
<StgValue><ssdm name="specmemcore_ln0"/></StgValue>
</operation>

<operation id="65" st_id="2" stage="1" lat="1">
<core>NULL</core>
<MemPortIdVec></MemPortIdVec>
<condition id="-1">
<or_exp><and_exp></and_exp></or_exp>
</condition>

<Node id="65" bw="0" op_0_bw="0" op_1_bw="32" op_2_bw="0" op_3_bw="0" op_4_bw="0" op_5_bw="32" op_6_bw="0" op_7_bw="0" op_8_bw="0" op_9_bw="0" op_10_bw="0">
<![CDATA[
entry:41  call void (...)* @_ssdm_op_SpecMemCore([48 x float]* %empty_82, [1 x i8]* @p_str1, [13 x i8]* @p_str5, [1 x i8]* @p_str1, i32 -1, [1 x i8]* @p_str1, [1 x i8]* @p_str1, [1 x i8]* @p_str1, [1 x i8]* @p_str1, [1 x i8]* @p_str1)

]]></Node>
<StgValue><ssdm name="specmemcore_ln0"/></StgValue>
</operation>

<operation id="66" st_id="2" stage="1" lat="1">
<core>NULL</core>
<MemPortIdVec></MemPortIdVec>
<condition id="-1">
<or_exp><and_exp></and_exp></or_exp>
</condition>

<Node id="66" bw="0" op_0_bw="0" op_1_bw="32" op_2_bw="0" op_3_bw="0" op_4_bw="0" op_5_bw="32" op_6_bw="0" op_7_bw="0" op_8_bw="0" op_9_bw="0" op_10_bw="0">
<![CDATA[
entry:42  call void (...)* @_ssdm_op_SpecMemCore([48 x float]* %empty_81, [1 x i8]* @p_str1, [13 x i8]* @p_str5, [1 x i8]* @p_str1, i32 -1, [1 x i8]* @p_str1, [1 x i8]* @p_str1, [1 x i8]* @p_str1, [1 x i8]* @p_str1, [1 x i8]* @p_str1)

]]></Node>
<StgValue><ssdm name="specmemcore_ln0"/></StgValue>
</operation>

<operation id="67" st_id="2" stage="1" lat="1">
<core>NULL</core>
<MemPortIdVec></MemPortIdVec>
<condition id="-1">
<or_exp><and_exp></and_exp></or_exp>
</condition>

<Node id="67" bw="0" op_0_bw="0" op_1_bw="32" op_2_bw="0" op_3_bw="0" op_4_bw="0" op_5_bw="32" op_6_bw="0" op_7_bw="0" op_8_bw="0" op_9_bw="0" op_10_bw="0">
<![CDATA[
entry:43  call void (...)* @_ssdm_op_SpecMemCore([48 x float]* %empty_80, [1 x i8]* @p_str1, [13 x i8]* @p_str5, [1 x i8]* @p_str1, i32 -1, [1 x i8]* @p_str1, [1 x i8]* @p_str1, [1 x i8]* @p_str1, [1 x i8]* @p_str1, [1 x i8]* @p_str1)

]]></Node>
<StgValue><ssdm name="specmemcore_ln0"/></StgValue>
</operation>

<operation id="68" st_id="2" stage="1" lat="1">
<core>NULL</core>
<MemPortIdVec></MemPortIdVec>
<condition id="-1">
<or_exp><and_exp></and_exp></or_exp>
</condition>

<Node id="68" bw="0" op_0_bw="0" op_1_bw="32" op_2_bw="0" op_3_bw="0" op_4_bw="0" op_5_bw="32" op_6_bw="0" op_7_bw="0" op_8_bw="0" op_9_bw="0" op_10_bw="0">
<![CDATA[
entry:44  call void (...)* @_ssdm_op_SpecMemCore([48 x float]* %empty_79, [1 x i8]* @p_str1, [13 x i8]* @p_str5, [1 x i8]* @p_str1, i32 -1, [1 x i8]* @p_str1, [1 x i8]* @p_str1, [1 x i8]* @p_str1, [1 x i8]* @p_str1, [1 x i8]* @p_str1)

]]></Node>
<StgValue><ssdm name="specmemcore_ln0"/></StgValue>
</operation>

<operation id="69" st_id="2" stage="1" lat="1">
<core>NULL</core>
<MemPortIdVec></MemPortIdVec>
<condition id="-1">
<or_exp><and_exp></and_exp></or_exp>
</condition>

<Node id="69" bw="0" op_0_bw="0" op_1_bw="32" op_2_bw="0" op_3_bw="0" op_4_bw="0" op_5_bw="32" op_6_bw="0" op_7_bw="0" op_8_bw="0" op_9_bw="0" op_10_bw="0">
<![CDATA[
entry:45  call void (...)* @_ssdm_op_SpecMemCore([48 x float]* %empty_78, [1 x i8]* @p_str1, [13 x i8]* @p_str5, [1 x i8]* @p_str1, i32 -1, [1 x i8]* @p_str1, [1 x i8]* @p_str1, [1 x i8]* @p_str1, [1 x i8]* @p_str1, [1 x i8]* @p_str1)

]]></Node>
<StgValue><ssdm name="specmemcore_ln0"/></StgValue>
</operation>

<operation id="70" st_id="2" stage="1" lat="1">
<core>NULL</core>
<MemPortIdVec></MemPortIdVec>
<condition id="-1">
<or_exp><and_exp></and_exp></or_exp>
</condition>

<Node id="70" bw="0" op_0_bw="0" op_1_bw="32" op_2_bw="0" op_3_bw="0" op_4_bw="0" op_5_bw="32" op_6_bw="0" op_7_bw="0" op_8_bw="0" op_9_bw="0" op_10_bw="0">
<![CDATA[
entry:46  call void (...)* @_ssdm_op_SpecMemCore([48 x float]* %empty_77, [1 x i8]* @p_str1, [13 x i8]* @p_str5, [1 x i8]* @p_str1, i32 -1, [1 x i8]* @p_str1, [1 x i8]* @p_str1, [1 x i8]* @p_str1, [1 x i8]* @p_str1, [1 x i8]* @p_str1)

]]></Node>
<StgValue><ssdm name="specmemcore_ln0"/></StgValue>
</operation>

<operation id="71" st_id="2" stage="1" lat="1">
<core>NULL</core>
<MemPortIdVec></MemPortIdVec>
<condition id="-1">
<or_exp><and_exp></and_exp></or_exp>
</condition>

<Node id="71" bw="0" op_0_bw="0" op_1_bw="32" op_2_bw="0" op_3_bw="0" op_4_bw="0" op_5_bw="32" op_6_bw="0" op_7_bw="0" op_8_bw="0" op_9_bw="0" op_10_bw="0">
<![CDATA[
entry:47  call void (...)* @_ssdm_op_SpecMemCore([48 x float]* %empty_76, [1 x i8]* @p_str1, [13 x i8]* @p_str5, [1 x i8]* @p_str1, i32 -1, [1 x i8]* @p_str1, [1 x i8]* @p_str1, [1 x i8]* @p_str1, [1 x i8]* @p_str1, [1 x i8]* @p_str1)

]]></Node>
<StgValue><ssdm name="specmemcore_ln0"/></StgValue>
</operation>

<operation id="72" st_id="2" stage="1" lat="1">
<core>NULL</core>
<MemPortIdVec></MemPortIdVec>
<condition id="-1">
<or_exp><and_exp></and_exp></or_exp>
</condition>

<Node id="72" bw="0" op_0_bw="0" op_1_bw="32" op_2_bw="0" op_3_bw="0" op_4_bw="0" op_5_bw="32" op_6_bw="0" op_7_bw="0" op_8_bw="0" op_9_bw="0" op_10_bw="0">
<![CDATA[
entry:48  call void (...)* @_ssdm_op_SpecMemCore([48 x float]* %empty_75, [1 x i8]* @p_str1, [13 x i8]* @p_str5, [1 x i8]* @p_str1, i32 -1, [1 x i8]* @p_str1, [1 x i8]* @p_str1, [1 x i8]* @p_str1, [1 x i8]* @p_str1, [1 x i8]* @p_str1)

]]></Node>
<StgValue><ssdm name="specmemcore_ln0"/></StgValue>
</operation>

<operation id="73" st_id="2" stage="1" lat="1">
<core>NULL</core>
<MemPortIdVec></MemPortIdVec>
<condition id="-1">
<or_exp><and_exp></and_exp></or_exp>
</condition>

<Node id="73" bw="0" op_0_bw="0" op_1_bw="32" op_2_bw="0" op_3_bw="0" op_4_bw="0" op_5_bw="32" op_6_bw="0" op_7_bw="0" op_8_bw="0" op_9_bw="0" op_10_bw="0">
<![CDATA[
entry:49  call void (...)* @_ssdm_op_SpecMemCore([48 x float]* %empty_94, [1 x i8]* @p_str1, [13 x i8]* @p_str5, [1 x i8]* @p_str1, i32 -1, [1 x i8]* @p_str1, [1 x i8]* @p_str1, [1 x i8]* @p_str1, [1 x i8]* @p_str1, [1 x i8]* @p_str1)

]]></Node>
<StgValue><ssdm name="specmemcore_ln0"/></StgValue>
</operation>

<operation id="74" st_id="2" stage="1" lat="1">
<core>NULL</core>
<MemPortIdVec></MemPortIdVec>
<condition id="-1">
<or_exp><and_exp></and_exp></or_exp>
</condition>

<Node id="74" bw="0" op_0_bw="0" op_1_bw="32" op_2_bw="0" op_3_bw="32" op_4_bw="32" op_5_bw="0" op_6_bw="32" op_7_bw="32" op_8_bw="0" op_9_bw="0" op_10_bw="0" op_11_bw="32" op_12_bw="32" op_13_bw="32" op_14_bw="32" op_15_bw="0" op_16_bw="0">
<![CDATA[
entry:50  call void (...)* @_ssdm_op_SpecInterface([48 x float]* %empty_93, [5 x i8]* @p_str3, i32 0, i32 0, [1 x i8]* @p_str1, i32 0, i32 0, [1 x i8]* @p_str1, [1 x i8]* @p_str1, [1 x i8]* @p_str1, i32 0, i32 0, i32 0, i32 0, [1 x i8]* @p_str1, [1 x i8]* @p_str1)

]]></Node>
<StgValue><ssdm name="specinterface_ln0"/></StgValue>
</operation>

<operation id="75" st_id="2" stage="1" lat="1">
<core>NULL</core>
<MemPortIdVec></MemPortIdVec>
<condition id="-1">
<or_exp><and_exp></and_exp></or_exp>
</condition>

<Node id="75" bw="0" op_0_bw="0" op_1_bw="32" op_2_bw="0" op_3_bw="32" op_4_bw="32" op_5_bw="0" op_6_bw="32" op_7_bw="32" op_8_bw="0" op_9_bw="0" op_10_bw="0" op_11_bw="32" op_12_bw="32" op_13_bw="32" op_14_bw="32" op_15_bw="0" op_16_bw="0">
<![CDATA[
entry:51  call void (...)* @_ssdm_op_SpecInterface([48 x float]* %empty_92, [5 x i8]* @p_str3, i32 0, i32 0, [1 x i8]* @p_str1, i32 0, i32 0, [1 x i8]* @p_str1, [1 x i8]* @p_str1, [1 x i8]* @p_str1, i32 0, i32 0, i32 0, i32 0, [1 x i8]* @p_str1, [1 x i8]* @p_str1)

]]></Node>
<StgValue><ssdm name="specinterface_ln0"/></StgValue>
</operation>

<operation id="76" st_id="2" stage="1" lat="1">
<core>NULL</core>
<MemPortIdVec></MemPortIdVec>
<condition id="-1">
<or_exp><and_exp></and_exp></or_exp>
</condition>

<Node id="76" bw="0" op_0_bw="0" op_1_bw="32" op_2_bw="0" op_3_bw="32" op_4_bw="32" op_5_bw="0" op_6_bw="32" op_7_bw="32" op_8_bw="0" op_9_bw="0" op_10_bw="0" op_11_bw="32" op_12_bw="32" op_13_bw="32" op_14_bw="32" op_15_bw="0" op_16_bw="0">
<![CDATA[
entry:52  call void (...)* @_ssdm_op_SpecInterface([48 x float]* %empty_91, [5 x i8]* @p_str3, i32 0, i32 0, [1 x i8]* @p_str1, i32 0, i32 0, [1 x i8]* @p_str1, [1 x i8]* @p_str1, [1 x i8]* @p_str1, i32 0, i32 0, i32 0, i32 0, [1 x i8]* @p_str1, [1 x i8]* @p_str1)

]]></Node>
<StgValue><ssdm name="specinterface_ln0"/></StgValue>
</operation>

<operation id="77" st_id="2" stage="1" lat="1">
<core>NULL</core>
<MemPortIdVec></MemPortIdVec>
<condition id="-1">
<or_exp><and_exp></and_exp></or_exp>
</condition>

<Node id="77" bw="0" op_0_bw="0" op_1_bw="32" op_2_bw="0" op_3_bw="32" op_4_bw="32" op_5_bw="0" op_6_bw="32" op_7_bw="32" op_8_bw="0" op_9_bw="0" op_10_bw="0" op_11_bw="32" op_12_bw="32" op_13_bw="32" op_14_bw="32" op_15_bw="0" op_16_bw="0">
<![CDATA[
entry:53  call void (...)* @_ssdm_op_SpecInterface([48 x float]* %empty_90, [5 x i8]* @p_str3, i32 0, i32 0, [1 x i8]* @p_str1, i32 0, i32 0, [1 x i8]* @p_str1, [1 x i8]* @p_str1, [1 x i8]* @p_str1, i32 0, i32 0, i32 0, i32 0, [1 x i8]* @p_str1, [1 x i8]* @p_str1)

]]></Node>
<StgValue><ssdm name="specinterface_ln0"/></StgValue>
</operation>

<operation id="78" st_id="2" stage="1" lat="1">
<core>NULL</core>
<MemPortIdVec></MemPortIdVec>
<condition id="-1">
<or_exp><and_exp></and_exp></or_exp>
</condition>

<Node id="78" bw="0" op_0_bw="0" op_1_bw="32" op_2_bw="0" op_3_bw="32" op_4_bw="32" op_5_bw="0" op_6_bw="32" op_7_bw="32" op_8_bw="0" op_9_bw="0" op_10_bw="0" op_11_bw="32" op_12_bw="32" op_13_bw="32" op_14_bw="32" op_15_bw="0" op_16_bw="0">
<![CDATA[
entry:54  call void (...)* @_ssdm_op_SpecInterface([48 x float]* %empty_89, [5 x i8]* @p_str3, i32 0, i32 0, [1 x i8]* @p_str1, i32 0, i32 0, [1 x i8]* @p_str1, [1 x i8]* @p_str1, [1 x i8]* @p_str1, i32 0, i32 0, i32 0, i32 0, [1 x i8]* @p_str1, [1 x i8]* @p_str1)

]]></Node>
<StgValue><ssdm name="specinterface_ln0"/></StgValue>
</operation>

<operation id="79" st_id="2" stage="1" lat="1">
<core>NULL</core>
<MemPortIdVec></MemPortIdVec>
<condition id="-1">
<or_exp><and_exp></and_exp></or_exp>
</condition>

<Node id="79" bw="0" op_0_bw="0" op_1_bw="32" op_2_bw="0" op_3_bw="32" op_4_bw="32" op_5_bw="0" op_6_bw="32" op_7_bw="32" op_8_bw="0" op_9_bw="0" op_10_bw="0" op_11_bw="32" op_12_bw="32" op_13_bw="32" op_14_bw="32" op_15_bw="0" op_16_bw="0">
<![CDATA[
entry:55  call void (...)* @_ssdm_op_SpecInterface([48 x float]* %empty_88, [5 x i8]* @p_str3, i32 0, i32 0, [1 x i8]* @p_str1, i32 0, i32 0, [1 x i8]* @p_str1, [1 x i8]* @p_str1, [1 x i8]* @p_str1, i32 0, i32 0, i32 0, i32 0, [1 x i8]* @p_str1, [1 x i8]* @p_str1)

]]></Node>
<StgValue><ssdm name="specinterface_ln0"/></StgValue>
</operation>

<operation id="80" st_id="2" stage="1" lat="1">
<core>NULL</core>
<MemPortIdVec></MemPortIdVec>
<condition id="-1">
<or_exp><and_exp></and_exp></or_exp>
</condition>

<Node id="80" bw="0" op_0_bw="0" op_1_bw="32" op_2_bw="0" op_3_bw="32" op_4_bw="32" op_5_bw="0" op_6_bw="32" op_7_bw="32" op_8_bw="0" op_9_bw="0" op_10_bw="0" op_11_bw="32" op_12_bw="32" op_13_bw="32" op_14_bw="32" op_15_bw="0" op_16_bw="0">
<![CDATA[
entry:56  call void (...)* @_ssdm_op_SpecInterface([48 x float]* %empty_87, [5 x i8]* @p_str3, i32 0, i32 0, [1 x i8]* @p_str1, i32 0, i32 0, [1 x i8]* @p_str1, [1 x i8]* @p_str1, [1 x i8]* @p_str1, i32 0, i32 0, i32 0, i32 0, [1 x i8]* @p_str1, [1 x i8]* @p_str1)

]]></Node>
<StgValue><ssdm name="specinterface_ln0"/></StgValue>
</operation>

<operation id="81" st_id="2" stage="1" lat="1">
<core>NULL</core>
<MemPortIdVec></MemPortIdVec>
<condition id="-1">
<or_exp><and_exp></and_exp></or_exp>
</condition>

<Node id="81" bw="0" op_0_bw="0" op_1_bw="32" op_2_bw="0" op_3_bw="32" op_4_bw="32" op_5_bw="0" op_6_bw="32" op_7_bw="32" op_8_bw="0" op_9_bw="0" op_10_bw="0" op_11_bw="32" op_12_bw="32" op_13_bw="32" op_14_bw="32" op_15_bw="0" op_16_bw="0">
<![CDATA[
entry:57  call void (...)* @_ssdm_op_SpecInterface([48 x float]* %empty_86, [5 x i8]* @p_str3, i32 0, i32 0, [1 x i8]* @p_str1, i32 0, i32 0, [1 x i8]* @p_str1, [1 x i8]* @p_str1, [1 x i8]* @p_str1, i32 0, i32 0, i32 0, i32 0, [1 x i8]* @p_str1, [1 x i8]* @p_str1)

]]></Node>
<StgValue><ssdm name="specinterface_ln0"/></StgValue>
</operation>

<operation id="82" st_id="2" stage="1" lat="1">
<core>NULL</core>
<MemPortIdVec></MemPortIdVec>
<condition id="-1">
<or_exp><and_exp></and_exp></or_exp>
</condition>

<Node id="82" bw="0" op_0_bw="0" op_1_bw="32" op_2_bw="0" op_3_bw="32" op_4_bw="32" op_5_bw="0" op_6_bw="32" op_7_bw="32" op_8_bw="0" op_9_bw="0" op_10_bw="0" op_11_bw="32" op_12_bw="32" op_13_bw="32" op_14_bw="32" op_15_bw="0" op_16_bw="0">
<![CDATA[
entry:58  call void (...)* @_ssdm_op_SpecInterface([48 x float]* %empty_85, [5 x i8]* @p_str3, i32 0, i32 0, [1 x i8]* @p_str1, i32 0, i32 0, [1 x i8]* @p_str1, [1 x i8]* @p_str1, [1 x i8]* @p_str1, i32 0, i32 0, i32 0, i32 0, [1 x i8]* @p_str1, [1 x i8]* @p_str1)

]]></Node>
<StgValue><ssdm name="specinterface_ln0"/></StgValue>
</operation>

<operation id="83" st_id="2" stage="1" lat="1">
<core>NULL</core>
<MemPortIdVec></MemPortIdVec>
<condition id="-1">
<or_exp><and_exp></and_exp></or_exp>
</condition>

<Node id="83" bw="0" op_0_bw="0" op_1_bw="32" op_2_bw="0" op_3_bw="32" op_4_bw="32" op_5_bw="0" op_6_bw="32" op_7_bw="32" op_8_bw="0" op_9_bw="0" op_10_bw="0" op_11_bw="32" op_12_bw="32" op_13_bw="32" op_14_bw="32" op_15_bw="0" op_16_bw="0">
<![CDATA[
entry:59  call void (...)* @_ssdm_op_SpecInterface([48 x float]* %empty_84, [5 x i8]* @p_str3, i32 0, i32 0, [1 x i8]* @p_str1, i32 0, i32 0, [1 x i8]* @p_str1, [1 x i8]* @p_str1, [1 x i8]* @p_str1, i32 0, i32 0, i32 0, i32 0, [1 x i8]* @p_str1, [1 x i8]* @p_str1)

]]></Node>
<StgValue><ssdm name="specinterface_ln0"/></StgValue>
</operation>

<operation id="84" st_id="2" stage="1" lat="1">
<core>NULL</core>
<MemPortIdVec></MemPortIdVec>
<condition id="-1">
<or_exp><and_exp></and_exp></or_exp>
</condition>

<Node id="84" bw="0" op_0_bw="0" op_1_bw="32" op_2_bw="0" op_3_bw="32" op_4_bw="32" op_5_bw="0" op_6_bw="32" op_7_bw="32" op_8_bw="0" op_9_bw="0" op_10_bw="0" op_11_bw="32" op_12_bw="32" op_13_bw="32" op_14_bw="32" op_15_bw="0" op_16_bw="0">
<![CDATA[
entry:60  call void (...)* @_ssdm_op_SpecInterface([48 x float]* %empty_83, [5 x i8]* @p_str3, i32 0, i32 0, [1 x i8]* @p_str1, i32 0, i32 0, [1 x i8]* @p_str1, [1 x i8]* @p_str1, [1 x i8]* @p_str1, i32 0, i32 0, i32 0, i32 0, [1 x i8]* @p_str1, [1 x i8]* @p_str1)

]]></Node>
<StgValue><ssdm name="specinterface_ln0"/></StgValue>
</operation>

<operation id="85" st_id="2" stage="1" lat="1">
<core>NULL</core>
<MemPortIdVec></MemPortIdVec>
<condition id="-1">
<or_exp><and_exp></and_exp></or_exp>
</condition>

<Node id="85" bw="0" op_0_bw="0" op_1_bw="32" op_2_bw="0" op_3_bw="32" op_4_bw="32" op_5_bw="0" op_6_bw="32" op_7_bw="32" op_8_bw="0" op_9_bw="0" op_10_bw="0" op_11_bw="32" op_12_bw="32" op_13_bw="32" op_14_bw="32" op_15_bw="0" op_16_bw="0">
<![CDATA[
entry:61  call void (...)* @_ssdm_op_SpecInterface([48 x float]* %empty_82, [5 x i8]* @p_str3, i32 0, i32 0, [1 x i8]* @p_str1, i32 0, i32 0, [1 x i8]* @p_str1, [1 x i8]* @p_str1, [1 x i8]* @p_str1, i32 0, i32 0, i32 0, i32 0, [1 x i8]* @p_str1, [1 x i8]* @p_str1)

]]></Node>
<StgValue><ssdm name="specinterface_ln0"/></StgValue>
</operation>

<operation id="86" st_id="2" stage="1" lat="1">
<core>NULL</core>
<MemPortIdVec></MemPortIdVec>
<condition id="-1">
<or_exp><and_exp></and_exp></or_exp>
</condition>

<Node id="86" bw="0" op_0_bw="0" op_1_bw="32" op_2_bw="0" op_3_bw="32" op_4_bw="32" op_5_bw="0" op_6_bw="32" op_7_bw="32" op_8_bw="0" op_9_bw="0" op_10_bw="0" op_11_bw="32" op_12_bw="32" op_13_bw="32" op_14_bw="32" op_15_bw="0" op_16_bw="0">
<![CDATA[
entry:62  call void (...)* @_ssdm_op_SpecInterface([48 x float]* %empty_81, [5 x i8]* @p_str3, i32 0, i32 0, [1 x i8]* @p_str1, i32 0, i32 0, [1 x i8]* @p_str1, [1 x i8]* @p_str1, [1 x i8]* @p_str1, i32 0, i32 0, i32 0, i32 0, [1 x i8]* @p_str1, [1 x i8]* @p_str1)

]]></Node>
<StgValue><ssdm name="specinterface_ln0"/></StgValue>
</operation>

<operation id="87" st_id="2" stage="1" lat="1">
<core>NULL</core>
<MemPortIdVec></MemPortIdVec>
<condition id="-1">
<or_exp><and_exp></and_exp></or_exp>
</condition>

<Node id="87" bw="0" op_0_bw="0" op_1_bw="32" op_2_bw="0" op_3_bw="32" op_4_bw="32" op_5_bw="0" op_6_bw="32" op_7_bw="32" op_8_bw="0" op_9_bw="0" op_10_bw="0" op_11_bw="32" op_12_bw="32" op_13_bw="32" op_14_bw="32" op_15_bw="0" op_16_bw="0">
<![CDATA[
entry:63  call void (...)* @_ssdm_op_SpecInterface([48 x float]* %empty_80, [5 x i8]* @p_str3, i32 0, i32 0, [1 x i8]* @p_str1, i32 0, i32 0, [1 x i8]* @p_str1, [1 x i8]* @p_str1, [1 x i8]* @p_str1, i32 0, i32 0, i32 0, i32 0, [1 x i8]* @p_str1, [1 x i8]* @p_str1)

]]></Node>
<StgValue><ssdm name="specinterface_ln0"/></StgValue>
</operation>

<operation id="88" st_id="2" stage="1" lat="1">
<core>NULL</core>
<MemPortIdVec></MemPortIdVec>
<condition id="-1">
<or_exp><and_exp></and_exp></or_exp>
</condition>

<Node id="88" bw="0" op_0_bw="0" op_1_bw="32" op_2_bw="0" op_3_bw="32" op_4_bw="32" op_5_bw="0" op_6_bw="32" op_7_bw="32" op_8_bw="0" op_9_bw="0" op_10_bw="0" op_11_bw="32" op_12_bw="32" op_13_bw="32" op_14_bw="32" op_15_bw="0" op_16_bw="0">
<![CDATA[
entry:64  call void (...)* @_ssdm_op_SpecInterface([48 x float]* %empty_79, [5 x i8]* @p_str3, i32 0, i32 0, [1 x i8]* @p_str1, i32 0, i32 0, [1 x i8]* @p_str1, [1 x i8]* @p_str1, [1 x i8]* @p_str1, i32 0, i32 0, i32 0, i32 0, [1 x i8]* @p_str1, [1 x i8]* @p_str1)

]]></Node>
<StgValue><ssdm name="specinterface_ln0"/></StgValue>
</operation>

<operation id="89" st_id="2" stage="1" lat="1">
<core>NULL</core>
<MemPortIdVec></MemPortIdVec>
<condition id="-1">
<or_exp><and_exp></and_exp></or_exp>
</condition>

<Node id="89" bw="0" op_0_bw="0" op_1_bw="32" op_2_bw="0" op_3_bw="32" op_4_bw="32" op_5_bw="0" op_6_bw="32" op_7_bw="32" op_8_bw="0" op_9_bw="0" op_10_bw="0" op_11_bw="32" op_12_bw="32" op_13_bw="32" op_14_bw="32" op_15_bw="0" op_16_bw="0">
<![CDATA[
entry:65  call void (...)* @_ssdm_op_SpecInterface([48 x float]* %empty_78, [5 x i8]* @p_str3, i32 0, i32 0, [1 x i8]* @p_str1, i32 0, i32 0, [1 x i8]* @p_str1, [1 x i8]* @p_str1, [1 x i8]* @p_str1, i32 0, i32 0, i32 0, i32 0, [1 x i8]* @p_str1, [1 x i8]* @p_str1)

]]></Node>
<StgValue><ssdm name="specinterface_ln0"/></StgValue>
</operation>

<operation id="90" st_id="2" stage="1" lat="1">
<core>NULL</core>
<MemPortIdVec></MemPortIdVec>
<condition id="-1">
<or_exp><and_exp></and_exp></or_exp>
</condition>

<Node id="90" bw="0" op_0_bw="0" op_1_bw="32" op_2_bw="0" op_3_bw="32" op_4_bw="32" op_5_bw="0" op_6_bw="32" op_7_bw="32" op_8_bw="0" op_9_bw="0" op_10_bw="0" op_11_bw="32" op_12_bw="32" op_13_bw="32" op_14_bw="32" op_15_bw="0" op_16_bw="0">
<![CDATA[
entry:66  call void (...)* @_ssdm_op_SpecInterface([48 x float]* %empty_77, [5 x i8]* @p_str3, i32 0, i32 0, [1 x i8]* @p_str1, i32 0, i32 0, [1 x i8]* @p_str1, [1 x i8]* @p_str1, [1 x i8]* @p_str1, i32 0, i32 0, i32 0, i32 0, [1 x i8]* @p_str1, [1 x i8]* @p_str1)

]]></Node>
<StgValue><ssdm name="specinterface_ln0"/></StgValue>
</operation>

<operation id="91" st_id="2" stage="1" lat="1">
<core>NULL</core>
<MemPortIdVec></MemPortIdVec>
<condition id="-1">
<or_exp><and_exp></and_exp></or_exp>
</condition>

<Node id="91" bw="0" op_0_bw="0" op_1_bw="32" op_2_bw="0" op_3_bw="32" op_4_bw="32" op_5_bw="0" op_6_bw="32" op_7_bw="32" op_8_bw="0" op_9_bw="0" op_10_bw="0" op_11_bw="32" op_12_bw="32" op_13_bw="32" op_14_bw="32" op_15_bw="0" op_16_bw="0">
<![CDATA[
entry:67  call void (...)* @_ssdm_op_SpecInterface([48 x float]* %empty_76, [5 x i8]* @p_str3, i32 0, i32 0, [1 x i8]* @p_str1, i32 0, i32 0, [1 x i8]* @p_str1, [1 x i8]* @p_str1, [1 x i8]* @p_str1, i32 0, i32 0, i32 0, i32 0, [1 x i8]* @p_str1, [1 x i8]* @p_str1)

]]></Node>
<StgValue><ssdm name="specinterface_ln0"/></StgValue>
</operation>

<operation id="92" st_id="2" stage="1" lat="1">
<core>NULL</core>
<MemPortIdVec></MemPortIdVec>
<condition id="-1">
<or_exp><and_exp></and_exp></or_exp>
</condition>

<Node id="92" bw="0" op_0_bw="0" op_1_bw="32" op_2_bw="0" op_3_bw="32" op_4_bw="32" op_5_bw="0" op_6_bw="32" op_7_bw="32" op_8_bw="0" op_9_bw="0" op_10_bw="0" op_11_bw="32" op_12_bw="32" op_13_bw="32" op_14_bw="32" op_15_bw="0" op_16_bw="0">
<![CDATA[
entry:68  call void (...)* @_ssdm_op_SpecInterface([48 x float]* %empty_75, [5 x i8]* @p_str3, i32 0, i32 0, [1 x i8]* @p_str1, i32 0, i32 0, [1 x i8]* @p_str1, [1 x i8]* @p_str1, [1 x i8]* @p_str1, i32 0, i32 0, i32 0, i32 0, [1 x i8]* @p_str1, [1 x i8]* @p_str1)

]]></Node>
<StgValue><ssdm name="specinterface_ln0"/></StgValue>
</operation>

<operation id="93" st_id="2" stage="1" lat="1">
<core>NULL</core>
<MemPortIdVec></MemPortIdVec>
<condition id="-1">
<or_exp><and_exp></and_exp></or_exp>
</condition>

<Node id="93" bw="0" op_0_bw="0" op_1_bw="32" op_2_bw="0" op_3_bw="32" op_4_bw="32" op_5_bw="0" op_6_bw="32" op_7_bw="32" op_8_bw="0" op_9_bw="0" op_10_bw="0" op_11_bw="32" op_12_bw="32" op_13_bw="32" op_14_bw="32" op_15_bw="0" op_16_bw="0">
<![CDATA[
entry:69  call void (...)* @_ssdm_op_SpecInterface([48 x float]* %empty_94, [5 x i8]* @p_str3, i32 0, i32 0, [1 x i8]* @p_str1, i32 0, i32 0, [1 x i8]* @p_str1, [1 x i8]* @p_str1, [1 x i8]* @p_str1, i32 0, i32 0, i32 0, i32 0, [1 x i8]* @p_str1, [1 x i8]* @p_str1)

]]></Node>
<StgValue><ssdm name="specinterface_ln0"/></StgValue>
</operation>

<operation id="94" st_id="2" stage="1" lat="2">
<core>RAM_S2P_BRAM</core>
<MemPortIdVec></MemPortIdVec>
<condition id="-1">
<or_exp><and_exp><literal name="tmp_194" val="-14"/>
</and_exp></or_exp>
</condition>

<Node id="96" bw="32" op_0_bw="6">
<![CDATA[
case18:0  %empty_315 = load float* %p_addr_83, align 4

]]></Node>
<StgValue><ssdm name="empty_315"/></StgValue>
</operation>

<operation id="95" st_id="2" stage="1" lat="1">
<core>NULL</core>
<MemPortIdVec></MemPortIdVec>
<condition id="-1">
<or_exp><and_exp><literal name="tmp_194" val="-14"/>
</and_exp></or_exp>
</condition>

<Node id="97" bw="0" op_0_bw="0">
<![CDATA[
case18:1  br label %UnifiedReturnBlock

]]></Node>
<StgValue><ssdm name="br_ln60"/></StgValue>
</operation>

<operation id="96" st_id="2" stage="1" lat="2">
<core>RAM_S2P_BRAM</core>
<MemPortIdVec></MemPortIdVec>
<condition id="-1">
<or_exp><and_exp><literal name="tmp_194" val="-15"/>
</and_exp></or_exp>
</condition>

<Node id="99" bw="32" op_0_bw="6">
<![CDATA[
case17:0  %empty_314 = load float* %p_addr_82, align 4

]]></Node>
<StgValue><ssdm name="empty_314"/></StgValue>
</operation>

<operation id="97" st_id="2" stage="1" lat="1">
<core>NULL</core>
<MemPortIdVec></MemPortIdVec>
<condition id="-1">
<or_exp><and_exp><literal name="tmp_194" val="-15"/>
</and_exp></or_exp>
</condition>

<Node id="100" bw="0" op_0_bw="0">
<![CDATA[
case17:1  br label %UnifiedReturnBlock

]]></Node>
<StgValue><ssdm name="br_ln60"/></StgValue>
</operation>

<operation id="98" st_id="2" stage="1" lat="2">
<core>RAM_S2P_BRAM</core>
<MemPortIdVec></MemPortIdVec>
<condition id="-1">
<or_exp><and_exp><literal name="tmp_194" val="-16"/>
</and_exp></or_exp>
</condition>

<Node id="102" bw="32" op_0_bw="6">
<![CDATA[
case16:0  %empty_313 = load float* %p_addr_81, align 4

]]></Node>
<StgValue><ssdm name="empty_313"/></StgValue>
</operation>

<operation id="99" st_id="2" stage="1" lat="1">
<core>NULL</core>
<MemPortIdVec></MemPortIdVec>
<condition id="-1">
<or_exp><and_exp><literal name="tmp_194" val="-16"/>
</and_exp></or_exp>
</condition>

<Node id="103" bw="0" op_0_bw="0">
<![CDATA[
case16:1  br label %UnifiedReturnBlock

]]></Node>
<StgValue><ssdm name="br_ln60"/></StgValue>
</operation>

<operation id="100" st_id="2" stage="1" lat="2">
<core>RAM_S2P_BRAM</core>
<MemPortIdVec></MemPortIdVec>
<condition id="-1">
<or_exp><and_exp><literal name="tmp_194" val="15"/>
</and_exp></or_exp>
</condition>

<Node id="105" bw="32" op_0_bw="6">
<![CDATA[
case15:0  %empty_312 = load float* %p_addr_80, align 4

]]></Node>
<StgValue><ssdm name="empty_312"/></StgValue>
</operation>

<operation id="101" st_id="2" stage="1" lat="1">
<core>NULL</core>
<MemPortIdVec></MemPortIdVec>
<condition id="-1">
<or_exp><and_exp><literal name="tmp_194" val="15"/>
</and_exp></or_exp>
</condition>

<Node id="106" bw="0" op_0_bw="0">
<![CDATA[
case15:1  br label %UnifiedReturnBlock

]]></Node>
<StgValue><ssdm name="br_ln60"/></StgValue>
</operation>

<operation id="102" st_id="2" stage="1" lat="2">
<core>RAM_S2P_BRAM</core>
<MemPortIdVec></MemPortIdVec>
<condition id="-1">
<or_exp><and_exp><literal name="tmp_194" val="14"/>
</and_exp></or_exp>
</condition>

<Node id="108" bw="32" op_0_bw="6">
<![CDATA[
case14:0  %empty_311 = load float* %p_addr_79, align 4

]]></Node>
<StgValue><ssdm name="empty_311"/></StgValue>
</operation>

<operation id="103" st_id="2" stage="1" lat="1">
<core>NULL</core>
<MemPortIdVec></MemPortIdVec>
<condition id="-1">
<or_exp><and_exp><literal name="tmp_194" val="14"/>
</and_exp></or_exp>
</condition>

<Node id="109" bw="0" op_0_bw="0">
<![CDATA[
case14:1  br label %UnifiedReturnBlock

]]></Node>
<StgValue><ssdm name="br_ln60"/></StgValue>
</operation>

<operation id="104" st_id="2" stage="1" lat="2">
<core>RAM_S2P_BRAM</core>
<MemPortIdVec></MemPortIdVec>
<condition id="-1">
<or_exp><and_exp><literal name="tmp_194" val="13"/>
</and_exp></or_exp>
</condition>

<Node id="111" bw="32" op_0_bw="6">
<![CDATA[
case13:0  %empty_310 = load float* %p_addr_78, align 4

]]></Node>
<StgValue><ssdm name="empty_310"/></StgValue>
</operation>

<operation id="105" st_id="2" stage="1" lat="1">
<core>NULL</core>
<MemPortIdVec></MemPortIdVec>
<condition id="-1">
<or_exp><and_exp><literal name="tmp_194" val="13"/>
</and_exp></or_exp>
</condition>

<Node id="112" bw="0" op_0_bw="0">
<![CDATA[
case13:1  br label %UnifiedReturnBlock

]]></Node>
<StgValue><ssdm name="br_ln60"/></StgValue>
</operation>

<operation id="106" st_id="2" stage="1" lat="2">
<core>RAM_S2P_BRAM</core>
<MemPortIdVec></MemPortIdVec>
<condition id="-1">
<or_exp><and_exp><literal name="tmp_194" val="12"/>
</and_exp></or_exp>
</condition>

<Node id="114" bw="32" op_0_bw="6">
<![CDATA[
case12:0  %empty_309 = load float* %p_addr_77, align 4

]]></Node>
<StgValue><ssdm name="empty_309"/></StgValue>
</operation>

<operation id="107" st_id="2" stage="1" lat="1">
<core>NULL</core>
<MemPortIdVec></MemPortIdVec>
<condition id="-1">
<or_exp><and_exp><literal name="tmp_194" val="12"/>
</and_exp></or_exp>
</condition>

<Node id="115" bw="0" op_0_bw="0">
<![CDATA[
case12:1  br label %UnifiedReturnBlock

]]></Node>
<StgValue><ssdm name="br_ln60"/></StgValue>
</operation>

<operation id="108" st_id="2" stage="1" lat="2">
<core>RAM_S2P_BRAM</core>
<MemPortIdVec></MemPortIdVec>
<condition id="-1">
<or_exp><and_exp><literal name="tmp_194" val="11"/>
</and_exp></or_exp>
</condition>

<Node id="117" bw="32" op_0_bw="6">
<![CDATA[
case11:0  %empty_308 = load float* %p_addr_76, align 4

]]></Node>
<StgValue><ssdm name="empty_308"/></StgValue>
</operation>

<operation id="109" st_id="2" stage="1" lat="1">
<core>NULL</core>
<MemPortIdVec></MemPortIdVec>
<condition id="-1">
<or_exp><and_exp><literal name="tmp_194" val="11"/>
</and_exp></or_exp>
</condition>

<Node id="118" bw="0" op_0_bw="0">
<![CDATA[
case11:1  br label %UnifiedReturnBlock

]]></Node>
<StgValue><ssdm name="br_ln60"/></StgValue>
</operation>

<operation id="110" st_id="2" stage="1" lat="2">
<core>RAM_S2P_BRAM</core>
<MemPortIdVec></MemPortIdVec>
<condition id="-1">
<or_exp><and_exp><literal name="tmp_194" val="10"/>
</and_exp></or_exp>
</condition>

<Node id="120" bw="32" op_0_bw="6">
<![CDATA[
case10:0  %empty_307 = load float* %p_addr_75, align 4

]]></Node>
<StgValue><ssdm name="empty_307"/></StgValue>
</operation>

<operation id="111" st_id="2" stage="1" lat="1">
<core>NULL</core>
<MemPortIdVec></MemPortIdVec>
<condition id="-1">
<or_exp><and_exp><literal name="tmp_194" val="10"/>
</and_exp></or_exp>
</condition>

<Node id="121" bw="0" op_0_bw="0">
<![CDATA[
case10:1  br label %UnifiedReturnBlock

]]></Node>
<StgValue><ssdm name="br_ln60"/></StgValue>
</operation>

<operation id="112" st_id="2" stage="1" lat="2">
<core>RAM_S2P_BRAM</core>
<MemPortIdVec></MemPortIdVec>
<condition id="-1">
<or_exp><and_exp><literal name="tmp_194" val="9"/>
</and_exp></or_exp>
</condition>

<Node id="123" bw="32" op_0_bw="6">
<![CDATA[
case9:0  %empty_306 = load float* %p_addr_74, align 4

]]></Node>
<StgValue><ssdm name="empty_306"/></StgValue>
</operation>

<operation id="113" st_id="2" stage="1" lat="1">
<core>NULL</core>
<MemPortIdVec></MemPortIdVec>
<condition id="-1">
<or_exp><and_exp><literal name="tmp_194" val="9"/>
</and_exp></or_exp>
</condition>

<Node id="124" bw="0" op_0_bw="0">
<![CDATA[
case9:1  br label %UnifiedReturnBlock

]]></Node>
<StgValue><ssdm name="br_ln60"/></StgValue>
</operation>

<operation id="114" st_id="2" stage="1" lat="2">
<core>RAM_S2P_BRAM</core>
<MemPortIdVec></MemPortIdVec>
<condition id="-1">
<or_exp><and_exp><literal name="tmp_194" val="8"/>
</and_exp></or_exp>
</condition>

<Node id="126" bw="32" op_0_bw="6">
<![CDATA[
case8:0  %empty_305 = load float* %p_addr_73, align 4

]]></Node>
<StgValue><ssdm name="empty_305"/></StgValue>
</operation>

<operation id="115" st_id="2" stage="1" lat="1">
<core>NULL</core>
<MemPortIdVec></MemPortIdVec>
<condition id="-1">
<or_exp><and_exp><literal name="tmp_194" val="8"/>
</and_exp></or_exp>
</condition>

<Node id="127" bw="0" op_0_bw="0">
<![CDATA[
case8:1  br label %UnifiedReturnBlock

]]></Node>
<StgValue><ssdm name="br_ln60"/></StgValue>
</operation>

<operation id="116" st_id="2" stage="1" lat="2">
<core>RAM_S2P_BRAM</core>
<MemPortIdVec></MemPortIdVec>
<condition id="-1">
<or_exp><and_exp><literal name="tmp_194" val="7"/>
</and_exp></or_exp>
</condition>

<Node id="129" bw="32" op_0_bw="6">
<![CDATA[
case7:0  %empty_304 = load float* %p_addr_72, align 4

]]></Node>
<StgValue><ssdm name="empty_304"/></StgValue>
</operation>

<operation id="117" st_id="2" stage="1" lat="1">
<core>NULL</core>
<MemPortIdVec></MemPortIdVec>
<condition id="-1">
<or_exp><and_exp><literal name="tmp_194" val="7"/>
</and_exp></or_exp>
</condition>

<Node id="130" bw="0" op_0_bw="0">
<![CDATA[
case7:1  br label %UnifiedReturnBlock

]]></Node>
<StgValue><ssdm name="br_ln60"/></StgValue>
</operation>

<operation id="118" st_id="2" stage="1" lat="2">
<core>RAM_S2P_BRAM</core>
<MemPortIdVec></MemPortIdVec>
<condition id="-1">
<or_exp><and_exp><literal name="tmp_194" val="6"/>
</and_exp></or_exp>
</condition>

<Node id="132" bw="32" op_0_bw="6">
<![CDATA[
case6:0  %empty_303 = load float* %p_addr_71, align 4

]]></Node>
<StgValue><ssdm name="empty_303"/></StgValue>
</operation>

<operation id="119" st_id="2" stage="1" lat="1">
<core>NULL</core>
<MemPortIdVec></MemPortIdVec>
<condition id="-1">
<or_exp><and_exp><literal name="tmp_194" val="6"/>
</and_exp></or_exp>
</condition>

<Node id="133" bw="0" op_0_bw="0">
<![CDATA[
case6:1  br label %UnifiedReturnBlock

]]></Node>
<StgValue><ssdm name="br_ln60"/></StgValue>
</operation>

<operation id="120" st_id="2" stage="1" lat="2">
<core>RAM_S2P_BRAM</core>
<MemPortIdVec></MemPortIdVec>
<condition id="-1">
<or_exp><and_exp><literal name="tmp_194" val="5"/>
</and_exp></or_exp>
</condition>

<Node id="135" bw="32" op_0_bw="6">
<![CDATA[
case5:0  %empty_302 = load float* %p_addr_70, align 4

]]></Node>
<StgValue><ssdm name="empty_302"/></StgValue>
</operation>

<operation id="121" st_id="2" stage="1" lat="1">
<core>NULL</core>
<MemPortIdVec></MemPortIdVec>
<condition id="-1">
<or_exp><and_exp><literal name="tmp_194" val="5"/>
</and_exp></or_exp>
</condition>

<Node id="136" bw="0" op_0_bw="0">
<![CDATA[
case5:1  br label %UnifiedReturnBlock

]]></Node>
<StgValue><ssdm name="br_ln60"/></StgValue>
</operation>

<operation id="122" st_id="2" stage="1" lat="2">
<core>RAM_S2P_BRAM</core>
<MemPortIdVec></MemPortIdVec>
<condition id="-1">
<or_exp><and_exp><literal name="tmp_194" val="4"/>
</and_exp></or_exp>
</condition>

<Node id="138" bw="32" op_0_bw="6">
<![CDATA[
case4:0  %empty_301 = load float* %p_addr_69, align 4

]]></Node>
<StgValue><ssdm name="empty_301"/></StgValue>
</operation>

<operation id="123" st_id="2" stage="1" lat="1">
<core>NULL</core>
<MemPortIdVec></MemPortIdVec>
<condition id="-1">
<or_exp><and_exp><literal name="tmp_194" val="4"/>
</and_exp></or_exp>
</condition>

<Node id="139" bw="0" op_0_bw="0">
<![CDATA[
case4:1  br label %UnifiedReturnBlock

]]></Node>
<StgValue><ssdm name="br_ln60"/></StgValue>
</operation>

<operation id="124" st_id="2" stage="1" lat="2">
<core>RAM_S2P_BRAM</core>
<MemPortIdVec></MemPortIdVec>
<condition id="-1">
<or_exp><and_exp><literal name="tmp_194" val="3"/>
</and_exp></or_exp>
</condition>

<Node id="141" bw="32" op_0_bw="6">
<![CDATA[
case3:0  %empty_300 = load float* %p_addr_68, align 4

]]></Node>
<StgValue><ssdm name="empty_300"/></StgValue>
</operation>

<operation id="125" st_id="2" stage="1" lat="1">
<core>NULL</core>
<MemPortIdVec></MemPortIdVec>
<condition id="-1">
<or_exp><and_exp><literal name="tmp_194" val="3"/>
</and_exp></or_exp>
</condition>

<Node id="142" bw="0" op_0_bw="0">
<![CDATA[
case3:1  br label %UnifiedReturnBlock

]]></Node>
<StgValue><ssdm name="br_ln60"/></StgValue>
</operation>

<operation id="126" st_id="2" stage="1" lat="2">
<core>RAM_S2P_BRAM</core>
<MemPortIdVec></MemPortIdVec>
<condition id="-1">
<or_exp><and_exp><literal name="tmp_194" val="2"/>
</and_exp></or_exp>
</condition>

<Node id="144" bw="32" op_0_bw="6">
<![CDATA[
case2:0  %empty_299 = load float* %p_addr_67, align 4

]]></Node>
<StgValue><ssdm name="empty_299"/></StgValue>
</operation>

<operation id="127" st_id="2" stage="1" lat="1">
<core>NULL</core>
<MemPortIdVec></MemPortIdVec>
<condition id="-1">
<or_exp><and_exp><literal name="tmp_194" val="2"/>
</and_exp></or_exp>
</condition>

<Node id="145" bw="0" op_0_bw="0">
<![CDATA[
case2:1  br label %UnifiedReturnBlock

]]></Node>
<StgValue><ssdm name="br_ln60"/></StgValue>
</operation>

<operation id="128" st_id="2" stage="1" lat="2">
<core>RAM_S2P_BRAM</core>
<MemPortIdVec></MemPortIdVec>
<condition id="-1">
<or_exp><and_exp><literal name="tmp_194" val="1"/>
</and_exp></or_exp>
</condition>

<Node id="147" bw="32" op_0_bw="6">
<![CDATA[
case1:0  %empty_298 = load float* %p_addr_66, align 4

]]></Node>
<StgValue><ssdm name="empty_298"/></StgValue>
</operation>

<operation id="129" st_id="2" stage="1" lat="1">
<core>NULL</core>
<MemPortIdVec></MemPortIdVec>
<condition id="-1">
<or_exp><and_exp><literal name="tmp_194" val="1"/>
</and_exp></or_exp>
</condition>

<Node id="148" bw="0" op_0_bw="0">
<![CDATA[
case1:1  br label %UnifiedReturnBlock

]]></Node>
<StgValue><ssdm name="br_ln60"/></StgValue>
</operation>

<operation id="130" st_id="2" stage="1" lat="2">
<core>RAM_S2P_BRAM</core>
<MemPortIdVec></MemPortIdVec>
<condition id="-1">
<or_exp><and_exp><literal name="tmp_194" val="0"/>
</and_exp></or_exp>
</condition>

<Node id="150" bw="32" op_0_bw="6">
<![CDATA[
case0:0  %empty_297 = load float* %p_addr_65, align 4

]]></Node>
<StgValue><ssdm name="empty_297"/></StgValue>
</operation>

<operation id="131" st_id="2" stage="1" lat="1">
<core>NULL</core>
<MemPortIdVec></MemPortIdVec>
<condition id="-1">
<or_exp><and_exp><literal name="tmp_194" val="0"/>
</and_exp></or_exp>
</condition>

<Node id="151" bw="0" op_0_bw="0">
<![CDATA[
case0:1  br label %UnifiedReturnBlock

]]></Node>
<StgValue><ssdm name="br_ln60"/></StgValue>
</operation>

<operation id="132" st_id="2" stage="1" lat="2">
<core>RAM_S2P_BRAM</core>
<MemPortIdVec></MemPortIdVec>
<condition id="-1">
<or_exp><and_exp><literal name="tmp_194" val="-1"/>
</and_exp><and_exp><literal name="tmp_194" val="-2"/>
</and_exp><and_exp><literal name="tmp_194" val="-3"/>
</and_exp><and_exp><literal name="tmp_194" val="-4"/>
</and_exp><and_exp><literal name="tmp_194" val="-5"/>
</and_exp><and_exp><literal name="tmp_194" val="-6"/>
</and_exp><and_exp><literal name="tmp_194" val="-7"/>
</and_exp><and_exp><literal name="tmp_194" val="-8"/>
</and_exp><and_exp><literal name="tmp_194" val="-9"/>
</and_exp><and_exp><literal name="tmp_194" val="-10"/>
</and_exp><and_exp><literal name="tmp_194" val="-11"/>
</and_exp><and_exp><literal name="tmp_194" val="-12"/>
</and_exp><and_exp><literal name="tmp_194" val="-13"/>
</and_exp></or_exp>
</condition>

<Node id="153" bw="32" op_0_bw="6">
<![CDATA[
case19:0  %empty_316 = load float* %p_addr, align 4

]]></Node>
<StgValue><ssdm name="empty_316"/></StgValue>
</operation>

<operation id="133" st_id="2" stage="1" lat="1">
<core>NULL</core>
<MemPortIdVec></MemPortIdVec>
<condition id="-1">
<or_exp><and_exp><literal name="tmp_194" val="-1"/>
</and_exp><and_exp><literal name="tmp_194" val="-2"/>
</and_exp><and_exp><literal name="tmp_194" val="-3"/>
</and_exp><and_exp><literal name="tmp_194" val="-4"/>
</and_exp><and_exp><literal name="tmp_194" val="-5"/>
</and_exp><and_exp><literal name="tmp_194" val="-6"/>
</and_exp><and_exp><literal name="tmp_194" val="-7"/>
</and_exp><and_exp><literal name="tmp_194" val="-8"/>
</and_exp><and_exp><literal name="tmp_194" val="-9"/>
</and_exp><and_exp><literal name="tmp_194" val="-10"/>
</and_exp><and_exp><literal name="tmp_194" val="-11"/>
</and_exp><and_exp><literal name="tmp_194" val="-12"/>
</and_exp><and_exp><literal name="tmp_194" val="-13"/>
</and_exp></or_exp>
</condition>

<Node id="154" bw="0" op_0_bw="0">
<![CDATA[
case19:1  br label %UnifiedReturnBlock

]]></Node>
<StgValue><ssdm name="br_ln60"/></StgValue>
</operation>

<operation id="134" st_id="2" stage="1" lat="1">
<core>NULL</core>
<MemPortIdVec></MemPortIdVec>
<condition id="-1">
<or_exp><and_exp></and_exp></or_exp>
</condition>

<Node id="156" bw="32" op_0_bw="32" op_1_bw="0" op_2_bw="32" op_3_bw="0" op_4_bw="32" op_5_bw="0" op_6_bw="32" op_7_bw="0" op_8_bw="32" op_9_bw="0" op_10_bw="32" op_11_bw="0" op_12_bw="32" op_13_bw="0" op_14_bw="32" op_15_bw="0" op_16_bw="32" op_17_bw="0" op_18_bw="32" op_19_bw="0" op_20_bw="32" op_21_bw="0" op_22_bw="32" op_23_bw="0" op_24_bw="32" op_25_bw="0" op_26_bw="32" op_27_bw="0" op_28_bw="32" op_29_bw="0" op_30_bw="32" op_31_bw="0" op_32_bw="32" op_33_bw="0" op_34_bw="32" op_35_bw="0" op_36_bw="32" op_37_bw="0" op_38_bw="32" op_39_bw="0">
<![CDATA[
UnifiedReturnBlock:0  %UnifiedRetVal = phi float [ %empty_297, %case0 ], [ %empty_298, %case1 ], [ %empty_299, %case2 ], [ %empty_300, %case3 ], [ %empty_301, %case4 ], [ %empty_302, %case5 ], [ %empty_303, %case6 ], [ %empty_304, %case7 ], [ %empty_305, %case8 ], [ %empty_306, %case9 ], [ %empty_307, %case10 ], [ %empty_308, %case11 ], [ %empty_309, %case12 ], [ %empty_310, %case13 ], [ %empty_311, %case14 ], [ %empty_312, %case15 ], [ %empty_313, %case16 ], [ %empty_314, %case17 ], [ %empty_315, %case18 ], [ %empty_316, %case19 ]

]]></Node>
<StgValue><ssdm name="UnifiedRetVal"/></StgValue>
</operation>

<operation id="135" st_id="2" stage="1" lat="1">
<core>NULL</core>
<MemPortIdVec></MemPortIdVec>
<condition id="-1">
<or_exp><and_exp></and_exp></or_exp>
</condition>

<Node id="157" bw="0" op_0_bw="32">
<![CDATA[
UnifiedReturnBlock:1  ret float %UnifiedRetVal

]]></Node>
<StgValue><ssdm name="ret_ln60"/></StgValue>
</operation>
</state>
</state_list>


<ports>
</ports>


<dataflows>
</dataflows>


</stg>
