<profile>

<section name = "Vivado HLS Report for 'aesl_mux_load_20_4_x'" level="0">
<item name = "Date">Fri Jan 27 14:18:42 2023
</item>
<item name = "Version">2019.2 (Build 2704478 on Wed Nov 06 22:10:23 MST 2019)</item>
<item name = "Project">correlation_medium</item>
<item name = "Solution">adse</item>
<item name = "Product family">zynq</item>
<item name = "Target device">xc7z045-ffg900-2</item>
</section>

<section name = "Performance Estimates" level="0">
<item name = "Timing">
<section name = "" level="1">
<item name = "Summary"><table name="" hasTotal="0">
<keys size="4">Clock, Target, Estimated, Uncertainty</keys>
<column name="ap_clk">10.00 ns, 5.679 ns, 1.25 ns</column>
</table>
</item>
</section>
</item>
<item name = "Latency">
<section name = "" level="1">
<item name = "Summary"><table name="" hasTotal="0">
<keys size="8">, min, max, min, max, min, max, Type</keys>
<column name="">1, 1, 10.000 ns, 10.000 ns, 1, 1, function</column>
</table>
</item>
<item name = "Detail">
<section name = "" level="1">
<item name = "Instance"><table name="" hasTotal="0">
<keys size="9">Instance, Module, min, max, min, max, min, max, Type</keys>
</table>
</item>
<item name = "Loop"><table name="" hasTotal="0">
<keys size="8">Loop Name, min, max, Latency, achieved, target, Count, Pipelined</keys>
</table>
</item>
</section>
</item>
</section>
</item>
</section>

<section name = "Utilization Estimates" level="0">
<item name = "Summary"><table name="" hasTotal="1">
<keys size="6">Name, BRAM_18K, DSP48E, FF, LUT, URAM</keys>
<column name="DSP">-, -, -, -, -</column>
<column name="Expression">-, -, 0, 38, -</column>
<column name="FIFO">-, -, -, -, -</column>
<column name="Instance">-, -, -, -, -</column>
<column name="Memory">-, -, -, -, -</column>
<column name="Multiplexer">-, -, -, 9, -</column>
<column name="Register">-, -, 7, -, -</column>
<specialColumn name="Available">1090, 900, 437200, 218600, 0</specialColumn>
<specialColumn name="Utilization (%)">0, 0, ~0, ~0, 0</specialColumn>
</table>
</item>
<item name = "Detail">
<section name = "" level="1">
<item name = "Instance"><table name="" hasTotal="1">
<keys size="7">Instance, Module, BRAM_18K, DSP48E, FF, LUT, URAM</keys>
</table>
</item>
<item name = "DSP48E"><table name="" hasTotal="0">
<keys size="3">Instance, Module, Expression</keys>
</table>
</item>
<item name = "Memory"><table name="" hasTotal="1">
<keys size="10">Memory, Module, BRAM_18K, FF, LUT, URAM, Words, Bits, Banks, W*Bits*Banks</keys>
</table>
</item>
<item name = "FIFO"><table name="" hasTotal="1">
<keys size="8">Name, BRAM_18K, FF, LUT, URAM, Depth, Bits, Size:D*B</keys>
</table>
</item>
<item name = "Expression"><table name="" hasTotal="1">
<keys size="7">Variable Name, Operation, DSP48E, FF, LUT, Bitwidth P0, Bitwidth P1</keys>
<column name="add_ln1_fu_491_p2">+, 0, 0, 17, 64, 64</column>
<column name="sub_ln1_fu_485_p2">-, 0, 0, 17, 64, 64</column>
<column name="ap_block_pp0_stage0_11001">and, 0, 0, 1, 1, 1</column>
<column name="ap_block_pp0_stage0_subdone">or, 0, 0, 1, 1, 1</column>
<column name="ap_enable_pp0">xor, 0, 0, 2, 1, 2</column>
</table>
</item>
<item name = "Multiplexer"><table name="" hasTotal="1">
<keys size="5">Name, LUT, Input Size, Bits, Total Bits</keys>
<column name="ap_phi_mux_UnifiedRetVal_phi_fu_395_p40">9, 21, 32, 672</column>
</table>
</item>
<item name = "Register"><table name="" hasTotal="1">
<keys size="5">Name, FF, LUT, Bits, Const Bits</keys>
<column name="ap_CS_fsm">1, 0, 1, 0</column>
<column name="ap_enable_reg_pp0_iter1">1, 0, 1, 0</column>
<column name="tmp_194_reg_517">5, 0, 5, 0</column>
</table>
</item>
</section>
</item>
</section>

<section name = "Interface" level="0">
<item name = "Summary"><table name="" hasTotal="0">
<keys size="6">RTL Ports, Dir, Bits, Protocol, Source Object, C Type</keys>
<column name="ap_clk">in, 1, ap_ctrl_hs, aesl_mux_load_20_4_x, return value</column>
<column name="ap_rst">in, 1, ap_ctrl_hs, aesl_mux_load_20_4_x, return value</column>
<column name="ap_start">in, 1, ap_ctrl_hs, aesl_mux_load_20_4_x, return value</column>
<column name="ap_done">out, 1, ap_ctrl_hs, aesl_mux_load_20_4_x, return value</column>
<column name="ap_idle">out, 1, ap_ctrl_hs, aesl_mux_load_20_4_x, return value</column>
<column name="ap_ready">out, 1, ap_ctrl_hs, aesl_mux_load_20_4_x, return value</column>
<column name="ap_ce">in, 1, ap_ctrl_hs, aesl_mux_load_20_4_x, return value</column>
<column name="ap_return">out, 32, ap_ctrl_hs, aesl_mux_load_20_4_x, return value</column>
<column name="empty_75_Addr_A">out, 32, bram, empty_75, array</column>
<column name="empty_75_EN_A">out, 1, bram, empty_75, array</column>
<column name="empty_75_WEN_A">out, 4, bram, empty_75, array</column>
<column name="empty_75_Din_A">out, 32, bram, empty_75, array</column>
<column name="empty_75_Dout_A">in, 32, bram, empty_75, array</column>
<column name="empty_76_Addr_A">out, 32, bram, empty_76, array</column>
<column name="empty_76_EN_A">out, 1, bram, empty_76, array</column>
<column name="empty_76_WEN_A">out, 4, bram, empty_76, array</column>
<column name="empty_76_Din_A">out, 32, bram, empty_76, array</column>
<column name="empty_76_Dout_A">in, 32, bram, empty_76, array</column>
<column name="empty_77_Addr_A">out, 32, bram, empty_77, array</column>
<column name="empty_77_EN_A">out, 1, bram, empty_77, array</column>
<column name="empty_77_WEN_A">out, 4, bram, empty_77, array</column>
<column name="empty_77_Din_A">out, 32, bram, empty_77, array</column>
<column name="empty_77_Dout_A">in, 32, bram, empty_77, array</column>
<column name="empty_78_Addr_A">out, 32, bram, empty_78, array</column>
<column name="empty_78_EN_A">out, 1, bram, empty_78, array</column>
<column name="empty_78_WEN_A">out, 4, bram, empty_78, array</column>
<column name="empty_78_Din_A">out, 32, bram, empty_78, array</column>
<column name="empty_78_Dout_A">in, 32, bram, empty_78, array</column>
<column name="empty_79_Addr_A">out, 32, bram, empty_79, array</column>
<column name="empty_79_EN_A">out, 1, bram, empty_79, array</column>
<column name="empty_79_WEN_A">out, 4, bram, empty_79, array</column>
<column name="empty_79_Din_A">out, 32, bram, empty_79, array</column>
<column name="empty_79_Dout_A">in, 32, bram, empty_79, array</column>
<column name="empty_80_Addr_A">out, 32, bram, empty_80, array</column>
<column name="empty_80_EN_A">out, 1, bram, empty_80, array</column>
<column name="empty_80_WEN_A">out, 4, bram, empty_80, array</column>
<column name="empty_80_Din_A">out, 32, bram, empty_80, array</column>
<column name="empty_80_Dout_A">in, 32, bram, empty_80, array</column>
<column name="empty_81_Addr_A">out, 32, bram, empty_81, array</column>
<column name="empty_81_EN_A">out, 1, bram, empty_81, array</column>
<column name="empty_81_WEN_A">out, 4, bram, empty_81, array</column>
<column name="empty_81_Din_A">out, 32, bram, empty_81, array</column>
<column name="empty_81_Dout_A">in, 32, bram, empty_81, array</column>
<column name="empty_82_Addr_A">out, 32, bram, empty_82, array</column>
<column name="empty_82_EN_A">out, 1, bram, empty_82, array</column>
<column name="empty_82_WEN_A">out, 4, bram, empty_82, array</column>
<column name="empty_82_Din_A">out, 32, bram, empty_82, array</column>
<column name="empty_82_Dout_A">in, 32, bram, empty_82, array</column>
<column name="empty_83_Addr_A">out, 32, bram, empty_83, array</column>
<column name="empty_83_EN_A">out, 1, bram, empty_83, array</column>
<column name="empty_83_WEN_A">out, 4, bram, empty_83, array</column>
<column name="empty_83_Din_A">out, 32, bram, empty_83, array</column>
<column name="empty_83_Dout_A">in, 32, bram, empty_83, array</column>
<column name="empty_84_Addr_A">out, 32, bram, empty_84, array</column>
<column name="empty_84_EN_A">out, 1, bram, empty_84, array</column>
<column name="empty_84_WEN_A">out, 4, bram, empty_84, array</column>
<column name="empty_84_Din_A">out, 32, bram, empty_84, array</column>
<column name="empty_84_Dout_A">in, 32, bram, empty_84, array</column>
<column name="empty_85_Addr_A">out, 32, bram, empty_85, array</column>
<column name="empty_85_EN_A">out, 1, bram, empty_85, array</column>
<column name="empty_85_WEN_A">out, 4, bram, empty_85, array</column>
<column name="empty_85_Din_A">out, 32, bram, empty_85, array</column>
<column name="empty_85_Dout_A">in, 32, bram, empty_85, array</column>
<column name="empty_86_Addr_A">out, 32, bram, empty_86, array</column>
<column name="empty_86_EN_A">out, 1, bram, empty_86, array</column>
<column name="empty_86_WEN_A">out, 4, bram, empty_86, array</column>
<column name="empty_86_Din_A">out, 32, bram, empty_86, array</column>
<column name="empty_86_Dout_A">in, 32, bram, empty_86, array</column>
<column name="empty_87_Addr_A">out, 32, bram, empty_87, array</column>
<column name="empty_87_EN_A">out, 1, bram, empty_87, array</column>
<column name="empty_87_WEN_A">out, 4, bram, empty_87, array</column>
<column name="empty_87_Din_A">out, 32, bram, empty_87, array</column>
<column name="empty_87_Dout_A">in, 32, bram, empty_87, array</column>
<column name="empty_88_Addr_A">out, 32, bram, empty_88, array</column>
<column name="empty_88_EN_A">out, 1, bram, empty_88, array</column>
<column name="empty_88_WEN_A">out, 4, bram, empty_88, array</column>
<column name="empty_88_Din_A">out, 32, bram, empty_88, array</column>
<column name="empty_88_Dout_A">in, 32, bram, empty_88, array</column>
<column name="empty_89_Addr_A">out, 32, bram, empty_89, array</column>
<column name="empty_89_EN_A">out, 1, bram, empty_89, array</column>
<column name="empty_89_WEN_A">out, 4, bram, empty_89, array</column>
<column name="empty_89_Din_A">out, 32, bram, empty_89, array</column>
<column name="empty_89_Dout_A">in, 32, bram, empty_89, array</column>
<column name="empty_90_Addr_A">out, 32, bram, empty_90, array</column>
<column name="empty_90_EN_A">out, 1, bram, empty_90, array</column>
<column name="empty_90_WEN_A">out, 4, bram, empty_90, array</column>
<column name="empty_90_Din_A">out, 32, bram, empty_90, array</column>
<column name="empty_90_Dout_A">in, 32, bram, empty_90, array</column>
<column name="empty_91_Addr_A">out, 32, bram, empty_91, array</column>
<column name="empty_91_EN_A">out, 1, bram, empty_91, array</column>
<column name="empty_91_WEN_A">out, 4, bram, empty_91, array</column>
<column name="empty_91_Din_A">out, 32, bram, empty_91, array</column>
<column name="empty_91_Dout_A">in, 32, bram, empty_91, array</column>
<column name="empty_92_Addr_A">out, 32, bram, empty_92, array</column>
<column name="empty_92_EN_A">out, 1, bram, empty_92, array</column>
<column name="empty_92_WEN_A">out, 4, bram, empty_92, array</column>
<column name="empty_92_Din_A">out, 32, bram, empty_92, array</column>
<column name="empty_92_Dout_A">in, 32, bram, empty_92, array</column>
<column name="empty_93_Addr_A">out, 32, bram, empty_93, array</column>
<column name="empty_93_EN_A">out, 1, bram, empty_93, array</column>
<column name="empty_93_WEN_A">out, 4, bram, empty_93, array</column>
<column name="empty_93_Din_A">out, 32, bram, empty_93, array</column>
<column name="empty_93_Dout_A">in, 32, bram, empty_93, array</column>
<column name="empty_94_Addr_A">out, 32, bram, empty_94, array</column>
<column name="empty_94_EN_A">out, 1, bram, empty_94, array</column>
<column name="empty_94_WEN_A">out, 4, bram, empty_94, array</column>
<column name="empty_94_Din_A">out, 32, bram, empty_94, array</column>
<column name="empty_94_Dout_A">in, 32, bram, empty_94, array</column>
<column name="empty_95">in, 5, ap_none, empty_95, scalar</column>
<column name="empty_96">in, 3, ap_none, empty_96, scalar</column>
<column name="empty">in, 4, ap_none, empty, scalar</column>
</table>
</item>
</section>
</profile>
