<profile>

<section name = "Vivado HLS Report for 'kernel_correlation_asdse'" level="0">
<item name = "Date">Fri Jan 27 14:12:02 2023
</item>
<item name = "Version">2019.2 (Build 2704478 on Wed Nov 06 22:10:23 MST 2019)</item>
<item name = "Project">correlation_medium</item>
<item name = "Solution">adse</item>
<item name = "Product family">zynq</item>
<item name = "Target device">xc7z045-ffg900-2</item>
</section>

<section name = "Performance Estimates" level="0">
<item name = "Timing">
<section name = "" level="1">
<item name = "Summary"><table name="" hasTotal="0">
<keys size="4">Clock, Target, Estimated, Uncertainty</keys>
<column name="ap_clk">10.00 ns, 15.784 ns, 1.25 ns</column>
</table>
</item>
</section>
</item>
<item name = "Latency">
<section name = "" level="1">
<item name = "Summary"><table name="" hasTotal="0">
<keys size="8">, min, max, min, max, min, max, Type</keys>
<column name="">979901, 979901, 15.467 ms, 15.467 ms, 979901, 979901, none</column>
</table>
</item>
<item name = "Detail">
<section name = "" level="1">
<item name = "Instance"><table name="" hasTotal="0">
<keys size="9">Instance, Module, min, max, min, max, min, max, Type</keys>
</table>
</item>
<item name = "Loop"><table name="" hasTotal="0">
<keys size="8">Loop Name, min, max, Latency, achieved, target, Count, Pipelined</keys>
<column name="- Loop 1">340, 340, 30, 1, 1, 312, yes</column>
<column name="- Loop 2">15648, 15648, 59, 10, 1, 1560, yes</column>
<column name="- Loop 3">49940, 49940, 85, 64, 1, 780, yes</column>
<column name="- Loop 4">913956, 913956, 25, 4, 3, 228484, yes</column>
</table>
</item>
</section>
</item>
</section>
</item>
</section>
</profile>
