<profile>

<section name = "Vivado HLS Report for 'backprop'" level="0">
<item name = "Date">Sat May 21 18:18:16 2022
</item>
<item name = "Version">2019.2 (Build 2704478 on Wed Nov 06 22:10:23 MST 2019)</item>
<item name = "Project">backprop_base</item>
<item name = "Solution">solution1</item>
<item name = "Product family">zynq</item>
<item name = "Target device">xc7z045-ffg900-2</item>
</section>

<section name = "Performance Estimates" level="0">
<item name = "Timing">
<section name = "" level="1">
<item name = "Summary"><table name="" hasTotal="0">
<keys size="4">Clock, Target, Estimated, Uncertainty</keys>
<column name="ap_clk">10.00 ns, 9.110 ns, 1.25 ns</column>
</table>
</item>
</section>
</item>
<item name = "Latency">
<section name = "" level="1">
<item name = "Summary"><table name="" hasTotal="0">
<keys size="8">, min, max, min, max, min, max, Type</keys>
<column name="">75475195, 75475195, 0.755 sec, 0.755 sec, 75475195, 75475195, none</column>
</table>
</item>
<item name = "Detail">
<section name = "" level="1">
<item name = "Instance"><table name="" hasTotal="0">
<keys size="9">Instance, Module, min, max, min, max, min, max, Type</keys>
<column name="grp_update_weights_fu_879">update_weights, 294710, 294710, 2.947 ms, 2.947 ms, 294710, 294710, none</column>
<column name="grp_RELU_fu_903">RELU, 184, 184, 1.840 us, 1.840 us, 184, 184, none</column>
<column name="grp_soft_max_fu_913">soft_max, 206, 206, 2.060 us, 2.060 us, 206, 206, none</column>
<column name="grp_matrix_vector_produc_1_fu_923">matrix_vector_produc_1, 2525, 2525, 25.250 us, 25.250 us, 2525, 2525, none</column>
<column name="grp_matrix_vector_produc_2_fu_938">matrix_vector_produc_2, 10626, 10626, 0.106 ms, 0.106 ms, 10626, 10626, none</column>
<column name="grp_matrix_vector_produc_fu_951">matrix_vector_produc, 53890, 53890, 0.539 ms, 0.539 ms, 53890, 53890, none</column>
</table>
</item>
<item name = "Loop"><table name="" hasTotal="0">
<keys size="8">Loop Name, min, max, Latency, achieved, target, Count, Pipelined</keys>
<column name="- Loop 1">75475194, 75475194, 463038, -, -, 163, no</column>
<column name=" + Loop 1.1">128, 128, 2, -, -, 64, no</column>
<column name=" + Loop 1.2">3456, 3456, 54, -, -, 64, no</column>
<column name=" + Loop 1.3">3456, 3456, 54, -, -, 64, no</column>
<column name=" + Loop 1.4">42, 42, 14, -, -, 3, no</column>
<column name=" + Loop 1.5">1536, 1536, 24, -, -, 64, no</column>
<column name="  ++ Loop 1.5.1">21, 21, 7, -, -, 3, no</column>
<column name=" + Loop 1.6">2880, 2880, 45, -, -, 64, no</column>
<column name="  ++ Loop 1.6.1">36, 36, 12, -, -, 3, no</column>
<column name=" + Loop 1.7">32960, 32960, 515, -, -, 64, no</column>
<column name="  ++ Loop 1.7.1">512, 512, 8, -, -, 64, no</column>
<column name=" + Loop 1.8">49728, 49728, 777, -, -, 64, no</column>
<column name="  ++ Loop 1.8.1">768, 768, 12, -, -, 64, no</column>
<column name=" + Loop 1.9">6695, 6695, 515, -, -, 13, no</column>
<column name="  ++ Loop 1.9.1">512, 512, 8, -, -, 64, no</column>
</table>
</item>
</section>
</item>
</section>
</item>
</section>

<section name = "Utilization Estimates" level="0">
<item name = "Summary"><table name="" hasTotal="1">
<keys size="6">Name, BRAM_18K, DSP48E, FF, LUT, URAM</keys>
<column name="DSP">-, -, -, -, -</column>
<column name="Expression">-, -, 0, 968, -</column>
<column name="FIFO">-, -, -, -, -</column>
<column name="Instance">-, 165, 30866, 40793, -</column>
<column name="Memory">34, -, 0, 0, 0</column>
<column name="Multiplexer">-, -, -, 257, -</column>
<column name="Register">-, -, 4394, -, -</column>
<specialColumn name="Available">1090, 900, 437200, 218600, 0</specialColumn>
<specialColumn name="Utilization (%)">3, 18, 8, 19, 0</specialColumn>
</table>
</item>
<item name = "Detail">
<section name = "" level="1">
<item name = "Instance"><table name="" hasTotal="1">
<keys size="7">Instance, Module, BRAM_18K, DSP48E, FF, LUT, URAM</keys>
<column name="grp_RELU_fu_903">RELU, 0, 40, 6160, 8596, 0</column>
<column name="backprop_dadddsubeOg_U72">backprop_dadddsubeOg, 0, 3, 445, 1149, 0</column>
<column name="backprop_ddiv_64nfYi_U74">backprop_ddiv_64nfYi, 0, 0, 3211, 3639, 0</column>
<column name="backprop_dexp_64ng8j_U75">backprop_dexp_64ng8j, 0, 26, 1176, 2592, 0</column>
<column name="backprop_dmul_64ncud_U73">backprop_dmul_64ncud, 0, 11, 299, 570, 0</column>
<column name="backprop_mux_32_6dEe_U76">backprop_mux_32_6dEe, 0, 0, 0, 13, 0</column>
<column name="backprop_mux_32_6dEe_U77">backprop_mux_32_6dEe, 0, 0, 0, 13, 0</column>
<column name="backprop_mux_32_6dEe_U78">backprop_mux_32_6dEe, 0, 0, 0, 13, 0</column>
<column name="backprop_mux_32_6dEe_U79">backprop_mux_32_6dEe, 0, 0, 0, 13, 0</column>
<column name="grp_matrix_vector_produc_fu_951">matrix_vector_produc, 0, 14, 1275, 1798, 0</column>
<column name="grp_matrix_vector_produc_1_fu_923">matrix_vector_produc_1, 0, 14, 1816, 2777, 0</column>
<column name="grp_matrix_vector_produc_2_fu_938">matrix_vector_produc_2, 0, 14, 1282, 1817, 0</column>
<column name="grp_soft_max_fu_913">soft_max, 0, 29, 5360, 7759, 0</column>
<column name="grp_update_weights_fu_879">update_weights, 0, 14, 9842, 10044, 0</column>
</table>
</item>
<item name = "DSP48E"><table name="" hasTotal="0">
<keys size="3">Instance, Module, Expression</keys>
</table>
</item>
<item name = "Memory"><table name="" hasTotal="1">
<keys size="10">Memory, Module, BRAM_18K, FF, LUT, URAM, Words, Bits, Banks, W*Bits*Banks</keys>
<column name="activations1_U">backprop_activatiibs, 2, 0, 0, 0, 64, 64, 1, 4096</column>
<column name="activations2_U">backprop_activatiibs, 2, 0, 0, 0, 64, 64, 1, 4096</column>
<column name="dactivations1_U">backprop_activatiibs, 2, 0, 0, 0, 64, 64, 1, 4096</column>
<column name="dactivations2_U">backprop_activatiibs, 2, 0, 0, 0, 64, 64, 1, 4096</column>
<column name="oracle_activations1_U">backprop_activatiibs, 2, 0, 0, 0, 64, 64, 1, 4096</column>
<column name="oracle_activations2_U">backprop_activatiibs, 2, 0, 0, 0, 64, 64, 1, 4096</column>
<column name="delta_weights1_U">backprop_delta_wemb6, 4, 0, 0, 0, 832, 64, 1, 53248</column>
<column name="delta_weights2_U">backprop_delta_wencg, 16, 0, 0, 0, 4096, 64, 1, 262144</column>
<column name="delta_weights3_U">backprop_delta_weocq, 2, 0, 0, 0, 192, 64, 1, 12288</column>
</table>
</item>
<item name = "FIFO"><table name="" hasTotal="1">
<keys size="8">Name, BRAM_18K, FF, LUT, URAM, Depth, Bits, Size:D*B</keys>
</table>
</item>
<item name = "Expression"><table name="" hasTotal="1">
<keys size="7">Variable Name, Operation, DSP48E, FF, LUT, Bitwidth P0, Bitwidth P1</keys>
<column name="add_ln104_fu_1568_p2">+, 0, 0, 9, 9, 9</column>
<column name="add_ln116_fu_1640_p2">+, 0, 0, 12, 12, 12</column>
<column name="add_ln129_fu_1699_p2">+, 0, 0, 12, 12, 12</column>
<column name="add_ln141_1_fu_1765_p2">+, 0, 0, 10, 10, 10</column>
<column name="add_ln141_fu_1725_p2">+, 0, 0, 12, 12, 12</column>
<column name="add_ln270_fu_1035_p2">+, 0, 0, 12, 12, 4</column>
<column name="add_ln81_fu_1347_p2">+, 0, 0, 10, 10, 10</column>
<column name="add_ln91_fu_1496_p2">+, 0, 0, 9, 9, 9</column>
<column name="i_36_fu_1175_p2">+, 0, 0, 7, 7, 1</column>
<column name="i_37_fu_1328_p2">+, 0, 0, 3, 2, 1</column>
<column name="i_38_fu_1438_p2">+, 0, 0, 7, 7, 1</column>
<column name="i_39_fu_1597_p2">+, 0, 0, 7, 7, 1</column>
<column name="i_40_fu_1519_p2">+, 0, 0, 7, 7, 1</column>
<column name="i_41_fu_1715_p2">+, 0, 0, 6, 4, 1</column>
<column name="i_42_fu_1051_p2">+, 0, 0, 8, 8, 1</column>
<column name="i_43_fu_1655_p2">+, 0, 0, 7, 7, 1</column>
<column name="i_fu_1143_p2">+, 0, 0, 7, 7, 1</column>
<column name="j_11_fu_1481_p2">+, 0, 0, 3, 2, 1</column>
<column name="j_12_fu_1562_p2">+, 0, 0, 3, 2, 1</column>
<column name="j_13_fu_1629_p2">+, 0, 0, 7, 7, 1</column>
<column name="j_14_fu_1688_p2">+, 0, 0, 7, 7, 1</column>
<column name="j_15_fu_1754_p2">+, 0, 0, 7, 7, 1</column>
<column name="j_fu_1063_p2">+, 0, 0, 7, 7, 1</column>
<column name="sub_ln104_fu_1546_p2">-, 0, 0, 9, 9, 9</column>
<column name="sub_ln76_fu_1194_p2">-, 0, 0, 10, 10, 10</column>
<column name="sub_ln91_fu_1465_p2">-, 0, 0, 9, 9, 9</column>
<column name="icmp_ln101_fu_1513_p2">icmp, 0, 0, 4, 7, 8</column>
<column name="icmp_ln103_fu_1556_p2">icmp, 0, 0, 1, 2, 2</column>
<column name="icmp_ln114_fu_1591_p2">icmp, 0, 0, 4, 7, 8</column>
<column name="icmp_ln115_fu_1623_p2">icmp, 0, 0, 4, 7, 8</column>
<column name="icmp_ln126_fu_1649_p2">icmp, 0, 0, 4, 7, 8</column>
<column name="icmp_ln128_fu_1682_p2">icmp, 0, 0, 4, 7, 8</column>
<column name="icmp_ln139_fu_1709_p2">icmp, 0, 0, 2, 4, 3</column>
<column name="icmp_ln140_fu_1748_p2">icmp, 0, 0, 4, 7, 8</column>
<column name="icmp_ln18_1_fu_1169_p2">icmp, 0, 0, 4, 7, 8</column>
<column name="icmp_ln18_fu_1137_p2">icmp, 0, 0, 4, 7, 8</column>
<column name="icmp_ln270_fu_1045_p2">icmp, 0, 0, 4, 8, 8</column>
<column name="icmp_ln271_fu_1057_p2">icmp, 0, 0, 4, 7, 8</column>
<column name="icmp_ln274_fu_1075_p2">icmp, 0, 0, 3, 7, 2</column>
<column name="icmp_ln275_1_fu_1099_p2">icmp, 0, 0, 1, 2, 1</column>
<column name="icmp_ln275_fu_1085_p2">icmp, 0, 0, 1, 2, 1</column>
<column name="icmp_ln80_fu_1322_p2">icmp, 0, 0, 1, 2, 2</column>
<column name="icmp_ln89_fu_1432_p2">icmp, 0, 0, 4, 7, 8</column>
<column name="icmp_ln90_fu_1475_p2">icmp, 0, 0, 1, 2, 2</column>
<column name="activations3_0_2_fu_1105_p3">select, 0, 0, 64, 1, 64</column>
<column name="activations3_1_2_fu_1113_p3">select, 0, 0, 64, 1, 1</column>
<column name="activations3_2_2_fu_1129_p3">select, 0, 0, 64, 1, 64</column>
<column name="output_difference_0_fu_1375_p3">select, 0, 0, 64, 1, 64</column>
<column name="output_difference_1_fu_1383_p3">select, 0, 0, 64, 1, 64</column>
<column name="output_difference_2_fu_1391_p3">select, 0, 0, 64, 1, 64</column>
<column name="select_ln275_1_fu_1121_p3">select, 0, 0, 64, 1, 64</column>
<column name="select_ln275_fu_1091_p3">select, 0, 0, 64, 1, 1</column>
<column name="xor_ln20_1_fu_1203_p2">xor, 0, 0, 65, 64, 65</column>
<column name="xor_ln20_fu_1158_p2">xor, 0, 0, 65, 64, 65</column>
<column name="xor_ln81_fu_1418_p2">xor, 0, 0, 65, 64, 65</column>
</table>
</item>
<item name = "Multiplexer"><table name="" hasTotal="1">
<keys size="5">Name, LUT, Input Size, Bits, Total Bits</keys>
<column name="activations1_address0">4, 7, 6, 42</column>
<column name="activations1_ce0">3, 4, 1, 4</column>
<column name="activations1_d0">3, 4, 64, 256</column>
<column name="activations1_we0">3, 3, 1, 3</column>
<column name="activations2_address0">4, 7, 6, 42</column>
<column name="activations2_ce0">3, 4, 1, 4</column>
<column name="activations2_d0">3, 4, 64, 256</column>
<column name="activations2_we0">3, 3, 1, 3</column>
<column name="activations3_0_1_be_reg_529">3, 2, 64, 128</column>
<column name="activations3_0_1_reg_483">3, 2, 64, 128</column>
<column name="activations3_1_1_be_reg_517">3, 2, 64, 128</column>
<column name="activations3_1_1_reg_472">3, 2, 64, 128</column>
<column name="activations3_2_1_be_reg_505">3, 2, 64, 128</column>
<column name="activations3_2_1_reg_461">3, 2, 64, 128</column>
<column name="ap_NS_fsm">11, 202, 1, 202</column>
<column name="biases1_address0">3, 3, 6, 18</column>
<column name="biases1_ce0">3, 3, 1, 3</column>
<column name="biases1_we0">3, 2, 1, 2</column>
<column name="biases2_address0">3, 3, 6, 18</column>
<column name="biases2_ce0">3, 3, 1, 3</column>
<column name="biases2_we0">3, 2, 1, 2</column>
<column name="biases3_address0">3, 3, 2, 6</column>
<column name="biases3_ce0">3, 3, 1, 3</column>
<column name="biases3_we0">3, 2, 1, 2</column>
<column name="dactivations1_address0">3, 3, 6, 18</column>
<column name="dactivations2_address0">3, 3, 6, 18</column>
<column name="delta_weights1_address0">3, 3, 10, 30</column>
<column name="delta_weights1_ce0">3, 3, 1, 3</column>
<column name="delta_weights2_address0">3, 3, 12, 36</column>
<column name="delta_weights2_ce0">3, 3, 1, 3</column>
<column name="delta_weights3_address0">3, 3, 8, 24</column>
<column name="delta_weights3_ce0">3, 3, 1, 3</column>
<column name="empty_38_reg_776">3, 2, 64, 128</column>
<column name="empty_44_reg_833">3, 2, 64, 128</column>
<column name="grp_fu_961_opcode">3, 3, 2, 6</column>
<column name="grp_fu_961_p0">4, 6, 64, 384</column>
<column name="grp_fu_961_p1">4, 6, 64, 384</column>
<column name="grp_fu_969_p0">5, 9, 64, 576</column>
<column name="grp_fu_969_p1">5, 10, 64, 640</column>
<column name="grp_fu_980_p1">3, 3, 64, 192</column>
<column name="i_0_i44_reg_552">3, 2, 7, 14</column>
<column name="i_0_i60_reg_635">3, 2, 2, 4</column>
<column name="i_0_i63_reg_743">3, 2, 7, 14</column>
<column name="i_0_i66_reg_765">3, 2, 7, 14</column>
<column name="i_0_i75_reg_800">3, 2, 7, 14</column>
<column name="i_0_i84_reg_822">3, 2, 7, 14</column>
<column name="i_0_i94_reg_856">3, 2, 4, 8</column>
<column name="i_0_i_reg_541">3, 2, 7, 14</column>
<column name="i_0_reg_437">3, 2, 8, 16</column>
<column name="j_0_i67_reg_788">3, 2, 2, 4</column>
<column name="j_0_i78_reg_811">3, 2, 7, 14</column>
<column name="j_0_i86_reg_845">3, 2, 7, 14</column>
<column name="j_0_i97_reg_868">3, 2, 7, 14</column>
<column name="j_0_i_reg_754">3, 2, 2, 4</column>
<column name="j_0_reg_494">3, 2, 7, 14</column>
<column name="oracle_activations1_address0">3, 4, 6, 24</column>
<column name="oracle_activations1_ce0">3, 3, 1, 3</column>
<column name="oracle_activations2_address0">4, 5, 6, 30</column>
<column name="oracle_activations2_ce0">3, 3, 1, 3</column>
<column name="output_difference3_0_1_reg_679">3, 2, 64, 128</column>
<column name="output_difference4_0_1_reg_728">3, 2, 64, 128</column>
<column name="output_difference_05_1_reg_664">3, 2, 64, 128</column>
<column name="phi_mul_reg_449">3, 2, 12, 24</column>
<column name="training_data_address0">3, 3, 12, 36</column>
<column name="training_data_ce0">3, 3, 1, 3</column>
<column name="weights1_address0">3, 3, 10, 30</column>
<column name="weights1_ce0">3, 3, 1, 3</column>
<column name="weights1_we0">3, 2, 1, 2</column>
<column name="weights2_address0">3, 4, 12, 48</column>
<column name="weights2_ce0">3, 4, 1, 4</column>
<column name="weights2_we0">3, 2, 1, 2</column>
<column name="weights3_address0">3, 4, 8, 32</column>
<column name="weights3_ce0">3, 4, 1, 4</column>
<column name="weights3_we0">3, 2, 1, 2</column>
<column name="write_flag3_0_i_be_reg_647">3, 2, 1, 2</column>
<column name="write_flag3_0_i_reg_563">3, 2, 1, 2</column>
<column name="write_flag6_0_i_be_reg_694">3, 2, 1, 2</column>
<column name="write_flag6_0_i_reg_599">3, 2, 1, 2</column>
<column name="write_flag_0_i_be_reg_711">3, 2, 1, 2</column>
<column name="write_flag_0_i_reg_611">3, 2, 1, 2</column>
</table>
</item>
<item name = "Register"><table name="" hasTotal="1">
<keys size="5">Name, FF, LUT, Bits, Const Bits</keys>
<column name="activations1_addr_1_reg_1885">6, 0, 6, 0</column>
<column name="activations2_addr_1_reg_1908">6, 0, 6, 0</column>
<column name="activations3_0_0_reg_425">64, 0, 64, 0</column>
<column name="activations3_0_1_be_reg_529">64, 0, 64, 0</column>
<column name="activations3_0_1_reg_483">64, 0, 64, 0</column>
<column name="activations3_0_3_reg_1983">64, 0, 64, 0</column>
<column name="activations3_0_reg_1938">64, 0, 64, 0</column>
<column name="activations3_1_0_reg_413">64, 0, 64, 0</column>
<column name="activations3_1_1_be_reg_517">64, 0, 64, 0</column>
<column name="activations3_1_1_reg_472">64, 0, 64, 0</column>
<column name="activations3_1_3_reg_1989">64, 0, 64, 0</column>
<column name="activations3_1_reg_1943">64, 0, 64, 0</column>
<column name="activations3_2_0_reg_401">64, 0, 64, 0</column>
<column name="activations3_2_1_be_reg_505">64, 0, 64, 0</column>
<column name="activations3_2_1_reg_461">64, 0, 64, 0</column>
<column name="activations3_2_3_reg_1995">64, 0, 64, 0</column>
<column name="activations3_2_reg_1948">64, 0, 64, 0</column>
<column name="add_ln116_reg_2208">12, 0, 12, 0</column>
<column name="add_ln141_1_reg_2310">10, 0, 10, 0</column>
<column name="add_ln270_reg_1828">12, 0, 12, 0</column>
<column name="add_ln91_reg_2106">9, 0, 9, 0</column>
<column name="ap_CS_fsm">201, 0, 201, 0</column>
<column name="dactivations1_load_reg_2269">64, 0, 64, 0</column>
<column name="dactivations2_load_reg_2167">64, 0, 64, 0</column>
<column name="dactivations3_0_1_fu_106">64, 0, 64, 0</column>
<column name="dactivations3_0_reg_1978">64, 0, 64, 0</column>
<column name="dactivations3_1_1_fu_110">64, 0, 64, 0</column>
<column name="dactivations3_1_reg_1973">64, 0, 64, 0</column>
<column name="dactivations3_2_1_fu_114">64, 0, 64, 0</column>
<column name="dactivations3_2_reg_1968">64, 0, 64, 0</column>
<column name="empty_38_reg_776">64, 0, 64, 0</column>
<column name="empty_44_reg_833">64, 0, 64, 0</column>
<column name="grp_RELU_fu_903_ap_start_reg">1, 0, 1, 0</column>
<column name="grp_matrix_vector_produc_1_fu_923_ap_start_reg">1, 0, 1, 0</column>
<column name="grp_matrix_vector_produc_2_fu_938_ap_start_reg">1, 0, 1, 0</column>
<column name="grp_matrix_vector_produc_fu_951_ap_start_reg">1, 0, 1, 0</column>
<column name="grp_soft_max_fu_913_ap_start_reg">1, 0, 1, 0</column>
<column name="grp_update_weights_fu_879_ap_start_reg">1, 0, 1, 0</column>
<column name="i_0_i44_reg_552">7, 0, 7, 0</column>
<column name="i_0_i60_reg_635">2, 0, 2, 0</column>
<column name="i_0_i63_reg_743">7, 0, 7, 0</column>
<column name="i_0_i66_reg_765">7, 0, 7, 0</column>
<column name="i_0_i75_reg_800">7, 0, 7, 0</column>
<column name="i_0_i84_reg_822">7, 0, 7, 0</column>
<column name="i_0_i94_reg_856">4, 0, 4, 0</column>
<column name="i_0_i_reg_541">7, 0, 7, 0</column>
<column name="i_0_reg_437">8, 0, 8, 0</column>
<column name="i_36_reg_1898">7, 0, 7, 0</column>
<column name="i_37_reg_2019">2, 0, 2, 0</column>
<column name="i_38_reg_2078">7, 0, 7, 0</column>
<column name="i_39_reg_2175">7, 0, 7, 0</column>
<column name="i_40_reg_2114">7, 0, 7, 0</column>
<column name="i_41_reg_2277">4, 0, 4, 0</column>
<column name="i_42_reg_1841">8, 0, 8, 0</column>
<column name="i_43_reg_2216">7, 0, 7, 0</column>
<column name="i_reg_1875">7, 0, 7, 0</column>
<column name="j_0_i67_reg_788">2, 0, 2, 0</column>
<column name="j_0_i78_reg_811">7, 0, 7, 0</column>
<column name="j_0_i86_reg_845">7, 0, 7, 0</column>
<column name="j_0_i97_reg_868">7, 0, 7, 0</column>
<column name="j_0_i_reg_754">2, 0, 2, 0</column>
<column name="j_0_reg_494">7, 0, 7, 0</column>
<column name="j_11_reg_2096">2, 0, 2, 0</column>
<column name="j_12_reg_2137">2, 0, 2, 0</column>
<column name="j_13_reg_2198">7, 0, 7, 0</column>
<column name="j_14_reg_2239">7, 0, 7, 0</column>
<column name="j_15_reg_2300">7, 0, 7, 0</column>
<column name="j_reg_1849">7, 0, 7, 0</column>
<column name="net_outputs_0_1_fu_118">64, 0, 64, 0</column>
<column name="net_outputs_0_reg_2001">64, 0, 64, 0</column>
<column name="net_outputs_1_1_fu_122">64, 0, 64, 0</column>
<column name="net_outputs_1_reg_2006">64, 0, 64, 0</column>
<column name="net_outputs_2_1_fu_126">64, 0, 64, 0</column>
<column name="net_outputs_2_reg_2011">64, 0, 64, 0</column>
<column name="oracle_activations1_2_reg_2315">64, 0, 64, 0</column>
<column name="oracle_activations1_s_reg_2226">6, 0, 6, 0</column>
<column name="oracle_activations2_s_reg_2124">6, 0, 6, 0</column>
<column name="output_difference3_0_1_reg_679">64, 0, 64, 0</column>
<column name="output_difference3_0_reg_587">64, 0, 64, 0</column>
<column name="output_difference4_0_1_reg_728">64, 0, 64, 0</column>
<column name="output_difference4_0_reg_623">64, 0, 64, 0</column>
<column name="output_difference_05_1_reg_664">64, 0, 64, 0</column>
<column name="output_difference_05_reg_575">64, 0, 64, 0</column>
<column name="output_difference_0_1_fu_130">64, 0, 64, 0</column>
<column name="output_difference_0_reg_2039">64, 0, 64, 0</column>
<column name="output_difference_1_1_fu_134">64, 0, 64, 0</column>
<column name="output_difference_1_reg_2046">64, 0, 64, 0</column>
<column name="output_difference_2_1_fu_138">64, 0, 64, 0</column>
<column name="output_difference_2_reg_2053">64, 0, 64, 0</column>
<column name="phi_mul_reg_449">12, 0, 12, 0</column>
<column name="reg_1012">64, 0, 64, 0</column>
<column name="reg_1017">64, 0, 64, 0</column>
<column name="reg_1023">64, 0, 64, 0</column>
<column name="reg_1029">64, 0, 64, 0</column>
<column name="reg_985">64, 0, 64, 0</column>
<column name="reg_991">64, 0, 64, 0</column>
<column name="reg_997">64, 0, 64, 0</column>
<column name="shl_ln1_reg_2287">4, 0, 10, 6</column>
<column name="shl_ln8_reg_2190">6, 0, 12, 6</column>
<column name="shl_ln9_reg_2231">6, 0, 12, 6</column>
<column name="sub_ln104_reg_2129">9, 0, 9, 0</column>
<column name="sub_ln76_reg_1913">10, 0, 10, 0</column>
<column name="sub_ln91_reg_2088">9, 0, 9, 0</column>
<column name="tmp_26_reg_2101">64, 0, 64, 0</column>
<column name="tmp_27_reg_2152">64, 0, 64, 0</column>
<column name="tmp_reg_2024">64, 0, 64, 0</column>
<column name="tmp_s_reg_2034">64, 0, 64, 0</column>
<column name="training_data_load_reg_2292">64, 0, 64, 0</column>
<column name="training_targets_loa_reg_2060">64, 0, 64, 0</column>
<column name="trunc_ln116_reg_2185">6, 0, 6, 0</column>
<column name="weights2_load_reg_2259">64, 0, 64, 0</column>
<column name="weights3_load_reg_2157">64, 0, 64, 0</column>
<column name="write_flag3_0_i_be_reg_647">1, 0, 1, 0</column>
<column name="write_flag3_0_i_reg_563">1, 0, 1, 0</column>
<column name="write_flag6_0_i_be_reg_694">1, 0, 1, 0</column>
<column name="write_flag6_0_i_reg_599">1, 0, 1, 0</column>
<column name="write_flag_0_i_be_reg_711">1, 0, 1, 0</column>
<column name="write_flag_0_i_reg_611">1, 0, 1, 0</column>
<column name="xor_ln81_reg_2065">64, 0, 64, 0</column>
<column name="zext_ln102_reg_2119">7, 0, 64, 57</column>
<column name="zext_ln127_reg_2221">7, 0, 64, 57</column>
<column name="zext_ln19_1_reg_1903">7, 0, 64, 57</column>
<column name="zext_ln19_reg_1880">7, 0, 64, 57</column>
<column name="zext_ln76_reg_1833">8, 0, 10, 2</column>
</table>
</item>
</section>
</item>
</section>

<section name = "Interface" level="0">
<item name = "Summary"><table name="" hasTotal="0">
<keys size="6">RTL Ports, Dir, Bits, Protocol, Source Object, C Type</keys>
<column name="ap_clk">in, 1, ap_ctrl_hs, backprop, return value</column>
<column name="ap_rst">in, 1, ap_ctrl_hs, backprop, return value</column>
<column name="ap_start">in, 1, ap_ctrl_hs, backprop, return value</column>
<column name="ap_done">out, 1, ap_ctrl_hs, backprop, return value</column>
<column name="ap_idle">out, 1, ap_ctrl_hs, backprop, return value</column>
<column name="ap_ready">out, 1, ap_ctrl_hs, backprop, return value</column>
<column name="weights1_address0">out, 10, ap_memory, weights1, array</column>
<column name="weights1_ce0">out, 1, ap_memory, weights1, array</column>
<column name="weights1_we0">out, 1, ap_memory, weights1, array</column>
<column name="weights1_d0">out, 64, ap_memory, weights1, array</column>
<column name="weights1_q0">in, 64, ap_memory, weights1, array</column>
<column name="weights2_address0">out, 12, ap_memory, weights2, array</column>
<column name="weights2_ce0">out, 1, ap_memory, weights2, array</column>
<column name="weights2_we0">out, 1, ap_memory, weights2, array</column>
<column name="weights2_d0">out, 64, ap_memory, weights2, array</column>
<column name="weights2_q0">in, 64, ap_memory, weights2, array</column>
<column name="weights3_address0">out, 8, ap_memory, weights3, array</column>
<column name="weights3_ce0">out, 1, ap_memory, weights3, array</column>
<column name="weights3_we0">out, 1, ap_memory, weights3, array</column>
<column name="weights3_d0">out, 64, ap_memory, weights3, array</column>
<column name="weights3_q0">in, 64, ap_memory, weights3, array</column>
<column name="biases1_address0">out, 6, ap_memory, biases1, array</column>
<column name="biases1_ce0">out, 1, ap_memory, biases1, array</column>
<column name="biases1_we0">out, 1, ap_memory, biases1, array</column>
<column name="biases1_d0">out, 64, ap_memory, biases1, array</column>
<column name="biases1_q0">in, 64, ap_memory, biases1, array</column>
<column name="biases2_address0">out, 6, ap_memory, biases2, array</column>
<column name="biases2_ce0">out, 1, ap_memory, biases2, array</column>
<column name="biases2_we0">out, 1, ap_memory, biases2, array</column>
<column name="biases2_d0">out, 64, ap_memory, biases2, array</column>
<column name="biases2_q0">in, 64, ap_memory, biases2, array</column>
<column name="biases3_address0">out, 2, ap_memory, biases3, array</column>
<column name="biases3_ce0">out, 1, ap_memory, biases3, array</column>
<column name="biases3_we0">out, 1, ap_memory, biases3, array</column>
<column name="biases3_d0">out, 64, ap_memory, biases3, array</column>
<column name="biases3_q0">in, 64, ap_memory, biases3, array</column>
<column name="training_data_address0">out, 12, ap_memory, training_data, array</column>
<column name="training_data_ce0">out, 1, ap_memory, training_data, array</column>
<column name="training_data_q0">in, 64, ap_memory, training_data, array</column>
<column name="training_targets_address0">out, 9, ap_memory, training_targets, array</column>
<column name="training_targets_ce0">out, 1, ap_memory, training_targets, array</column>
<column name="training_targets_q0">in, 64, ap_memory, training_targets, array</column>
</table>
</item>
</section>
</profile>
