<profile>

<section name = "Vivado HLS Report for 'backprop'" level="0">
<item name = "Date">Sat May 21 18:18:11 2022
</item>
<item name = "Version">2019.2 (Build 2704478 on Wed Nov 06 22:10:23 MST 2019)</item>
<item name = "Project">backprop_base</item>
<item name = "Solution">solution1</item>
<item name = "Product family">zynq</item>
<item name = "Target device">xc7z045-ffg900-2</item>
</section>

<section name = "Performance Estimates" level="0">
<item name = "Timing">
<section name = "" level="1">
<item name = "Summary"><table name="" hasTotal="0">
<keys size="4">Clock, Target, Estimated, Uncertainty</keys>
<column name="ap_clk">10.00 ns, 9.110 ns, 1.25 ns</column>
</table>
</item>
</section>
</item>
<item name = "Latency">
<section name = "" level="1">
<item name = "Summary"><table name="" hasTotal="0">
<keys size="8">, min, max, min, max, min, max, Type</keys>
<column name="">75475195, 75475195, 0.755 sec, 0.755 sec, 75475195, 75475195, none</column>
</table>
</item>
<item name = "Detail">
<section name = "" level="1">
<item name = "Instance"><table name="" hasTotal="0">
<keys size="9">Instance, Module, min, max, min, max, min, max, Type</keys>
</table>
</item>
<item name = "Loop"><table name="" hasTotal="0">
<keys size="8">Loop Name, min, max, Latency, achieved, target, Count, Pipelined</keys>
<column name="- Loop 1">75475194, 75475194, 463038, -, -, 163, no</column>
<column name=" + Loop 1.1">128, 128, 2, -, -, 64, no</column>
<column name=" + Loop 1.2">3456, 3456, 54, -, -, 64, no</column>
<column name=" + Loop 1.3">3456, 3456, 54, -, -, 64, no</column>
<column name=" + Loop 1.4">42, 42, 14, -, -, 3, no</column>
<column name=" + Loop 1.5">1536, 1536, 24, -, -, 64, no</column>
<column name="  ++ Loop 1.5.1">21, 21, 7, -, -, 3, no</column>
<column name=" + Loop 1.6">2880, 2880, 45, -, -, 64, no</column>
<column name="  ++ Loop 1.6.1">36, 36, 12, -, -, 3, no</column>
<column name=" + Loop 1.7">32960, 32960, 515, -, -, 64, no</column>
<column name="  ++ Loop 1.7.1">512, 512, 8, -, -, 64, no</column>
<column name=" + Loop 1.8">49728, 49728, 777, -, -, 64, no</column>
<column name="  ++ Loop 1.8.1">768, 768, 12, -, -, 64, no</column>
<column name=" + Loop 1.9">6695, 6695, 515, -, -, 13, no</column>
<column name="  ++ Loop 1.9.1">512, 512, 8, -, -, 64, no</column>
</table>
</item>
</section>
</item>
</section>
</item>
</section>
</profile>
