<profile>

<section name = "Vivado HLS Report for 'matrix_vector_produc_2'" level="0">
<item name = "Date">Sat May 21 18:18:13 2022
</item>
<item name = "Version">2019.2 (Build 2704478 on Wed Nov 06 22:10:23 MST 2019)</item>
<item name = "Project">backprop_base</item>
<item name = "Solution">solution1</item>
<item name = "Product family">zynq</item>
<item name = "Target device">xc7z045-ffg900-2</item>
</section>

<section name = "Performance Estimates" level="0">
<item name = "Timing">
<section name = "" level="1">
<item name = "Summary"><table name="" hasTotal="0">
<keys size="4">Clock, Target, Estimated, Uncertainty</keys>
<column name="ap_clk">10.00 ns, 8.417 ns, 1.25 ns</column>
</table>
</item>
</section>
</item>
<item name = "Latency">
<section name = "" level="1">
<item name = "Summary"><table name="" hasTotal="0">
<keys size="8">, min, max, min, max, min, max, Type</keys>
<column name="">10626, 10626, 0.106 ms, 0.106 ms, 10626, 10626, none</column>
</table>
</item>
<item name = "Detail">
<section name = "" level="1">
<item name = "Instance"><table name="" hasTotal="0">
<keys size="9">Instance, Module, min, max, min, max, min, max, Type</keys>
</table>
</item>
<item name = "Loop"><table name="" hasTotal="0">
<keys size="8">Loop Name, min, max, Latency, achieved, target, Count, Pipelined</keys>
<column name="- Loop 1">10112, 10112, 158, -, -, 64, no</column>
<column name=" + Loop 1.1">156, 156, 12, -, -, 13, no</column>
<column name="- Loop 2">512, 512, 8, -, -, 64, no</column>
</table>
</item>
</section>
</item>
</section>
</item>
</section>

<section name = "Utilization Estimates" level="0">
<item name = "Summary"><table name="" hasTotal="1">
<keys size="6">Name, BRAM_18K, DSP48E, FF, LUT, URAM</keys>
<column name="DSP">-, -, -, -, -</column>
<column name="Expression">-, -, 0, 62, -</column>
<column name="FIFO">-, -, -, -, -</column>
<column name="Instance">-, 14, 744, 1719, -</column>
<column name="Memory">-, -, -, -, -</column>
<column name="Multiplexer">-, -, -, 36, -</column>
<column name="Register">-, -, 538, -, -</column>
<specialColumn name="Available">1090, 900, 437200, 218600, 0</specialColumn>
<specialColumn name="Utilization (%)">0, 1, ~0, ~0, 0</specialColumn>
</table>
</item>
<item name = "Detail">
<section name = "" level="1">
<item name = "Instance"><table name="" hasTotal="1">
<keys size="7">Instance, Module, BRAM_18K, DSP48E, FF, LUT, URAM</keys>
<column name="backprop_dadd_64nbkb_U1">backprop_dadd_64nbkb, 0, 3, 445, 1149, 0</column>
<column name="backprop_dmul_64ncud_U2">backprop_dmul_64ncud, 0, 11, 299, 570, 0</column>
</table>
</item>
<item name = "DSP48E"><table name="" hasTotal="0">
<keys size="3">Instance, Module, Expression</keys>
</table>
</item>
<item name = "Memory"><table name="" hasTotal="1">
<keys size="10">Memory, Module, BRAM_18K, FF, LUT, URAM, Words, Bits, Banks, W*Bits*Banks</keys>
</table>
</item>
<item name = "FIFO"><table name="" hasTotal="1">
<keys size="8">Name, BRAM_18K, FF, LUT, URAM, Depth, Bits, Size:D*B</keys>
</table>
</item>
<item name = "Expression"><table name="" hasTotal="1">
<keys size="7">Variable Name, Operation, DSP48E, FF, LUT, Bitwidth P0, Bitwidth P1</keys>
<column name="add_ln41_1_fu_230_p2">+, 0, 0, 12, 12, 12</column>
<column name="add_ln41_2_fu_176_p2">+, 0, 0, 10, 10, 4</column>
<column name="add_ln41_fu_215_p2">+, 0, 0, 10, 10, 10</column>
<column name="i_33_fu_209_p2">+, 0, 0, 6, 4, 1</column>
<column name="i_fu_246_p2">+, 0, 0, 7, 7, 1</column>
<column name="j_fu_188_p2">+, 0, 0, 7, 7, 1</column>
<column name="icmp_ln28_fu_240_p2">icmp, 0, 0, 4, 7, 8</column>
<column name="icmp_ln38_fu_182_p2">icmp, 0, 0, 4, 7, 8</column>
<column name="icmp_ln40_fu_203_p2">icmp, 0, 0, 2, 4, 3</column>
</table>
</item>
<item name = "Multiplexer"><table name="" hasTotal="1">
<keys size="5">Name, LUT, Input Size, Bits, Total Bits</keys>
<column name="activations_address0">3, 4, 6, 24</column>
<column name="activations_d0">3, 3, 64, 192</column>
<column name="ap_NS_fsm">9, 23, 1, 23</column>
<column name="grp_fu_161_p0">3, 3, 64, 192</column>
<column name="grp_fu_161_p1">3, 3, 64, 192</column>
<column name="i_0_i_reg_150">3, 2, 7, 14</column>
<column name="i_0_reg_139">3, 2, 4, 8</column>
<column name="j_0_reg_103">3, 2, 7, 14</column>
<column name="phi_mul_reg_114">3, 2, 10, 20</column>
<column name="storemerge_reg_126">3, 2, 64, 128</column>
</table>
</item>
<item name = "Register"><table name="" hasTotal="1">
<keys size="5">Name, FF, LUT, Bits, Const Bits</keys>
<column name="activations_addr_1_reg_322">6, 0, 6, 0</column>
<column name="activations_addr_reg_276">6, 0, 6, 0</column>
<column name="activations_load_reg_332">64, 0, 64, 0</column>
<column name="add_ln41_2_reg_263">10, 0, 10, 0</column>
<column name="ap_CS_fsm">22, 0, 22, 0</column>
<column name="biases_load_reg_337">64, 0, 64, 0</column>
<column name="i_0_i_reg_150">7, 0, 7, 0</column>
<column name="i_0_reg_139">4, 0, 4, 0</column>
<column name="i_33_reg_284">4, 0, 4, 0</column>
<column name="i_reg_317">7, 0, 7, 0</column>
<column name="input_sample_load_reg_304">64, 0, 64, 0</column>
<column name="j_0_reg_103">7, 0, 7, 0</column>
<column name="j_reg_271">7, 0, 7, 0</column>
<column name="phi_mul_reg_114">10, 0, 10, 0</column>
<column name="reg_170">64, 0, 64, 0</column>
<column name="storemerge_reg_126">64, 0, 64, 0</column>
<column name="tmp_reg_309">64, 0, 64, 0</column>
<column name="weights_load_reg_299">64, 0, 64, 0</column>
</table>
</item>
</section>
</item>
</section>

<section name = "Interface" level="0">
<item name = "Summary"><table name="" hasTotal="0">
<keys size="6">RTL Ports, Dir, Bits, Protocol, Source Object, C Type</keys>
<column name="ap_clk">in, 1, ap_ctrl_hs, matrix_vector_produc.2, return value</column>
<column name="ap_rst">in, 1, ap_ctrl_hs, matrix_vector_produc.2, return value</column>
<column name="ap_start">in, 1, ap_ctrl_hs, matrix_vector_produc.2, return value</column>
<column name="ap_done">out, 1, ap_ctrl_hs, matrix_vector_produc.2, return value</column>
<column name="ap_idle">out, 1, ap_ctrl_hs, matrix_vector_produc.2, return value</column>
<column name="ap_ready">out, 1, ap_ctrl_hs, matrix_vector_produc.2, return value</column>
<column name="biases_address0">out, 6, ap_memory, biases, array</column>
<column name="biases_ce0">out, 1, ap_memory, biases, array</column>
<column name="biases_q0">in, 64, ap_memory, biases, array</column>
<column name="weights_address0">out, 10, ap_memory, weights, array</column>
<column name="weights_ce0">out, 1, ap_memory, weights, array</column>
<column name="weights_q0">in, 64, ap_memory, weights, array</column>
<column name="activations_address0">out, 6, ap_memory, activations, array</column>
<column name="activations_ce0">out, 1, ap_memory, activations, array</column>
<column name="activations_we0">out, 1, ap_memory, activations, array</column>
<column name="activations_d0">out, 64, ap_memory, activations, array</column>
<column name="activations_q0">in, 64, ap_memory, activations, array</column>
<column name="input_sample_address0">out, 12, ap_memory, input_sample, array</column>
<column name="input_sample_ce0">out, 1, ap_memory, input_sample, array</column>
<column name="input_sample_q0">in, 64, ap_memory, input_sample, array</column>
<column name="input_sample_offset">in, 12, ap_none, input_sample_offset, scalar</column>
</table>
</item>
</section>
</profile>
