<profile>

<section name = "Vivado HLS Report for 'matrix_vector_produc_1'" level="0">
<item name = "Date">Sat May 21 18:18:13 2022
</item>
<item name = "Version">2019.2 (Build 2704478 on Wed Nov 06 22:10:23 MST 2019)</item>
<item name = "Project">backprop_base</item>
<item name = "Solution">solution1</item>
<item name = "Product family">zynq</item>
<item name = "Target device">xc7z045-ffg900-2</item>
</section>

<section name = "Performance Estimates" level="0">
<item name = "Timing">
<section name = "" level="1">
<item name = "Summary"><table name="" hasTotal="0">
<keys size="4">Clock, Target, Estimated, Uncertainty</keys>
<column name="ap_clk">10.00 ns, 8.690 ns, 1.25 ns</column>
</table>
</item>
</section>
</item>
<item name = "Latency">
<section name = "" level="1">
<item name = "Summary"><table name="" hasTotal="0">
<keys size="8">, min, max, min, max, min, max, Type</keys>
<column name="">2525, 2525, 25.250 us, 25.250 us, 2525, 2525, none</column>
</table>
</item>
<item name = "Detail">
<section name = "" level="1">
<item name = "Instance"><table name="" hasTotal="0">
<keys size="9">Instance, Module, min, max, min, max, min, max, Type</keys>
</table>
</item>
<item name = "Loop"><table name="" hasTotal="0">
<keys size="8">Loop Name, min, max, Latency, achieved, target, Count, Pipelined</keys>
<column name="- Loop 1">2502, 2502, 834, -, -, 3, no</column>
<column name=" + Loop 1.1">832, 832, 13, -, -, 64, no</column>
<column name="- Loop 2">21, 21, 7, -, -, 3, no</column>
</table>
</item>
</section>
</item>
</section>
</item>
</section>

<section name = "Utilization Estimates" level="0">
<item name = "Summary"><table name="" hasTotal="1">
<keys size="6">Name, BRAM_18K, DSP48E, FF, LUT, URAM</keys>
<column name="DSP">-, -, -, -, -</column>
<column name="Expression">-, -, 0, 991, -</column>
<column name="FIFO">-, -, -, -, -</column>
<column name="Instance">-, 14, 744, 1732, -</column>
<column name="Memory">-, -, -, -, -</column>
<column name="Multiplexer">-, -, -, 54, -</column>
<column name="Register">-, -, 1072, -, -</column>
<specialColumn name="Available">1090, 900, 437200, 218600, 0</specialColumn>
<specialColumn name="Utilization (%)">0, 1, ~0, 1, 0</specialColumn>
</table>
</item>
<item name = "Detail">
<section name = "" level="1">
<item name = "Instance"><table name="" hasTotal="1">
<keys size="7">Instance, Module, BRAM_18K, DSP48E, FF, LUT, URAM</keys>
<column name="backprop_dadd_64nbkb_U16">backprop_dadd_64nbkb, 0, 3, 445, 1149, 0</column>
<column name="backprop_dmul_64ncud_U17">backprop_dmul_64ncud, 0, 11, 299, 570, 0</column>
<column name="backprop_mux_32_6dEe_U18">backprop_mux_32_6dEe, 0, 0, 0, 13, 0</column>
</table>
</item>
<item name = "DSP48E"><table name="" hasTotal="0">
<keys size="3">Instance, Module, Expression</keys>
</table>
</item>
<item name = "Memory"><table name="" hasTotal="1">
<keys size="10">Memory, Module, BRAM_18K, FF, LUT, URAM, Words, Bits, Banks, W*Bits*Banks</keys>
</table>
</item>
<item name = "FIFO"><table name="" hasTotal="1">
<keys size="8">Name, BRAM_18K, FF, LUT, URAM, Depth, Bits, Size:D*B</keys>
</table>
</item>
<item name = "Expression"><table name="" hasTotal="1">
<keys size="7">Variable Name, Operation, DSP48E, FF, LUT, Bitwidth P0, Bitwidth P1</keys>
<column name="add_ln69_fu_327_p2">+, 0, 0, 8, 8, 8</column>
<column name="i_34_fu_321_p2">+, 0, 0, 7, 7, 1</column>
<column name="i_fu_395_p2">+, 0, 0, 3, 2, 1</column>
<column name="j_fu_230_p2">+, 0, 0, 3, 2, 1</column>
<column name="icmp_ln28_fu_389_p2">icmp, 0, 0, 1, 2, 2</column>
<column name="icmp_ln29_1_fu_450_p2">icmp, 0, 0, 1, 2, 1</column>
<column name="icmp_ln29_fu_436_p2">icmp, 0, 0, 1, 2, 1</column>
<column name="icmp_ln66_fu_224_p2">icmp, 0, 0, 1, 2, 2</column>
<column name="icmp_ln67_1_fu_250_p2">icmp, 0, 0, 1, 2, 1</column>
<column name="icmp_ln67_fu_236_p2">icmp, 0, 0, 1, 2, 1</column>
<column name="icmp_ln68_fu_315_p2">icmp, 0, 0, 4, 7, 8</column>
<column name="activations_0_1_fu_280_p3">select, 0, 0, 64, 1, 64</column>
<column name="activations_0_3_fu_367_p3">select, 0, 0, 64, 1, 64</column>
<column name="activations_0_5_fu_480_p3">select, 0, 0, 64, 1, 64</column>
<column name="activations_1_1_fu_264_p3">select, 0, 0, 64, 1, 1</column>
<column name="activations_1_3_fu_355_p3">select, 0, 0, 64, 1, 64</column>
<column name="activations_1_5_fu_464_p3">select, 0, 0, 64, 1, 64</column>
<column name="activations_2_1_fu_256_p3">select, 0, 0, 64, 1, 64</column>
<column name="activations_2_3_fu_348_p3">select, 0, 0, 64, 1, 64</column>
<column name="activations_2_5_fu_456_p3">select, 0, 0, 64, 1, 64</column>
<column name="select_ln29_1_fu_472_p3">select, 0, 0, 64, 1, 64</column>
<column name="select_ln29_fu_442_p3">select, 0, 0, 64, 1, 64</column>
<column name="select_ln67_1_fu_272_p3">select, 0, 0, 64, 1, 1</column>
<column name="select_ln67_fu_242_p3">select, 0, 0, 64, 1, 64</column>
<column name="select_ln69_1_fu_361_p3">select, 0, 0, 64, 1, 64</column>
<column name="select_ln69_fu_342_p3">select, 0, 0, 64, 1, 64</column>
</table>
</item>
<item name = "Multiplexer"><table name="" hasTotal="1">
<keys size="5">Name, LUT, Input Size, Bits, Total Bits</keys>
<column name="activations_0_0_fu_54">3, 3, 64, 192</column>
<column name="activations_0_4_reg_149">3, 2, 64, 128</column>
<column name="activations_1_0_fu_50">3, 3, 64, 192</column>
<column name="activations_1_4_reg_159">3, 2, 64, 128</column>
<column name="activations_2_0_fu_46">3, 3, 64, 192</column>
<column name="activations_2_4_reg_169">3, 2, 64, 128</column>
<column name="ap_NS_fsm">9, 23, 1, 23</column>
<column name="ap_return_0">3, 2, 64, 128</column>
<column name="ap_return_1">3, 2, 64, 128</column>
<column name="ap_return_2">3, 2, 64, 128</column>
<column name="empty_23_reg_126">3, 2, 64, 128</column>
<column name="grp_fu_191_p0">3, 3, 64, 192</column>
<column name="grp_fu_191_p1">3, 3, 64, 192</column>
<column name="i_0_i_reg_179">3, 2, 2, 4</column>
<column name="i_0_reg_138">3, 2, 7, 14</column>
<column name="j_0_reg_115">3, 2, 2, 4</column>
</table>
</item>
<item name = "Register"><table name="" hasTotal="1">
<keys size="5">Name, FF, LUT, Bits, Const Bits</keys>
<column name="activations_0_0_fu_54">64, 0, 64, 0</column>
<column name="activations_0_4_reg_149">64, 0, 64, 0</column>
<column name="activations_1_0_fu_50">64, 0, 64, 0</column>
<column name="activations_1_4_reg_159">64, 0, 64, 0</column>
<column name="activations_2_0_fu_46">64, 0, 64, 0</column>
<column name="activations_2_4_reg_169">64, 0, 64, 0</column>
<column name="ap_CS_fsm">22, 0, 22, 0</column>
<column name="ap_return_0_preg">64, 0, 64, 0</column>
<column name="ap_return_1_preg">64, 0, 64, 0</column>
<column name="ap_return_2_preg">64, 0, 64, 0</column>
<column name="biases_load_reg_612">64, 0, 64, 0</column>
<column name="empty_23_reg_126">64, 0, 64, 0</column>
<column name="i_0_i_reg_179">2, 0, 2, 0</column>
<column name="i_0_reg_138">7, 0, 7, 0</column>
<column name="i_34_reg_556">7, 0, 7, 0</column>
<column name="i_reg_597">2, 0, 2, 0</column>
<column name="icmp_ln67_1_reg_541">1, 0, 1, 0</column>
<column name="icmp_ln67_reg_535">1, 0, 1, 0</column>
<column name="input_activations_lo_reg_576">64, 0, 64, 0</column>
<column name="j_0_reg_115">2, 0, 2, 0</column>
<column name="j_reg_530">2, 0, 2, 0</column>
<column name="shl_ln_reg_548">2, 0, 8, 6</column>
<column name="tmp_25_reg_607">64, 0, 64, 0</column>
<column name="tmp_reg_581">64, 0, 64, 0</column>
<column name="tmp_s_reg_586">64, 0, 64, 0</column>
<column name="weights_load_reg_571">64, 0, 64, 0</column>
</table>
</item>
</section>
</item>
</section>

<section name = "Interface" level="0">
<item name = "Summary"><table name="" hasTotal="0">
<keys size="6">RTL Ports, Dir, Bits, Protocol, Source Object, C Type</keys>
<column name="ap_clk">in, 1, ap_ctrl_hs, matrix_vector_produc.1, return value</column>
<column name="ap_rst">in, 1, ap_ctrl_hs, matrix_vector_produc.1, return value</column>
<column name="ap_start">in, 1, ap_ctrl_hs, matrix_vector_produc.1, return value</column>
<column name="ap_done">out, 1, ap_ctrl_hs, matrix_vector_produc.1, return value</column>
<column name="ap_idle">out, 1, ap_ctrl_hs, matrix_vector_produc.1, return value</column>
<column name="ap_ready">out, 1, ap_ctrl_hs, matrix_vector_produc.1, return value</column>
<column name="ap_return_0">out, 64, ap_ctrl_hs, matrix_vector_produc.1, return value</column>
<column name="ap_return_1">out, 64, ap_ctrl_hs, matrix_vector_produc.1, return value</column>
<column name="ap_return_2">out, 64, ap_ctrl_hs, matrix_vector_produc.1, return value</column>
<column name="biases_address0">out, 2, ap_memory, biases, array</column>
<column name="biases_ce0">out, 1, ap_memory, biases, array</column>
<column name="biases_q0">in, 64, ap_memory, biases, array</column>
<column name="weights_address0">out, 8, ap_memory, weights, array</column>
<column name="weights_ce0">out, 1, ap_memory, weights, array</column>
<column name="weights_q0">in, 64, ap_memory, weights, array</column>
<column name="activations_0_read">in, 64, ap_none, activations_0_read, scalar</column>
<column name="activations_1_read">in, 64, ap_none, activations_1_read, scalar</column>
<column name="activations_2_read">in, 64, ap_none, activations_2_read, scalar</column>
<column name="input_activations_address0">out, 6, ap_memory, input_activations, array</column>
<column name="input_activations_ce0">out, 1, ap_memory, input_activations, array</column>
<column name="input_activations_q0">in, 64, ap_memory, input_activations, array</column>
</table>
</item>
</section>
</profile>
