<stg><name>matrix_vector_produc.1</name>


<trans_list>

<trans id="123" from="1" to="2">
<condition id="-1">
<or_exp><and_exp></and_exp></or_exp>
</condition>
</trans>

<trans id="124" from="2" to="3">
<condition id="-1">
<or_exp><and_exp><literal name="icmp_ln66" val="0"/>
</and_exp></or_exp>
</condition>
</trans>

<trans id="140" from="2" to="16">
<condition id="-1">
<or_exp><and_exp><literal name="icmp_ln66" val="1"/>
</and_exp></or_exp>
</condition>
</trans>

<trans id="125" from="3" to="4">
<condition id="-1">
<or_exp><and_exp><literal name="icmp_ln68" val="0"/>
</and_exp></or_exp>
</condition>
</trans>

<trans id="139" from="3" to="2">
<condition id="-1">
<or_exp><and_exp><literal name="icmp_ln68" val="1"/>
</and_exp></or_exp>
</condition>
</trans>

<trans id="127" from="4" to="5">
<condition id="-1">
<or_exp><and_exp></and_exp></or_exp>
</condition>
</trans>

<trans id="128" from="5" to="6">
<condition id="-1">
<or_exp><and_exp></and_exp></or_exp>
</condition>
</trans>

<trans id="129" from="6" to="7">
<condition id="-1">
<or_exp><and_exp></and_exp></or_exp>
</condition>
</trans>

<trans id="130" from="7" to="8">
<condition id="-1">
<or_exp><and_exp></and_exp></or_exp>
</condition>
</trans>

<trans id="131" from="8" to="9">
<condition id="-1">
<or_exp><and_exp></and_exp></or_exp>
</condition>
</trans>

<trans id="132" from="9" to="10">
<condition id="-1">
<or_exp><and_exp></and_exp></or_exp>
</condition>
</trans>

<trans id="133" from="10" to="11">
<condition id="-1">
<or_exp><and_exp></and_exp></or_exp>
</condition>
</trans>

<trans id="134" from="11" to="12">
<condition id="-1">
<or_exp><and_exp></and_exp></or_exp>
</condition>
</trans>

<trans id="135" from="12" to="13">
<condition id="-1">
<or_exp><and_exp></and_exp></or_exp>
</condition>
</trans>

<trans id="136" from="13" to="14">
<condition id="-1">
<or_exp><and_exp></and_exp></or_exp>
</condition>
</trans>

<trans id="137" from="14" to="15">
<condition id="-1">
<or_exp><and_exp></and_exp></or_exp>
</condition>
</trans>

<trans id="138" from="15" to="3">
<condition id="-1">
<or_exp><and_exp></and_exp></or_exp>
</condition>
</trans>

<trans id="141" from="16" to="17">
<condition id="-1">
<or_exp><and_exp><literal name="icmp_ln28" val="0"/>
</and_exp></or_exp>
</condition>
</trans>

<trans id="143" from="17" to="18">
<condition id="-1">
<or_exp><and_exp></and_exp></or_exp>
</condition>
</trans>

<trans id="144" from="18" to="19">
<condition id="-1">
<or_exp><and_exp></and_exp></or_exp>
</condition>
</trans>

<trans id="145" from="19" to="20">
<condition id="-1">
<or_exp><and_exp></and_exp></or_exp>
</condition>
</trans>

<trans id="146" from="20" to="21">
<condition id="-1">
<or_exp><and_exp></and_exp></or_exp>
</condition>
</trans>

<trans id="147" from="21" to="22">
<condition id="-1">
<or_exp><and_exp></and_exp></or_exp>
</condition>
</trans>

<trans id="148" from="22" to="16">
<condition id="-1">
<or_exp><and_exp></and_exp></or_exp>
</condition>
</trans>
</trans_list>



<state_list>

<state id="1" st_id="1">

<operation id="23" st_id="1" stage="1" lat="1">
<core>NULL</core>
<MemPortIdVec></MemPortIdVec>
<condition id="-1">
<or_exp><and_exp></and_exp></or_exp>
</condition>

<Node id="7" bw="64" op_0_bw="32">
<![CDATA[
:0  %activations_2_0 = alloca double

]]></Node>
<StgValue><ssdm name="activations_2_0"/></StgValue>
</operation>

<operation id="24" st_id="1" stage="1" lat="1">
<core>NULL</core>
<MemPortIdVec></MemPortIdVec>
<condition id="-1">
<or_exp><and_exp></and_exp></or_exp>
</condition>

<Node id="8" bw="64" op_0_bw="32">
<![CDATA[
:1  %activations_1_0 = alloca double

]]></Node>
<StgValue><ssdm name="activations_1_0"/></StgValue>
</operation>

<operation id="25" st_id="1" stage="1" lat="1">
<core>NULL</core>
<MemPortIdVec></MemPortIdVec>
<condition id="-1">
<or_exp><and_exp></and_exp></or_exp>
</condition>

<Node id="9" bw="64" op_0_bw="32">
<![CDATA[
:2  %activations_0_0 = alloca double

]]></Node>
<StgValue><ssdm name="activations_0_0"/></StgValue>
</operation>

<operation id="26" st_id="1" stage="1" lat="1">
<core>NULL</core>
<MemPortIdVec></MemPortIdVec>
<condition id="-1">
<or_exp><and_exp></and_exp></or_exp>
</condition>

<Node id="10" bw="64" op_0_bw="64" op_1_bw="64">
<![CDATA[
:3  %activations_2_read_2 = call double @_ssdm_op_Read.ap_auto.double(double %activations_2_read)

]]></Node>
<StgValue><ssdm name="activations_2_read_2"/></StgValue>
</operation>

<operation id="27" st_id="1" stage="1" lat="1">
<core>NULL</core>
<MemPortIdVec></MemPortIdVec>
<condition id="-1">
<or_exp><and_exp></and_exp></or_exp>
</condition>

<Node id="11" bw="64" op_0_bw="64" op_1_bw="64">
<![CDATA[
:4  %activations_1_read_2 = call double @_ssdm_op_Read.ap_auto.double(double %activations_1_read)

]]></Node>
<StgValue><ssdm name="activations_1_read_2"/></StgValue>
</operation>

<operation id="28" st_id="1" stage="1" lat="1">
<core>NULL</core>
<MemPortIdVec></MemPortIdVec>
<condition id="-1">
<or_exp><and_exp></and_exp></or_exp>
</condition>

<Node id="12" bw="64" op_0_bw="64" op_1_bw="64">
<![CDATA[
:5  %activations_0_read_2 = call double @_ssdm_op_Read.ap_auto.double(double %activations_0_read)

]]></Node>
<StgValue><ssdm name="activations_0_read_2"/></StgValue>
</operation>

<operation id="29" st_id="1" stage="1" lat="1">
<core>NULL</core>
<MemPortIdVec></MemPortIdVec>
<condition id="-1">
<or_exp><and_exp></and_exp></or_exp>
</condition>

<Node id="13" bw="0" op_0_bw="64" op_1_bw="64">
<![CDATA[
:6  store double %activations_0_read_2, double* %activations_0_0

]]></Node>
<StgValue><ssdm name="store_ln66"/></StgValue>
</operation>

<operation id="30" st_id="1" stage="1" lat="1">
<core>NULL</core>
<MemPortIdVec></MemPortIdVec>
<condition id="-1">
<or_exp><and_exp></and_exp></or_exp>
</condition>

<Node id="14" bw="0" op_0_bw="64" op_1_bw="64">
<![CDATA[
:7  store double %activations_1_read_2, double* %activations_1_0

]]></Node>
<StgValue><ssdm name="store_ln66"/></StgValue>
</operation>

<operation id="31" st_id="1" stage="1" lat="1">
<core>NULL</core>
<MemPortIdVec></MemPortIdVec>
<condition id="-1">
<or_exp><and_exp></and_exp></or_exp>
</condition>

<Node id="15" bw="0" op_0_bw="64" op_1_bw="64">
<![CDATA[
:8  store double %activations_2_read_2, double* %activations_2_0

]]></Node>
<StgValue><ssdm name="store_ln66"/></StgValue>
</operation>

<operation id="32" st_id="1" stage="1" lat="1">
<core>NULL</core>
<MemPortIdVec></MemPortIdVec>
<condition id="-1">
<or_exp><and_exp></and_exp></or_exp>
</condition>

<Node id="16" bw="0" op_0_bw="0">
<![CDATA[
:9  br label %.loopexit

]]></Node>
<StgValue><ssdm name="br_ln66"/></StgValue>
</operation>
</state>

<state id="2" st_id="2">

<operation id="33" st_id="2" stage="1" lat="1">
<core>NULL</core>
<MemPortIdVec></MemPortIdVec>
<condition id="-1">
<or_exp><and_exp></and_exp></or_exp>
</condition>

<Node id="18" bw="2" op_0_bw="2" op_1_bw="0" op_2_bw="2" op_3_bw="0">
<![CDATA[
.loopexit:0  %j_0 = phi i2 [ 0, %0 ], [ %j, %.loopexit.loopexit ]

]]></Node>
<StgValue><ssdm name="j_0"/></StgValue>
</operation>

<operation id="34" st_id="2" stage="1" lat="1">
<core>NULL</core>
<MemPortIdVec></MemPortIdVec>
<condition id="-1">
<or_exp><and_exp></and_exp></or_exp>
</condition>

<Node id="19" bw="64" op_0_bw="64" op_1_bw="0">
<![CDATA[
.loopexit:1  %activations_2_0_loa = load double* %activations_2_0

]]></Node>
<StgValue><ssdm name="activations_2_0_loa"/></StgValue>
</operation>

<operation id="35" st_id="2" stage="1" lat="1">
<core>NULL</core>
<MemPortIdVec></MemPortIdVec>
<condition id="-1">
<or_exp><and_exp></and_exp></or_exp>
</condition>

<Node id="20" bw="64" op_0_bw="64" op_1_bw="0">
<![CDATA[
.loopexit:2  %activations_1_0_loa = load double* %activations_1_0

]]></Node>
<StgValue><ssdm name="activations_1_0_loa"/></StgValue>
</operation>

<operation id="36" st_id="2" stage="1" lat="1">
<core>NULL</core>
<MemPortIdVec></MemPortIdVec>
<condition id="-1">
<or_exp><and_exp></and_exp></or_exp>
</condition>

<Node id="21" bw="64" op_0_bw="64" op_1_bw="0">
<![CDATA[
.loopexit:3  %activations_0_0_loa = load double* %activations_0_0

]]></Node>
<StgValue><ssdm name="activations_0_0_loa"/></StgValue>
</operation>

<operation id="37" st_id="2" stage="1" lat="1">
<core>Cmp</core>
<MemPortIdVec></MemPortIdVec>
<condition id="-1">
<or_exp><and_exp></and_exp></or_exp>
</condition>

<Node id="22" bw="1" op_0_bw="2" op_1_bw="2">
<![CDATA[
.loopexit:4  %icmp_ln66 = icmp eq i2 %j_0, -1

]]></Node>
<StgValue><ssdm name="icmp_ln66"/></StgValue>
</operation>

<operation id="38" st_id="2" stage="1" lat="1">
<core>NULL</core>
<MemPortIdVec></MemPortIdVec>
<condition id="-1">
<or_exp><and_exp></and_exp></or_exp>
</condition>

<Node id="23" bw="32" op_0_bw="32" op_1_bw="64" op_2_bw="64" op_3_bw="64">
<![CDATA[
.loopexit:5  %empty = call i32 (...)* @_ssdm_op_SpecLoopTripCount(i64 3, i64 3, i64 3)

]]></Node>
<StgValue><ssdm name="empty"/></StgValue>
</operation>

<operation id="39" st_id="2" stage="1" lat="1">
<core>AddSub</core>
<MemPortIdVec></MemPortIdVec>
<condition id="-1">
<or_exp><and_exp></and_exp></or_exp>
</condition>

<Node id="24" bw="2" op_0_bw="2" op_1_bw="2">
<![CDATA[
.loopexit:6  %j = add i2 %j_0, 1

]]></Node>
<StgValue><ssdm name="j"/></StgValue>
</operation>

<operation id="40" st_id="2" stage="1" lat="1">
<core>NULL</core>
<MemPortIdVec></MemPortIdVec>
<condition id="-1">
<or_exp><and_exp></and_exp></or_exp>
</condition>

<Node id="25" bw="0" op_0_bw="1" op_1_bw="0" op_2_bw="0">
<![CDATA[
.loopexit:7  br i1 %icmp_ln66, label %.preheader.preheader, label %branch3

]]></Node>
<StgValue><ssdm name="br_ln66"/></StgValue>
</operation>

<operation id="41" st_id="2" stage="1" lat="1">
<core>Cmp</core>
<MemPortIdVec></MemPortIdVec>
<condition id="-1">
<or_exp><and_exp><literal name="icmp_ln66" val="0"/>
</and_exp></or_exp>
</condition>

<Node id="27" bw="1" op_0_bw="2" op_1_bw="2">
<![CDATA[
branch3:0  %icmp_ln67 = icmp eq i2 %j_0, 0

]]></Node>
<StgValue><ssdm name="icmp_ln67"/></StgValue>
</operation>

<operation id="42" st_id="2" stage="1" lat="1">
<core>Sel</core>
<MemPortIdVec></MemPortIdVec>
<condition id="-1">
<or_exp><and_exp><literal name="icmp_ln66" val="0"/>
</and_exp></or_exp>
</condition>

<Node id="28" bw="64" op_0_bw="1" op_1_bw="64" op_2_bw="64">
<![CDATA[
branch3:1  %select_ln67 = select i1 %icmp_ln67, double %activations_2_0_loa, double 0.000000e+00

]]></Node>
<StgValue><ssdm name="select_ln67"/></StgValue>
</operation>

<operation id="43" st_id="2" stage="1" lat="1">
<core>Cmp</core>
<MemPortIdVec></MemPortIdVec>
<condition id="-1">
<or_exp><and_exp><literal name="icmp_ln66" val="0"/>
</and_exp></or_exp>
</condition>

<Node id="29" bw="1" op_0_bw="2" op_1_bw="2">
<![CDATA[
branch3:2  %icmp_ln67_1 = icmp eq i2 %j_0, 1

]]></Node>
<StgValue><ssdm name="icmp_ln67_1"/></StgValue>
</operation>

<operation id="44" st_id="2" stage="1" lat="1">
<core>Sel</core>
<MemPortIdVec></MemPortIdVec>
<condition id="-1">
<or_exp><and_exp><literal name="icmp_ln66" val="0"/>
</and_exp></or_exp>
</condition>

<Node id="30" bw="64" op_0_bw="1" op_1_bw="64" op_2_bw="64">
<![CDATA[
branch3:3  %activations_2_1 = select i1 %icmp_ln67_1, double %activations_2_0_loa, double %select_ln67

]]></Node>
<StgValue><ssdm name="activations_2_1"/></StgValue>
</operation>

<operation id="45" st_id="2" stage="1" lat="1">
<core>Sel</core>
<MemPortIdVec></MemPortIdVec>
<condition id="-1">
<or_exp><and_exp><literal name="icmp_ln66" val="0"/>
</and_exp></or_exp>
</condition>

<Node id="31" bw="64" op_0_bw="1" op_1_bw="64" op_2_bw="64">
<![CDATA[
branch3:4  %activations_1_1 = select i1 %icmp_ln67_1, double 0.000000e+00, double %activations_1_0_loa

]]></Node>
<StgValue><ssdm name="activations_1_1"/></StgValue>
</operation>

<operation id="46" st_id="2" stage="1" lat="1">
<core>Sel</core>
<MemPortIdVec></MemPortIdVec>
<condition id="-1">
<or_exp><and_exp><literal name="icmp_ln66" val="0"/>
</and_exp></or_exp>
</condition>

<Node id="32" bw="64" op_0_bw="1" op_1_bw="64" op_2_bw="64">
<![CDATA[
branch3:5  %select_ln67_1 = select i1 %icmp_ln67, double 0.000000e+00, double %activations_0_0_loa

]]></Node>
<StgValue><ssdm name="select_ln67_1"/></StgValue>
</operation>

<operation id="47" st_id="2" stage="1" lat="1">
<core>Sel</core>
<MemPortIdVec></MemPortIdVec>
<condition id="-1">
<or_exp><and_exp><literal name="icmp_ln66" val="0"/>
</and_exp></or_exp>
</condition>

<Node id="33" bw="64" op_0_bw="1" op_1_bw="64" op_2_bw="64">
<![CDATA[
branch3:6  %activations_0_1 = select i1 %icmp_ln67_1, double %activations_0_0_loa, double %select_ln67_1

]]></Node>
<StgValue><ssdm name="activations_0_1"/></StgValue>
</operation>

<operation id="48" st_id="2" stage="1" lat="1">
<core>NULL</core>
<MemPortIdVec></MemPortIdVec>
<condition id="-1">
<or_exp><and_exp><literal name="icmp_ln66" val="0"/>
</and_exp></or_exp>
</condition>

<Node id="34" bw="8" op_0_bw="8" op_1_bw="2" op_2_bw="6">
<![CDATA[
branch3:7  %shl_ln = call i8 @_ssdm_op_BitConcatenate.i8.i2.i6(i2 %j_0, i6 0)

]]></Node>
<StgValue><ssdm name="shl_ln"/></StgValue>
</operation>

<operation id="49" st_id="2" stage="1" lat="1">
<core>NULL</core>
<MemPortIdVec></MemPortIdVec>
<condition id="-1">
<or_exp><and_exp><literal name="icmp_ln66" val="0"/>
</and_exp></or_exp>
</condition>

<Node id="35" bw="0" op_0_bw="64" op_1_bw="64" op_2_bw="0" op_3_bw="64">
<![CDATA[
branch3:8  store double %activations_0_1, double* %activations_0_0

]]></Node>
<StgValue><ssdm name="store_ln68"/></StgValue>
</operation>

<operation id="50" st_id="2" stage="1" lat="1">
<core>NULL</core>
<MemPortIdVec></MemPortIdVec>
<condition id="-1">
<or_exp><and_exp><literal name="icmp_ln66" val="0"/>
</and_exp></or_exp>
</condition>

<Node id="36" bw="0" op_0_bw="64" op_1_bw="64" op_2_bw="0" op_3_bw="64">
<![CDATA[
branch3:9  store double %activations_1_1, double* %activations_1_0

]]></Node>
<StgValue><ssdm name="store_ln68"/></StgValue>
</operation>

<operation id="51" st_id="2" stage="1" lat="1">
<core>NULL</core>
<MemPortIdVec></MemPortIdVec>
<condition id="-1">
<or_exp><and_exp><literal name="icmp_ln66" val="0"/>
</and_exp></or_exp>
</condition>

<Node id="37" bw="0" op_0_bw="64" op_1_bw="64" op_2_bw="0" op_3_bw="64">
<![CDATA[
branch3:10  store double %activations_2_1, double* %activations_2_0

]]></Node>
<StgValue><ssdm name="store_ln68"/></StgValue>
</operation>

<operation id="52" st_id="2" stage="1" lat="1">
<core>NULL</core>
<MemPortIdVec></MemPortIdVec>
<condition id="-1">
<or_exp><and_exp><literal name="icmp_ln66" val="0"/>
</and_exp></or_exp>
</condition>

<Node id="38" bw="0" op_0_bw="0">
<![CDATA[
branch3:11  br label %1

]]></Node>
<StgValue><ssdm name="br_ln68"/></StgValue>
</operation>

<operation id="53" st_id="2" stage="1" lat="1">
<core>NULL</core>
<MemPortIdVec></MemPortIdVec>
<condition id="-1">
<or_exp><and_exp><literal name="icmp_ln66" val="1"/>
</and_exp></or_exp>
</condition>

<Node id="72" bw="0" op_0_bw="0">
<![CDATA[
.preheader.preheader:0  br label %.preheader

]]></Node>
<StgValue><ssdm name="br_ln0"/></StgValue>
</operation>
</state>

<state id="3" st_id="3">

<operation id="54" st_id="3" stage="1" lat="1">
<core>NULL</core>
<MemPortIdVec></MemPortIdVec>
<condition id="-1">
<or_exp><and_exp></and_exp></or_exp>
</condition>

<Node id="40" bw="64" op_0_bw="64" op_1_bw="0" op_2_bw="64" op_3_bw="0">
<![CDATA[
:0  %empty_23 = phi double [ 0.000000e+00, %branch3 ], [ %tmp_s, %branch0 ]

]]></Node>
<StgValue><ssdm name="empty_23"/></StgValue>
</operation>

<operation id="55" st_id="3" stage="1" lat="1">
<core>NULL</core>
<MemPortIdVec></MemPortIdVec>
<condition id="-1">
<or_exp><and_exp></and_exp></or_exp>
</condition>

<Node id="41" bw="7" op_0_bw="7" op_1_bw="0" op_2_bw="7" op_3_bw="0">
<![CDATA[
:1  %i_0 = phi i7 [ 0, %branch3 ], [ %i_34, %branch0 ]

]]></Node>
<StgValue><ssdm name="i_0"/></StgValue>
</operation>

<operation id="56" st_id="3" stage="1" lat="1">
<core>NULL</core>
<MemPortIdVec></MemPortIdVec>
<condition id="-1">
<or_exp><and_exp></and_exp></or_exp>
</condition>

<Node id="42" bw="8" op_0_bw="7">
<![CDATA[
:2  %zext_ln68 = zext i7 %i_0 to i8

]]></Node>
<StgValue><ssdm name="zext_ln68"/></StgValue>
</operation>

<operation id="57" st_id="3" stage="1" lat="1">
<core>Cmp</core>
<MemPortIdVec></MemPortIdVec>
<condition id="-1">
<or_exp><and_exp></and_exp></or_exp>
</condition>

<Node id="43" bw="1" op_0_bw="7" op_1_bw="7">
<![CDATA[
:3  %icmp_ln68 = icmp eq i7 %i_0, -64

]]></Node>
<StgValue><ssdm name="icmp_ln68"/></StgValue>
</operation>

<operation id="58" st_id="3" stage="1" lat="1">
<core>NULL</core>
<MemPortIdVec></MemPortIdVec>
<condition id="-1">
<or_exp><and_exp></and_exp></or_exp>
</condition>

<Node id="44" bw="32" op_0_bw="32" op_1_bw="64" op_2_bw="64" op_3_bw="64">
<![CDATA[
:4  %empty_24 = call i32 (...)* @_ssdm_op_SpecLoopTripCount(i64 64, i64 64, i64 64)

]]></Node>
<StgValue><ssdm name="empty_24"/></StgValue>
</operation>

<operation id="59" st_id="3" stage="1" lat="1">
<core>AddSub</core>
<MemPortIdVec></MemPortIdVec>
<condition id="-1">
<or_exp><and_exp></and_exp></or_exp>
</condition>

<Node id="45" bw="7" op_0_bw="7" op_1_bw="7">
<![CDATA[
:5  %i_34 = add i7 %i_0, 1

]]></Node>
<StgValue><ssdm name="i_34"/></StgValue>
</operation>

<operation id="60" st_id="3" stage="1" lat="1">
<core>NULL</core>
<MemPortIdVec></MemPortIdVec>
<condition id="-1">
<or_exp><and_exp></and_exp></or_exp>
</condition>

<Node id="46" bw="0" op_0_bw="1" op_1_bw="0" op_2_bw="0">
<![CDATA[
:6  br i1 %icmp_ln68, label %.loopexit.loopexit, label %branch0

]]></Node>
<StgValue><ssdm name="br_ln68"/></StgValue>
</operation>

<operation id="61" st_id="3" stage="1" lat="1">
<core>AddSub</core>
<MemPortIdVec></MemPortIdVec>
<condition id="-1">
<or_exp><and_exp><literal name="icmp_ln68" val="0"/>
</and_exp></or_exp>
</condition>

<Node id="51" bw="8" op_0_bw="8" op_1_bw="8">
<![CDATA[
branch0:3  %add_ln69 = add i8 %shl_ln, %zext_ln68

]]></Node>
<StgValue><ssdm name="add_ln69"/></StgValue>
</operation>

<operation id="62" st_id="3" stage="1" lat="1">
<core>NULL</core>
<MemPortIdVec></MemPortIdVec>
<condition id="-1">
<or_exp><and_exp><literal name="icmp_ln68" val="0"/>
</and_exp></or_exp>
</condition>

<Node id="52" bw="64" op_0_bw="8">
<![CDATA[
branch0:4  %zext_ln69 = zext i8 %add_ln69 to i64

]]></Node>
<StgValue><ssdm name="zext_ln69"/></StgValue>
</operation>

<operation id="63" st_id="3" stage="1" lat="1">
<core>NULL</core>
<MemPortIdVec></MemPortIdVec>
<condition id="-1">
<or_exp><and_exp><literal name="icmp_ln68" val="0"/>
</and_exp></or_exp>
</condition>

<Node id="53" bw="8" op_0_bw="64" op_1_bw="64" op_2_bw="64">
<![CDATA[
branch0:5  %weights_addr = getelementptr [192 x double]* %weights, i64 0, i64 %zext_ln69

]]></Node>
<StgValue><ssdm name="weights_addr"/></StgValue>
</operation>

<operation id="64" st_id="3" stage="2" lat="2">
<core>RAM</core>
<MemPortIdVec>0 </MemPortIdVec>
<condition id="-1">
<or_exp><and_exp><literal name="icmp_ln68" val="0"/>
</and_exp></or_exp>
</condition>

<Node id="54" bw="64" op_0_bw="8">
<![CDATA[
branch0:6  %weights_load = load double* %weights_addr, align 8

]]></Node>
<StgValue><ssdm name="weights_load"/></StgValue>
</operation>

<operation id="65" st_id="3" stage="1" lat="1">
<core>NULL</core>
<MemPortIdVec></MemPortIdVec>
<condition id="-1">
<or_exp><and_exp><literal name="icmp_ln68" val="0"/>
</and_exp></or_exp>
</condition>

<Node id="55" bw="64" op_0_bw="7">
<![CDATA[
branch0:7  %zext_ln69_1 = zext i7 %i_0 to i64

]]></Node>
<StgValue><ssdm name="zext_ln69_1"/></StgValue>
</operation>

<operation id="66" st_id="3" stage="1" lat="1">
<core>NULL</core>
<MemPortIdVec></MemPortIdVec>
<condition id="-1">
<or_exp><and_exp><literal name="icmp_ln68" val="0"/>
</and_exp></or_exp>
</condition>

<Node id="56" bw="6" op_0_bw="64" op_1_bw="64" op_2_bw="64">
<![CDATA[
branch0:8  %input_activations_ad = getelementptr [64 x double]* %input_activations, i64 0, i64 %zext_ln69_1

]]></Node>
<StgValue><ssdm name="input_activations_ad"/></StgValue>
</operation>

<operation id="67" st_id="3" stage="2" lat="2">
<core>RAM</core>
<MemPortIdVec>0 </MemPortIdVec>
<condition id="-1">
<or_exp><and_exp><literal name="icmp_ln68" val="0"/>
</and_exp></or_exp>
</condition>

<Node id="57" bw="64" op_0_bw="6">
<![CDATA[
branch0:9  %input_activations_lo = load double* %input_activations_ad, align 8

]]></Node>
<StgValue><ssdm name="input_activations_lo"/></StgValue>
</operation>

<operation id="68" st_id="3" stage="1" lat="1">
<core>NULL</core>
<MemPortIdVec></MemPortIdVec>
<condition id="-1">
<or_exp><and_exp><literal name="icmp_ln68" val="1"/>
</and_exp></or_exp>
</condition>

<Node id="70" bw="0" op_0_bw="0">
<![CDATA[
.loopexit.loopexit:0  br label %.loopexit

]]></Node>
<StgValue><ssdm name="br_ln0"/></StgValue>
</operation>
</state>

<state id="4" st_id="4">

<operation id="69" st_id="4" stage="1" lat="2">
<core>RAM</core>
<MemPortIdVec>0 </MemPortIdVec>
<condition id="-1">
<or_exp><and_exp></and_exp></or_exp>
</condition>

<Node id="54" bw="64" op_0_bw="8">
<![CDATA[
branch0:6  %weights_load = load double* %weights_addr, align 8

]]></Node>
<StgValue><ssdm name="weights_load"/></StgValue>
</operation>

<operation id="70" st_id="4" stage="1" lat="2">
<core>RAM</core>
<MemPortIdVec>0 </MemPortIdVec>
<condition id="-1">
<or_exp><and_exp></and_exp></or_exp>
</condition>

<Node id="57" bw="64" op_0_bw="6">
<![CDATA[
branch0:9  %input_activations_lo = load double* %input_activations_ad, align 8

]]></Node>
<StgValue><ssdm name="input_activations_lo"/></StgValue>
</operation>
</state>

<state id="5" st_id="5">

<operation id="71" st_id="5" stage="5" lat="5">
<core>DMul</core>
<MemPortIdVec></MemPortIdVec>
<condition id="-1">
<or_exp><and_exp></and_exp></or_exp>
</condition>

<Node id="58" bw="64" op_0_bw="64" op_1_bw="64">
<![CDATA[
branch0:10  %tmp = fmul double %weights_load, %input_activations_lo

]]></Node>
<StgValue><ssdm name="tmp"/></StgValue>
</operation>
</state>

<state id="6" st_id="6">

<operation id="72" st_id="6" stage="4" lat="5">
<core>DMul</core>
<MemPortIdVec></MemPortIdVec>
<condition id="-1">
<or_exp><and_exp></and_exp></or_exp>
</condition>

<Node id="58" bw="64" op_0_bw="64" op_1_bw="64">
<![CDATA[
branch0:10  %tmp = fmul double %weights_load, %input_activations_lo

]]></Node>
<StgValue><ssdm name="tmp"/></StgValue>
</operation>
</state>

<state id="7" st_id="7">

<operation id="73" st_id="7" stage="3" lat="5">
<core>DMul</core>
<MemPortIdVec></MemPortIdVec>
<condition id="-1">
<or_exp><and_exp></and_exp></or_exp>
</condition>

<Node id="58" bw="64" op_0_bw="64" op_1_bw="64">
<![CDATA[
branch0:10  %tmp = fmul double %weights_load, %input_activations_lo

]]></Node>
<StgValue><ssdm name="tmp"/></StgValue>
</operation>
</state>

<state id="8" st_id="8">

<operation id="74" st_id="8" stage="2" lat="5">
<core>DMul</core>
<MemPortIdVec></MemPortIdVec>
<condition id="-1">
<or_exp><and_exp></and_exp></or_exp>
</condition>

<Node id="58" bw="64" op_0_bw="64" op_1_bw="64">
<![CDATA[
branch0:10  %tmp = fmul double %weights_load, %input_activations_lo

]]></Node>
<StgValue><ssdm name="tmp"/></StgValue>
</operation>
</state>

<state id="9" st_id="9">

<operation id="75" st_id="9" stage="1" lat="5">
<core>DMul</core>
<MemPortIdVec></MemPortIdVec>
<condition id="-1">
<or_exp><and_exp></and_exp></or_exp>
</condition>

<Node id="58" bw="64" op_0_bw="64" op_1_bw="64">
<![CDATA[
branch0:10  %tmp = fmul double %weights_load, %input_activations_lo

]]></Node>
<StgValue><ssdm name="tmp"/></StgValue>
</operation>
</state>

<state id="10" st_id="10">

<operation id="76" st_id="10" stage="5" lat="5">
<core>DAddSub</core>
<MemPortIdVec></MemPortIdVec>
<condition id="-1">
<or_exp><and_exp></and_exp></or_exp>
</condition>

<Node id="59" bw="64" op_0_bw="64" op_1_bw="64">
<![CDATA[
branch0:11  %tmp_s = fadd double %empty_23, %tmp

]]></Node>
<StgValue><ssdm name="tmp_s"/></StgValue>
</operation>
</state>

<state id="11" st_id="11">

<operation id="77" st_id="11" stage="4" lat="5">
<core>DAddSub</core>
<MemPortIdVec></MemPortIdVec>
<condition id="-1">
<or_exp><and_exp></and_exp></or_exp>
</condition>

<Node id="59" bw="64" op_0_bw="64" op_1_bw="64">
<![CDATA[
branch0:11  %tmp_s = fadd double %empty_23, %tmp

]]></Node>
<StgValue><ssdm name="tmp_s"/></StgValue>
</operation>
</state>

<state id="12" st_id="12">

<operation id="78" st_id="12" stage="3" lat="5">
<core>DAddSub</core>
<MemPortIdVec></MemPortIdVec>
<condition id="-1">
<or_exp><and_exp></and_exp></or_exp>
</condition>

<Node id="59" bw="64" op_0_bw="64" op_1_bw="64">
<![CDATA[
branch0:11  %tmp_s = fadd double %empty_23, %tmp

]]></Node>
<StgValue><ssdm name="tmp_s"/></StgValue>
</operation>
</state>

<state id="13" st_id="13">

<operation id="79" st_id="13" stage="2" lat="5">
<core>DAddSub</core>
<MemPortIdVec></MemPortIdVec>
<condition id="-1">
<or_exp><and_exp></and_exp></or_exp>
</condition>

<Node id="59" bw="64" op_0_bw="64" op_1_bw="64">
<![CDATA[
branch0:11  %tmp_s = fadd double %empty_23, %tmp

]]></Node>
<StgValue><ssdm name="tmp_s"/></StgValue>
</operation>
</state>

<state id="14" st_id="14">

<operation id="80" st_id="14" stage="1" lat="5">
<core>DAddSub</core>
<MemPortIdVec></MemPortIdVec>
<condition id="-1">
<or_exp><and_exp></and_exp></or_exp>
</condition>

<Node id="59" bw="64" op_0_bw="64" op_1_bw="64">
<![CDATA[
branch0:11  %tmp_s = fadd double %empty_23, %tmp

]]></Node>
<StgValue><ssdm name="tmp_s"/></StgValue>
</operation>
</state>

<state id="15" st_id="15">

<operation id="81" st_id="15" stage="1" lat="1">
<core>NULL</core>
<MemPortIdVec></MemPortIdVec>
<condition id="-1">
<or_exp><and_exp></and_exp></or_exp>
</condition>

<Node id="48" bw="64" op_0_bw="64" op_1_bw="0" op_2_bw="0">
<![CDATA[
branch0:0  %activations_2_0_loa_1 = load double* %activations_2_0

]]></Node>
<StgValue><ssdm name="activations_2_0_loa_1"/></StgValue>
</operation>

<operation id="82" st_id="15" stage="1" lat="1">
<core>NULL</core>
<MemPortIdVec></MemPortIdVec>
<condition id="-1">
<or_exp><and_exp><literal name="icmp_ln67_1" val="0"/>
</and_exp></or_exp>
</condition>

<Node id="49" bw="64" op_0_bw="64" op_1_bw="0" op_2_bw="0">
<![CDATA[
branch0:1  %activations_1_0_loa_1 = load double* %activations_1_0

]]></Node>
<StgValue><ssdm name="activations_1_0_loa_1"/></StgValue>
</operation>

<operation id="83" st_id="15" stage="1" lat="1">
<core>NULL</core>
<MemPortIdVec></MemPortIdVec>
<condition id="-1">
<or_exp><and_exp></and_exp></or_exp>
</condition>

<Node id="50" bw="64" op_0_bw="64" op_1_bw="0" op_2_bw="0">
<![CDATA[
branch0:2  %activations_0_0_loa_1 = load double* %activations_0_0

]]></Node>
<StgValue><ssdm name="activations_0_0_loa_1"/></StgValue>
</operation>

<operation id="84" st_id="15" stage="1" lat="1">
<core>Sel</core>
<MemPortIdVec></MemPortIdVec>
<condition id="-1">
<or_exp><and_exp><literal name="icmp_ln67_1" val="0"/>
</and_exp></or_exp>
</condition>

<Node id="60" bw="64" op_0_bw="1" op_1_bw="64" op_2_bw="64">
<![CDATA[
branch0:12  %select_ln69 = select i1 %icmp_ln67, double %activations_2_0_loa_1, double %tmp_s

]]></Node>
<StgValue><ssdm name="select_ln69"/></StgValue>
</operation>

<operation id="85" st_id="15" stage="1" lat="1">
<core>Sel</core>
<MemPortIdVec></MemPortIdVec>
<condition id="-1">
<or_exp><and_exp></and_exp></or_exp>
</condition>

<Node id="61" bw="64" op_0_bw="1" op_1_bw="64" op_2_bw="64">
<![CDATA[
branch0:13  %activations_2_3 = select i1 %icmp_ln67_1, double %activations_2_0_loa_1, double %select_ln69

]]></Node>
<StgValue><ssdm name="activations_2_3"/></StgValue>
</operation>

<operation id="86" st_id="15" stage="1" lat="1">
<core>Sel</core>
<MemPortIdVec></MemPortIdVec>
<condition id="-1">
<or_exp><and_exp></and_exp></or_exp>
</condition>

<Node id="62" bw="64" op_0_bw="1" op_1_bw="64" op_2_bw="64">
<![CDATA[
branch0:14  %activations_1_3 = select i1 %icmp_ln67_1, double %tmp_s, double %activations_1_0_loa_1

]]></Node>
<StgValue><ssdm name="activations_1_3"/></StgValue>
</operation>

<operation id="87" st_id="15" stage="1" lat="1">
<core>Sel</core>
<MemPortIdVec></MemPortIdVec>
<condition id="-1">
<or_exp><and_exp><literal name="icmp_ln67_1" val="0"/>
</and_exp></or_exp>
</condition>

<Node id="63" bw="64" op_0_bw="1" op_1_bw="64" op_2_bw="64">
<![CDATA[
branch0:15  %select_ln69_1 = select i1 %icmp_ln67, double %tmp_s, double %activations_0_0_loa_1

]]></Node>
<StgValue><ssdm name="select_ln69_1"/></StgValue>
</operation>

<operation id="88" st_id="15" stage="1" lat="1">
<core>Sel</core>
<MemPortIdVec></MemPortIdVec>
<condition id="-1">
<or_exp><and_exp></and_exp></or_exp>
</condition>

<Node id="64" bw="64" op_0_bw="1" op_1_bw="64" op_2_bw="64">
<![CDATA[
branch0:16  %activations_0_3 = select i1 %icmp_ln67_1, double %activations_0_0_loa_1, double %select_ln69_1

]]></Node>
<StgValue><ssdm name="activations_0_3"/></StgValue>
</operation>

<operation id="89" st_id="15" stage="1" lat="1">
<core>NULL</core>
<MemPortIdVec></MemPortIdVec>
<condition id="-1">
<or_exp><and_exp></and_exp></or_exp>
</condition>

<Node id="65" bw="0" op_0_bw="64" op_1_bw="64" op_2_bw="64" op_3_bw="0" op_4_bw="64" op_5_bw="0">
<![CDATA[
branch0:17  store double %activations_0_3, double* %activations_0_0

]]></Node>
<StgValue><ssdm name="store_ln68"/></StgValue>
</operation>

<operation id="90" st_id="15" stage="1" lat="1">
<core>NULL</core>
<MemPortIdVec></MemPortIdVec>
<condition id="-1">
<or_exp><and_exp></and_exp></or_exp>
</condition>

<Node id="66" bw="0" op_0_bw="64" op_1_bw="64" op_2_bw="64" op_3_bw="0" op_4_bw="64" op_5_bw="0">
<![CDATA[
branch0:18  store double %activations_1_3, double* %activations_1_0

]]></Node>
<StgValue><ssdm name="store_ln68"/></StgValue>
</operation>

<operation id="91" st_id="15" stage="1" lat="1">
<core>NULL</core>
<MemPortIdVec></MemPortIdVec>
<condition id="-1">
<or_exp><and_exp></and_exp></or_exp>
</condition>

<Node id="67" bw="0" op_0_bw="64" op_1_bw="64" op_2_bw="64" op_3_bw="0" op_4_bw="64" op_5_bw="0">
<![CDATA[
branch0:19  store double %activations_2_3, double* %activations_2_0

]]></Node>
<StgValue><ssdm name="store_ln68"/></StgValue>
</operation>

<operation id="92" st_id="15" stage="1" lat="1">
<core>NULL</core>
<MemPortIdVec></MemPortIdVec>
<condition id="-1">
<or_exp><and_exp></and_exp></or_exp>
</condition>

<Node id="68" bw="0" op_0_bw="0">
<![CDATA[
branch0:20  br label %1

]]></Node>
<StgValue><ssdm name="br_ln68"/></StgValue>
</operation>
</state>

<state id="16" st_id="16">

<operation id="93" st_id="16" stage="1" lat="1">
<core>NULL</core>
<MemPortIdVec></MemPortIdVec>
<condition id="-1">
<or_exp><and_exp></and_exp></or_exp>
</condition>

<Node id="74" bw="64" op_0_bw="64" op_1_bw="0" op_2_bw="64" op_3_bw="0">
<![CDATA[
.preheader:0  %activations_0_4 = phi double [ %activations_0_5, %branch0.i ], [ %activations_0_0_loa, %.preheader.preheader ]

]]></Node>
<StgValue><ssdm name="activations_0_4"/></StgValue>
</operation>

<operation id="94" st_id="16" stage="1" lat="1">
<core>NULL</core>
<MemPortIdVec></MemPortIdVec>
<condition id="-1">
<or_exp><and_exp></and_exp></or_exp>
</condition>

<Node id="75" bw="64" op_0_bw="64" op_1_bw="0" op_2_bw="64" op_3_bw="0">
<![CDATA[
.preheader:1  %activations_1_4 = phi double [ %activations_1_5, %branch0.i ], [ %activations_1_0_loa, %.preheader.preheader ]

]]></Node>
<StgValue><ssdm name="activations_1_4"/></StgValue>
</operation>

<operation id="95" st_id="16" stage="1" lat="1">
<core>NULL</core>
<MemPortIdVec></MemPortIdVec>
<condition id="-1">
<or_exp><and_exp></and_exp></or_exp>
</condition>

<Node id="76" bw="64" op_0_bw="64" op_1_bw="0" op_2_bw="64" op_3_bw="0">
<![CDATA[
.preheader:2  %activations_2_4 = phi double [ %activations_2_5, %branch0.i ], [ %activations_2_0_loa, %.preheader.preheader ]

]]></Node>
<StgValue><ssdm name="activations_2_4"/></StgValue>
</operation>

<operation id="96" st_id="16" stage="1" lat="1">
<core>NULL</core>
<MemPortIdVec></MemPortIdVec>
<condition id="-1">
<or_exp><and_exp></and_exp></or_exp>
</condition>

<Node id="77" bw="2" op_0_bw="2" op_1_bw="0" op_2_bw="2" op_3_bw="0">
<![CDATA[
.preheader:3  %i_0_i = phi i2 [ %i, %branch0.i ], [ 0, %.preheader.preheader ]

]]></Node>
<StgValue><ssdm name="i_0_i"/></StgValue>
</operation>

<operation id="97" st_id="16" stage="1" lat="1">
<core>NULL</core>
<MemPortIdVec></MemPortIdVec>
<condition id="-1">
<or_exp><and_exp></and_exp></or_exp>
</condition>

<Node id="78" bw="32" op_0_bw="32" op_1_bw="64" op_2_bw="64" op_3_bw="64">
<![CDATA[
.preheader:4  %empty_25 = call i32 (...)* @_ssdm_op_SpecLoopTripCount(i64 3, i64 3, i64 3)

]]></Node>
<StgValue><ssdm name="empty_25"/></StgValue>
</operation>

<operation id="98" st_id="16" stage="1" lat="1">
<core>Cmp</core>
<MemPortIdVec></MemPortIdVec>
<condition id="-1">
<or_exp><and_exp></and_exp></or_exp>
</condition>

<Node id="79" bw="1" op_0_bw="2" op_1_bw="2">
<![CDATA[
.preheader:5  %icmp_ln28 = icmp eq i2 %i_0_i, -1

]]></Node>
<StgValue><ssdm name="icmp_ln28"/></StgValue>
</operation>

<operation id="99" st_id="16" stage="1" lat="1">
<core>AddSub</core>
<MemPortIdVec></MemPortIdVec>
<condition id="-1">
<or_exp><and_exp></and_exp></or_exp>
</condition>

<Node id="80" bw="2" op_0_bw="2" op_1_bw="2">
<![CDATA[
.preheader:6  %i = add i2 %i_0_i, 1

]]></Node>
<StgValue><ssdm name="i"/></StgValue>
</operation>

<operation id="100" st_id="16" stage="1" lat="1">
<core>NULL</core>
<MemPortIdVec></MemPortIdVec>
<condition id="-1">
<or_exp><and_exp></and_exp></or_exp>
</condition>

<Node id="81" bw="0" op_0_bw="1" op_1_bw="0" op_2_bw="0">
<![CDATA[
.preheader:7  br i1 %icmp_ln28, label %add_bias_to_activations.1.exit, label %branch0.i

]]></Node>
<StgValue><ssdm name="br_ln28"/></StgValue>
</operation>

<operation id="101" st_id="16" stage="1" lat="1">
<core>NULL</core>
<MemPortIdVec></MemPortIdVec>
<condition id="-1">
<or_exp><and_exp><literal name="icmp_ln28" val="0"/>
</and_exp></or_exp>
</condition>

<Node id="83" bw="64" op_0_bw="2">
<![CDATA[
branch0.i:0  %zext_ln29 = zext i2 %i_0_i to i64

]]></Node>
<StgValue><ssdm name="zext_ln29"/></StgValue>
</operation>

<operation id="102" st_id="16" stage="1" lat="1">
<core>NULL</core>
<MemPortIdVec></MemPortIdVec>
<condition id="-1">
<or_exp><and_exp><literal name="icmp_ln28" val="0"/>
</and_exp></or_exp>
</condition>

<Node id="85" bw="2" op_0_bw="64" op_1_bw="64" op_2_bw="64">
<![CDATA[
branch0.i:2  %biases_addr = getelementptr [3 x double]* %biases, i64 0, i64 %zext_ln29

]]></Node>
<StgValue><ssdm name="biases_addr"/></StgValue>
</operation>

<operation id="103" st_id="16" stage="2" lat="2">
<core>RAM</core>
<MemPortIdVec>0 </MemPortIdVec>
<condition id="-1">
<or_exp><and_exp><literal name="icmp_ln28" val="0"/>
</and_exp></or_exp>
</condition>

<Node id="86" bw="64" op_0_bw="2">
<![CDATA[
branch0.i:3  %biases_load = load double* %biases_addr, align 8

]]></Node>
<StgValue><ssdm name="biases_load"/></StgValue>
</operation>

<operation id="104" st_id="16" stage="1" lat="1">
<core>NULL</core>
<MemPortIdVec></MemPortIdVec>
<condition id="-1">
<or_exp><and_exp><literal name="icmp_ln28" val="1"/>
</and_exp></or_exp>
</condition>

<Node id="97" bw="192" op_0_bw="192" op_1_bw="64">
<![CDATA[
add_bias_to_activations.1.exit:0  %mrv = insertvalue { double, double, double } undef, double %activations_0_4, 0

]]></Node>
<StgValue><ssdm name="mrv"/></StgValue>
</operation>

<operation id="105" st_id="16" stage="1" lat="1">
<core>NULL</core>
<MemPortIdVec></MemPortIdVec>
<condition id="-1">
<or_exp><and_exp><literal name="icmp_ln28" val="1"/>
</and_exp></or_exp>
</condition>

<Node id="98" bw="192" op_0_bw="192" op_1_bw="64">
<![CDATA[
add_bias_to_activations.1.exit:1  %mrv_1 = insertvalue { double, double, double } %mrv, double %activations_1_4, 1

]]></Node>
<StgValue><ssdm name="mrv_1"/></StgValue>
</operation>

<operation id="106" st_id="16" stage="1" lat="1">
<core>NULL</core>
<MemPortIdVec></MemPortIdVec>
<condition id="-1">
<or_exp><and_exp><literal name="icmp_ln28" val="1"/>
</and_exp></or_exp>
</condition>

<Node id="99" bw="192" op_0_bw="192" op_1_bw="64">
<![CDATA[
add_bias_to_activations.1.exit:2  %mrv_2 = insertvalue { double, double, double } %mrv_1, double %activations_2_4, 2

]]></Node>
<StgValue><ssdm name="mrv_2"/></StgValue>
</operation>

<operation id="107" st_id="16" stage="1" lat="1">
<core>NULL</core>
<MemPortIdVec></MemPortIdVec>
<condition id="-1">
<or_exp><and_exp><literal name="icmp_ln28" val="1"/>
</and_exp></or_exp>
</condition>

<Node id="100" bw="0" op_0_bw="192">
<![CDATA[
add_bias_to_activations.1.exit:3  ret { double, double, double } %mrv_2

]]></Node>
<StgValue><ssdm name="ret_ln73"/></StgValue>
</operation>
</state>

<state id="17" st_id="17">

<operation id="108" st_id="17" stage="1" lat="1">
<core>MuxnS</core>
<MemPortIdVec></MemPortIdVec>
<condition id="-1">
<or_exp><and_exp></and_exp></or_exp>
</condition>

<Node id="84" bw="64" op_0_bw="64" op_1_bw="64" op_2_bw="64" op_3_bw="64" op_4_bw="2">
<![CDATA[
branch0.i:1  %tmp_25 = call double @_ssdm_op_Mux.ap_auto.3double.i2(double %activations_0_4, double %activations_1_4, double %activations_2_4, i2 %i_0_i)

]]></Node>
<StgValue><ssdm name="tmp_25"/></StgValue>
</operation>

<operation id="109" st_id="17" stage="1" lat="2">
<core>RAM</core>
<MemPortIdVec>0 </MemPortIdVec>
<condition id="-1">
<or_exp><and_exp></and_exp></or_exp>
</condition>

<Node id="86" bw="64" op_0_bw="2">
<![CDATA[
branch0.i:3  %biases_load = load double* %biases_addr, align 8

]]></Node>
<StgValue><ssdm name="biases_load"/></StgValue>
</operation>
</state>

<state id="18" st_id="18">

<operation id="110" st_id="18" stage="5" lat="5">
<core>DAddSub</core>
<MemPortIdVec></MemPortIdVec>
<condition id="-1">
<or_exp><and_exp></and_exp></or_exp>
</condition>

<Node id="87" bw="64" op_0_bw="64" op_1_bw="64">
<![CDATA[
branch0.i:4  %activations_2_assig = fadd double %tmp_25, %biases_load

]]></Node>
<StgValue><ssdm name="activations_2_assig"/></StgValue>
</operation>
</state>

<state id="19" st_id="19">

<operation id="111" st_id="19" stage="4" lat="5">
<core>DAddSub</core>
<MemPortIdVec></MemPortIdVec>
<condition id="-1">
<or_exp><and_exp></and_exp></or_exp>
</condition>

<Node id="87" bw="64" op_0_bw="64" op_1_bw="64">
<![CDATA[
branch0.i:4  %activations_2_assig = fadd double %tmp_25, %biases_load

]]></Node>
<StgValue><ssdm name="activations_2_assig"/></StgValue>
</operation>
</state>

<state id="20" st_id="20">

<operation id="112" st_id="20" stage="3" lat="5">
<core>DAddSub</core>
<MemPortIdVec></MemPortIdVec>
<condition id="-1">
<or_exp><and_exp></and_exp></or_exp>
</condition>

<Node id="87" bw="64" op_0_bw="64" op_1_bw="64">
<![CDATA[
branch0.i:4  %activations_2_assig = fadd double %tmp_25, %biases_load

]]></Node>
<StgValue><ssdm name="activations_2_assig"/></StgValue>
</operation>
</state>

<state id="21" st_id="21">

<operation id="113" st_id="21" stage="2" lat="5">
<core>DAddSub</core>
<MemPortIdVec></MemPortIdVec>
<condition id="-1">
<or_exp><and_exp></and_exp></or_exp>
</condition>

<Node id="87" bw="64" op_0_bw="64" op_1_bw="64">
<![CDATA[
branch0.i:4  %activations_2_assig = fadd double %tmp_25, %biases_load

]]></Node>
<StgValue><ssdm name="activations_2_assig"/></StgValue>
</operation>
</state>

<state id="22" st_id="22">

<operation id="114" st_id="22" stage="1" lat="5">
<core>DAddSub</core>
<MemPortIdVec></MemPortIdVec>
<condition id="-1">
<or_exp><and_exp></and_exp></or_exp>
</condition>

<Node id="87" bw="64" op_0_bw="64" op_1_bw="64">
<![CDATA[
branch0.i:4  %activations_2_assig = fadd double %tmp_25, %biases_load

]]></Node>
<StgValue><ssdm name="activations_2_assig"/></StgValue>
</operation>

<operation id="115" st_id="22" stage="1" lat="1">
<core>Cmp</core>
<MemPortIdVec></MemPortIdVec>
<condition id="-1">
<or_exp><and_exp></and_exp></or_exp>
</condition>

<Node id="88" bw="1" op_0_bw="2" op_1_bw="2">
<![CDATA[
branch0.i:5  %icmp_ln29 = icmp eq i2 %i_0_i, 0

]]></Node>
<StgValue><ssdm name="icmp_ln29"/></StgValue>
</operation>

<operation id="116" st_id="22" stage="1" lat="1">
<core>Sel</core>
<MemPortIdVec></MemPortIdVec>
<condition id="-1">
<or_exp><and_exp></and_exp></or_exp>
</condition>

<Node id="89" bw="64" op_0_bw="1" op_1_bw="64" op_2_bw="64">
<![CDATA[
branch0.i:6  %select_ln29 = select i1 %icmp_ln29, double %activations_2_4, double %activations_2_assig

]]></Node>
<StgValue><ssdm name="select_ln29"/></StgValue>
</operation>

<operation id="117" st_id="22" stage="1" lat="1">
<core>Cmp</core>
<MemPortIdVec></MemPortIdVec>
<condition id="-1">
<or_exp><and_exp></and_exp></or_exp>
</condition>

<Node id="90" bw="1" op_0_bw="2" op_1_bw="2">
<![CDATA[
branch0.i:7  %icmp_ln29_1 = icmp eq i2 %i_0_i, 1

]]></Node>
<StgValue><ssdm name="icmp_ln29_1"/></StgValue>
</operation>

<operation id="118" st_id="22" stage="1" lat="1">
<core>Sel</core>
<MemPortIdVec></MemPortIdVec>
<condition id="-1">
<or_exp><and_exp></and_exp></or_exp>
</condition>

<Node id="91" bw="64" op_0_bw="1" op_1_bw="64" op_2_bw="64">
<![CDATA[
branch0.i:8  %activations_2_5 = select i1 %icmp_ln29_1, double %activations_2_4, double %select_ln29

]]></Node>
<StgValue><ssdm name="activations_2_5"/></StgValue>
</operation>

<operation id="119" st_id="22" stage="1" lat="1">
<core>Sel</core>
<MemPortIdVec></MemPortIdVec>
<condition id="-1">
<or_exp><and_exp></and_exp></or_exp>
</condition>

<Node id="92" bw="64" op_0_bw="1" op_1_bw="64" op_2_bw="64">
<![CDATA[
branch0.i:9  %activations_1_5 = select i1 %icmp_ln29_1, double %activations_2_assig, double %activations_1_4

]]></Node>
<StgValue><ssdm name="activations_1_5"/></StgValue>
</operation>

<operation id="120" st_id="22" stage="1" lat="1">
<core>Sel</core>
<MemPortIdVec></MemPortIdVec>
<condition id="-1">
<or_exp><and_exp></and_exp></or_exp>
</condition>

<Node id="93" bw="64" op_0_bw="1" op_1_bw="64" op_2_bw="64">
<![CDATA[
branch0.i:10  %select_ln29_1 = select i1 %icmp_ln29, double %activations_2_assig, double %activations_0_4

]]></Node>
<StgValue><ssdm name="select_ln29_1"/></StgValue>
</operation>

<operation id="121" st_id="22" stage="1" lat="1">
<core>Sel</core>
<MemPortIdVec></MemPortIdVec>
<condition id="-1">
<or_exp><and_exp></and_exp></or_exp>
</condition>

<Node id="94" bw="64" op_0_bw="1" op_1_bw="64" op_2_bw="64">
<![CDATA[
branch0.i:11  %activations_0_5 = select i1 %icmp_ln29_1, double %activations_0_4, double %select_ln29_1

]]></Node>
<StgValue><ssdm name="activations_0_5"/></StgValue>
</operation>

<operation id="122" st_id="22" stage="1" lat="1">
<core>NULL</core>
<MemPortIdVec></MemPortIdVec>
<condition id="-1">
<or_exp><and_exp></and_exp></or_exp>
</condition>

<Node id="95" bw="0" op_0_bw="0">
<![CDATA[
branch0.i:12  br label %.preheader

]]></Node>
<StgValue><ssdm name="br_ln28"/></StgValue>
</operation>
</state>
</state_list>


<ports>
<port id="149" name="biases" dir="0" iftype="1">
<core>RAM</core><StgValue><ssdm name="biases"/><MemPortTyVec>1 3 </MemPortTyVec>
</StgValue>
</port>
<port id="150" name="weights" dir="0" iftype="1">
<core>RAM</core><StgValue><ssdm name="weights"/><MemPortTyVec>1 3 </MemPortTyVec>
</StgValue>
</port>
<port id="151" name="activations_0_read" dir="0" iftype="0">
<core>NULL</core><StgValue><ssdm name="activations_0_read"/></StgValue>
</port>
<port id="152" name="activations_1_read" dir="0" iftype="0">
<core>NULL</core><StgValue><ssdm name="activations_1_read"/></StgValue>
</port>
<port id="153" name="activations_2_read" dir="0" iftype="0">
<core>NULL</core><StgValue><ssdm name="activations_2_read"/></StgValue>
</port>
<port id="154" name="input_activations" dir="0" iftype="1">
<core>RAM</core><StgValue><ssdm name="input_activations"/><MemPortTyVec>1 3 </MemPortTyVec>
</StgValue>
</port>
</ports>


<dataflows>
<dataflow id="156" from="StgValue_155" to="activations_2_0" fromId="155" toId="23">
</dataflow>
<dataflow id="157" from="StgValue_155" to="activations_1_0" fromId="155" toId="24">
</dataflow>
<dataflow id="158" from="StgValue_155" to="activations_0_0" fromId="155" toId="25">
</dataflow>
<dataflow id="160" from="_ssdm_op_Read.ap_auto.double" to="activations_2_read_2" fromId="159" toId="26">
</dataflow>
<dataflow id="161" from="activations_2_read" to="activations_2_read_2" fromId="153" toId="26">
</dataflow>
<dataflow id="162" from="_ssdm_op_Read.ap_auto.double" to="activations_1_read_2" fromId="159" toId="27">
</dataflow>
<dataflow id="163" from="activations_1_read" to="activations_1_read_2" fromId="152" toId="27">
</dataflow>
<dataflow id="164" from="_ssdm_op_Read.ap_auto.double" to="activations_0_read_2" fromId="159" toId="28">
</dataflow>
<dataflow id="165" from="activations_0_read" to="activations_0_read_2" fromId="151" toId="28">
</dataflow>
<dataflow id="166" from="activations_0_read_2" to="store_ln66" fromId="28" toId="29">
</dataflow>
<dataflow id="167" from="activations_0_0" to="store_ln66" fromId="25" toId="29">
</dataflow>
<dataflow id="168" from="activations_1_read_2" to="store_ln66" fromId="27" toId="30">
</dataflow>
<dataflow id="169" from="activations_1_0" to="store_ln66" fromId="24" toId="30">
</dataflow>
<dataflow id="170" from="activations_2_read_2" to="store_ln66" fromId="26" toId="31">
</dataflow>
<dataflow id="171" from="activations_2_0" to="store_ln66" fromId="23" toId="31">
</dataflow>
<dataflow id="173" from="StgValue_172" to="j_0" fromId="172" toId="33">
<condition id="-1">
<or_exp><and_exp></and_exp></or_exp>
</condition>
</dataflow>
<dataflow id="174" from="br_ln66" to="j_0" fromId="32" toId="33">
</dataflow>
<dataflow id="175" from="j" to="j_0" fromId="39" toId="33">
<BackEdge/>
<condition id="-1">
<or_exp><and_exp><literal name="icmp_ln68" val="1"/>
</and_exp></or_exp>
</condition>
</dataflow>
<dataflow id="176" from="br_ln0" to="j_0" fromId="68" toId="33">
<BackEdge/>
</dataflow>
<dataflow id="177" from="activations_2_0" to="activations_2_0_loa" fromId="23" toId="34">
</dataflow>
<dataflow id="178" from="activations_1_0" to="activations_1_0_loa" fromId="24" toId="35">
</dataflow>
<dataflow id="179" from="activations_0_0" to="activations_0_0_loa" fromId="25" toId="36">
</dataflow>
<dataflow id="180" from="j_0" to="icmp_ln66" fromId="33" toId="37">
</dataflow>
<dataflow id="182" from="StgValue_181" to="icmp_ln66" fromId="181" toId="37">
</dataflow>
<dataflow id="184" from="_ssdm_op_SpecLoopTripCount" to="empty" fromId="183" toId="38">
</dataflow>
<dataflow id="186" from="StgValue_185" to="empty" fromId="185" toId="38">
</dataflow>
<dataflow id="187" from="StgValue_185" to="empty" fromId="185" toId="38">
</dataflow>
<dataflow id="188" from="StgValue_185" to="empty" fromId="185" toId="38">
</dataflow>
<dataflow id="189" from="j_0" to="j" fromId="33" toId="39">
</dataflow>
<dataflow id="191" from="StgValue_190" to="j" fromId="190" toId="39">
</dataflow>
<dataflow id="192" from="icmp_ln66" to="br_ln66" fromId="37" toId="40">
</dataflow>
<dataflow id="193" from="j_0" to="icmp_ln67" fromId="33" toId="41">
</dataflow>
<dataflow id="194" from="StgValue_172" to="icmp_ln67" fromId="172" toId="41">
</dataflow>
<dataflow id="195" from="icmp_ln67" to="select_ln67" fromId="41" toId="42">
</dataflow>
<dataflow id="196" from="activations_2_0_loa" to="select_ln67" fromId="34" toId="42">
</dataflow>
<dataflow id="198" from="StgValue_197" to="select_ln67" fromId="197" toId="42">
</dataflow>
<dataflow id="199" from="j_0" to="icmp_ln67_1" fromId="33" toId="43">
</dataflow>
<dataflow id="200" from="StgValue_190" to="icmp_ln67_1" fromId="190" toId="43">
</dataflow>
<dataflow id="201" from="icmp_ln67_1" to="activations_2_1" fromId="43" toId="44">
</dataflow>
<dataflow id="202" from="activations_2_0_loa" to="activations_2_1" fromId="34" toId="44">
</dataflow>
<dataflow id="203" from="select_ln67" to="activations_2_1" fromId="42" toId="44">
</dataflow>
<dataflow id="204" from="icmp_ln67_1" to="activations_1_1" fromId="43" toId="45">
</dataflow>
<dataflow id="205" from="StgValue_197" to="activations_1_1" fromId="197" toId="45">
</dataflow>
<dataflow id="206" from="activations_1_0_loa" to="activations_1_1" fromId="35" toId="45">
</dataflow>
<dataflow id="207" from="icmp_ln67" to="select_ln67_1" fromId="41" toId="46">
</dataflow>
<dataflow id="208" from="StgValue_197" to="select_ln67_1" fromId="197" toId="46">
</dataflow>
<dataflow id="209" from="activations_0_0_loa" to="select_ln67_1" fromId="36" toId="46">
</dataflow>
<dataflow id="210" from="icmp_ln67_1" to="activations_0_1" fromId="43" toId="47">
</dataflow>
<dataflow id="211" from="activations_0_0_loa" to="activations_0_1" fromId="36" toId="47">
</dataflow>
<dataflow id="212" from="select_ln67_1" to="activations_0_1" fromId="46" toId="47">
</dataflow>
<dataflow id="214" from="_ssdm_op_BitConcatenate.i8.i2.i6" to="shl_ln" fromId="213" toId="48">
</dataflow>
<dataflow id="215" from="j_0" to="shl_ln" fromId="33" toId="48">
</dataflow>
<dataflow id="217" from="StgValue_216" to="shl_ln" fromId="216" toId="48">
</dataflow>
<dataflow id="218" from="activations_0_1" to="store_ln68" fromId="47" toId="49">
</dataflow>
<dataflow id="219" from="activations_0_0" to="store_ln68" fromId="25" toId="49">
</dataflow>
<dataflow id="220" from="activations_1_1" to="store_ln68" fromId="45" toId="50">
</dataflow>
<dataflow id="221" from="activations_1_0" to="store_ln68" fromId="24" toId="50">
</dataflow>
<dataflow id="222" from="activations_2_1" to="store_ln68" fromId="44" toId="51">
</dataflow>
<dataflow id="223" from="activations_2_0" to="store_ln68" fromId="23" toId="51">
</dataflow>
<dataflow id="224" from="StgValue_197" to="empty_23" fromId="197" toId="54">
<condition id="-1">
<or_exp><and_exp><literal name="icmp_ln66" val="0"/>
</and_exp></or_exp>
</condition>
</dataflow>
<dataflow id="225" from="br_ln68" to="empty_23" fromId="52" toId="54">
</dataflow>
<dataflow id="226" from="tmp_s" to="empty_23" fromId="80" toId="54">
<BackEdge/>
<condition id="-1">
<or_exp><and_exp></and_exp></or_exp>
</condition>
</dataflow>
<dataflow id="227" from="br_ln68" to="empty_23" fromId="92" toId="54">
<BackEdge/>
</dataflow>
<dataflow id="229" from="StgValue_228" to="i_0" fromId="228" toId="55">
<condition id="-1">
<or_exp><and_exp><literal name="icmp_ln66" val="0"/>
</and_exp></or_exp>
</condition>
</dataflow>
<dataflow id="230" from="br_ln68" to="i_0" fromId="52" toId="55">
</dataflow>
<dataflow id="231" from="i_34" to="i_0" fromId="59" toId="55">
<BackEdge/>
<condition id="-1">
<or_exp><and_exp></and_exp></or_exp>
</condition>
</dataflow>
<dataflow id="232" from="br_ln68" to="i_0" fromId="92" toId="55">
<BackEdge/>
</dataflow>
<dataflow id="233" from="i_0" to="zext_ln68" fromId="55" toId="56">
</dataflow>
<dataflow id="234" from="i_0" to="icmp_ln68" fromId="55" toId="57">
</dataflow>
<dataflow id="236" from="StgValue_235" to="icmp_ln68" fromId="235" toId="57">
</dataflow>
<dataflow id="237" from="_ssdm_op_SpecLoopTripCount" to="empty_24" fromId="183" toId="58">
</dataflow>
<dataflow id="239" from="StgValue_238" to="empty_24" fromId="238" toId="58">
</dataflow>
<dataflow id="240" from="StgValue_238" to="empty_24" fromId="238" toId="58">
</dataflow>
<dataflow id="241" from="StgValue_238" to="empty_24" fromId="238" toId="58">
</dataflow>
<dataflow id="242" from="i_0" to="i_34" fromId="55" toId="59">
</dataflow>
<dataflow id="244" from="StgValue_243" to="i_34" fromId="243" toId="59">
</dataflow>
<dataflow id="245" from="icmp_ln68" to="br_ln68" fromId="57" toId="60">
</dataflow>
<dataflow id="246" from="shl_ln" to="add_ln69" fromId="48" toId="61">
</dataflow>
<dataflow id="247" from="zext_ln68" to="add_ln69" fromId="56" toId="61">
</dataflow>
<dataflow id="248" from="add_ln69" to="zext_ln69" fromId="61" toId="62">
</dataflow>
<dataflow id="249" from="weights" to="weights_addr" fromId="150" toId="63">
</dataflow>
<dataflow id="251" from="StgValue_250" to="weights_addr" fromId="250" toId="63">
</dataflow>
<dataflow id="252" from="zext_ln69" to="weights_addr" fromId="62" toId="63">
</dataflow>
<dataflow id="253" from="weights_addr" to="weights_load" fromId="63" toId="64">
</dataflow>
<dataflow id="254" from="i_0" to="zext_ln69_1" fromId="55" toId="65">
</dataflow>
<dataflow id="255" from="input_activations" to="input_activations_ad" fromId="154" toId="66">
</dataflow>
<dataflow id="256" from="StgValue_250" to="input_activations_ad" fromId="250" toId="66">
</dataflow>
<dataflow id="257" from="zext_ln69_1" to="input_activations_ad" fromId="65" toId="66">
</dataflow>
<dataflow id="258" from="input_activations_ad" to="input_activations_lo" fromId="66" toId="67">
</dataflow>
<dataflow id="259" from="weights_addr" to="weights_load" fromId="63" toId="69">
</dataflow>
<dataflow id="260" from="input_activations_ad" to="input_activations_lo" fromId="66" toId="70">
</dataflow>
<dataflow id="261" from="weights_load" to="tmp" fromId="69" toId="71">
</dataflow>
<dataflow id="262" from="input_activations_lo" to="tmp" fromId="70" toId="71">
</dataflow>
<dataflow id="263" from="weights_load" to="tmp" fromId="69" toId="72">
</dataflow>
<dataflow id="264" from="input_activations_lo" to="tmp" fromId="70" toId="72">
</dataflow>
<dataflow id="265" from="weights_load" to="tmp" fromId="69" toId="73">
</dataflow>
<dataflow id="266" from="input_activations_lo" to="tmp" fromId="70" toId="73">
</dataflow>
<dataflow id="267" from="weights_load" to="tmp" fromId="69" toId="74">
</dataflow>
<dataflow id="268" from="input_activations_lo" to="tmp" fromId="70" toId="74">
</dataflow>
<dataflow id="269" from="weights_load" to="tmp" fromId="69" toId="75">
</dataflow>
<dataflow id="270" from="input_activations_lo" to="tmp" fromId="70" toId="75">
</dataflow>
<dataflow id="271" from="empty_23" to="tmp_s" fromId="54" toId="76">
</dataflow>
<dataflow id="272" from="tmp" to="tmp_s" fromId="75" toId="76">
</dataflow>
<dataflow id="273" from="empty_23" to="tmp_s" fromId="54" toId="77">
</dataflow>
<dataflow id="274" from="tmp" to="tmp_s" fromId="75" toId="77">
</dataflow>
<dataflow id="275" from="empty_23" to="tmp_s" fromId="54" toId="78">
</dataflow>
<dataflow id="276" from="tmp" to="tmp_s" fromId="75" toId="78">
</dataflow>
<dataflow id="277" from="empty_23" to="tmp_s" fromId="54" toId="79">
</dataflow>
<dataflow id="278" from="tmp" to="tmp_s" fromId="75" toId="79">
</dataflow>
<dataflow id="279" from="empty_23" to="tmp_s" fromId="54" toId="80">
</dataflow>
<dataflow id="280" from="tmp" to="tmp_s" fromId="75" toId="80">
</dataflow>
<dataflow id="281" from="activations_2_0" to="activations_2_0_loa_1" fromId="23" toId="81">
</dataflow>
<dataflow id="282" from="activations_1_0" to="activations_1_0_loa_1" fromId="24" toId="82">
</dataflow>
<dataflow id="283" from="activations_0_0" to="activations_0_0_loa_1" fromId="25" toId="83">
</dataflow>
<dataflow id="284" from="icmp_ln67" to="select_ln69" fromId="41" toId="84">
</dataflow>
<dataflow id="285" from="activations_2_0_loa_1" to="select_ln69" fromId="81" toId="84">
</dataflow>
<dataflow id="286" from="tmp_s" to="select_ln69" fromId="80" toId="84">
</dataflow>
<dataflow id="287" from="icmp_ln67_1" to="activations_2_3" fromId="43" toId="85">
</dataflow>
<dataflow id="288" from="activations_2_0_loa_1" to="activations_2_3" fromId="81" toId="85">
</dataflow>
<dataflow id="289" from="select_ln69" to="activations_2_3" fromId="84" toId="85">
</dataflow>
<dataflow id="290" from="icmp_ln67_1" to="activations_1_3" fromId="43" toId="86">
</dataflow>
<dataflow id="291" from="tmp_s" to="activations_1_3" fromId="80" toId="86">
</dataflow>
<dataflow id="292" from="activations_1_0_loa_1" to="activations_1_3" fromId="82" toId="86">
</dataflow>
<dataflow id="293" from="icmp_ln67" to="select_ln69_1" fromId="41" toId="87">
</dataflow>
<dataflow id="294" from="tmp_s" to="select_ln69_1" fromId="80" toId="87">
</dataflow>
<dataflow id="295" from="activations_0_0_loa_1" to="select_ln69_1" fromId="83" toId="87">
</dataflow>
<dataflow id="296" from="icmp_ln67_1" to="activations_0_3" fromId="43" toId="88">
</dataflow>
<dataflow id="297" from="activations_0_0_loa_1" to="activations_0_3" fromId="83" toId="88">
</dataflow>
<dataflow id="298" from="select_ln69_1" to="activations_0_3" fromId="87" toId="88">
</dataflow>
<dataflow id="299" from="activations_0_3" to="store_ln68" fromId="88" toId="89">
</dataflow>
<dataflow id="300" from="activations_0_0" to="store_ln68" fromId="25" toId="89">
</dataflow>
<dataflow id="301" from="activations_1_3" to="store_ln68" fromId="86" toId="90">
</dataflow>
<dataflow id="302" from="activations_1_0" to="store_ln68" fromId="24" toId="90">
</dataflow>
<dataflow id="303" from="activations_2_3" to="store_ln68" fromId="85" toId="91">
</dataflow>
<dataflow id="304" from="activations_2_0" to="store_ln68" fromId="23" toId="91">
</dataflow>
<dataflow id="305" from="activations_0_5" to="activations_0_4" fromId="121" toId="93">
<BackEdge/>
<condition id="-1">
<or_exp><and_exp></and_exp></or_exp>
</condition>
</dataflow>
<dataflow id="306" from="br_ln28" to="activations_0_4" fromId="122" toId="93">
<BackEdge/>
</dataflow>
<dataflow id="307" from="activations_0_0_loa" to="activations_0_4" fromId="36" toId="93">
<condition id="-1">
<or_exp><and_exp><literal name="icmp_ln66" val="1"/>
</and_exp></or_exp>
</condition>
</dataflow>
<dataflow id="308" from="br_ln0" to="activations_0_4" fromId="53" toId="93">
</dataflow>
<dataflow id="309" from="activations_1_5" to="activations_1_4" fromId="119" toId="94">
<BackEdge/>
<condition id="-1">
<or_exp><and_exp></and_exp></or_exp>
</condition>
</dataflow>
<dataflow id="310" from="br_ln28" to="activations_1_4" fromId="122" toId="94">
<BackEdge/>
</dataflow>
<dataflow id="311" from="activations_1_0_loa" to="activations_1_4" fromId="35" toId="94">
<condition id="-1">
<or_exp><and_exp><literal name="icmp_ln66" val="1"/>
</and_exp></or_exp>
</condition>
</dataflow>
<dataflow id="312" from="br_ln0" to="activations_1_4" fromId="53" toId="94">
</dataflow>
<dataflow id="313" from="activations_2_5" to="activations_2_4" fromId="118" toId="95">
<BackEdge/>
<condition id="-1">
<or_exp><and_exp></and_exp></or_exp>
</condition>
</dataflow>
<dataflow id="314" from="br_ln28" to="activations_2_4" fromId="122" toId="95">
<BackEdge/>
</dataflow>
<dataflow id="315" from="activations_2_0_loa" to="activations_2_4" fromId="34" toId="95">
<condition id="-1">
<or_exp><and_exp><literal name="icmp_ln66" val="1"/>
</and_exp></or_exp>
</condition>
</dataflow>
<dataflow id="316" from="br_ln0" to="activations_2_4" fromId="53" toId="95">
</dataflow>
<dataflow id="317" from="i" to="i_0_i" fromId="99" toId="96">
<BackEdge/>
<condition id="-1">
<or_exp><and_exp></and_exp></or_exp>
</condition>
</dataflow>
<dataflow id="318" from="br_ln28" to="i_0_i" fromId="122" toId="96">
<BackEdge/>
</dataflow>
<dataflow id="319" from="StgValue_172" to="i_0_i" fromId="172" toId="96">
<condition id="-1">
<or_exp><and_exp><literal name="icmp_ln66" val="1"/>
</and_exp></or_exp>
</condition>
</dataflow>
<dataflow id="320" from="br_ln0" to="i_0_i" fromId="53" toId="96">
</dataflow>
<dataflow id="321" from="_ssdm_op_SpecLoopTripCount" to="empty_25" fromId="183" toId="97">
</dataflow>
<dataflow id="322" from="StgValue_185" to="empty_25" fromId="185" toId="97">
</dataflow>
<dataflow id="323" from="StgValue_185" to="empty_25" fromId="185" toId="97">
</dataflow>
<dataflow id="324" from="StgValue_185" to="empty_25" fromId="185" toId="97">
</dataflow>
<dataflow id="325" from="i_0_i" to="icmp_ln28" fromId="96" toId="98">
</dataflow>
<dataflow id="326" from="StgValue_181" to="icmp_ln28" fromId="181" toId="98">
</dataflow>
<dataflow id="327" from="i_0_i" to="i" fromId="96" toId="99">
</dataflow>
<dataflow id="328" from="StgValue_190" to="i" fromId="190" toId="99">
</dataflow>
<dataflow id="329" from="icmp_ln28" to="br_ln28" fromId="98" toId="100">
</dataflow>
<dataflow id="330" from="i_0_i" to="zext_ln29" fromId="96" toId="101">
</dataflow>
<dataflow id="331" from="biases" to="biases_addr" fromId="149" toId="102">
</dataflow>
<dataflow id="332" from="StgValue_250" to="biases_addr" fromId="250" toId="102">
</dataflow>
<dataflow id="333" from="zext_ln29" to="biases_addr" fromId="101" toId="102">
</dataflow>
<dataflow id="334" from="biases_addr" to="biases_load" fromId="102" toId="103">
</dataflow>
<dataflow id="336" from="StgValue_335" to="mrv" fromId="335" toId="104">
</dataflow>
<dataflow id="337" from="activations_0_4" to="mrv" fromId="93" toId="104">
</dataflow>
<dataflow id="338" from="mrv" to="mrv_1" fromId="104" toId="105">
</dataflow>
<dataflow id="339" from="activations_1_4" to="mrv_1" fromId="94" toId="105">
</dataflow>
<dataflow id="340" from="mrv_1" to="mrv_2" fromId="105" toId="106">
</dataflow>
<dataflow id="341" from="activations_2_4" to="mrv_2" fromId="95" toId="106">
</dataflow>
<dataflow id="342" from="mrv_2" to="ret_ln73" fromId="106" toId="107">
</dataflow>
<dataflow id="344" from="_ssdm_op_Mux.ap_auto.3double.i2" to="tmp_25" fromId="343" toId="108">
</dataflow>
<dataflow id="345" from="activations_0_4" to="tmp_25" fromId="93" toId="108">
</dataflow>
<dataflow id="346" from="activations_1_4" to="tmp_25" fromId="94" toId="108">
</dataflow>
<dataflow id="347" from="activations_2_4" to="tmp_25" fromId="95" toId="108">
</dataflow>
<dataflow id="348" from="i_0_i" to="tmp_25" fromId="96" toId="108">
</dataflow>
<dataflow id="349" from="biases_addr" to="biases_load" fromId="102" toId="109">
</dataflow>
<dataflow id="350" from="tmp_25" to="activations_2_assig" fromId="108" toId="110">
</dataflow>
<dataflow id="351" from="biases_load" to="activations_2_assig" fromId="109" toId="110">
</dataflow>
<dataflow id="352" from="tmp_25" to="activations_2_assig" fromId="108" toId="111">
</dataflow>
<dataflow id="353" from="biases_load" to="activations_2_assig" fromId="109" toId="111">
</dataflow>
<dataflow id="354" from="tmp_25" to="activations_2_assig" fromId="108" toId="112">
</dataflow>
<dataflow id="355" from="biases_load" to="activations_2_assig" fromId="109" toId="112">
</dataflow>
<dataflow id="356" from="tmp_25" to="activations_2_assig" fromId="108" toId="113">
</dataflow>
<dataflow id="357" from="biases_load" to="activations_2_assig" fromId="109" toId="113">
</dataflow>
<dataflow id="358" from="tmp_25" to="activations_2_assig" fromId="108" toId="114">
</dataflow>
<dataflow id="359" from="biases_load" to="activations_2_assig" fromId="109" toId="114">
</dataflow>
<dataflow id="360" from="i_0_i" to="icmp_ln29" fromId="96" toId="115">
</dataflow>
<dataflow id="361" from="StgValue_172" to="icmp_ln29" fromId="172" toId="115">
</dataflow>
<dataflow id="362" from="icmp_ln29" to="select_ln29" fromId="115" toId="116">
</dataflow>
<dataflow id="363" from="activations_2_4" to="select_ln29" fromId="95" toId="116">
</dataflow>
<dataflow id="364" from="activations_2_assig" to="select_ln29" fromId="114" toId="116">
</dataflow>
<dataflow id="365" from="i_0_i" to="icmp_ln29_1" fromId="96" toId="117">
</dataflow>
<dataflow id="366" from="StgValue_190" to="icmp_ln29_1" fromId="190" toId="117">
</dataflow>
<dataflow id="367" from="icmp_ln29_1" to="activations_2_5" fromId="117" toId="118">
</dataflow>
<dataflow id="368" from="activations_2_4" to="activations_2_5" fromId="95" toId="118">
</dataflow>
<dataflow id="369" from="select_ln29" to="activations_2_5" fromId="116" toId="118">
</dataflow>
<dataflow id="370" from="icmp_ln29_1" to="activations_1_5" fromId="117" toId="119">
</dataflow>
<dataflow id="371" from="activations_2_assig" to="activations_1_5" fromId="114" toId="119">
</dataflow>
<dataflow id="372" from="activations_1_4" to="activations_1_5" fromId="94" toId="119">
</dataflow>
<dataflow id="373" from="icmp_ln29" to="select_ln29_1" fromId="115" toId="120">
</dataflow>
<dataflow id="374" from="activations_2_assig" to="select_ln29_1" fromId="114" toId="120">
</dataflow>
<dataflow id="375" from="activations_0_4" to="select_ln29_1" fromId="93" toId="120">
</dataflow>
<dataflow id="376" from="icmp_ln29_1" to="activations_0_5" fromId="117" toId="121">
</dataflow>
<dataflow id="377" from="activations_0_4" to="activations_0_5" fromId="93" toId="121">
</dataflow>
<dataflow id="378" from="select_ln29_1" to="activations_0_5" fromId="120" toId="121">
</dataflow>
<dataflow id="379" from="icmp_ln66" to="StgValue_2" fromId="37" toId="2">
</dataflow>
<dataflow id="380" from="icmp_ln68" to="StgValue_3" fromId="57" toId="3">
</dataflow>
<dataflow id="381" from="icmp_ln67_1" to="StgValue_15" fromId="43" toId="15">
</dataflow>
<dataflow id="382" from="icmp_ln28" to="StgValue_16" fromId="98" toId="16">
</dataflow>
</dataflows>


</stg>
