<stg><name>matrix_vector_produc</name>


<trans_list>

<trans id="86" from="1" to="2">
<condition id="-1">
<or_exp><and_exp></and_exp></or_exp>
</condition>
</trans>

<trans id="87" from="2" to="3">
<condition id="-1">
<or_exp><and_exp><literal name="icmp_ln52" val="0"/>
</and_exp></or_exp>
</condition>
</trans>

<trans id="103" from="2" to="16">
<condition id="-1">
<or_exp><and_exp><literal name="icmp_ln52" val="1"/>
</and_exp></or_exp>
</condition>
</trans>

<trans id="88" from="3" to="4">
<condition id="-1">
<or_exp><and_exp><literal name="icmp_ln54" val="0"/>
</and_exp></or_exp>
</condition>
</trans>

<trans id="102" from="3" to="2">
<condition id="-1">
<or_exp><and_exp><literal name="icmp_ln54" val="1"/>
</and_exp></or_exp>
</condition>
</trans>

<trans id="90" from="4" to="5">
<condition id="-1">
<or_exp><and_exp></and_exp></or_exp>
</condition>
</trans>

<trans id="91" from="5" to="6">
<condition id="-1">
<or_exp><and_exp></and_exp></or_exp>
</condition>
</trans>

<trans id="92" from="6" to="7">
<condition id="-1">
<or_exp><and_exp></and_exp></or_exp>
</condition>
</trans>

<trans id="93" from="7" to="8">
<condition id="-1">
<or_exp><and_exp></and_exp></or_exp>
</condition>
</trans>

<trans id="94" from="8" to="9">
<condition id="-1">
<or_exp><and_exp></and_exp></or_exp>
</condition>
</trans>

<trans id="95" from="9" to="10">
<condition id="-1">
<or_exp><and_exp></and_exp></or_exp>
</condition>
</trans>

<trans id="96" from="10" to="11">
<condition id="-1">
<or_exp><and_exp></and_exp></or_exp>
</condition>
</trans>

<trans id="97" from="11" to="12">
<condition id="-1">
<or_exp><and_exp></and_exp></or_exp>
</condition>
</trans>

<trans id="98" from="12" to="13">
<condition id="-1">
<or_exp><and_exp></and_exp></or_exp>
</condition>
</trans>

<trans id="99" from="13" to="14">
<condition id="-1">
<or_exp><and_exp></and_exp></or_exp>
</condition>
</trans>

<trans id="100" from="14" to="15">
<condition id="-1">
<or_exp><and_exp></and_exp></or_exp>
</condition>
</trans>

<trans id="101" from="15" to="3">
<condition id="-1">
<or_exp><and_exp></and_exp></or_exp>
</condition>
</trans>

<trans id="104" from="16" to="17">
<condition id="-1">
<or_exp><and_exp><literal name="icmp_ln28" val="0"/>
</and_exp></or_exp>
</condition>
</trans>

<trans id="106" from="17" to="18">
<condition id="-1">
<or_exp><and_exp></and_exp></or_exp>
</condition>
</trans>

<trans id="107" from="18" to="19">
<condition id="-1">
<or_exp><and_exp></and_exp></or_exp>
</condition>
</trans>

<trans id="108" from="19" to="20">
<condition id="-1">
<or_exp><and_exp></and_exp></or_exp>
</condition>
</trans>

<trans id="109" from="20" to="21">
<condition id="-1">
<or_exp><and_exp></and_exp></or_exp>
</condition>
</trans>

<trans id="110" from="21" to="22">
<condition id="-1">
<or_exp><and_exp></and_exp></or_exp>
</condition>
</trans>

<trans id="111" from="22" to="23">
<condition id="-1">
<or_exp><and_exp></and_exp></or_exp>
</condition>
</trans>

<trans id="112" from="23" to="16">
<condition id="-1">
<or_exp><and_exp></and_exp></or_exp>
</condition>
</trans>
</trans_list>



<state_list>

<state id="1" st_id="1">

<operation id="24" st_id="1" stage="1" lat="1">
<core>NULL</core>
<MemPortIdVec></MemPortIdVec>
<condition id="-1">
<or_exp><and_exp></and_exp></or_exp>
</condition>

<Node id="5" bw="0" op_0_bw="0">
<![CDATA[
:0  br label %.loopexit

]]></Node>
<StgValue><ssdm name="br_ln52"/></StgValue>
</operation>
</state>

<state id="2" st_id="2">

<operation id="25" st_id="2" stage="1" lat="1">
<core>NULL</core>
<MemPortIdVec></MemPortIdVec>
<condition id="-1">
<or_exp><and_exp></and_exp></or_exp>
</condition>

<Node id="7" bw="7" op_0_bw="7" op_1_bw="0" op_2_bw="7" op_3_bw="0">
<![CDATA[
.loopexit:0  %i_0 = phi i7 [ 0, %0 ], [ %i, %.loopexit.loopexit ]

]]></Node>
<StgValue><ssdm name="i_0"/></StgValue>
</operation>

<operation id="26" st_id="2" stage="1" lat="1">
<core>Cmp</core>
<MemPortIdVec></MemPortIdVec>
<condition id="-1">
<or_exp><and_exp></and_exp></or_exp>
</condition>

<Node id="8" bw="1" op_0_bw="7" op_1_bw="7">
<![CDATA[
.loopexit:1  %icmp_ln52 = icmp eq i7 %i_0, -64

]]></Node>
<StgValue><ssdm name="icmp_ln52"/></StgValue>
</operation>

<operation id="27" st_id="2" stage="1" lat="1">
<core>NULL</core>
<MemPortIdVec></MemPortIdVec>
<condition id="-1">
<or_exp><and_exp></and_exp></or_exp>
</condition>

<Node id="9" bw="32" op_0_bw="32" op_1_bw="64" op_2_bw="64" op_3_bw="64">
<![CDATA[
.loopexit:2  %empty = call i32 (...)* @_ssdm_op_SpecLoopTripCount(i64 64, i64 64, i64 64)

]]></Node>
<StgValue><ssdm name="empty"/></StgValue>
</operation>

<operation id="28" st_id="2" stage="1" lat="1">
<core>AddSub</core>
<MemPortIdVec></MemPortIdVec>
<condition id="-1">
<or_exp><and_exp></and_exp></or_exp>
</condition>

<Node id="10" bw="7" op_0_bw="7" op_1_bw="7">
<![CDATA[
.loopexit:3  %i = add i7 %i_0, 1

]]></Node>
<StgValue><ssdm name="i"/></StgValue>
</operation>

<operation id="29" st_id="2" stage="1" lat="1">
<core>NULL</core>
<MemPortIdVec></MemPortIdVec>
<condition id="-1">
<or_exp><and_exp></and_exp></or_exp>
</condition>

<Node id="11" bw="0" op_0_bw="1" op_1_bw="0" op_2_bw="0">
<![CDATA[
.loopexit:4  br i1 %icmp_ln52, label %.preheader.preheader, label %1

]]></Node>
<StgValue><ssdm name="br_ln52"/></StgValue>
</operation>

<operation id="30" st_id="2" stage="1" lat="1">
<core>NULL</core>
<MemPortIdVec></MemPortIdVec>
<condition id="-1">
<or_exp><and_exp><literal name="icmp_ln52" val="0"/>
</and_exp></or_exp>
</condition>

<Node id="13" bw="64" op_0_bw="7">
<![CDATA[
:0  %zext_ln53 = zext i7 %i_0 to i64

]]></Node>
<StgValue><ssdm name="zext_ln53"/></StgValue>
</operation>

<operation id="31" st_id="2" stage="1" lat="1">
<core>NULL</core>
<MemPortIdVec></MemPortIdVec>
<condition id="-1">
<or_exp><and_exp><literal name="icmp_ln52" val="0"/>
</and_exp></or_exp>
</condition>

<Node id="14" bw="6" op_0_bw="64" op_1_bw="64" op_2_bw="64">
<![CDATA[
:1  %activations_addr = getelementptr [64 x double]* %activations, i64 0, i64 %zext_ln53

]]></Node>
<StgValue><ssdm name="activations_addr"/></StgValue>
</operation>

<operation id="32" st_id="2" stage="1" lat="1">
<core>RAM</core>
<MemPortIdVec></MemPortIdVec>
<condition id="-1">
<or_exp><and_exp><literal name="icmp_ln52" val="0"/>
</and_exp></or_exp>
</condition>

<Node id="15" bw="0" op_0_bw="64" op_1_bw="6">
<![CDATA[
:2  store double 0.000000e+00, double* %activations_addr, align 8

]]></Node>
<StgValue><ssdm name="store_ln53"/></StgValue>
</operation>

<operation id="33" st_id="2" stage="1" lat="1">
<core>NULL</core>
<MemPortIdVec></MemPortIdVec>
<condition id="-1">
<or_exp><and_exp><literal name="icmp_ln52" val="0"/>
</and_exp></or_exp>
</condition>

<Node id="16" bw="6" op_0_bw="7">
<![CDATA[
:3  %trunc_ln55 = trunc i7 %i_0 to i6

]]></Node>
<StgValue><ssdm name="trunc_ln55"/></StgValue>
</operation>

<operation id="34" st_id="2" stage="1" lat="1">
<core>NULL</core>
<MemPortIdVec></MemPortIdVec>
<condition id="-1">
<or_exp><and_exp><literal name="icmp_ln52" val="0"/>
</and_exp></or_exp>
</condition>

<Node id="17" bw="12" op_0_bw="12" op_1_bw="6" op_2_bw="6">
<![CDATA[
:4  %shl_ln = call i12 @_ssdm_op_BitConcatenate.i12.i6.i6(i6 %trunc_ln55, i6 0)

]]></Node>
<StgValue><ssdm name="shl_ln"/></StgValue>
</operation>

<operation id="35" st_id="2" stage="1" lat="1">
<core>NULL</core>
<MemPortIdVec></MemPortIdVec>
<condition id="-1">
<or_exp><and_exp><literal name="icmp_ln52" val="0"/>
</and_exp></or_exp>
</condition>

<Node id="18" bw="0" op_0_bw="0">
<![CDATA[
:5  br label %2

]]></Node>
<StgValue><ssdm name="br_ln54"/></StgValue>
</operation>

<operation id="36" st_id="2" stage="1" lat="1">
<core>NULL</core>
<MemPortIdVec></MemPortIdVec>
<condition id="-1">
<or_exp><and_exp><literal name="icmp_ln52" val="1"/>
</and_exp></or_exp>
</condition>

<Node id="42" bw="0" op_0_bw="0">
<![CDATA[
.preheader.preheader:0  br label %.preheader

]]></Node>
<StgValue><ssdm name="br_ln0"/></StgValue>
</operation>
</state>

<state id="3" st_id="3">

<operation id="37" st_id="3" stage="1" lat="1">
<core>NULL</core>
<MemPortIdVec></MemPortIdVec>
<condition id="-1">
<or_exp><and_exp></and_exp></or_exp>
</condition>

<Node id="20" bw="64" op_0_bw="64" op_1_bw="0" op_2_bw="64" op_3_bw="0">
<![CDATA[
:0  %empty_26 = phi double [ 0.000000e+00, %1 ], [ %tmp_s, %3 ]

]]></Node>
<StgValue><ssdm name="empty_26"/></StgValue>
</operation>

<operation id="38" st_id="3" stage="1" lat="1">
<core>NULL</core>
<MemPortIdVec></MemPortIdVec>
<condition id="-1">
<or_exp><and_exp></and_exp></or_exp>
</condition>

<Node id="21" bw="7" op_0_bw="7" op_1_bw="0" op_2_bw="7" op_3_bw="0">
<![CDATA[
:1  %j_0 = phi i7 [ 0, %1 ], [ %j, %3 ]

]]></Node>
<StgValue><ssdm name="j_0"/></StgValue>
</operation>

<operation id="39" st_id="3" stage="1" lat="1">
<core>NULL</core>
<MemPortIdVec></MemPortIdVec>
<condition id="-1">
<or_exp><and_exp></and_exp></or_exp>
</condition>

<Node id="22" bw="12" op_0_bw="7">
<![CDATA[
:2  %zext_ln54 = zext i7 %j_0 to i12

]]></Node>
<StgValue><ssdm name="zext_ln54"/></StgValue>
</operation>

<operation id="40" st_id="3" stage="1" lat="1">
<core>Cmp</core>
<MemPortIdVec></MemPortIdVec>
<condition id="-1">
<or_exp><and_exp></and_exp></or_exp>
</condition>

<Node id="23" bw="1" op_0_bw="7" op_1_bw="7">
<![CDATA[
:3  %icmp_ln54 = icmp eq i7 %j_0, -64

]]></Node>
<StgValue><ssdm name="icmp_ln54"/></StgValue>
</operation>

<operation id="41" st_id="3" stage="1" lat="1">
<core>NULL</core>
<MemPortIdVec></MemPortIdVec>
<condition id="-1">
<or_exp><and_exp></and_exp></or_exp>
</condition>

<Node id="24" bw="32" op_0_bw="32" op_1_bw="64" op_2_bw="64" op_3_bw="64">
<![CDATA[
:4  %empty_27 = call i32 (...)* @_ssdm_op_SpecLoopTripCount(i64 64, i64 64, i64 64)

]]></Node>
<StgValue><ssdm name="empty_27"/></StgValue>
</operation>

<operation id="42" st_id="3" stage="1" lat="1">
<core>AddSub</core>
<MemPortIdVec></MemPortIdVec>
<condition id="-1">
<or_exp><and_exp></and_exp></or_exp>
</condition>

<Node id="25" bw="7" op_0_bw="7" op_1_bw="7">
<![CDATA[
:5  %j = add i7 %j_0, 1

]]></Node>
<StgValue><ssdm name="j"/></StgValue>
</operation>

<operation id="43" st_id="3" stage="1" lat="1">
<core>NULL</core>
<MemPortIdVec></MemPortIdVec>
<condition id="-1">
<or_exp><and_exp></and_exp></or_exp>
</condition>

<Node id="26" bw="0" op_0_bw="1" op_1_bw="0" op_2_bw="0">
<![CDATA[
:6  br i1 %icmp_ln54, label %.loopexit.loopexit, label %3

]]></Node>
<StgValue><ssdm name="br_ln54"/></StgValue>
</operation>

<operation id="44" st_id="3" stage="1" lat="1">
<core>AddSub</core>
<MemPortIdVec></MemPortIdVec>
<condition id="-1">
<or_exp><and_exp><literal name="icmp_ln54" val="0"/>
</and_exp></or_exp>
</condition>

<Node id="28" bw="12" op_0_bw="12" op_1_bw="12">
<![CDATA[
:0  %add_ln55 = add i12 %shl_ln, %zext_ln54

]]></Node>
<StgValue><ssdm name="add_ln55"/></StgValue>
</operation>

<operation id="45" st_id="3" stage="1" lat="1">
<core>NULL</core>
<MemPortIdVec></MemPortIdVec>
<condition id="-1">
<or_exp><and_exp><literal name="icmp_ln54" val="0"/>
</and_exp></or_exp>
</condition>

<Node id="29" bw="64" op_0_bw="12">
<![CDATA[
:1  %zext_ln55 = zext i12 %add_ln55 to i64

]]></Node>
<StgValue><ssdm name="zext_ln55"/></StgValue>
</operation>

<operation id="46" st_id="3" stage="1" lat="1">
<core>NULL</core>
<MemPortIdVec></MemPortIdVec>
<condition id="-1">
<or_exp><and_exp><literal name="icmp_ln54" val="0"/>
</and_exp></or_exp>
</condition>

<Node id="30" bw="12" op_0_bw="64" op_1_bw="64" op_2_bw="64">
<![CDATA[
:2  %weights_addr = getelementptr [4096 x double]* %weights, i64 0, i64 %zext_ln55

]]></Node>
<StgValue><ssdm name="weights_addr"/></StgValue>
</operation>

<operation id="47" st_id="3" stage="2" lat="2">
<core>RAM</core>
<MemPortIdVec></MemPortIdVec>
<condition id="-1">
<or_exp><and_exp><literal name="icmp_ln54" val="0"/>
</and_exp></or_exp>
</condition>

<Node id="31" bw="64" op_0_bw="12">
<![CDATA[
:3  %weights_load = load double* %weights_addr, align 8

]]></Node>
<StgValue><ssdm name="weights_load"/></StgValue>
</operation>

<operation id="48" st_id="3" stage="1" lat="1">
<core>NULL</core>
<MemPortIdVec></MemPortIdVec>
<condition id="-1">
<or_exp><and_exp><literal name="icmp_ln54" val="0"/>
</and_exp></or_exp>
</condition>

<Node id="32" bw="64" op_0_bw="7">
<![CDATA[
:4  %zext_ln55_1 = zext i7 %j_0 to i64

]]></Node>
<StgValue><ssdm name="zext_ln55_1"/></StgValue>
</operation>

<operation id="49" st_id="3" stage="1" lat="1">
<core>NULL</core>
<MemPortIdVec></MemPortIdVec>
<condition id="-1">
<or_exp><and_exp><literal name="icmp_ln54" val="0"/>
</and_exp></or_exp>
</condition>

<Node id="33" bw="6" op_0_bw="64" op_1_bw="64" op_2_bw="64">
<![CDATA[
:5  %input_activations_ad = getelementptr [64 x double]* %input_activations, i64 0, i64 %zext_ln55_1

]]></Node>
<StgValue><ssdm name="input_activations_ad"/></StgValue>
</operation>

<operation id="50" st_id="3" stage="2" lat="2">
<core>RAM</core>
<MemPortIdVec></MemPortIdVec>
<condition id="-1">
<or_exp><and_exp><literal name="icmp_ln54" val="0"/>
</and_exp></or_exp>
</condition>

<Node id="34" bw="64" op_0_bw="6">
<![CDATA[
:6  %input_activations_lo = load double* %input_activations_ad, align 8

]]></Node>
<StgValue><ssdm name="input_activations_lo"/></StgValue>
</operation>

<operation id="51" st_id="3" stage="1" lat="1">
<core>NULL</core>
<MemPortIdVec></MemPortIdVec>
<condition id="-1">
<or_exp><and_exp><literal name="icmp_ln54" val="1"/>
</and_exp></or_exp>
</condition>

<Node id="40" bw="0" op_0_bw="0">
<![CDATA[
.loopexit.loopexit:0  br label %.loopexit

]]></Node>
<StgValue><ssdm name="br_ln0"/></StgValue>
</operation>
</state>

<state id="4" st_id="4">

<operation id="52" st_id="4" stage="1" lat="2">
<core>RAM</core>
<MemPortIdVec></MemPortIdVec>
<condition id="-1">
<or_exp><and_exp></and_exp></or_exp>
</condition>

<Node id="31" bw="64" op_0_bw="12">
<![CDATA[
:3  %weights_load = load double* %weights_addr, align 8

]]></Node>
<StgValue><ssdm name="weights_load"/></StgValue>
</operation>

<operation id="53" st_id="4" stage="1" lat="2">
<core>RAM</core>
<MemPortIdVec></MemPortIdVec>
<condition id="-1">
<or_exp><and_exp></and_exp></or_exp>
</condition>

<Node id="34" bw="64" op_0_bw="6">
<![CDATA[
:6  %input_activations_lo = load double* %input_activations_ad, align 8

]]></Node>
<StgValue><ssdm name="input_activations_lo"/></StgValue>
</operation>
</state>

<state id="5" st_id="5">

<operation id="54" st_id="5" stage="5" lat="5">
<core>DMul</core>
<MemPortIdVec></MemPortIdVec>
<condition id="-1">
<or_exp><and_exp></and_exp></or_exp>
</condition>

<Node id="35" bw="64" op_0_bw="64" op_1_bw="64">
<![CDATA[
:7  %tmp = fmul double %weights_load, %input_activations_lo

]]></Node>
<StgValue><ssdm name="tmp"/></StgValue>
</operation>
</state>

<state id="6" st_id="6">

<operation id="55" st_id="6" stage="4" lat="5">
<core>DMul</core>
<MemPortIdVec></MemPortIdVec>
<condition id="-1">
<or_exp><and_exp></and_exp></or_exp>
</condition>

<Node id="35" bw="64" op_0_bw="64" op_1_bw="64">
<![CDATA[
:7  %tmp = fmul double %weights_load, %input_activations_lo

]]></Node>
<StgValue><ssdm name="tmp"/></StgValue>
</operation>
</state>

<state id="7" st_id="7">

<operation id="56" st_id="7" stage="3" lat="5">
<core>DMul</core>
<MemPortIdVec></MemPortIdVec>
<condition id="-1">
<or_exp><and_exp></and_exp></or_exp>
</condition>

<Node id="35" bw="64" op_0_bw="64" op_1_bw="64">
<![CDATA[
:7  %tmp = fmul double %weights_load, %input_activations_lo

]]></Node>
<StgValue><ssdm name="tmp"/></StgValue>
</operation>
</state>

<state id="8" st_id="8">

<operation id="57" st_id="8" stage="2" lat="5">
<core>DMul</core>
<MemPortIdVec></MemPortIdVec>
<condition id="-1">
<or_exp><and_exp></and_exp></or_exp>
</condition>

<Node id="35" bw="64" op_0_bw="64" op_1_bw="64">
<![CDATA[
:7  %tmp = fmul double %weights_load, %input_activations_lo

]]></Node>
<StgValue><ssdm name="tmp"/></StgValue>
</operation>
</state>

<state id="9" st_id="9">

<operation id="58" st_id="9" stage="1" lat="5">
<core>DMul</core>
<MemPortIdVec></MemPortIdVec>
<condition id="-1">
<or_exp><and_exp></and_exp></or_exp>
</condition>

<Node id="35" bw="64" op_0_bw="64" op_1_bw="64">
<![CDATA[
:7  %tmp = fmul double %weights_load, %input_activations_lo

]]></Node>
<StgValue><ssdm name="tmp"/></StgValue>
</operation>
</state>

<state id="10" st_id="10">

<operation id="59" st_id="10" stage="5" lat="5">
<core>DAddSub</core>
<MemPortIdVec></MemPortIdVec>
<condition id="-1">
<or_exp><and_exp></and_exp></or_exp>
</condition>

<Node id="36" bw="64" op_0_bw="64" op_1_bw="64">
<![CDATA[
:8  %tmp_s = fadd double %empty_26, %tmp

]]></Node>
<StgValue><ssdm name="tmp_s"/></StgValue>
</operation>
</state>

<state id="11" st_id="11">

<operation id="60" st_id="11" stage="4" lat="5">
<core>DAddSub</core>
<MemPortIdVec></MemPortIdVec>
<condition id="-1">
<or_exp><and_exp></and_exp></or_exp>
</condition>

<Node id="36" bw="64" op_0_bw="64" op_1_bw="64">
<![CDATA[
:8  %tmp_s = fadd double %empty_26, %tmp

]]></Node>
<StgValue><ssdm name="tmp_s"/></StgValue>
</operation>
</state>

<state id="12" st_id="12">

<operation id="61" st_id="12" stage="3" lat="5">
<core>DAddSub</core>
<MemPortIdVec></MemPortIdVec>
<condition id="-1">
<or_exp><and_exp></and_exp></or_exp>
</condition>

<Node id="36" bw="64" op_0_bw="64" op_1_bw="64">
<![CDATA[
:8  %tmp_s = fadd double %empty_26, %tmp

]]></Node>
<StgValue><ssdm name="tmp_s"/></StgValue>
</operation>
</state>

<state id="13" st_id="13">

<operation id="62" st_id="13" stage="2" lat="5">
<core>DAddSub</core>
<MemPortIdVec></MemPortIdVec>
<condition id="-1">
<or_exp><and_exp></and_exp></or_exp>
</condition>

<Node id="36" bw="64" op_0_bw="64" op_1_bw="64">
<![CDATA[
:8  %tmp_s = fadd double %empty_26, %tmp

]]></Node>
<StgValue><ssdm name="tmp_s"/></StgValue>
</operation>
</state>

<state id="14" st_id="14">

<operation id="63" st_id="14" stage="1" lat="5">
<core>DAddSub</core>
<MemPortIdVec></MemPortIdVec>
<condition id="-1">
<or_exp><and_exp></and_exp></or_exp>
</condition>

<Node id="36" bw="64" op_0_bw="64" op_1_bw="64">
<![CDATA[
:8  %tmp_s = fadd double %empty_26, %tmp

]]></Node>
<StgValue><ssdm name="tmp_s"/></StgValue>
</operation>
</state>

<state id="15" st_id="15">

<operation id="64" st_id="15" stage="1" lat="1">
<core>RAM</core>
<MemPortIdVec></MemPortIdVec>
<condition id="-1">
<or_exp><and_exp></and_exp></or_exp>
</condition>

<Node id="37" bw="0" op_0_bw="64" op_1_bw="6">
<![CDATA[
:9  store double %tmp_s, double* %activations_addr, align 8

]]></Node>
<StgValue><ssdm name="store_ln55"/></StgValue>
</operation>

<operation id="65" st_id="15" stage="1" lat="1">
<core>NULL</core>
<MemPortIdVec></MemPortIdVec>
<condition id="-1">
<or_exp><and_exp></and_exp></or_exp>
</condition>

<Node id="38" bw="0" op_0_bw="0">
<![CDATA[
:10  br label %2

]]></Node>
<StgValue><ssdm name="br_ln54"/></StgValue>
</operation>
</state>

<state id="16" st_id="16">

<operation id="66" st_id="16" stage="1" lat="1">
<core>NULL</core>
<MemPortIdVec></MemPortIdVec>
<condition id="-1">
<or_exp><and_exp></and_exp></or_exp>
</condition>

<Node id="44" bw="7" op_0_bw="7" op_1_bw="0" op_2_bw="7" op_3_bw="0">
<![CDATA[
.preheader:0  %i_0_i = phi i7 [ %i_35, %4 ], [ 0, %.preheader.preheader ]

]]></Node>
<StgValue><ssdm name="i_0_i"/></StgValue>
</operation>

<operation id="67" st_id="16" stage="1" lat="1">
<core>NULL</core>
<MemPortIdVec></MemPortIdVec>
<condition id="-1">
<or_exp><and_exp></and_exp></or_exp>
</condition>

<Node id="45" bw="32" op_0_bw="32" op_1_bw="64" op_2_bw="64" op_3_bw="64">
<![CDATA[
.preheader:1  %empty_28 = call i32 (...)* @_ssdm_op_SpecLoopTripCount(i64 64, i64 64, i64 64)

]]></Node>
<StgValue><ssdm name="empty_28"/></StgValue>
</operation>

<operation id="68" st_id="16" stage="1" lat="1">
<core>Cmp</core>
<MemPortIdVec></MemPortIdVec>
<condition id="-1">
<or_exp><and_exp></and_exp></or_exp>
</condition>

<Node id="46" bw="1" op_0_bw="7" op_1_bw="7">
<![CDATA[
.preheader:2  %icmp_ln28 = icmp eq i7 %i_0_i, -64

]]></Node>
<StgValue><ssdm name="icmp_ln28"/></StgValue>
</operation>

<operation id="69" st_id="16" stage="1" lat="1">
<core>AddSub</core>
<MemPortIdVec></MemPortIdVec>
<condition id="-1">
<or_exp><and_exp></and_exp></or_exp>
</condition>

<Node id="47" bw="7" op_0_bw="7" op_1_bw="7">
<![CDATA[
.preheader:3  %i_35 = add i7 %i_0_i, 1

]]></Node>
<StgValue><ssdm name="i_35"/></StgValue>
</operation>

<operation id="70" st_id="16" stage="1" lat="1">
<core>NULL</core>
<MemPortIdVec></MemPortIdVec>
<condition id="-1">
<or_exp><and_exp></and_exp></or_exp>
</condition>

<Node id="48" bw="0" op_0_bw="1" op_1_bw="0" op_2_bw="0">
<![CDATA[
.preheader:4  br i1 %icmp_ln28, label %add_bias_to_activations.exit, label %4

]]></Node>
<StgValue><ssdm name="br_ln28"/></StgValue>
</operation>

<operation id="71" st_id="16" stage="1" lat="1">
<core>NULL</core>
<MemPortIdVec></MemPortIdVec>
<condition id="-1">
<or_exp><and_exp><literal name="icmp_ln28" val="0"/>
</and_exp></or_exp>
</condition>

<Node id="50" bw="64" op_0_bw="7">
<![CDATA[
:0  %zext_ln29 = zext i7 %i_0_i to i64

]]></Node>
<StgValue><ssdm name="zext_ln29"/></StgValue>
</operation>

<operation id="72" st_id="16" stage="1" lat="1">
<core>NULL</core>
<MemPortIdVec></MemPortIdVec>
<condition id="-1">
<or_exp><and_exp><literal name="icmp_ln28" val="0"/>
</and_exp></or_exp>
</condition>

<Node id="51" bw="6" op_0_bw="64" op_1_bw="64" op_2_bw="64">
<![CDATA[
:1  %activations_addr_1 = getelementptr [64 x double]* %activations, i64 0, i64 %zext_ln29

]]></Node>
<StgValue><ssdm name="activations_addr_1"/></StgValue>
</operation>

<operation id="73" st_id="16" stage="2" lat="2">
<core>RAM</core>
<MemPortIdVec></MemPortIdVec>
<condition id="-1">
<or_exp><and_exp><literal name="icmp_ln28" val="0"/>
</and_exp></or_exp>
</condition>

<Node id="52" bw="64" op_0_bw="6">
<![CDATA[
:2  %activations_load = load double* %activations_addr_1, align 8

]]></Node>
<StgValue><ssdm name="activations_load"/></StgValue>
</operation>

<operation id="74" st_id="16" stage="1" lat="1">
<core>NULL</core>
<MemPortIdVec></MemPortIdVec>
<condition id="-1">
<or_exp><and_exp><literal name="icmp_ln28" val="0"/>
</and_exp></or_exp>
</condition>

<Node id="53" bw="6" op_0_bw="64" op_1_bw="64" op_2_bw="64">
<![CDATA[
:3  %biases_addr = getelementptr [64 x double]* %biases, i64 0, i64 %zext_ln29

]]></Node>
<StgValue><ssdm name="biases_addr"/></StgValue>
</operation>

<operation id="75" st_id="16" stage="2" lat="2">
<core>RAM</core>
<MemPortIdVec></MemPortIdVec>
<condition id="-1">
<or_exp><and_exp><literal name="icmp_ln28" val="0"/>
</and_exp></or_exp>
</condition>

<Node id="54" bw="64" op_0_bw="6">
<![CDATA[
:4  %biases_load = load double* %biases_addr, align 8

]]></Node>
<StgValue><ssdm name="biases_load"/></StgValue>
</operation>

<operation id="76" st_id="16" stage="1" lat="1">
<core>NULL</core>
<MemPortIdVec></MemPortIdVec>
<condition id="-1">
<or_exp><and_exp><literal name="icmp_ln28" val="1"/>
</and_exp></or_exp>
</condition>

<Node id="59" bw="0">
<![CDATA[
add_bias_to_activations.exit:0  ret void

]]></Node>
<StgValue><ssdm name="ret_ln59"/></StgValue>
</operation>
</state>

<state id="17" st_id="17">

<operation id="77" st_id="17" stage="1" lat="2">
<core>RAM</core>
<MemPortIdVec></MemPortIdVec>
<condition id="-1">
<or_exp><and_exp></and_exp></or_exp>
</condition>

<Node id="52" bw="64" op_0_bw="6">
<![CDATA[
:2  %activations_load = load double* %activations_addr_1, align 8

]]></Node>
<StgValue><ssdm name="activations_load"/></StgValue>
</operation>

<operation id="78" st_id="17" stage="1" lat="2">
<core>RAM</core>
<MemPortIdVec></MemPortIdVec>
<condition id="-1">
<or_exp><and_exp></and_exp></or_exp>
</condition>

<Node id="54" bw="64" op_0_bw="6">
<![CDATA[
:4  %biases_load = load double* %biases_addr, align 8

]]></Node>
<StgValue><ssdm name="biases_load"/></StgValue>
</operation>
</state>

<state id="18" st_id="18">

<operation id="79" st_id="18" stage="5" lat="5">
<core>DAddSub</core>
<MemPortIdVec></MemPortIdVec>
<condition id="-1">
<or_exp><and_exp></and_exp></or_exp>
</condition>

<Node id="55" bw="64" op_0_bw="64" op_1_bw="64">
<![CDATA[
:5  %tmp_i = fadd double %activations_load, %biases_load

]]></Node>
<StgValue><ssdm name="tmp_i"/></StgValue>
</operation>
</state>

<state id="19" st_id="19">

<operation id="80" st_id="19" stage="4" lat="5">
<core>DAddSub</core>
<MemPortIdVec></MemPortIdVec>
<condition id="-1">
<or_exp><and_exp></and_exp></or_exp>
</condition>

<Node id="55" bw="64" op_0_bw="64" op_1_bw="64">
<![CDATA[
:5  %tmp_i = fadd double %activations_load, %biases_load

]]></Node>
<StgValue><ssdm name="tmp_i"/></StgValue>
</operation>
</state>

<state id="20" st_id="20">

<operation id="81" st_id="20" stage="3" lat="5">
<core>DAddSub</core>
<MemPortIdVec></MemPortIdVec>
<condition id="-1">
<or_exp><and_exp></and_exp></or_exp>
</condition>

<Node id="55" bw="64" op_0_bw="64" op_1_bw="64">
<![CDATA[
:5  %tmp_i = fadd double %activations_load, %biases_load

]]></Node>
<StgValue><ssdm name="tmp_i"/></StgValue>
</operation>
</state>

<state id="21" st_id="21">

<operation id="82" st_id="21" stage="2" lat="5">
<core>DAddSub</core>
<MemPortIdVec></MemPortIdVec>
<condition id="-1">
<or_exp><and_exp></and_exp></or_exp>
</condition>

<Node id="55" bw="64" op_0_bw="64" op_1_bw="64">
<![CDATA[
:5  %tmp_i = fadd double %activations_load, %biases_load

]]></Node>
<StgValue><ssdm name="tmp_i"/></StgValue>
</operation>
</state>

<state id="22" st_id="22">

<operation id="83" st_id="22" stage="1" lat="5">
<core>DAddSub</core>
<MemPortIdVec></MemPortIdVec>
<condition id="-1">
<or_exp><and_exp></and_exp></or_exp>
</condition>

<Node id="55" bw="64" op_0_bw="64" op_1_bw="64">
<![CDATA[
:5  %tmp_i = fadd double %activations_load, %biases_load

]]></Node>
<StgValue><ssdm name="tmp_i"/></StgValue>
</operation>
</state>

<state id="23" st_id="23">

<operation id="84" st_id="23" stage="1" lat="1">
<core>RAM</core>
<MemPortIdVec></MemPortIdVec>
<condition id="-1">
<or_exp><and_exp></and_exp></or_exp>
</condition>

<Node id="56" bw="0" op_0_bw="64" op_1_bw="6" op_2_bw="64">
<![CDATA[
:6  store double %tmp_i, double* %activations_addr_1, align 8

]]></Node>
<StgValue><ssdm name="store_ln29"/></StgValue>
</operation>

<operation id="85" st_id="23" stage="1" lat="1">
<core>NULL</core>
<MemPortIdVec></MemPortIdVec>
<condition id="-1">
<or_exp><and_exp></and_exp></or_exp>
</condition>

<Node id="57" bw="0" op_0_bw="0">
<![CDATA[
:7  br label %.preheader

]]></Node>
<StgValue><ssdm name="br_ln28"/></StgValue>
</operation>
</state>
</state_list>


<ports>
</ports>


<dataflows>
</dataflows>


</stg>
