<stg><name>matrix_vector_produc.2</name>


<trans_list>

<trans id="87" from="1" to="2">
<condition id="-1">
<or_exp><and_exp></and_exp></or_exp>
</condition>
</trans>

<trans id="88" from="2" to="3">
<condition id="-1">
<or_exp><and_exp><literal name="icmp_ln38" val="0"/>
</and_exp></or_exp>
</condition>
</trans>

<trans id="103" from="2" to="15">
<condition id="-1">
<or_exp><and_exp><literal name="icmp_ln38" val="1"/>
</and_exp></or_exp>
</condition>
</trans>

<trans id="89" from="3" to="4">
<condition id="-1">
<or_exp><and_exp><literal name="icmp_ln40" val="0"/>
</and_exp></or_exp>
</condition>
</trans>

<trans id="102" from="3" to="2">
<condition id="-1">
<or_exp><and_exp><literal name="icmp_ln40" val="1"/>
</and_exp></or_exp>
</condition>
</trans>

<trans id="91" from="4" to="5">
<condition id="-1">
<or_exp><and_exp></and_exp></or_exp>
</condition>
</trans>

<trans id="92" from="5" to="6">
<condition id="-1">
<or_exp><and_exp></and_exp></or_exp>
</condition>
</trans>

<trans id="93" from="6" to="7">
<condition id="-1">
<or_exp><and_exp></and_exp></or_exp>
</condition>
</trans>

<trans id="94" from="7" to="8">
<condition id="-1">
<or_exp><and_exp></and_exp></or_exp>
</condition>
</trans>

<trans id="95" from="8" to="9">
<condition id="-1">
<or_exp><and_exp></and_exp></or_exp>
</condition>
</trans>

<trans id="96" from="9" to="10">
<condition id="-1">
<or_exp><and_exp></and_exp></or_exp>
</condition>
</trans>

<trans id="97" from="10" to="11">
<condition id="-1">
<or_exp><and_exp></and_exp></or_exp>
</condition>
</trans>

<trans id="98" from="11" to="12">
<condition id="-1">
<or_exp><and_exp></and_exp></or_exp>
</condition>
</trans>

<trans id="99" from="12" to="13">
<condition id="-1">
<or_exp><and_exp></and_exp></or_exp>
</condition>
</trans>

<trans id="100" from="13" to="14">
<condition id="-1">
<or_exp><and_exp></and_exp></or_exp>
</condition>
</trans>

<trans id="101" from="14" to="3">
<condition id="-1">
<or_exp><and_exp></and_exp></or_exp>
</condition>
</trans>

<trans id="104" from="15" to="16">
<condition id="-1">
<or_exp><and_exp><literal name="icmp_ln28" val="0"/>
</and_exp></or_exp>
</condition>
</trans>

<trans id="106" from="16" to="17">
<condition id="-1">
<or_exp><and_exp></and_exp></or_exp>
</condition>
</trans>

<trans id="107" from="17" to="18">
<condition id="-1">
<or_exp><and_exp></and_exp></or_exp>
</condition>
</trans>

<trans id="108" from="18" to="19">
<condition id="-1">
<or_exp><and_exp></and_exp></or_exp>
</condition>
</trans>

<trans id="109" from="19" to="20">
<condition id="-1">
<or_exp><and_exp></and_exp></or_exp>
</condition>
</trans>

<trans id="110" from="20" to="21">
<condition id="-1">
<or_exp><and_exp></and_exp></or_exp>
</condition>
</trans>

<trans id="111" from="21" to="22">
<condition id="-1">
<or_exp><and_exp></and_exp></or_exp>
</condition>
</trans>

<trans id="112" from="22" to="15">
<condition id="-1">
<or_exp><and_exp></and_exp></or_exp>
</condition>
</trans>
</trans_list>



<state_list>

<state id="1" st_id="1">

<operation id="23" st_id="1" stage="1" lat="1">
<core>NULL</core>
<MemPortIdVec></MemPortIdVec>
<condition id="-1">
<or_exp><and_exp></and_exp></or_exp>
</condition>

<Node id="6" bw="12" op_0_bw="12" op_1_bw="12">
<![CDATA[
:0  %input_sample_offset_s = call i12 @_ssdm_op_Read.ap_auto.i12(i12 %input_sample_offset)

]]></Node>
<StgValue><ssdm name="input_sample_offset_s"/></StgValue>
</operation>

<operation id="24" st_id="1" stage="1" lat="1">
<core>NULL</core>
<MemPortIdVec></MemPortIdVec>
<condition id="-1">
<or_exp><and_exp></and_exp></or_exp>
</condition>

<Node id="7" bw="0" op_0_bw="0">
<![CDATA[
:1  br label %.loopexit

]]></Node>
<StgValue><ssdm name="br_ln38"/></StgValue>
</operation>
</state>

<state id="2" st_id="2">

<operation id="25" st_id="2" stage="1" lat="1">
<core>NULL</core>
<MemPortIdVec></MemPortIdVec>
<condition id="-1">
<or_exp><and_exp></and_exp></or_exp>
</condition>

<Node id="9" bw="7" op_0_bw="7" op_1_bw="0" op_2_bw="7" op_3_bw="0">
<![CDATA[
.loopexit:0  %j_0 = phi i7 [ 0, %0 ], [ %j, %.loopexit.loopexit ]

]]></Node>
<StgValue><ssdm name="j_0"/></StgValue>
</operation>

<operation id="26" st_id="2" stage="1" lat="1">
<core>NULL</core>
<MemPortIdVec></MemPortIdVec>
<condition id="-1">
<or_exp><and_exp></and_exp></or_exp>
</condition>

<Node id="10" bw="10" op_0_bw="10" op_1_bw="0" op_2_bw="10" op_3_bw="0">
<![CDATA[
.loopexit:1  %phi_mul = phi i10 [ 0, %0 ], [ %add_ln41_2, %.loopexit.loopexit ]

]]></Node>
<StgValue><ssdm name="phi_mul"/></StgValue>
</operation>

<operation id="27" st_id="2" stage="1" lat="1">
<core>AddSub</core>
<MemPortIdVec></MemPortIdVec>
<condition id="-1">
<or_exp><and_exp></and_exp></or_exp>
</condition>

<Node id="11" bw="10" op_0_bw="10" op_1_bw="10">
<![CDATA[
.loopexit:2  %add_ln41_2 = add i10 %phi_mul, 13

]]></Node>
<StgValue><ssdm name="add_ln41_2"/></StgValue>
</operation>

<operation id="28" st_id="2" stage="1" lat="1">
<core>Cmp</core>
<MemPortIdVec></MemPortIdVec>
<condition id="-1">
<or_exp><and_exp></and_exp></or_exp>
</condition>

<Node id="12" bw="1" op_0_bw="7" op_1_bw="7">
<![CDATA[
.loopexit:3  %icmp_ln38 = icmp eq i7 %j_0, -64

]]></Node>
<StgValue><ssdm name="icmp_ln38"/></StgValue>
</operation>

<operation id="29" st_id="2" stage="1" lat="1">
<core>NULL</core>
<MemPortIdVec></MemPortIdVec>
<condition id="-1">
<or_exp><and_exp></and_exp></or_exp>
</condition>

<Node id="13" bw="32" op_0_bw="32" op_1_bw="64" op_2_bw="64" op_3_bw="64">
<![CDATA[
.loopexit:4  %empty = call i32 (...)* @_ssdm_op_SpecLoopTripCount(i64 64, i64 64, i64 64)

]]></Node>
<StgValue><ssdm name="empty"/></StgValue>
</operation>

<operation id="30" st_id="2" stage="1" lat="1">
<core>AddSub</core>
<MemPortIdVec></MemPortIdVec>
<condition id="-1">
<or_exp><and_exp></and_exp></or_exp>
</condition>

<Node id="14" bw="7" op_0_bw="7" op_1_bw="7">
<![CDATA[
.loopexit:5  %j = add i7 %j_0, 1

]]></Node>
<StgValue><ssdm name="j"/></StgValue>
</operation>

<operation id="31" st_id="2" stage="1" lat="1">
<core>NULL</core>
<MemPortIdVec></MemPortIdVec>
<condition id="-1">
<or_exp><and_exp></and_exp></or_exp>
</condition>

<Node id="15" bw="0" op_0_bw="1" op_1_bw="0" op_2_bw="0">
<![CDATA[
.loopexit:6  br i1 %icmp_ln38, label %.preheader.preheader, label %1

]]></Node>
<StgValue><ssdm name="br_ln38"/></StgValue>
</operation>

<operation id="32" st_id="2" stage="1" lat="1">
<core>NULL</core>
<MemPortIdVec></MemPortIdVec>
<condition id="-1">
<or_exp><and_exp><literal name="icmp_ln38" val="0"/>
</and_exp></or_exp>
</condition>

<Node id="17" bw="64" op_0_bw="7">
<![CDATA[
:0  %zext_ln39 = zext i7 %j_0 to i64

]]></Node>
<StgValue><ssdm name="zext_ln39"/></StgValue>
</operation>

<operation id="33" st_id="2" stage="1" lat="1">
<core>NULL</core>
<MemPortIdVec></MemPortIdVec>
<condition id="-1">
<or_exp><and_exp><literal name="icmp_ln38" val="0"/>
</and_exp></or_exp>
</condition>

<Node id="18" bw="6" op_0_bw="64" op_1_bw="64" op_2_bw="64">
<![CDATA[
:1  %activations_addr = getelementptr [64 x double]* %activations, i64 0, i64 %zext_ln39

]]></Node>
<StgValue><ssdm name="activations_addr"/></StgValue>
</operation>

<operation id="34" st_id="2" stage="1" lat="1">
<core>NULL</core>
<MemPortIdVec></MemPortIdVec>
<condition id="-1">
<or_exp><and_exp><literal name="icmp_ln38" val="0"/>
</and_exp></or_exp>
</condition>

<Node id="19" bw="0" op_0_bw="0">
<![CDATA[
:2  br label %2

]]></Node>
<StgValue><ssdm name="br_ln40"/></StgValue>
</operation>

<operation id="35" st_id="2" stage="1" lat="1">
<core>NULL</core>
<MemPortIdVec></MemPortIdVec>
<condition id="-1">
<or_exp><and_exp><literal name="icmp_ln38" val="1"/>
</and_exp></or_exp>
</condition>

<Node id="45" bw="0" op_0_bw="0">
<![CDATA[
.preheader.preheader:0  br label %.preheader

]]></Node>
<StgValue><ssdm name="br_ln0"/></StgValue>
</operation>
</state>

<state id="3" st_id="3">

<operation id="36" st_id="3" stage="1" lat="1">
<core>NULL</core>
<MemPortIdVec></MemPortIdVec>
<condition id="-1">
<or_exp><and_exp></and_exp></or_exp>
</condition>

<Node id="21" bw="64" op_0_bw="64" op_1_bw="0" op_2_bw="64" op_3_bw="0">
<![CDATA[
:0  %storemerge = phi double [ 0.000000e+00, %1 ], [ %tmp_s, %3 ]

]]></Node>
<StgValue><ssdm name="storemerge"/></StgValue>
</operation>

<operation id="37" st_id="3" stage="1" lat="1">
<core>NULL</core>
<MemPortIdVec></MemPortIdVec>
<condition id="-1">
<or_exp><and_exp></and_exp></or_exp>
</condition>

<Node id="22" bw="4" op_0_bw="4" op_1_bw="0" op_2_bw="4" op_3_bw="0">
<![CDATA[
:1  %i_0 = phi i4 [ 0, %1 ], [ %i_33, %3 ]

]]></Node>
<StgValue><ssdm name="i_0"/></StgValue>
</operation>

<operation id="38" st_id="3" stage="1" lat="1">
<core>RAM</core>
<MemPortIdVec>0 </MemPortIdVec>
<condition id="-1">
<or_exp><and_exp></and_exp></or_exp>
</condition>

<Node id="23" bw="0" op_0_bw="64" op_1_bw="6">
<![CDATA[
:2  store double %storemerge, double* %activations_addr, align 8

]]></Node>
<StgValue><ssdm name="store_ln41"/></StgValue>
</operation>

<operation id="39" st_id="3" stage="1" lat="1">
<core>NULL</core>
<MemPortIdVec></MemPortIdVec>
<condition id="-1">
<or_exp><and_exp></and_exp></or_exp>
</condition>

<Node id="24" bw="10" op_0_bw="4">
<![CDATA[
:3  %zext_ln40 = zext i4 %i_0 to i10

]]></Node>
<StgValue><ssdm name="zext_ln40"/></StgValue>
</operation>

<operation id="40" st_id="3" stage="1" lat="1">
<core>Cmp</core>
<MemPortIdVec></MemPortIdVec>
<condition id="-1">
<or_exp><and_exp></and_exp></or_exp>
</condition>

<Node id="25" bw="1" op_0_bw="4" op_1_bw="4">
<![CDATA[
:4  %icmp_ln40 = icmp eq i4 %i_0, -3

]]></Node>
<StgValue><ssdm name="icmp_ln40"/></StgValue>
</operation>

<operation id="41" st_id="3" stage="1" lat="1">
<core>NULL</core>
<MemPortIdVec></MemPortIdVec>
<condition id="-1">
<or_exp><and_exp></and_exp></or_exp>
</condition>

<Node id="26" bw="32" op_0_bw="32" op_1_bw="64" op_2_bw="64" op_3_bw="64">
<![CDATA[
:5  %empty_21 = call i32 (...)* @_ssdm_op_SpecLoopTripCount(i64 13, i64 13, i64 13)

]]></Node>
<StgValue><ssdm name="empty_21"/></StgValue>
</operation>

<operation id="42" st_id="3" stage="1" lat="1">
<core>AddSub</core>
<MemPortIdVec></MemPortIdVec>
<condition id="-1">
<or_exp><and_exp></and_exp></or_exp>
</condition>

<Node id="27" bw="4" op_0_bw="4" op_1_bw="4">
<![CDATA[
:6  %i_33 = add i4 %i_0, 1

]]></Node>
<StgValue><ssdm name="i_33"/></StgValue>
</operation>

<operation id="43" st_id="3" stage="1" lat="1">
<core>NULL</core>
<MemPortIdVec></MemPortIdVec>
<condition id="-1">
<or_exp><and_exp></and_exp></or_exp>
</condition>

<Node id="28" bw="0" op_0_bw="1" op_1_bw="0" op_2_bw="0">
<![CDATA[
:7  br i1 %icmp_ln40, label %.loopexit.loopexit, label %3

]]></Node>
<StgValue><ssdm name="br_ln40"/></StgValue>
</operation>

<operation id="44" st_id="3" stage="1" lat="1">
<core>AddSub</core>
<MemPortIdVec></MemPortIdVec>
<condition id="-1">
<or_exp><and_exp><literal name="icmp_ln40" val="0"/>
</and_exp></or_exp>
</condition>

<Node id="30" bw="10" op_0_bw="10" op_1_bw="10">
<![CDATA[
:0  %add_ln41 = add i10 %phi_mul, %zext_ln40

]]></Node>
<StgValue><ssdm name="add_ln41"/></StgValue>
</operation>

<operation id="45" st_id="3" stage="1" lat="1">
<core>NULL</core>
<MemPortIdVec></MemPortIdVec>
<condition id="-1">
<or_exp><and_exp><literal name="icmp_ln40" val="0"/>
</and_exp></or_exp>
</condition>

<Node id="31" bw="64" op_0_bw="10">
<![CDATA[
:1  %zext_ln41 = zext i10 %add_ln41 to i64

]]></Node>
<StgValue><ssdm name="zext_ln41"/></StgValue>
</operation>

<operation id="46" st_id="3" stage="1" lat="1">
<core>NULL</core>
<MemPortIdVec></MemPortIdVec>
<condition id="-1">
<or_exp><and_exp><literal name="icmp_ln40" val="0"/>
</and_exp></or_exp>
</condition>

<Node id="32" bw="10" op_0_bw="64" op_1_bw="64" op_2_bw="64">
<![CDATA[
:2  %weights_addr = getelementptr [832 x double]* %weights, i64 0, i64 %zext_ln41

]]></Node>
<StgValue><ssdm name="weights_addr"/></StgValue>
</operation>

<operation id="47" st_id="3" stage="2" lat="2">
<core>RAM</core>
<MemPortIdVec>0 </MemPortIdVec>
<condition id="-1">
<or_exp><and_exp><literal name="icmp_ln40" val="0"/>
</and_exp></or_exp>
</condition>

<Node id="33" bw="64" op_0_bw="10">
<![CDATA[
:3  %weights_load = load double* %weights_addr, align 8

]]></Node>
<StgValue><ssdm name="weights_load"/></StgValue>
</operation>

<operation id="48" st_id="3" stage="1" lat="1">
<core>NULL</core>
<MemPortIdVec></MemPortIdVec>
<condition id="-1">
<or_exp><and_exp><literal name="icmp_ln40" val="0"/>
</and_exp></or_exp>
</condition>

<Node id="34" bw="12" op_0_bw="4">
<![CDATA[
:4  %zext_ln41_1 = zext i4 %i_0 to i12

]]></Node>
<StgValue><ssdm name="zext_ln41_1"/></StgValue>
</operation>

<operation id="49" st_id="3" stage="1" lat="1">
<core>AddSub</core>
<MemPortIdVec></MemPortIdVec>
<condition id="-1">
<or_exp><and_exp><literal name="icmp_ln40" val="0"/>
</and_exp></or_exp>
</condition>

<Node id="35" bw="12" op_0_bw="12" op_1_bw="12">
<![CDATA[
:5  %add_ln41_1 = add i12 %zext_ln41_1, %input_sample_offset_s

]]></Node>
<StgValue><ssdm name="add_ln41_1"/></StgValue>
</operation>

<operation id="50" st_id="3" stage="1" lat="1">
<core>NULL</core>
<MemPortIdVec></MemPortIdVec>
<condition id="-1">
<or_exp><and_exp><literal name="icmp_ln40" val="0"/>
</and_exp></or_exp>
</condition>

<Node id="36" bw="64" op_0_bw="12">
<![CDATA[
:6  %zext_ln41_2 = zext i12 %add_ln41_1 to i64

]]></Node>
<StgValue><ssdm name="zext_ln41_2"/></StgValue>
</operation>

<operation id="51" st_id="3" stage="1" lat="1">
<core>NULL</core>
<MemPortIdVec></MemPortIdVec>
<condition id="-1">
<or_exp><and_exp><literal name="icmp_ln40" val="0"/>
</and_exp></or_exp>
</condition>

<Node id="37" bw="12" op_0_bw="64" op_1_bw="64" op_2_bw="64">
<![CDATA[
:7  %input_sample_addr = getelementptr [2119 x double]* %input_sample, i64 0, i64 %zext_ln41_2

]]></Node>
<StgValue><ssdm name="input_sample_addr"/></StgValue>
</operation>

<operation id="52" st_id="3" stage="2" lat="2">
<core>RAM</core>
<MemPortIdVec>0 </MemPortIdVec>
<condition id="-1">
<or_exp><and_exp><literal name="icmp_ln40" val="0"/>
</and_exp></or_exp>
</condition>

<Node id="38" bw="64" op_0_bw="12">
<![CDATA[
:8  %input_sample_load = load double* %input_sample_addr, align 8

]]></Node>
<StgValue><ssdm name="input_sample_load"/></StgValue>
</operation>

<operation id="53" st_id="3" stage="1" lat="1">
<core>NULL</core>
<MemPortIdVec></MemPortIdVec>
<condition id="-1">
<or_exp><and_exp><literal name="icmp_ln40" val="1"/>
</and_exp></or_exp>
</condition>

<Node id="43" bw="0" op_0_bw="0">
<![CDATA[
.loopexit.loopexit:0  br label %.loopexit

]]></Node>
<StgValue><ssdm name="br_ln0"/></StgValue>
</operation>
</state>

<state id="4" st_id="4">

<operation id="54" st_id="4" stage="1" lat="2">
<core>RAM</core>
<MemPortIdVec>0 </MemPortIdVec>
<condition id="-1">
<or_exp><and_exp></and_exp></or_exp>
</condition>

<Node id="33" bw="64" op_0_bw="10">
<![CDATA[
:3  %weights_load = load double* %weights_addr, align 8

]]></Node>
<StgValue><ssdm name="weights_load"/></StgValue>
</operation>

<operation id="55" st_id="4" stage="1" lat="2">
<core>RAM</core>
<MemPortIdVec>0 </MemPortIdVec>
<condition id="-1">
<or_exp><and_exp></and_exp></or_exp>
</condition>

<Node id="38" bw="64" op_0_bw="12">
<![CDATA[
:8  %input_sample_load = load double* %input_sample_addr, align 8

]]></Node>
<StgValue><ssdm name="input_sample_load"/></StgValue>
</operation>
</state>

<state id="5" st_id="5">

<operation id="56" st_id="5" stage="5" lat="5">
<core>DMul</core>
<MemPortIdVec></MemPortIdVec>
<condition id="-1">
<or_exp><and_exp></and_exp></or_exp>
</condition>

<Node id="39" bw="64" op_0_bw="64" op_1_bw="64">
<![CDATA[
:9  %tmp = fmul double %weights_load, %input_sample_load

]]></Node>
<StgValue><ssdm name="tmp"/></StgValue>
</operation>
</state>

<state id="6" st_id="6">

<operation id="57" st_id="6" stage="4" lat="5">
<core>DMul</core>
<MemPortIdVec></MemPortIdVec>
<condition id="-1">
<or_exp><and_exp></and_exp></or_exp>
</condition>

<Node id="39" bw="64" op_0_bw="64" op_1_bw="64">
<![CDATA[
:9  %tmp = fmul double %weights_load, %input_sample_load

]]></Node>
<StgValue><ssdm name="tmp"/></StgValue>
</operation>
</state>

<state id="7" st_id="7">

<operation id="58" st_id="7" stage="3" lat="5">
<core>DMul</core>
<MemPortIdVec></MemPortIdVec>
<condition id="-1">
<or_exp><and_exp></and_exp></or_exp>
</condition>

<Node id="39" bw="64" op_0_bw="64" op_1_bw="64">
<![CDATA[
:9  %tmp = fmul double %weights_load, %input_sample_load

]]></Node>
<StgValue><ssdm name="tmp"/></StgValue>
</operation>
</state>

<state id="8" st_id="8">

<operation id="59" st_id="8" stage="2" lat="5">
<core>DMul</core>
<MemPortIdVec></MemPortIdVec>
<condition id="-1">
<or_exp><and_exp></and_exp></or_exp>
</condition>

<Node id="39" bw="64" op_0_bw="64" op_1_bw="64">
<![CDATA[
:9  %tmp = fmul double %weights_load, %input_sample_load

]]></Node>
<StgValue><ssdm name="tmp"/></StgValue>
</operation>
</state>

<state id="9" st_id="9">

<operation id="60" st_id="9" stage="1" lat="5">
<core>DMul</core>
<MemPortIdVec></MemPortIdVec>
<condition id="-1">
<or_exp><and_exp></and_exp></or_exp>
</condition>

<Node id="39" bw="64" op_0_bw="64" op_1_bw="64">
<![CDATA[
:9  %tmp = fmul double %weights_load, %input_sample_load

]]></Node>
<StgValue><ssdm name="tmp"/></StgValue>
</operation>
</state>

<state id="10" st_id="10">

<operation id="61" st_id="10" stage="5" lat="5">
<core>DAddSub</core>
<MemPortIdVec></MemPortIdVec>
<condition id="-1">
<or_exp><and_exp></and_exp></or_exp>
</condition>

<Node id="40" bw="64" op_0_bw="64" op_1_bw="64">
<![CDATA[
:10  %tmp_s = fadd double %storemerge, %tmp

]]></Node>
<StgValue><ssdm name="tmp_s"/></StgValue>
</operation>
</state>

<state id="11" st_id="11">

<operation id="62" st_id="11" stage="4" lat="5">
<core>DAddSub</core>
<MemPortIdVec></MemPortIdVec>
<condition id="-1">
<or_exp><and_exp></and_exp></or_exp>
</condition>

<Node id="40" bw="64" op_0_bw="64" op_1_bw="64">
<![CDATA[
:10  %tmp_s = fadd double %storemerge, %tmp

]]></Node>
<StgValue><ssdm name="tmp_s"/></StgValue>
</operation>
</state>

<state id="12" st_id="12">

<operation id="63" st_id="12" stage="3" lat="5">
<core>DAddSub</core>
<MemPortIdVec></MemPortIdVec>
<condition id="-1">
<or_exp><and_exp></and_exp></or_exp>
</condition>

<Node id="40" bw="64" op_0_bw="64" op_1_bw="64">
<![CDATA[
:10  %tmp_s = fadd double %storemerge, %tmp

]]></Node>
<StgValue><ssdm name="tmp_s"/></StgValue>
</operation>
</state>

<state id="13" st_id="13">

<operation id="64" st_id="13" stage="2" lat="5">
<core>DAddSub</core>
<MemPortIdVec></MemPortIdVec>
<condition id="-1">
<or_exp><and_exp></and_exp></or_exp>
</condition>

<Node id="40" bw="64" op_0_bw="64" op_1_bw="64">
<![CDATA[
:10  %tmp_s = fadd double %storemerge, %tmp

]]></Node>
<StgValue><ssdm name="tmp_s"/></StgValue>
</operation>
</state>

<state id="14" st_id="14">

<operation id="65" st_id="14" stage="1" lat="5">
<core>DAddSub</core>
<MemPortIdVec></MemPortIdVec>
<condition id="-1">
<or_exp><and_exp></and_exp></or_exp>
</condition>

<Node id="40" bw="64" op_0_bw="64" op_1_bw="64">
<![CDATA[
:10  %tmp_s = fadd double %storemerge, %tmp

]]></Node>
<StgValue><ssdm name="tmp_s"/></StgValue>
</operation>

<operation id="66" st_id="14" stage="1" lat="1">
<core>NULL</core>
<MemPortIdVec></MemPortIdVec>
<condition id="-1">
<or_exp><and_exp></and_exp></or_exp>
</condition>

<Node id="41" bw="0" op_0_bw="0">
<![CDATA[
:11  br label %2

]]></Node>
<StgValue><ssdm name="br_ln40"/></StgValue>
</operation>
</state>

<state id="15" st_id="15">

<operation id="67" st_id="15" stage="1" lat="1">
<core>NULL</core>
<MemPortIdVec></MemPortIdVec>
<condition id="-1">
<or_exp><and_exp></and_exp></or_exp>
</condition>

<Node id="47" bw="7" op_0_bw="7" op_1_bw="0" op_2_bw="7" op_3_bw="0">
<![CDATA[
.preheader:0  %i_0_i = phi i7 [ %i, %4 ], [ 0, %.preheader.preheader ]

]]></Node>
<StgValue><ssdm name="i_0_i"/></StgValue>
</operation>

<operation id="68" st_id="15" stage="1" lat="1">
<core>NULL</core>
<MemPortIdVec></MemPortIdVec>
<condition id="-1">
<or_exp><and_exp></and_exp></or_exp>
</condition>

<Node id="48" bw="32" op_0_bw="32" op_1_bw="64" op_2_bw="64" op_3_bw="64">
<![CDATA[
.preheader:1  %empty_22 = call i32 (...)* @_ssdm_op_SpecLoopTripCount(i64 64, i64 64, i64 64)

]]></Node>
<StgValue><ssdm name="empty_22"/></StgValue>
</operation>

<operation id="69" st_id="15" stage="1" lat="1">
<core>Cmp</core>
<MemPortIdVec></MemPortIdVec>
<condition id="-1">
<or_exp><and_exp></and_exp></or_exp>
</condition>

<Node id="49" bw="1" op_0_bw="7" op_1_bw="7">
<![CDATA[
.preheader:2  %icmp_ln28 = icmp eq i7 %i_0_i, -64

]]></Node>
<StgValue><ssdm name="icmp_ln28"/></StgValue>
</operation>

<operation id="70" st_id="15" stage="1" lat="1">
<core>AddSub</core>
<MemPortIdVec></MemPortIdVec>
<condition id="-1">
<or_exp><and_exp></and_exp></or_exp>
</condition>

<Node id="50" bw="7" op_0_bw="7" op_1_bw="7">
<![CDATA[
.preheader:3  %i = add i7 %i_0_i, 1

]]></Node>
<StgValue><ssdm name="i"/></StgValue>
</operation>

<operation id="71" st_id="15" stage="1" lat="1">
<core>NULL</core>
<MemPortIdVec></MemPortIdVec>
<condition id="-1">
<or_exp><and_exp></and_exp></or_exp>
</condition>

<Node id="51" bw="0" op_0_bw="1" op_1_bw="0" op_2_bw="0">
<![CDATA[
.preheader:4  br i1 %icmp_ln28, label %add_bias_to_activations.exit, label %4

]]></Node>
<StgValue><ssdm name="br_ln28"/></StgValue>
</operation>

<operation id="72" st_id="15" stage="1" lat="1">
<core>NULL</core>
<MemPortIdVec></MemPortIdVec>
<condition id="-1">
<or_exp><and_exp><literal name="icmp_ln28" val="0"/>
</and_exp></or_exp>
</condition>

<Node id="53" bw="64" op_0_bw="7">
<![CDATA[
:0  %zext_ln29 = zext i7 %i_0_i to i64

]]></Node>
<StgValue><ssdm name="zext_ln29"/></StgValue>
</operation>

<operation id="73" st_id="15" stage="1" lat="1">
<core>NULL</core>
<MemPortIdVec></MemPortIdVec>
<condition id="-1">
<or_exp><and_exp><literal name="icmp_ln28" val="0"/>
</and_exp></or_exp>
</condition>

<Node id="54" bw="6" op_0_bw="64" op_1_bw="64" op_2_bw="64">
<![CDATA[
:1  %activations_addr_1 = getelementptr [64 x double]* %activations, i64 0, i64 %zext_ln29

]]></Node>
<StgValue><ssdm name="activations_addr_1"/></StgValue>
</operation>

<operation id="74" st_id="15" stage="2" lat="2">
<core>RAM</core>
<MemPortIdVec>0 </MemPortIdVec>
<condition id="-1">
<or_exp><and_exp><literal name="icmp_ln28" val="0"/>
</and_exp></or_exp>
</condition>

<Node id="55" bw="64" op_0_bw="6">
<![CDATA[
:2  %activations_load = load double* %activations_addr_1, align 8

]]></Node>
<StgValue><ssdm name="activations_load"/></StgValue>
</operation>

<operation id="75" st_id="15" stage="1" lat="1">
<core>NULL</core>
<MemPortIdVec></MemPortIdVec>
<condition id="-1">
<or_exp><and_exp><literal name="icmp_ln28" val="0"/>
</and_exp></or_exp>
</condition>

<Node id="56" bw="6" op_0_bw="64" op_1_bw="64" op_2_bw="64">
<![CDATA[
:3  %biases_addr = getelementptr [64 x double]* %biases, i64 0, i64 %zext_ln29

]]></Node>
<StgValue><ssdm name="biases_addr"/></StgValue>
</operation>

<operation id="76" st_id="15" stage="2" lat="2">
<core>RAM</core>
<MemPortIdVec>0 </MemPortIdVec>
<condition id="-1">
<or_exp><and_exp><literal name="icmp_ln28" val="0"/>
</and_exp></or_exp>
</condition>

<Node id="57" bw="64" op_0_bw="6">
<![CDATA[
:4  %biases_load = load double* %biases_addr, align 8

]]></Node>
<StgValue><ssdm name="biases_load"/></StgValue>
</operation>

<operation id="77" st_id="15" stage="1" lat="1">
<core>NULL</core>
<MemPortIdVec></MemPortIdVec>
<condition id="-1">
<or_exp><and_exp><literal name="icmp_ln28" val="1"/>
</and_exp></or_exp>
</condition>

<Node id="62" bw="0">
<![CDATA[
add_bias_to_activations.exit:0  ret void

]]></Node>
<StgValue><ssdm name="ret_ln45"/></StgValue>
</operation>
</state>

<state id="16" st_id="16">

<operation id="78" st_id="16" stage="1" lat="2">
<core>RAM</core>
<MemPortIdVec>0 </MemPortIdVec>
<condition id="-1">
<or_exp><and_exp></and_exp></or_exp>
</condition>

<Node id="55" bw="64" op_0_bw="6">
<![CDATA[
:2  %activations_load = load double* %activations_addr_1, align 8

]]></Node>
<StgValue><ssdm name="activations_load"/></StgValue>
</operation>

<operation id="79" st_id="16" stage="1" lat="2">
<core>RAM</core>
<MemPortIdVec>0 </MemPortIdVec>
<condition id="-1">
<or_exp><and_exp></and_exp></or_exp>
</condition>

<Node id="57" bw="64" op_0_bw="6">
<![CDATA[
:4  %biases_load = load double* %biases_addr, align 8

]]></Node>
<StgValue><ssdm name="biases_load"/></StgValue>
</operation>
</state>

<state id="17" st_id="17">

<operation id="80" st_id="17" stage="5" lat="5">
<core>DAddSub</core>
<MemPortIdVec></MemPortIdVec>
<condition id="-1">
<or_exp><and_exp></and_exp></or_exp>
</condition>

<Node id="58" bw="64" op_0_bw="64" op_1_bw="64">
<![CDATA[
:5  %tmp_i = fadd double %activations_load, %biases_load

]]></Node>
<StgValue><ssdm name="tmp_i"/></StgValue>
</operation>
</state>

<state id="18" st_id="18">

<operation id="81" st_id="18" stage="4" lat="5">
<core>DAddSub</core>
<MemPortIdVec></MemPortIdVec>
<condition id="-1">
<or_exp><and_exp></and_exp></or_exp>
</condition>

<Node id="58" bw="64" op_0_bw="64" op_1_bw="64">
<![CDATA[
:5  %tmp_i = fadd double %activations_load, %biases_load

]]></Node>
<StgValue><ssdm name="tmp_i"/></StgValue>
</operation>
</state>

<state id="19" st_id="19">

<operation id="82" st_id="19" stage="3" lat="5">
<core>DAddSub</core>
<MemPortIdVec></MemPortIdVec>
<condition id="-1">
<or_exp><and_exp></and_exp></or_exp>
</condition>

<Node id="58" bw="64" op_0_bw="64" op_1_bw="64">
<![CDATA[
:5  %tmp_i = fadd double %activations_load, %biases_load

]]></Node>
<StgValue><ssdm name="tmp_i"/></StgValue>
</operation>
</state>

<state id="20" st_id="20">

<operation id="83" st_id="20" stage="2" lat="5">
<core>DAddSub</core>
<MemPortIdVec></MemPortIdVec>
<condition id="-1">
<or_exp><and_exp></and_exp></or_exp>
</condition>

<Node id="58" bw="64" op_0_bw="64" op_1_bw="64">
<![CDATA[
:5  %tmp_i = fadd double %activations_load, %biases_load

]]></Node>
<StgValue><ssdm name="tmp_i"/></StgValue>
</operation>
</state>

<state id="21" st_id="21">

<operation id="84" st_id="21" stage="1" lat="5">
<core>DAddSub</core>
<MemPortIdVec></MemPortIdVec>
<condition id="-1">
<or_exp><and_exp></and_exp></or_exp>
</condition>

<Node id="58" bw="64" op_0_bw="64" op_1_bw="64">
<![CDATA[
:5  %tmp_i = fadd double %activations_load, %biases_load

]]></Node>
<StgValue><ssdm name="tmp_i"/></StgValue>
</operation>
</state>

<state id="22" st_id="22">

<operation id="85" st_id="22" stage="1" lat="1">
<core>RAM</core>
<MemPortIdVec>0 </MemPortIdVec>
<condition id="-1">
<or_exp><and_exp></and_exp></or_exp>
</condition>

<Node id="59" bw="0" op_0_bw="64" op_1_bw="6" op_2_bw="64">
<![CDATA[
:6  store double %tmp_i, double* %activations_addr_1, align 8

]]></Node>
<StgValue><ssdm name="store_ln29"/></StgValue>
</operation>

<operation id="86" st_id="22" stage="1" lat="1">
<core>NULL</core>
<MemPortIdVec></MemPortIdVec>
<condition id="-1">
<or_exp><and_exp></and_exp></or_exp>
</condition>

<Node id="60" bw="0" op_0_bw="0">
<![CDATA[
:7  br label %.preheader

]]></Node>
<StgValue><ssdm name="br_ln28"/></StgValue>
</operation>
</state>
</state_list>


<ports>
<port id="113" name="biases" dir="0" iftype="1">
<core>RAM</core><StgValue><ssdm name="biases"/><MemPortTyVec>1 3 </MemPortTyVec>
</StgValue>
</port>
<port id="114" name="weights" dir="0" iftype="1">
<core>RAM</core><StgValue><ssdm name="weights"/><MemPortTyVec>1 3 </MemPortTyVec>
</StgValue>
</port>
<port id="115" name="activations" dir="2" iftype="1">
<core>RAM</core><StgValue><ssdm name="activations"/><MemPortTyVec>2 3 </MemPortTyVec>
</StgValue>
</port>
<port id="116" name="input_sample" dir="0" iftype="1">
<core>RAM</core><StgValue><ssdm name="input_sample"/><MemPortTyVec>1 3 </MemPortTyVec>
</StgValue>
</port>
<port id="117" name="input_sample_offset" dir="0" iftype="0">
<core>NULL</core><StgValue><ssdm name="input_sample_offset"/></StgValue>
</port>
</ports>


<dataflows>
<dataflow id="119" from="_ssdm_op_Read.ap_auto.i12" to="input_sample_offset_s" fromId="118" toId="23">
</dataflow>
<dataflow id="120" from="input_sample_offset" to="input_sample_offset_s" fromId="117" toId="23">
</dataflow>
<dataflow id="122" from="StgValue_121" to="j_0" fromId="121" toId="25">
<condition id="-1">
<or_exp><and_exp></and_exp></or_exp>
</condition>
</dataflow>
<dataflow id="123" from="br_ln38" to="j_0" fromId="24" toId="25">
</dataflow>
<dataflow id="124" from="j" to="j_0" fromId="30" toId="25">
<BackEdge/>
<condition id="-1">
<or_exp><and_exp><literal name="icmp_ln40" val="1"/>
</and_exp></or_exp>
</condition>
</dataflow>
<dataflow id="125" from="br_ln0" to="j_0" fromId="53" toId="25">
<BackEdge/>
</dataflow>
<dataflow id="127" from="StgValue_126" to="phi_mul" fromId="126" toId="26">
<condition id="-1">
<or_exp><and_exp></and_exp></or_exp>
</condition>
</dataflow>
<dataflow id="128" from="br_ln38" to="phi_mul" fromId="24" toId="26">
</dataflow>
<dataflow id="129" from="add_ln41_2" to="phi_mul" fromId="27" toId="26">
<BackEdge/>
<condition id="-1">
<or_exp><and_exp><literal name="icmp_ln40" val="1"/>
</and_exp></or_exp>
</condition>
</dataflow>
<dataflow id="130" from="br_ln0" to="phi_mul" fromId="53" toId="26">
<BackEdge/>
</dataflow>
<dataflow id="131" from="phi_mul" to="add_ln41_2" fromId="26" toId="27">
</dataflow>
<dataflow id="133" from="StgValue_132" to="add_ln41_2" fromId="132" toId="27">
</dataflow>
<dataflow id="134" from="j_0" to="icmp_ln38" fromId="25" toId="28">
</dataflow>
<dataflow id="136" from="StgValue_135" to="icmp_ln38" fromId="135" toId="28">
</dataflow>
<dataflow id="138" from="_ssdm_op_SpecLoopTripCount" to="empty" fromId="137" toId="29">
</dataflow>
<dataflow id="140" from="StgValue_139" to="empty" fromId="139" toId="29">
</dataflow>
<dataflow id="141" from="StgValue_139" to="empty" fromId="139" toId="29">
</dataflow>
<dataflow id="142" from="StgValue_139" to="empty" fromId="139" toId="29">
</dataflow>
<dataflow id="143" from="j_0" to="j" fromId="25" toId="30">
</dataflow>
<dataflow id="145" from="StgValue_144" to="j" fromId="144" toId="30">
</dataflow>
<dataflow id="146" from="icmp_ln38" to="br_ln38" fromId="28" toId="31">
</dataflow>
<dataflow id="147" from="j_0" to="zext_ln39" fromId="25" toId="32">
</dataflow>
<dataflow id="148" from="activations" to="activations_addr" fromId="115" toId="33">
</dataflow>
<dataflow id="150" from="StgValue_149" to="activations_addr" fromId="149" toId="33">
</dataflow>
<dataflow id="151" from="zext_ln39" to="activations_addr" fromId="32" toId="33">
</dataflow>
<dataflow id="153" from="StgValue_152" to="storemerge" fromId="152" toId="36">
<condition id="-1">
<or_exp><and_exp><literal name="icmp_ln38" val="0"/>
</and_exp></or_exp>
</condition>
</dataflow>
<dataflow id="154" from="br_ln40" to="storemerge" fromId="34" toId="36">
</dataflow>
<dataflow id="155" from="tmp_s" to="storemerge" fromId="65" toId="36">
<BackEdge/>
<condition id="-1">
<or_exp><and_exp></and_exp></or_exp>
</condition>
</dataflow>
<dataflow id="156" from="br_ln40" to="storemerge" fromId="66" toId="36">
<BackEdge/>
</dataflow>
<dataflow id="158" from="StgValue_157" to="i_0" fromId="157" toId="37">
<condition id="-1">
<or_exp><and_exp><literal name="icmp_ln38" val="0"/>
</and_exp></or_exp>
</condition>
</dataflow>
<dataflow id="159" from="br_ln40" to="i_0" fromId="34" toId="37">
</dataflow>
<dataflow id="160" from="i_33" to="i_0" fromId="42" toId="37">
<BackEdge/>
<condition id="-1">
<or_exp><and_exp></and_exp></or_exp>
</condition>
</dataflow>
<dataflow id="161" from="br_ln40" to="i_0" fromId="66" toId="37">
<BackEdge/>
</dataflow>
<dataflow id="162" from="storemerge" to="store_ln41" fromId="36" toId="38">
</dataflow>
<dataflow id="163" from="activations_addr" to="store_ln41" fromId="33" toId="38">
</dataflow>
<dataflow id="164" from="i_0" to="zext_ln40" fromId="37" toId="39">
</dataflow>
<dataflow id="165" from="i_0" to="icmp_ln40" fromId="37" toId="40">
</dataflow>
<dataflow id="167" from="StgValue_166" to="icmp_ln40" fromId="166" toId="40">
</dataflow>
<dataflow id="168" from="_ssdm_op_SpecLoopTripCount" to="empty_21" fromId="137" toId="41">
</dataflow>
<dataflow id="170" from="StgValue_169" to="empty_21" fromId="169" toId="41">
</dataflow>
<dataflow id="171" from="StgValue_169" to="empty_21" fromId="169" toId="41">
</dataflow>
<dataflow id="172" from="StgValue_169" to="empty_21" fromId="169" toId="41">
</dataflow>
<dataflow id="173" from="i_0" to="i_33" fromId="37" toId="42">
</dataflow>
<dataflow id="175" from="StgValue_174" to="i_33" fromId="174" toId="42">
</dataflow>
<dataflow id="176" from="icmp_ln40" to="br_ln40" fromId="40" toId="43">
</dataflow>
<dataflow id="177" from="phi_mul" to="add_ln41" fromId="26" toId="44">
</dataflow>
<dataflow id="178" from="zext_ln40" to="add_ln41" fromId="39" toId="44">
</dataflow>
<dataflow id="179" from="add_ln41" to="zext_ln41" fromId="44" toId="45">
</dataflow>
<dataflow id="180" from="weights" to="weights_addr" fromId="114" toId="46">
</dataflow>
<dataflow id="181" from="StgValue_149" to="weights_addr" fromId="149" toId="46">
</dataflow>
<dataflow id="182" from="zext_ln41" to="weights_addr" fromId="45" toId="46">
</dataflow>
<dataflow id="183" from="weights_addr" to="weights_load" fromId="46" toId="47">
</dataflow>
<dataflow id="184" from="i_0" to="zext_ln41_1" fromId="37" toId="48">
</dataflow>
<dataflow id="185" from="zext_ln41_1" to="add_ln41_1" fromId="48" toId="49">
</dataflow>
<dataflow id="186" from="input_sample_offset_s" to="add_ln41_1" fromId="23" toId="49">
</dataflow>
<dataflow id="187" from="add_ln41_1" to="zext_ln41_2" fromId="49" toId="50">
</dataflow>
<dataflow id="188" from="input_sample" to="input_sample_addr" fromId="116" toId="51">
</dataflow>
<dataflow id="189" from="StgValue_149" to="input_sample_addr" fromId="149" toId="51">
</dataflow>
<dataflow id="190" from="zext_ln41_2" to="input_sample_addr" fromId="50" toId="51">
</dataflow>
<dataflow id="191" from="input_sample_addr" to="input_sample_load" fromId="51" toId="52">
</dataflow>
<dataflow id="192" from="weights_addr" to="weights_load" fromId="46" toId="54">
</dataflow>
<dataflow id="193" from="input_sample_addr" to="input_sample_load" fromId="51" toId="55">
</dataflow>
<dataflow id="194" from="weights_load" to="tmp" fromId="54" toId="56">
</dataflow>
<dataflow id="195" from="input_sample_load" to="tmp" fromId="55" toId="56">
</dataflow>
<dataflow id="196" from="weights_load" to="tmp" fromId="54" toId="57">
</dataflow>
<dataflow id="197" from="input_sample_load" to="tmp" fromId="55" toId="57">
</dataflow>
<dataflow id="198" from="weights_load" to="tmp" fromId="54" toId="58">
</dataflow>
<dataflow id="199" from="input_sample_load" to="tmp" fromId="55" toId="58">
</dataflow>
<dataflow id="200" from="weights_load" to="tmp" fromId="54" toId="59">
</dataflow>
<dataflow id="201" from="input_sample_load" to="tmp" fromId="55" toId="59">
</dataflow>
<dataflow id="202" from="weights_load" to="tmp" fromId="54" toId="60">
</dataflow>
<dataflow id="203" from="input_sample_load" to="tmp" fromId="55" toId="60">
</dataflow>
<dataflow id="204" from="storemerge" to="tmp_s" fromId="36" toId="61">
</dataflow>
<dataflow id="205" from="tmp" to="tmp_s" fromId="60" toId="61">
</dataflow>
<dataflow id="206" from="storemerge" to="tmp_s" fromId="36" toId="62">
</dataflow>
<dataflow id="207" from="tmp" to="tmp_s" fromId="60" toId="62">
</dataflow>
<dataflow id="208" from="storemerge" to="tmp_s" fromId="36" toId="63">
</dataflow>
<dataflow id="209" from="tmp" to="tmp_s" fromId="60" toId="63">
</dataflow>
<dataflow id="210" from="storemerge" to="tmp_s" fromId="36" toId="64">
</dataflow>
<dataflow id="211" from="tmp" to="tmp_s" fromId="60" toId="64">
</dataflow>
<dataflow id="212" from="storemerge" to="tmp_s" fromId="36" toId="65">
</dataflow>
<dataflow id="213" from="tmp" to="tmp_s" fromId="60" toId="65">
</dataflow>
<dataflow id="214" from="i" to="i_0_i" fromId="70" toId="67">
<BackEdge/>
<condition id="-1">
<or_exp><and_exp></and_exp></or_exp>
</condition>
</dataflow>
<dataflow id="215" from="br_ln28" to="i_0_i" fromId="86" toId="67">
<BackEdge/>
</dataflow>
<dataflow id="216" from="StgValue_121" to="i_0_i" fromId="121" toId="67">
<condition id="-1">
<or_exp><and_exp><literal name="icmp_ln38" val="1"/>
</and_exp></or_exp>
</condition>
</dataflow>
<dataflow id="217" from="br_ln0" to="i_0_i" fromId="35" toId="67">
</dataflow>
<dataflow id="218" from="_ssdm_op_SpecLoopTripCount" to="empty_22" fromId="137" toId="68">
</dataflow>
<dataflow id="219" from="StgValue_139" to="empty_22" fromId="139" toId="68">
</dataflow>
<dataflow id="220" from="StgValue_139" to="empty_22" fromId="139" toId="68">
</dataflow>
<dataflow id="221" from="StgValue_139" to="empty_22" fromId="139" toId="68">
</dataflow>
<dataflow id="222" from="i_0_i" to="icmp_ln28" fromId="67" toId="69">
</dataflow>
<dataflow id="223" from="StgValue_135" to="icmp_ln28" fromId="135" toId="69">
</dataflow>
<dataflow id="224" from="i_0_i" to="i" fromId="67" toId="70">
</dataflow>
<dataflow id="225" from="StgValue_144" to="i" fromId="144" toId="70">
</dataflow>
<dataflow id="226" from="icmp_ln28" to="br_ln28" fromId="69" toId="71">
</dataflow>
<dataflow id="227" from="i_0_i" to="zext_ln29" fromId="67" toId="72">
</dataflow>
<dataflow id="228" from="activations" to="activations_addr_1" fromId="115" toId="73">
</dataflow>
<dataflow id="229" from="StgValue_149" to="activations_addr_1" fromId="149" toId="73">
</dataflow>
<dataflow id="230" from="zext_ln29" to="activations_addr_1" fromId="72" toId="73">
</dataflow>
<dataflow id="231" from="activations_addr_1" to="activations_load" fromId="73" toId="74">
</dataflow>
<dataflow id="232" from="biases" to="biases_addr" fromId="113" toId="75">
</dataflow>
<dataflow id="233" from="StgValue_149" to="biases_addr" fromId="149" toId="75">
</dataflow>
<dataflow id="234" from="zext_ln29" to="biases_addr" fromId="72" toId="75">
</dataflow>
<dataflow id="235" from="biases_addr" to="biases_load" fromId="75" toId="76">
</dataflow>
<dataflow id="236" from="activations_addr_1" to="activations_load" fromId="73" toId="78">
</dataflow>
<dataflow id="237" from="biases_addr" to="biases_load" fromId="75" toId="79">
</dataflow>
<dataflow id="238" from="activations_load" to="tmp_i" fromId="78" toId="80">
</dataflow>
<dataflow id="239" from="biases_load" to="tmp_i" fromId="79" toId="80">
</dataflow>
<dataflow id="240" from="activations_load" to="tmp_i" fromId="78" toId="81">
</dataflow>
<dataflow id="241" from="biases_load" to="tmp_i" fromId="79" toId="81">
</dataflow>
<dataflow id="242" from="activations_load" to="tmp_i" fromId="78" toId="82">
</dataflow>
<dataflow id="243" from="biases_load" to="tmp_i" fromId="79" toId="82">
</dataflow>
<dataflow id="244" from="activations_load" to="tmp_i" fromId="78" toId="83">
</dataflow>
<dataflow id="245" from="biases_load" to="tmp_i" fromId="79" toId="83">
</dataflow>
<dataflow id="246" from="activations_load" to="tmp_i" fromId="78" toId="84">
</dataflow>
<dataflow id="247" from="biases_load" to="tmp_i" fromId="79" toId="84">
</dataflow>
<dataflow id="248" from="tmp_i" to="store_ln29" fromId="84" toId="85">
</dataflow>
<dataflow id="249" from="activations_addr_1" to="store_ln29" fromId="73" toId="85">
</dataflow>
<dataflow id="250" from="icmp_ln38" to="StgValue_2" fromId="28" toId="2">
</dataflow>
<dataflow id="251" from="icmp_ln40" to="StgValue_3" fromId="40" toId="3">
</dataflow>
<dataflow id="252" from="icmp_ln28" to="StgValue_15" fromId="69" toId="15">
</dataflow>
</dataflows>


</stg>
