<profile>

<section name = "Vivado HLS Report for 'RELU'" level="0">
<item name = "Date">Sat May 21 18:18:13 2022
</item>
<item name = "Version">2019.2 (Build 2704478 on Wed Nov 06 22:10:23 MST 2019)</item>
<item name = "Project">backprop_base</item>
<item name = "Solution">solution1</item>
<item name = "Product family">zynq</item>
<item name = "Target device">xc7z045-ffg900-2</item>
</section>

<section name = "Performance Estimates" level="0">
<item name = "Timing">
<section name = "" level="1">
<item name = "Summary"><table name="" hasTotal="0">
<keys size="4">Clock, Target, Estimated, Uncertainty</keys>
<column name="ap_clk">10.00 ns, 8.417 ns, 1.25 ns</column>
</table>
</item>
</section>
</item>
<item name = "Latency">
<section name = "" level="1">
<item name = "Summary"><table name="" hasTotal="0">
<keys size="8">, min, max, min, max, min, max, Type</keys>
<column name="">184, 184, 1.840 us, 1.840 us, 184, 184, none</column>
</table>
</item>
<item name = "Detail">
<section name = "" level="1">
<item name = "Instance"><table name="" hasTotal="0">
<keys size="9">Instance, Module, min, max, min, max, min, max, Type</keys>
</table>
</item>
<item name = "Loop"><table name="" hasTotal="0">
<keys size="8">Loop Name, min, max, Latency, achieved, target, Count, Pipelined</keys>
<column name="- Loop 1">183, 183, 61, -, -, 3, no</column>
</table>
</item>
</section>
</item>
</section>
</item>
</section>

<section name = "Utilization Estimates" level="0">
<item name = "Summary"><table name="" hasTotal="1">
<keys size="6">Name, BRAM_18K, DSP48E, FF, LUT, URAM</keys>
<column name="DSP">-, -, -, -, -</column>
<column name="Expression">-, -, 0, 583, -</column>
<column name="FIFO">-, -, -, -, -</column>
<column name="Instance">-, 40, 5131, 7963, -</column>
<column name="Memory">-, -, -, -, -</column>
<column name="Multiplexer">-, -, -, 50, -</column>
<column name="Register">-, -, 1029, -, -</column>
<specialColumn name="Available">1090, 900, 437200, 218600, 0</specialColumn>
<specialColumn name="Utilization (%)">0, 4, 1, 3, 0</specialColumn>
</table>
</item>
<item name = "Detail">
<section name = "" level="1">
<item name = "Instance"><table name="" hasTotal="1">
<keys size="7">Instance, Module, BRAM_18K, DSP48E, FF, LUT, URAM</keys>
<column name="backprop_dadddsubeOg_U26">backprop_dadddsubeOg, 0, 3, 445, 1149, 0</column>
<column name="backprop_ddiv_64nfYi_U28">backprop_ddiv_64nfYi, 0, 0, 3211, 3639, 0</column>
<column name="backprop_dexp_64ng8j_U29">backprop_dexp_64ng8j, 0, 26, 1176, 2592, 0</column>
<column name="backprop_dmul_64ncud_U27">backprop_dmul_64ncud, 0, 11, 299, 570, 0</column>
<column name="backprop_mux_32_6dEe_U30">backprop_mux_32_6dEe, 0, 0, 0, 13, 0</column>
</table>
</item>
<item name = "DSP48E"><table name="" hasTotal="0">
<keys size="3">Instance, Module, Expression</keys>
</table>
</item>
<item name = "Memory"><table name="" hasTotal="1">
<keys size="10">Memory, Module, BRAM_18K, FF, LUT, URAM, Words, Bits, Banks, W*Bits*Banks</keys>
</table>
</item>
<item name = "FIFO"><table name="" hasTotal="1">
<keys size="8">Name, BRAM_18K, FF, LUT, URAM, Depth, Bits, Size:D*B</keys>
</table>
</item>
<item name = "Expression"><table name="" hasTotal="1">
<keys size="7">Variable Name, Operation, DSP48E, FF, LUT, Bitwidth P0, Bitwidth P1</keys>
<column name="i_fu_189_p2">+, 0, 0, 3, 2, 1</column>
<column name="icmp_ln18_fu_183_p2">icmp, 0, 0, 1, 2, 2</column>
<column name="icmp_ln20_1_fu_340_p2">icmp, 0, 0, 1, 2, 1</column>
<column name="icmp_ln20_fu_326_p2">icmp, 0, 0, 1, 2, 1</column>
<column name="activations_0_1_fu_370_p3">select, 0, 0, 64, 1, 64</column>
<column name="activations_1_1_fu_354_p3">select, 0, 0, 64, 1, 64</column>
<column name="activations_2_1_fu_346_p3">select, 0, 0, 64, 1, 64</column>
<column name="select_ln20_1_fu_362_p3">select, 0, 0, 64, 1, 64</column>
<column name="select_ln20_fu_332_p3">select, 0, 0, 64, 1, 64</column>
<column name="select_ln22_1_fu_232_p3">select, 0, 0, 64, 1, 64</column>
<column name="select_ln22_2_fu_239_p3">select, 0, 0, 64, 1, 64</column>
<column name="select_ln22_fu_225_p3">select, 0, 0, 64, 1, 64</column>
<column name="xor_ln20_fu_315_p2">xor, 0, 0, 65, 64, 65</column>
</table>
</item>
<item name = "Multiplexer"><table name="" hasTotal="1">
<keys size="5">Name, LUT, Input Size, Bits, Total Bits</keys>
<column name="activations_0_0_reg_100">3, 2, 64, 128</column>
<column name="activations_1_0_reg_110">3, 2, 64, 128</column>
<column name="activations_2_0_reg_120">3, 2, 64, 128</column>
<column name="ap_NS_fsm">11, 63, 1, 63</column>
<column name="ap_return_0">3, 2, 64, 128</column>
<column name="ap_return_1">3, 2, 64, 128</column>
<column name="ap_return_2">3, 2, 64, 128</column>
<column name="ap_return_3">3, 2, 64, 128</column>
<column name="ap_return_4">3, 2, 64, 128</column>
<column name="ap_return_5">3, 2, 64, 128</column>
<column name="grp_fu_142_opcode">3, 3, 2, 6</column>
<column name="grp_fu_142_p0">3, 3, 64, 192</column>
<column name="grp_fu_142_p1">3, 3, 64, 192</column>
<column name="i_0_reg_130">3, 2, 2, 4</column>
</table>
</item>
<item name = "Register"><table name="" hasTotal="1">
<keys size="5">Name, FF, LUT, Bits, Const Bits</keys>
<column name="activations_0_0_reg_100">64, 0, 64, 0</column>
<column name="activations_1_0_reg_110">64, 0, 64, 0</column>
<column name="activations_2_0_reg_120">64, 0, 64, 0</column>
<column name="ap_CS_fsm">62, 0, 62, 0</column>
<column name="ap_return_0_preg">64, 0, 64, 0</column>
<column name="ap_return_1_preg">64, 0, 64, 0</column>
<column name="ap_return_2_preg">64, 0, 64, 0</column>
<column name="ap_return_3_preg">64, 0, 64, 0</column>
<column name="ap_return_4_preg">64, 0, 64, 0</column>
<column name="ap_return_5_preg">64, 0, 64, 0</column>
<column name="dactivations3_02_fu_52">64, 0, 64, 0</column>
<column name="dactivations4_01_fu_40">64, 0, 64, 0</column>
<column name="dactivations_03_fu_56">64, 0, 64, 0</column>
<column name="i_0_reg_130">2, 0, 2, 0</column>
<column name="i_reg_450">2, 0, 2, 0</column>
<column name="reg_162">64, 0, 64, 0</column>
<column name="tmp_28_reg_455">64, 0, 64, 0</column>
<column name="tmp_s_reg_467">64, 0, 64, 0</column>
<column name="write_flag3_0_fu_60">1, 0, 1, 0</column>
<column name="write_flag6_0_fu_48">1, 0, 1, 0</column>
<column name="write_flag_0_fu_44">1, 0, 1, 0</column>
</table>
</item>
</section>
</item>
</section>

<section name = "Interface" level="0">
<item name = "Summary"><table name="" hasTotal="0">
<keys size="6">RTL Ports, Dir, Bits, Protocol, Source Object, C Type</keys>
<column name="ap_clk">in, 1, ap_ctrl_hs, RELU, return value</column>
<column name="ap_rst">in, 1, ap_ctrl_hs, RELU, return value</column>
<column name="ap_start">in, 1, ap_ctrl_hs, RELU, return value</column>
<column name="ap_done">out, 1, ap_ctrl_hs, RELU, return value</column>
<column name="ap_idle">out, 1, ap_ctrl_hs, RELU, return value</column>
<column name="ap_ready">out, 1, ap_ctrl_hs, RELU, return value</column>
<column name="ap_return_0">out, 64, ap_ctrl_hs, RELU, return value</column>
<column name="ap_return_1">out, 64, ap_ctrl_hs, RELU, return value</column>
<column name="ap_return_2">out, 64, ap_ctrl_hs, RELU, return value</column>
<column name="ap_return_3">out, 64, ap_ctrl_hs, RELU, return value</column>
<column name="ap_return_4">out, 64, ap_ctrl_hs, RELU, return value</column>
<column name="ap_return_5">out, 64, ap_ctrl_hs, RELU, return value</column>
<column name="activations_0_read">in, 64, ap_none, activations_0_read, scalar</column>
<column name="activations_1_read">in, 64, ap_none, activations_1_read, scalar</column>
<column name="activations_2_read">in, 64, ap_none, activations_2_read, scalar</column>
<column name="dactivations_0_read">in, 64, ap_none, dactivations_0_read, scalar</column>
<column name="dactivations_1_read">in, 64, ap_none, dactivations_1_read, scalar</column>
<column name="dactivations_2_read">in, 64, ap_none, dactivations_2_read, scalar</column>
</table>
</item>
</section>
</profile>
