<stg><name>soft_max</name>


<trans_list>

<trans id="197" from="1" to="2">
<condition id="-1">
<or_exp><and_exp></and_exp></or_exp>
</condition>
</trans>

<trans id="198" from="2" to="3">
<condition id="-1">
<or_exp><and_exp><literal name="icmp_ln8" val="0"/>
</and_exp></or_exp>
</condition>
</trans>

<trans id="220" from="2" to="23">
<condition id="-1">
<or_exp><and_exp><literal name="icmp_ln8" val="1"/>
</and_exp></or_exp>
</condition>
</trans>

<trans id="200" from="3" to="4">
<condition id="-1">
<or_exp><and_exp></and_exp></or_exp>
</condition>
</trans>

<trans id="201" from="4" to="5">
<condition id="-1">
<or_exp><and_exp></and_exp></or_exp>
</condition>
</trans>

<trans id="202" from="5" to="6">
<condition id="-1">
<or_exp><and_exp></and_exp></or_exp>
</condition>
</trans>

<trans id="203" from="6" to="7">
<condition id="-1">
<or_exp><and_exp></and_exp></or_exp>
</condition>
</trans>

<trans id="204" from="7" to="8">
<condition id="-1">
<or_exp><and_exp></and_exp></or_exp>
</condition>
</trans>

<trans id="205" from="8" to="9">
<condition id="-1">
<or_exp><and_exp></and_exp></or_exp>
</condition>
</trans>

<trans id="206" from="9" to="10">
<condition id="-1">
<or_exp><and_exp></and_exp></or_exp>
</condition>
</trans>

<trans id="207" from="10" to="11">
<condition id="-1">
<or_exp><and_exp></and_exp></or_exp>
</condition>
</trans>

<trans id="208" from="11" to="12">
<condition id="-1">
<or_exp><and_exp></and_exp></or_exp>
</condition>
</trans>

<trans id="209" from="12" to="13">
<condition id="-1">
<or_exp><and_exp></and_exp></or_exp>
</condition>
</trans>

<trans id="210" from="13" to="14">
<condition id="-1">
<or_exp><and_exp></and_exp></or_exp>
</condition>
</trans>

<trans id="211" from="14" to="15">
<condition id="-1">
<or_exp><and_exp></and_exp></or_exp>
</condition>
</trans>

<trans id="212" from="15" to="16">
<condition id="-1">
<or_exp><and_exp></and_exp></or_exp>
</condition>
</trans>

<trans id="213" from="16" to="17">
<condition id="-1">
<or_exp><and_exp></and_exp></or_exp>
</condition>
</trans>

<trans id="214" from="17" to="18">
<condition id="-1">
<or_exp><and_exp></and_exp></or_exp>
</condition>
</trans>

<trans id="215" from="18" to="19">
<condition id="-1">
<or_exp><and_exp></and_exp></or_exp>
</condition>
</trans>

<trans id="216" from="19" to="20">
<condition id="-1">
<or_exp><and_exp></and_exp></or_exp>
</condition>
</trans>

<trans id="217" from="20" to="21">
<condition id="-1">
<or_exp><and_exp></and_exp></or_exp>
</condition>
</trans>

<trans id="218" from="21" to="22">
<condition id="-1">
<or_exp><and_exp></and_exp></or_exp>
</condition>
</trans>

<trans id="219" from="22" to="2">
<condition id="-1">
<or_exp><and_exp></and_exp></or_exp>
</condition>
</trans>

<trans id="221" from="23" to="24">
<condition id="-1">
<or_exp><and_exp><literal name="icmp_ln11" val="0"/>
</and_exp></or_exp>
</condition>
</trans>

<trans id="223" from="24" to="25">
<condition id="-1">
<or_exp><and_exp></and_exp></or_exp>
</condition>
</trans>

<trans id="224" from="25" to="26">
<condition id="-1">
<or_exp><and_exp></and_exp></or_exp>
</condition>
</trans>

<trans id="225" from="26" to="27">
<condition id="-1">
<or_exp><and_exp></and_exp></or_exp>
</condition>
</trans>

<trans id="226" from="27" to="28">
<condition id="-1">
<or_exp><and_exp></and_exp></or_exp>
</condition>
</trans>

<trans id="227" from="28" to="29">
<condition id="-1">
<or_exp><and_exp></and_exp></or_exp>
</condition>
</trans>

<trans id="228" from="29" to="30">
<condition id="-1">
<or_exp><and_exp></and_exp></or_exp>
</condition>
</trans>

<trans id="229" from="30" to="31">
<condition id="-1">
<or_exp><and_exp></and_exp></or_exp>
</condition>
</trans>

<trans id="230" from="31" to="32">
<condition id="-1">
<or_exp><and_exp></and_exp></or_exp>
</condition>
</trans>

<trans id="231" from="32" to="33">
<condition id="-1">
<or_exp><and_exp></and_exp></or_exp>
</condition>
</trans>

<trans id="232" from="33" to="34">
<condition id="-1">
<or_exp><and_exp></and_exp></or_exp>
</condition>
</trans>

<trans id="233" from="34" to="35">
<condition id="-1">
<or_exp><and_exp></and_exp></or_exp>
</condition>
</trans>

<trans id="234" from="35" to="36">
<condition id="-1">
<or_exp><and_exp></and_exp></or_exp>
</condition>
</trans>

<trans id="235" from="36" to="37">
<condition id="-1">
<or_exp><and_exp></and_exp></or_exp>
</condition>
</trans>

<trans id="236" from="37" to="38">
<condition id="-1">
<or_exp><and_exp></and_exp></or_exp>
</condition>
</trans>

<trans id="237" from="38" to="39">
<condition id="-1">
<or_exp><and_exp></and_exp></or_exp>
</condition>
</trans>

<trans id="238" from="39" to="40">
<condition id="-1">
<or_exp><and_exp></and_exp></or_exp>
</condition>
</trans>

<trans id="239" from="40" to="41">
<condition id="-1">
<or_exp><and_exp></and_exp></or_exp>
</condition>
</trans>

<trans id="240" from="41" to="42">
<condition id="-1">
<or_exp><and_exp></and_exp></or_exp>
</condition>
</trans>

<trans id="241" from="42" to="43">
<condition id="-1">
<or_exp><and_exp></and_exp></or_exp>
</condition>
</trans>

<trans id="242" from="43" to="44">
<condition id="-1">
<or_exp><and_exp></and_exp></or_exp>
</condition>
</trans>

<trans id="243" from="44" to="45">
<condition id="-1">
<or_exp><and_exp></and_exp></or_exp>
</condition>
</trans>

<trans id="244" from="45" to="46">
<condition id="-1">
<or_exp><and_exp></and_exp></or_exp>
</condition>
</trans>

<trans id="245" from="46" to="47">
<condition id="-1">
<or_exp><and_exp></and_exp></or_exp>
</condition>
</trans>

<trans id="246" from="47" to="48">
<condition id="-1">
<or_exp><and_exp></and_exp></or_exp>
</condition>
</trans>

<trans id="247" from="48" to="49">
<condition id="-1">
<or_exp><and_exp></and_exp></or_exp>
</condition>
</trans>

<trans id="248" from="49" to="50">
<condition id="-1">
<or_exp><and_exp></and_exp></or_exp>
</condition>
</trans>

<trans id="249" from="50" to="51">
<condition id="-1">
<or_exp><and_exp></and_exp></or_exp>
</condition>
</trans>

<trans id="250" from="51" to="52">
<condition id="-1">
<or_exp><and_exp></and_exp></or_exp>
</condition>
</trans>

<trans id="251" from="52" to="53">
<condition id="-1">
<or_exp><and_exp></and_exp></or_exp>
</condition>
</trans>

<trans id="252" from="53" to="54">
<condition id="-1">
<or_exp><and_exp></and_exp></or_exp>
</condition>
</trans>

<trans id="253" from="54" to="55">
<condition id="-1">
<or_exp><and_exp></and_exp></or_exp>
</condition>
</trans>

<trans id="254" from="55" to="56">
<condition id="-1">
<or_exp><and_exp></and_exp></or_exp>
</condition>
</trans>

<trans id="255" from="56" to="57">
<condition id="-1">
<or_exp><and_exp></and_exp></or_exp>
</condition>
</trans>

<trans id="256" from="57" to="58">
<condition id="-1">
<or_exp><and_exp></and_exp></or_exp>
</condition>
</trans>

<trans id="257" from="58" to="59">
<condition id="-1">
<or_exp><and_exp></and_exp></or_exp>
</condition>
</trans>

<trans id="258" from="59" to="60">
<condition id="-1">
<or_exp><and_exp></and_exp></or_exp>
</condition>
</trans>

<trans id="259" from="60" to="61">
<condition id="-1">
<or_exp><and_exp></and_exp></or_exp>
</condition>
</trans>

<trans id="260" from="61" to="62">
<condition id="-1">
<or_exp><and_exp></and_exp></or_exp>
</condition>
</trans>

<trans id="261" from="62" to="63">
<condition id="-1">
<or_exp><and_exp></and_exp></or_exp>
</condition>
</trans>

<trans id="262" from="63" to="64">
<condition id="-1">
<or_exp><and_exp></and_exp></or_exp>
</condition>
</trans>

<trans id="263" from="64" to="65">
<condition id="-1">
<or_exp><and_exp></and_exp></or_exp>
</condition>
</trans>

<trans id="264" from="65" to="66">
<condition id="-1">
<or_exp><and_exp></and_exp></or_exp>
</condition>
</trans>

<trans id="265" from="66" to="67">
<condition id="-1">
<or_exp><and_exp></and_exp></or_exp>
</condition>
</trans>

<trans id="266" from="67" to="68">
<condition id="-1">
<or_exp><and_exp></and_exp></or_exp>
</condition>
</trans>

<trans id="267" from="68" to="69">
<condition id="-1">
<or_exp><and_exp></and_exp></or_exp>
</condition>
</trans>

<trans id="268" from="69" to="23">
<condition id="-1">
<or_exp><and_exp></and_exp></or_exp>
</condition>
</trans>
</trans_list>



<state_list>

<state id="1" st_id="1">

<operation id="70" st_id="1" stage="1" lat="1">
<core>NULL</core>
<MemPortIdVec></MemPortIdVec>
<condition id="-1">
<or_exp><and_exp></and_exp></or_exp>
</condition>

<Node id="7" bw="64" op_0_bw="64" op_1_bw="64">
<![CDATA[
:0  %activations_2_read_1 = call double @_ssdm_op_Read.ap_auto.double(double %activations_2_read)

]]></Node>
<StgValue><ssdm name="activations_2_read_1"/></StgValue>
</operation>

<operation id="71" st_id="1" stage="1" lat="1">
<core>NULL</core>
<MemPortIdVec></MemPortIdVec>
<condition id="-1">
<or_exp><and_exp></and_exp></or_exp>
</condition>

<Node id="8" bw="64" op_0_bw="64" op_1_bw="64">
<![CDATA[
:1  %activations_1_read_1 = call double @_ssdm_op_Read.ap_auto.double(double %activations_1_read)

]]></Node>
<StgValue><ssdm name="activations_1_read_1"/></StgValue>
</operation>

<operation id="72" st_id="1" stage="1" lat="1">
<core>NULL</core>
<MemPortIdVec></MemPortIdVec>
<condition id="-1">
<or_exp><and_exp></and_exp></or_exp>
</condition>

<Node id="9" bw="64" op_0_bw="64" op_1_bw="64">
<![CDATA[
:2  %activations_0_read_1 = call double @_ssdm_op_Read.ap_auto.double(double %activations_0_read)

]]></Node>
<StgValue><ssdm name="activations_0_read_1"/></StgValue>
</operation>

<operation id="73" st_id="1" stage="1" lat="1">
<core>NULL</core>
<MemPortIdVec></MemPortIdVec>
<condition id="-1">
<or_exp><and_exp></and_exp></or_exp>
</condition>

<Node id="10" bw="64" op_0_bw="64" op_1_bw="64">
<![CDATA[
:3  %net_outputs_2_read_1 = call double @_ssdm_op_Read.ap_auto.double(double %net_outputs_2_read)

]]></Node>
<StgValue><ssdm name="net_outputs_2_read_1"/></StgValue>
</operation>

<operation id="74" st_id="1" stage="1" lat="1">
<core>NULL</core>
<MemPortIdVec></MemPortIdVec>
<condition id="-1">
<or_exp><and_exp></and_exp></or_exp>
</condition>

<Node id="11" bw="64" op_0_bw="64" op_1_bw="64">
<![CDATA[
:4  %net_outputs_1_read_1 = call double @_ssdm_op_Read.ap_auto.double(double %net_outputs_1_read)

]]></Node>
<StgValue><ssdm name="net_outputs_1_read_1"/></StgValue>
</operation>

<operation id="75" st_id="1" stage="1" lat="1">
<core>NULL</core>
<MemPortIdVec></MemPortIdVec>
<condition id="-1">
<or_exp><and_exp></and_exp></or_exp>
</condition>

<Node id="12" bw="64" op_0_bw="64" op_1_bw="64">
<![CDATA[
:5  %net_outputs_0_read_1 = call double @_ssdm_op_Read.ap_auto.double(double %net_outputs_0_read)

]]></Node>
<StgValue><ssdm name="net_outputs_0_read_1"/></StgValue>
</operation>

<operation id="76" st_id="1" stage="1" lat="1">
<core>NULL</core>
<MemPortIdVec></MemPortIdVec>
<condition id="-1">
<or_exp><and_exp></and_exp></or_exp>
</condition>

<Node id="13" bw="0" op_0_bw="0">
<![CDATA[
:6  br label %1

]]></Node>
<StgValue><ssdm name="br_ln8"/></StgValue>
</operation>
</state>

<state id="2" st_id="2">

<operation id="77" st_id="2" stage="1" lat="1">
<core>NULL</core>
<MemPortIdVec></MemPortIdVec>
<condition id="-1">
<or_exp><and_exp></and_exp></or_exp>
</condition>

<Node id="15" bw="2" op_0_bw="2" op_1_bw="0" op_2_bw="2" op_3_bw="0">
<![CDATA[
:0  %i_0 = phi i2 [ 0, %0 ], [ %i, %2 ]

]]></Node>
<StgValue><ssdm name="i_0"/></StgValue>
</operation>

<operation id="78" st_id="2" stage="1" lat="1">
<core>NULL</core>
<MemPortIdVec></MemPortIdVec>
<condition id="-1">
<or_exp><and_exp></and_exp></or_exp>
</condition>

<Node id="16" bw="64" op_0_bw="64" op_1_bw="0" op_2_bw="64" op_3_bw="0">
<![CDATA[
:1  %sum_0 = phi double [ 0.000000e+00, %0 ], [ %sum, %2 ]

]]></Node>
<StgValue><ssdm name="sum_0"/></StgValue>
</operation>

<operation id="79" st_id="2" stage="1" lat="1">
<core>Cmp</core>
<MemPortIdVec></MemPortIdVec>
<condition id="-1">
<or_exp><and_exp></and_exp></or_exp>
</condition>

<Node id="17" bw="1" op_0_bw="2" op_1_bw="2">
<![CDATA[
:2  %icmp_ln8 = icmp eq i2 %i_0, -1

]]></Node>
<StgValue><ssdm name="icmp_ln8"/></StgValue>
</operation>

<operation id="80" st_id="2" stage="1" lat="1">
<core>NULL</core>
<MemPortIdVec></MemPortIdVec>
<condition id="-1">
<or_exp><and_exp></and_exp></or_exp>
</condition>

<Node id="18" bw="32" op_0_bw="32" op_1_bw="64" op_2_bw="64" op_3_bw="64">
<![CDATA[
:3  %empty = call i32 (...)* @_ssdm_op_SpecLoopTripCount(i64 3, i64 3, i64 3)

]]></Node>
<StgValue><ssdm name="empty"/></StgValue>
</operation>

<operation id="81" st_id="2" stage="1" lat="1">
<core>AddSub</core>
<MemPortIdVec></MemPortIdVec>
<condition id="-1">
<or_exp><and_exp></and_exp></or_exp>
</condition>

<Node id="19" bw="2" op_0_bw="2" op_1_bw="2">
<![CDATA[
:4  %i = add i2 %i_0, 1

]]></Node>
<StgValue><ssdm name="i"/></StgValue>
</operation>

<operation id="82" st_id="2" stage="1" lat="1">
<core>NULL</core>
<MemPortIdVec></MemPortIdVec>
<condition id="-1">
<or_exp><and_exp></and_exp></or_exp>
</condition>

<Node id="20" bw="0" op_0_bw="1" op_1_bw="0" op_2_bw="0">
<![CDATA[
:5  br i1 %icmp_ln8, label %.preheader.preheader, label %2

]]></Node>
<StgValue><ssdm name="br_ln8"/></StgValue>
</operation>

<operation id="83" st_id="2" stage="1" lat="1">
<core>MuxnS</core>
<MemPortIdVec></MemPortIdVec>
<condition id="-1">
<or_exp><and_exp><literal name="icmp_ln8" val="0"/>
</and_exp></or_exp>
</condition>

<Node id="22" bw="64" op_0_bw="64" op_1_bw="64" op_2_bw="64" op_3_bw="64" op_4_bw="2">
<![CDATA[
:0  %tmp = call double @_ssdm_op_Mux.ap_auto.3double.i2(double %activations_0_read_1, double %activations_1_read_1, double %activations_2_read_1, i2 %i_0)

]]></Node>
<StgValue><ssdm name="tmp"/></StgValue>
</operation>

<operation id="84" st_id="2" stage="1" lat="1">
<core>NULL</core>
<MemPortIdVec></MemPortIdVec>
<condition id="-1">
<or_exp><and_exp><literal name="icmp_ln8" val="1"/>
</and_exp></or_exp>
</condition>

<Node id="30" bw="64" op_0_bw="32">
<![CDATA[
.preheader.preheader:0  %net_outputs2_03 = alloca double

]]></Node>
<StgValue><ssdm name="net_outputs2_03"/></StgValue>
</operation>

<operation id="85" st_id="2" stage="1" lat="1">
<core>NULL</core>
<MemPortIdVec></MemPortIdVec>
<condition id="-1">
<or_exp><and_exp><literal name="icmp_ln8" val="1"/>
</and_exp></or_exp>
</condition>

<Node id="31" bw="1" op_0_bw="32">
<![CDATA[
.preheader.preheader:1  %write_flag_0 = alloca i1

]]></Node>
<StgValue><ssdm name="write_flag_0"/></StgValue>
</operation>

<operation id="86" st_id="2" stage="1" lat="1">
<core>NULL</core>
<MemPortIdVec></MemPortIdVec>
<condition id="-1">
<or_exp><and_exp><literal name="icmp_ln8" val="1"/>
</and_exp></or_exp>
</condition>

<Node id="32" bw="1" op_0_bw="32">
<![CDATA[
.preheader.preheader:2  %write_flag8_0 = alloca i1

]]></Node>
<StgValue><ssdm name="write_flag8_0"/></StgValue>
</operation>

<operation id="87" st_id="2" stage="1" lat="1">
<core>NULL</core>
<MemPortIdVec></MemPortIdVec>
<condition id="-1">
<or_exp><and_exp><literal name="icmp_ln8" val="1"/>
</and_exp></or_exp>
</condition>

<Node id="33" bw="64" op_0_bw="32">
<![CDATA[
.preheader.preheader:3  %net_outputs16_04 = alloca double

]]></Node>
<StgValue><ssdm name="net_outputs16_04"/></StgValue>
</operation>

<operation id="88" st_id="2" stage="1" lat="1">
<core>NULL</core>
<MemPortIdVec></MemPortIdVec>
<condition id="-1">
<or_exp><and_exp><literal name="icmp_ln8" val="1"/>
</and_exp></or_exp>
</condition>

<Node id="34" bw="64" op_0_bw="32">
<![CDATA[
.preheader.preheader:4  %net_outputs_05 = alloca double

]]></Node>
<StgValue><ssdm name="net_outputs_05"/></StgValue>
</operation>

<operation id="89" st_id="2" stage="1" lat="1">
<core>NULL</core>
<MemPortIdVec></MemPortIdVec>
<condition id="-1">
<or_exp><and_exp><literal name="icmp_ln8" val="1"/>
</and_exp></or_exp>
</condition>

<Node id="35" bw="1" op_0_bw="32">
<![CDATA[
.preheader.preheader:5  %write_flag4_0 = alloca i1

]]></Node>
<StgValue><ssdm name="write_flag4_0"/></StgValue>
</operation>

<operation id="90" st_id="2" stage="1" lat="1">
<core>NULL</core>
<MemPortIdVec></MemPortIdVec>
<condition id="-1">
<or_exp><and_exp><literal name="icmp_ln8" val="1"/>
</and_exp></or_exp>
</condition>

<Node id="36" bw="0" op_0_bw="1" op_1_bw="1">
<![CDATA[
.preheader.preheader:6  store i1 false, i1* %write_flag4_0

]]></Node>
<StgValue><ssdm name="store_ln11"/></StgValue>
</operation>

<operation id="91" st_id="2" stage="1" lat="1">
<core>NULL</core>
<MemPortIdVec></MemPortIdVec>
<condition id="-1">
<or_exp><and_exp><literal name="icmp_ln8" val="1"/>
</and_exp></or_exp>
</condition>

<Node id="37" bw="0" op_0_bw="1" op_1_bw="1">
<![CDATA[
.preheader.preheader:7  store i1 false, i1* %write_flag8_0

]]></Node>
<StgValue><ssdm name="store_ln11"/></StgValue>
</operation>

<operation id="92" st_id="2" stage="1" lat="1">
<core>NULL</core>
<MemPortIdVec></MemPortIdVec>
<condition id="-1">
<or_exp><and_exp><literal name="icmp_ln8" val="1"/>
</and_exp></or_exp>
</condition>

<Node id="38" bw="0" op_0_bw="1" op_1_bw="1">
<![CDATA[
.preheader.preheader:8  store i1 false, i1* %write_flag_0

]]></Node>
<StgValue><ssdm name="store_ln11"/></StgValue>
</operation>

<operation id="93" st_id="2" stage="1" lat="1">
<core>NULL</core>
<MemPortIdVec></MemPortIdVec>
<condition id="-1">
<or_exp><and_exp><literal name="icmp_ln8" val="1"/>
</and_exp></or_exp>
</condition>

<Node id="39" bw="0" op_0_bw="0">
<![CDATA[
.preheader.preheader:9  br label %.preheader

]]></Node>
<StgValue><ssdm name="br_ln11"/></StgValue>
</operation>
</state>

<state id="3" st_id="3">

<operation id="94" st_id="3" stage="1" lat="1">
<core>NULL</core>
<MemPortIdVec></MemPortIdVec>
<condition id="-1">
<or_exp><and_exp></and_exp></or_exp>
</condition>

<Node id="23" bw="64" op_0_bw="64">
<![CDATA[
:1  %bitcast_ln9 = bitcast double %tmp to i64

]]></Node>
<StgValue><ssdm name="bitcast_ln9"/></StgValue>
</operation>

<operation id="95" st_id="3" stage="1" lat="1">
<core>LogicGate</core>
<MemPortIdVec></MemPortIdVec>
<condition id="-1">
<or_exp><and_exp></and_exp></or_exp>
</condition>

<Node id="24" bw="64" op_0_bw="64" op_1_bw="64">
<![CDATA[
:2  %xor_ln9 = xor i64 %bitcast_ln9, -9223372036854775808

]]></Node>
<StgValue><ssdm name="xor_ln9"/></StgValue>
</operation>

<operation id="96" st_id="3" stage="1" lat="1">
<core>NULL</core>
<MemPortIdVec></MemPortIdVec>
<condition id="-1">
<or_exp><and_exp></and_exp></or_exp>
</condition>

<Node id="25" bw="64" op_0_bw="64">
<![CDATA[
:3  %bitcast_ln9_1 = bitcast i64 %xor_ln9 to double

]]></Node>
<StgValue><ssdm name="bitcast_ln9_1"/></StgValue>
</operation>

<operation id="97" st_id="3" stage="15" lat="15">
<core>DExp</core>
<MemPortIdVec></MemPortIdVec>
<condition id="-1">
<or_exp><and_exp></and_exp></or_exp>
</condition>

<Node id="26" bw="64" op_0_bw="64" op_1_bw="64">
<![CDATA[
:4  %tmp_s = call double @llvm.exp.f64(double %bitcast_ln9_1)

]]></Node>
<StgValue><ssdm name="tmp_s"/></StgValue>
</operation>
</state>

<state id="4" st_id="4">

<operation id="98" st_id="4" stage="14" lat="15">
<core>DExp</core>
<MemPortIdVec></MemPortIdVec>
<condition id="-1">
<or_exp><and_exp></and_exp></or_exp>
</condition>

<Node id="26" bw="64" op_0_bw="64" op_1_bw="64">
<![CDATA[
:4  %tmp_s = call double @llvm.exp.f64(double %bitcast_ln9_1)

]]></Node>
<StgValue><ssdm name="tmp_s"/></StgValue>
</operation>
</state>

<state id="5" st_id="5">

<operation id="99" st_id="5" stage="13" lat="15">
<core>DExp</core>
<MemPortIdVec></MemPortIdVec>
<condition id="-1">
<or_exp><and_exp></and_exp></or_exp>
</condition>

<Node id="26" bw="64" op_0_bw="64" op_1_bw="64">
<![CDATA[
:4  %tmp_s = call double @llvm.exp.f64(double %bitcast_ln9_1)

]]></Node>
<StgValue><ssdm name="tmp_s"/></StgValue>
</operation>
</state>

<state id="6" st_id="6">

<operation id="100" st_id="6" stage="12" lat="15">
<core>DExp</core>
<MemPortIdVec></MemPortIdVec>
<condition id="-1">
<or_exp><and_exp></and_exp></or_exp>
</condition>

<Node id="26" bw="64" op_0_bw="64" op_1_bw="64">
<![CDATA[
:4  %tmp_s = call double @llvm.exp.f64(double %bitcast_ln9_1)

]]></Node>
<StgValue><ssdm name="tmp_s"/></StgValue>
</operation>
</state>

<state id="7" st_id="7">

<operation id="101" st_id="7" stage="11" lat="15">
<core>DExp</core>
<MemPortIdVec></MemPortIdVec>
<condition id="-1">
<or_exp><and_exp></and_exp></or_exp>
</condition>

<Node id="26" bw="64" op_0_bw="64" op_1_bw="64">
<![CDATA[
:4  %tmp_s = call double @llvm.exp.f64(double %bitcast_ln9_1)

]]></Node>
<StgValue><ssdm name="tmp_s"/></StgValue>
</operation>
</state>

<state id="8" st_id="8">

<operation id="102" st_id="8" stage="10" lat="15">
<core>DExp</core>
<MemPortIdVec></MemPortIdVec>
<condition id="-1">
<or_exp><and_exp></and_exp></or_exp>
</condition>

<Node id="26" bw="64" op_0_bw="64" op_1_bw="64">
<![CDATA[
:4  %tmp_s = call double @llvm.exp.f64(double %bitcast_ln9_1)

]]></Node>
<StgValue><ssdm name="tmp_s"/></StgValue>
</operation>
</state>

<state id="9" st_id="9">

<operation id="103" st_id="9" stage="9" lat="15">
<core>DExp</core>
<MemPortIdVec></MemPortIdVec>
<condition id="-1">
<or_exp><and_exp></and_exp></or_exp>
</condition>

<Node id="26" bw="64" op_0_bw="64" op_1_bw="64">
<![CDATA[
:4  %tmp_s = call double @llvm.exp.f64(double %bitcast_ln9_1)

]]></Node>
<StgValue><ssdm name="tmp_s"/></StgValue>
</operation>
</state>

<state id="10" st_id="10">

<operation id="104" st_id="10" stage="8" lat="15">
<core>DExp</core>
<MemPortIdVec></MemPortIdVec>
<condition id="-1">
<or_exp><and_exp></and_exp></or_exp>
</condition>

<Node id="26" bw="64" op_0_bw="64" op_1_bw="64">
<![CDATA[
:4  %tmp_s = call double @llvm.exp.f64(double %bitcast_ln9_1)

]]></Node>
<StgValue><ssdm name="tmp_s"/></StgValue>
</operation>
</state>

<state id="11" st_id="11">

<operation id="105" st_id="11" stage="7" lat="15">
<core>DExp</core>
<MemPortIdVec></MemPortIdVec>
<condition id="-1">
<or_exp><and_exp></and_exp></or_exp>
</condition>

<Node id="26" bw="64" op_0_bw="64" op_1_bw="64">
<![CDATA[
:4  %tmp_s = call double @llvm.exp.f64(double %bitcast_ln9_1)

]]></Node>
<StgValue><ssdm name="tmp_s"/></StgValue>
</operation>
</state>

<state id="12" st_id="12">

<operation id="106" st_id="12" stage="6" lat="15">
<core>DExp</core>
<MemPortIdVec></MemPortIdVec>
<condition id="-1">
<or_exp><and_exp></and_exp></or_exp>
</condition>

<Node id="26" bw="64" op_0_bw="64" op_1_bw="64">
<![CDATA[
:4  %tmp_s = call double @llvm.exp.f64(double %bitcast_ln9_1)

]]></Node>
<StgValue><ssdm name="tmp_s"/></StgValue>
</operation>
</state>

<state id="13" st_id="13">

<operation id="107" st_id="13" stage="5" lat="15">
<core>DExp</core>
<MemPortIdVec></MemPortIdVec>
<condition id="-1">
<or_exp><and_exp></and_exp></or_exp>
</condition>

<Node id="26" bw="64" op_0_bw="64" op_1_bw="64">
<![CDATA[
:4  %tmp_s = call double @llvm.exp.f64(double %bitcast_ln9_1)

]]></Node>
<StgValue><ssdm name="tmp_s"/></StgValue>
</operation>
</state>

<state id="14" st_id="14">

<operation id="108" st_id="14" stage="4" lat="15">
<core>DExp</core>
<MemPortIdVec></MemPortIdVec>
<condition id="-1">
<or_exp><and_exp></and_exp></or_exp>
</condition>

<Node id="26" bw="64" op_0_bw="64" op_1_bw="64">
<![CDATA[
:4  %tmp_s = call double @llvm.exp.f64(double %bitcast_ln9_1)

]]></Node>
<StgValue><ssdm name="tmp_s"/></StgValue>
</operation>
</state>

<state id="15" st_id="15">

<operation id="109" st_id="15" stage="3" lat="15">
<core>DExp</core>
<MemPortIdVec></MemPortIdVec>
<condition id="-1">
<or_exp><and_exp></and_exp></or_exp>
</condition>

<Node id="26" bw="64" op_0_bw="64" op_1_bw="64">
<![CDATA[
:4  %tmp_s = call double @llvm.exp.f64(double %bitcast_ln9_1)

]]></Node>
<StgValue><ssdm name="tmp_s"/></StgValue>
</operation>
</state>

<state id="16" st_id="16">

<operation id="110" st_id="16" stage="2" lat="15">
<core>DExp</core>
<MemPortIdVec></MemPortIdVec>
<condition id="-1">
<or_exp><and_exp></and_exp></or_exp>
</condition>

<Node id="26" bw="64" op_0_bw="64" op_1_bw="64">
<![CDATA[
:4  %tmp_s = call double @llvm.exp.f64(double %bitcast_ln9_1)

]]></Node>
<StgValue><ssdm name="tmp_s"/></StgValue>
</operation>
</state>

<state id="17" st_id="17">

<operation id="111" st_id="17" stage="1" lat="15">
<core>DExp</core>
<MemPortIdVec></MemPortIdVec>
<condition id="-1">
<or_exp><and_exp></and_exp></or_exp>
</condition>

<Node id="26" bw="64" op_0_bw="64" op_1_bw="64">
<![CDATA[
:4  %tmp_s = call double @llvm.exp.f64(double %bitcast_ln9_1)

]]></Node>
<StgValue><ssdm name="tmp_s"/></StgValue>
</operation>
</state>

<state id="18" st_id="18">

<operation id="112" st_id="18" stage="5" lat="5">
<core>DAddSub</core>
<MemPortIdVec></MemPortIdVec>
<condition id="-1">
<or_exp><and_exp></and_exp></or_exp>
</condition>

<Node id="27" bw="64" op_0_bw="64" op_1_bw="64">
<![CDATA[
:5  %sum = fadd double %sum_0, %tmp_s

]]></Node>
<StgValue><ssdm name="sum"/></StgValue>
</operation>
</state>

<state id="19" st_id="19">

<operation id="113" st_id="19" stage="4" lat="5">
<core>DAddSub</core>
<MemPortIdVec></MemPortIdVec>
<condition id="-1">
<or_exp><and_exp></and_exp></or_exp>
</condition>

<Node id="27" bw="64" op_0_bw="64" op_1_bw="64">
<![CDATA[
:5  %sum = fadd double %sum_0, %tmp_s

]]></Node>
<StgValue><ssdm name="sum"/></StgValue>
</operation>
</state>

<state id="20" st_id="20">

<operation id="114" st_id="20" stage="3" lat="5">
<core>DAddSub</core>
<MemPortIdVec></MemPortIdVec>
<condition id="-1">
<or_exp><and_exp></and_exp></or_exp>
</condition>

<Node id="27" bw="64" op_0_bw="64" op_1_bw="64">
<![CDATA[
:5  %sum = fadd double %sum_0, %tmp_s

]]></Node>
<StgValue><ssdm name="sum"/></StgValue>
</operation>
</state>

<state id="21" st_id="21">

<operation id="115" st_id="21" stage="2" lat="5">
<core>DAddSub</core>
<MemPortIdVec></MemPortIdVec>
<condition id="-1">
<or_exp><and_exp></and_exp></or_exp>
</condition>

<Node id="27" bw="64" op_0_bw="64" op_1_bw="64">
<![CDATA[
:5  %sum = fadd double %sum_0, %tmp_s

]]></Node>
<StgValue><ssdm name="sum"/></StgValue>
</operation>
</state>

<state id="22" st_id="22">

<operation id="116" st_id="22" stage="1" lat="5">
<core>DAddSub</core>
<MemPortIdVec></MemPortIdVec>
<condition id="-1">
<or_exp><and_exp></and_exp></or_exp>
</condition>

<Node id="27" bw="64" op_0_bw="64" op_1_bw="64">
<![CDATA[
:5  %sum = fadd double %sum_0, %tmp_s

]]></Node>
<StgValue><ssdm name="sum"/></StgValue>
</operation>

<operation id="117" st_id="22" stage="1" lat="1">
<core>NULL</core>
<MemPortIdVec></MemPortIdVec>
<condition id="-1">
<or_exp><and_exp></and_exp></or_exp>
</condition>

<Node id="28" bw="0" op_0_bw="0">
<![CDATA[
:6  br label %1

]]></Node>
<StgValue><ssdm name="br_ln8"/></StgValue>
</operation>
</state>

<state id="23" st_id="23">

<operation id="118" st_id="23" stage="1" lat="1">
<core>NULL</core>
<MemPortIdVec></MemPortIdVec>
<condition id="-1">
<or_exp><and_exp></and_exp></or_exp>
</condition>

<Node id="41" bw="2" op_0_bw="2" op_1_bw="0" op_2_bw="2" op_3_bw="0">
<![CDATA[
.preheader:0  %i_1 = phi i2 [ 0, %.preheader.preheader ], [ %i_32, %.preheader.backedge ]

]]></Node>
<StgValue><ssdm name="i_1"/></StgValue>
</operation>

<operation id="119" st_id="23" stage="1" lat="1">
<core>Cmp</core>
<MemPortIdVec></MemPortIdVec>
<condition id="-1">
<or_exp><and_exp></and_exp></or_exp>
</condition>

<Node id="42" bw="1" op_0_bw="2" op_1_bw="2">
<![CDATA[
.preheader:1  %icmp_ln11 = icmp eq i2 %i_1, -1

]]></Node>
<StgValue><ssdm name="icmp_ln11"/></StgValue>
</operation>

<operation id="120" st_id="23" stage="1" lat="1">
<core>NULL</core>
<MemPortIdVec></MemPortIdVec>
<condition id="-1">
<or_exp><and_exp></and_exp></or_exp>
</condition>

<Node id="43" bw="32" op_0_bw="32" op_1_bw="64" op_2_bw="64" op_3_bw="64">
<![CDATA[
.preheader:2  %empty_20 = call i32 (...)* @_ssdm_op_SpecLoopTripCount(i64 3, i64 3, i64 3)

]]></Node>
<StgValue><ssdm name="empty_20"/></StgValue>
</operation>

<operation id="121" st_id="23" stage="1" lat="1">
<core>AddSub</core>
<MemPortIdVec></MemPortIdVec>
<condition id="-1">
<or_exp><and_exp></and_exp></or_exp>
</condition>

<Node id="44" bw="2" op_0_bw="2" op_1_bw="2">
<![CDATA[
.preheader:3  %i_32 = add i2 %i_1, 1

]]></Node>
<StgValue><ssdm name="i_32"/></StgValue>
</operation>

<operation id="122" st_id="23" stage="1" lat="1">
<core>NULL</core>
<MemPortIdVec></MemPortIdVec>
<condition id="-1">
<or_exp><and_exp></and_exp></or_exp>
</condition>

<Node id="45" bw="0" op_0_bw="1" op_1_bw="0" op_2_bw="0">
<![CDATA[
.preheader:4  br i1 %icmp_ln11, label %4, label %3

]]></Node>
<StgValue><ssdm name="br_ln11"/></StgValue>
</operation>

<operation id="123" st_id="23" stage="1" lat="1">
<core>MuxnS</core>
<MemPortIdVec></MemPortIdVec>
<condition id="-1">
<or_exp><and_exp><literal name="icmp_ln11" val="0"/>
</and_exp></or_exp>
</condition>

<Node id="47" bw="64" op_0_bw="64" op_1_bw="64" op_2_bw="64" op_3_bw="64" op_4_bw="2">
<![CDATA[
:0  %tmp_24 = call double @_ssdm_op_Mux.ap_auto.3double.i2(double %activations_0_read_1, double %activations_1_read_1, double %activations_2_read_1, i2 %i_1)

]]></Node>
<StgValue><ssdm name="tmp_24"/></StgValue>
</operation>

<operation id="124" st_id="23" stage="1" lat="1">
<core>NULL</core>
<MemPortIdVec></MemPortIdVec>
<condition id="-1">
<or_exp><and_exp><literal name="icmp_ln11" val="1"/>
</and_exp></or_exp>
</condition>

<Node id="69" bw="64" op_0_bw="64">
<![CDATA[
:0  %net_outputs2_03_load = load double* %net_outputs2_03

]]></Node>
<StgValue><ssdm name="net_outputs2_03_load"/></StgValue>
</operation>

<operation id="125" st_id="23" stage="1" lat="1">
<core>NULL</core>
<MemPortIdVec></MemPortIdVec>
<condition id="-1">
<or_exp><and_exp><literal name="icmp_ln11" val="1"/>
</and_exp></or_exp>
</condition>

<Node id="70" bw="1" op_0_bw="1" op_1_bw="0">
<![CDATA[
:1  %write_flag_0_load = load i1* %write_flag_0

]]></Node>
<StgValue><ssdm name="write_flag_0_load"/></StgValue>
</operation>

<operation id="126" st_id="23" stage="1" lat="1">
<core>NULL</core>
<MemPortIdVec></MemPortIdVec>
<condition id="-1">
<or_exp><and_exp><literal name="icmp_ln11" val="1"/>
</and_exp></or_exp>
</condition>

<Node id="71" bw="1" op_0_bw="1" op_1_bw="0">
<![CDATA[
:2  %write_flag8_0_load = load i1* %write_flag8_0

]]></Node>
<StgValue><ssdm name="write_flag8_0_load"/></StgValue>
</operation>

<operation id="127" st_id="23" stage="1" lat="1">
<core>NULL</core>
<MemPortIdVec></MemPortIdVec>
<condition id="-1">
<or_exp><and_exp><literal name="icmp_ln11" val="1"/>
</and_exp></or_exp>
</condition>

<Node id="72" bw="64" op_0_bw="64">
<![CDATA[
:3  %net_outputs16_04_loa = load double* %net_outputs16_04

]]></Node>
<StgValue><ssdm name="net_outputs16_04_loa"/></StgValue>
</operation>

<operation id="128" st_id="23" stage="1" lat="1">
<core>NULL</core>
<MemPortIdVec></MemPortIdVec>
<condition id="-1">
<or_exp><and_exp><literal name="icmp_ln11" val="1"/>
</and_exp></or_exp>
</condition>

<Node id="73" bw="64" op_0_bw="64">
<![CDATA[
:4  %net_outputs_05_load = load double* %net_outputs_05

]]></Node>
<StgValue><ssdm name="net_outputs_05_load"/></StgValue>
</operation>

<operation id="129" st_id="23" stage="1" lat="1">
<core>NULL</core>
<MemPortIdVec></MemPortIdVec>
<condition id="-1">
<or_exp><and_exp><literal name="icmp_ln11" val="1"/>
</and_exp></or_exp>
</condition>

<Node id="74" bw="1" op_0_bw="1" op_1_bw="0">
<![CDATA[
:5  %write_flag4_0_load = load i1* %write_flag4_0

]]></Node>
<StgValue><ssdm name="write_flag4_0_load"/></StgValue>
</operation>

<operation id="130" st_id="23" stage="1" lat="1">
<core>Sel</core>
<MemPortIdVec></MemPortIdVec>
<condition id="-1">
<or_exp><and_exp><literal name="icmp_ln11" val="1"/>
</and_exp></or_exp>
</condition>

<Node id="75" bw="64" op_0_bw="1" op_1_bw="64" op_2_bw="64">
<![CDATA[
:6  %select_ln14 = select i1 %write_flag_0_load, double %net_outputs_05_load, double %net_outputs_0_read_1

]]></Node>
<StgValue><ssdm name="select_ln14"/></StgValue>
</operation>

<operation id="131" st_id="23" stage="1" lat="1">
<core>Sel</core>
<MemPortIdVec></MemPortIdVec>
<condition id="-1">
<or_exp><and_exp><literal name="icmp_ln11" val="1"/>
</and_exp></or_exp>
</condition>

<Node id="76" bw="64" op_0_bw="1" op_1_bw="64" op_2_bw="64">
<![CDATA[
:7  %select_ln14_1 = select i1 %write_flag4_0_load, double %net_outputs16_04_loa, double %net_outputs_1_read_1

]]></Node>
<StgValue><ssdm name="select_ln14_1"/></StgValue>
</operation>

<operation id="132" st_id="23" stage="1" lat="1">
<core>Sel</core>
<MemPortIdVec></MemPortIdVec>
<condition id="-1">
<or_exp><and_exp><literal name="icmp_ln11" val="1"/>
</and_exp></or_exp>
</condition>

<Node id="77" bw="64" op_0_bw="1" op_1_bw="64" op_2_bw="64">
<![CDATA[
:8  %select_ln14_2 = select i1 %write_flag8_0_load, double %net_outputs2_03_load, double %net_outputs_2_read_1

]]></Node>
<StgValue><ssdm name="select_ln14_2"/></StgValue>
</operation>

<operation id="133" st_id="23" stage="1" lat="1">
<core>NULL</core>
<MemPortIdVec></MemPortIdVec>
<condition id="-1">
<or_exp><and_exp><literal name="icmp_ln11" val="1"/>
</and_exp></or_exp>
</condition>

<Node id="78" bw="192" op_0_bw="192" op_1_bw="64">
<![CDATA[
:9  %mrv = insertvalue { double, double, double } undef, double %select_ln14, 0

]]></Node>
<StgValue><ssdm name="mrv"/></StgValue>
</operation>

<operation id="134" st_id="23" stage="1" lat="1">
<core>NULL</core>
<MemPortIdVec></MemPortIdVec>
<condition id="-1">
<or_exp><and_exp><literal name="icmp_ln11" val="1"/>
</and_exp></or_exp>
</condition>

<Node id="79" bw="192" op_0_bw="192" op_1_bw="64">
<![CDATA[
:10  %mrv_1 = insertvalue { double, double, double } %mrv, double %select_ln14_1, 1

]]></Node>
<StgValue><ssdm name="mrv_1"/></StgValue>
</operation>

<operation id="135" st_id="23" stage="1" lat="1">
<core>NULL</core>
<MemPortIdVec></MemPortIdVec>
<condition id="-1">
<or_exp><and_exp><literal name="icmp_ln11" val="1"/>
</and_exp></or_exp>
</condition>

<Node id="80" bw="192" op_0_bw="192" op_1_bw="64">
<![CDATA[
:11  %mrv_2 = insertvalue { double, double, double } %mrv_1, double %select_ln14_2, 2

]]></Node>
<StgValue><ssdm name="mrv_2"/></StgValue>
</operation>

<operation id="136" st_id="23" stage="1" lat="1">
<core>NULL</core>
<MemPortIdVec></MemPortIdVec>
<condition id="-1">
<or_exp><and_exp><literal name="icmp_ln11" val="1"/>
</and_exp></or_exp>
</condition>

<Node id="81" bw="0" op_0_bw="192">
<![CDATA[
:12  ret { double, double, double } %mrv_2

]]></Node>
<StgValue><ssdm name="ret_ln14"/></StgValue>
</operation>
</state>

<state id="24" st_id="24">

<operation id="137" st_id="24" stage="1" lat="1">
<core>NULL</core>
<MemPortIdVec></MemPortIdVec>
<condition id="-1">
<or_exp><and_exp></and_exp></or_exp>
</condition>

<Node id="48" bw="64" op_0_bw="64">
<![CDATA[
:1  %bitcast_ln12 = bitcast double %tmp_24 to i64

]]></Node>
<StgValue><ssdm name="bitcast_ln12"/></StgValue>
</operation>

<operation id="138" st_id="24" stage="1" lat="1">
<core>LogicGate</core>
<MemPortIdVec></MemPortIdVec>
<condition id="-1">
<or_exp><and_exp></and_exp></or_exp>
</condition>

<Node id="49" bw="64" op_0_bw="64" op_1_bw="64">
<![CDATA[
:2  %xor_ln12 = xor i64 %bitcast_ln12, -9223372036854775808

]]></Node>
<StgValue><ssdm name="xor_ln12"/></StgValue>
</operation>

<operation id="139" st_id="24" stage="1" lat="1">
<core>NULL</core>
<MemPortIdVec></MemPortIdVec>
<condition id="-1">
<or_exp><and_exp></and_exp></or_exp>
</condition>

<Node id="50" bw="64" op_0_bw="64">
<![CDATA[
:3  %bitcast_ln12_1 = bitcast i64 %xor_ln12 to double

]]></Node>
<StgValue><ssdm name="bitcast_ln12_1"/></StgValue>
</operation>

<operation id="140" st_id="24" stage="15" lat="15">
<core>DExp</core>
<MemPortIdVec></MemPortIdVec>
<condition id="-1">
<or_exp><and_exp></and_exp></or_exp>
</condition>

<Node id="51" bw="64" op_0_bw="64" op_1_bw="64">
<![CDATA[
:4  %tmp_23 = call double @llvm.exp.f64(double %bitcast_ln12_1)

]]></Node>
<StgValue><ssdm name="tmp_23"/></StgValue>
</operation>
</state>

<state id="25" st_id="25">

<operation id="141" st_id="25" stage="14" lat="15">
<core>DExp</core>
<MemPortIdVec></MemPortIdVec>
<condition id="-1">
<or_exp><and_exp></and_exp></or_exp>
</condition>

<Node id="51" bw="64" op_0_bw="64" op_1_bw="64">
<![CDATA[
:4  %tmp_23 = call double @llvm.exp.f64(double %bitcast_ln12_1)

]]></Node>
<StgValue><ssdm name="tmp_23"/></StgValue>
</operation>
</state>

<state id="26" st_id="26">

<operation id="142" st_id="26" stage="13" lat="15">
<core>DExp</core>
<MemPortIdVec></MemPortIdVec>
<condition id="-1">
<or_exp><and_exp></and_exp></or_exp>
</condition>

<Node id="51" bw="64" op_0_bw="64" op_1_bw="64">
<![CDATA[
:4  %tmp_23 = call double @llvm.exp.f64(double %bitcast_ln12_1)

]]></Node>
<StgValue><ssdm name="tmp_23"/></StgValue>
</operation>
</state>

<state id="27" st_id="27">

<operation id="143" st_id="27" stage="12" lat="15">
<core>DExp</core>
<MemPortIdVec></MemPortIdVec>
<condition id="-1">
<or_exp><and_exp></and_exp></or_exp>
</condition>

<Node id="51" bw="64" op_0_bw="64" op_1_bw="64">
<![CDATA[
:4  %tmp_23 = call double @llvm.exp.f64(double %bitcast_ln12_1)

]]></Node>
<StgValue><ssdm name="tmp_23"/></StgValue>
</operation>
</state>

<state id="28" st_id="28">

<operation id="144" st_id="28" stage="11" lat="15">
<core>DExp</core>
<MemPortIdVec></MemPortIdVec>
<condition id="-1">
<or_exp><and_exp></and_exp></or_exp>
</condition>

<Node id="51" bw="64" op_0_bw="64" op_1_bw="64">
<![CDATA[
:4  %tmp_23 = call double @llvm.exp.f64(double %bitcast_ln12_1)

]]></Node>
<StgValue><ssdm name="tmp_23"/></StgValue>
</operation>
</state>

<state id="29" st_id="29">

<operation id="145" st_id="29" stage="10" lat="15">
<core>DExp</core>
<MemPortIdVec></MemPortIdVec>
<condition id="-1">
<or_exp><and_exp></and_exp></or_exp>
</condition>

<Node id="51" bw="64" op_0_bw="64" op_1_bw="64">
<![CDATA[
:4  %tmp_23 = call double @llvm.exp.f64(double %bitcast_ln12_1)

]]></Node>
<StgValue><ssdm name="tmp_23"/></StgValue>
</operation>
</state>

<state id="30" st_id="30">

<operation id="146" st_id="30" stage="9" lat="15">
<core>DExp</core>
<MemPortIdVec></MemPortIdVec>
<condition id="-1">
<or_exp><and_exp></and_exp></or_exp>
</condition>

<Node id="51" bw="64" op_0_bw="64" op_1_bw="64">
<![CDATA[
:4  %tmp_23 = call double @llvm.exp.f64(double %bitcast_ln12_1)

]]></Node>
<StgValue><ssdm name="tmp_23"/></StgValue>
</operation>
</state>

<state id="31" st_id="31">

<operation id="147" st_id="31" stage="8" lat="15">
<core>DExp</core>
<MemPortIdVec></MemPortIdVec>
<condition id="-1">
<or_exp><and_exp></and_exp></or_exp>
</condition>

<Node id="51" bw="64" op_0_bw="64" op_1_bw="64">
<![CDATA[
:4  %tmp_23 = call double @llvm.exp.f64(double %bitcast_ln12_1)

]]></Node>
<StgValue><ssdm name="tmp_23"/></StgValue>
</operation>
</state>

<state id="32" st_id="32">

<operation id="148" st_id="32" stage="7" lat="15">
<core>DExp</core>
<MemPortIdVec></MemPortIdVec>
<condition id="-1">
<or_exp><and_exp></and_exp></or_exp>
</condition>

<Node id="51" bw="64" op_0_bw="64" op_1_bw="64">
<![CDATA[
:4  %tmp_23 = call double @llvm.exp.f64(double %bitcast_ln12_1)

]]></Node>
<StgValue><ssdm name="tmp_23"/></StgValue>
</operation>
</state>

<state id="33" st_id="33">

<operation id="149" st_id="33" stage="6" lat="15">
<core>DExp</core>
<MemPortIdVec></MemPortIdVec>
<condition id="-1">
<or_exp><and_exp></and_exp></or_exp>
</condition>

<Node id="51" bw="64" op_0_bw="64" op_1_bw="64">
<![CDATA[
:4  %tmp_23 = call double @llvm.exp.f64(double %bitcast_ln12_1)

]]></Node>
<StgValue><ssdm name="tmp_23"/></StgValue>
</operation>
</state>

<state id="34" st_id="34">

<operation id="150" st_id="34" stage="5" lat="15">
<core>DExp</core>
<MemPortIdVec></MemPortIdVec>
<condition id="-1">
<or_exp><and_exp></and_exp></or_exp>
</condition>

<Node id="51" bw="64" op_0_bw="64" op_1_bw="64">
<![CDATA[
:4  %tmp_23 = call double @llvm.exp.f64(double %bitcast_ln12_1)

]]></Node>
<StgValue><ssdm name="tmp_23"/></StgValue>
</operation>
</state>

<state id="35" st_id="35">

<operation id="151" st_id="35" stage="4" lat="15">
<core>DExp</core>
<MemPortIdVec></MemPortIdVec>
<condition id="-1">
<or_exp><and_exp></and_exp></or_exp>
</condition>

<Node id="51" bw="64" op_0_bw="64" op_1_bw="64">
<![CDATA[
:4  %tmp_23 = call double @llvm.exp.f64(double %bitcast_ln12_1)

]]></Node>
<StgValue><ssdm name="tmp_23"/></StgValue>
</operation>
</state>

<state id="36" st_id="36">

<operation id="152" st_id="36" stage="3" lat="15">
<core>DExp</core>
<MemPortIdVec></MemPortIdVec>
<condition id="-1">
<or_exp><and_exp></and_exp></or_exp>
</condition>

<Node id="51" bw="64" op_0_bw="64" op_1_bw="64">
<![CDATA[
:4  %tmp_23 = call double @llvm.exp.f64(double %bitcast_ln12_1)

]]></Node>
<StgValue><ssdm name="tmp_23"/></StgValue>
</operation>
</state>

<state id="37" st_id="37">

<operation id="153" st_id="37" stage="2" lat="15">
<core>DExp</core>
<MemPortIdVec></MemPortIdVec>
<condition id="-1">
<or_exp><and_exp></and_exp></or_exp>
</condition>

<Node id="51" bw="64" op_0_bw="64" op_1_bw="64">
<![CDATA[
:4  %tmp_23 = call double @llvm.exp.f64(double %bitcast_ln12_1)

]]></Node>
<StgValue><ssdm name="tmp_23"/></StgValue>
</operation>
</state>

<state id="38" st_id="38">

<operation id="154" st_id="38" stage="1" lat="15">
<core>DExp</core>
<MemPortIdVec></MemPortIdVec>
<condition id="-1">
<or_exp><and_exp></and_exp></or_exp>
</condition>

<Node id="51" bw="64" op_0_bw="64" op_1_bw="64">
<![CDATA[
:4  %tmp_23 = call double @llvm.exp.f64(double %bitcast_ln12_1)

]]></Node>
<StgValue><ssdm name="tmp_23"/></StgValue>
</operation>
</state>

<state id="39" st_id="39">

<operation id="155" st_id="39" stage="31" lat="31">
<core>DDiv</core>
<MemPortIdVec></MemPortIdVec>
<condition id="-1">
<or_exp><and_exp></and_exp></or_exp>
</condition>

<Node id="52" bw="64" op_0_bw="64" op_1_bw="64">
<![CDATA[
:5  %net_outputs = fdiv double %tmp_23, %sum_0

]]></Node>
<StgValue><ssdm name="net_outputs"/></StgValue>
</operation>
</state>

<state id="40" st_id="40">

<operation id="156" st_id="40" stage="30" lat="31">
<core>DDiv</core>
<MemPortIdVec></MemPortIdVec>
<condition id="-1">
<or_exp><and_exp></and_exp></or_exp>
</condition>

<Node id="52" bw="64" op_0_bw="64" op_1_bw="64">
<![CDATA[
:5  %net_outputs = fdiv double %tmp_23, %sum_0

]]></Node>
<StgValue><ssdm name="net_outputs"/></StgValue>
</operation>
</state>

<state id="41" st_id="41">

<operation id="157" st_id="41" stage="29" lat="31">
<core>DDiv</core>
<MemPortIdVec></MemPortIdVec>
<condition id="-1">
<or_exp><and_exp></and_exp></or_exp>
</condition>

<Node id="52" bw="64" op_0_bw="64" op_1_bw="64">
<![CDATA[
:5  %net_outputs = fdiv double %tmp_23, %sum_0

]]></Node>
<StgValue><ssdm name="net_outputs"/></StgValue>
</operation>
</state>

<state id="42" st_id="42">

<operation id="158" st_id="42" stage="28" lat="31">
<core>DDiv</core>
<MemPortIdVec></MemPortIdVec>
<condition id="-1">
<or_exp><and_exp></and_exp></or_exp>
</condition>

<Node id="52" bw="64" op_0_bw="64" op_1_bw="64">
<![CDATA[
:5  %net_outputs = fdiv double %tmp_23, %sum_0

]]></Node>
<StgValue><ssdm name="net_outputs"/></StgValue>
</operation>
</state>

<state id="43" st_id="43">

<operation id="159" st_id="43" stage="27" lat="31">
<core>DDiv</core>
<MemPortIdVec></MemPortIdVec>
<condition id="-1">
<or_exp><and_exp></and_exp></or_exp>
</condition>

<Node id="52" bw="64" op_0_bw="64" op_1_bw="64">
<![CDATA[
:5  %net_outputs = fdiv double %tmp_23, %sum_0

]]></Node>
<StgValue><ssdm name="net_outputs"/></StgValue>
</operation>
</state>

<state id="44" st_id="44">

<operation id="160" st_id="44" stage="26" lat="31">
<core>DDiv</core>
<MemPortIdVec></MemPortIdVec>
<condition id="-1">
<or_exp><and_exp></and_exp></or_exp>
</condition>

<Node id="52" bw="64" op_0_bw="64" op_1_bw="64">
<![CDATA[
:5  %net_outputs = fdiv double %tmp_23, %sum_0

]]></Node>
<StgValue><ssdm name="net_outputs"/></StgValue>
</operation>
</state>

<state id="45" st_id="45">

<operation id="161" st_id="45" stage="25" lat="31">
<core>DDiv</core>
<MemPortIdVec></MemPortIdVec>
<condition id="-1">
<or_exp><and_exp></and_exp></or_exp>
</condition>

<Node id="52" bw="64" op_0_bw="64" op_1_bw="64">
<![CDATA[
:5  %net_outputs = fdiv double %tmp_23, %sum_0

]]></Node>
<StgValue><ssdm name="net_outputs"/></StgValue>
</operation>
</state>

<state id="46" st_id="46">

<operation id="162" st_id="46" stage="24" lat="31">
<core>DDiv</core>
<MemPortIdVec></MemPortIdVec>
<condition id="-1">
<or_exp><and_exp></and_exp></or_exp>
</condition>

<Node id="52" bw="64" op_0_bw="64" op_1_bw="64">
<![CDATA[
:5  %net_outputs = fdiv double %tmp_23, %sum_0

]]></Node>
<StgValue><ssdm name="net_outputs"/></StgValue>
</operation>
</state>

<state id="47" st_id="47">

<operation id="163" st_id="47" stage="23" lat="31">
<core>DDiv</core>
<MemPortIdVec></MemPortIdVec>
<condition id="-1">
<or_exp><and_exp></and_exp></or_exp>
</condition>

<Node id="52" bw="64" op_0_bw="64" op_1_bw="64">
<![CDATA[
:5  %net_outputs = fdiv double %tmp_23, %sum_0

]]></Node>
<StgValue><ssdm name="net_outputs"/></StgValue>
</operation>
</state>

<state id="48" st_id="48">

<operation id="164" st_id="48" stage="22" lat="31">
<core>DDiv</core>
<MemPortIdVec></MemPortIdVec>
<condition id="-1">
<or_exp><and_exp></and_exp></or_exp>
</condition>

<Node id="52" bw="64" op_0_bw="64" op_1_bw="64">
<![CDATA[
:5  %net_outputs = fdiv double %tmp_23, %sum_0

]]></Node>
<StgValue><ssdm name="net_outputs"/></StgValue>
</operation>
</state>

<state id="49" st_id="49">

<operation id="165" st_id="49" stage="21" lat="31">
<core>DDiv</core>
<MemPortIdVec></MemPortIdVec>
<condition id="-1">
<or_exp><and_exp></and_exp></or_exp>
</condition>

<Node id="52" bw="64" op_0_bw="64" op_1_bw="64">
<![CDATA[
:5  %net_outputs = fdiv double %tmp_23, %sum_0

]]></Node>
<StgValue><ssdm name="net_outputs"/></StgValue>
</operation>
</state>

<state id="50" st_id="50">

<operation id="166" st_id="50" stage="20" lat="31">
<core>DDiv</core>
<MemPortIdVec></MemPortIdVec>
<condition id="-1">
<or_exp><and_exp></and_exp></or_exp>
</condition>

<Node id="52" bw="64" op_0_bw="64" op_1_bw="64">
<![CDATA[
:5  %net_outputs = fdiv double %tmp_23, %sum_0

]]></Node>
<StgValue><ssdm name="net_outputs"/></StgValue>
</operation>
</state>

<state id="51" st_id="51">

<operation id="167" st_id="51" stage="19" lat="31">
<core>DDiv</core>
<MemPortIdVec></MemPortIdVec>
<condition id="-1">
<or_exp><and_exp></and_exp></or_exp>
</condition>

<Node id="52" bw="64" op_0_bw="64" op_1_bw="64">
<![CDATA[
:5  %net_outputs = fdiv double %tmp_23, %sum_0

]]></Node>
<StgValue><ssdm name="net_outputs"/></StgValue>
</operation>
</state>

<state id="52" st_id="52">

<operation id="168" st_id="52" stage="18" lat="31">
<core>DDiv</core>
<MemPortIdVec></MemPortIdVec>
<condition id="-1">
<or_exp><and_exp></and_exp></or_exp>
</condition>

<Node id="52" bw="64" op_0_bw="64" op_1_bw="64">
<![CDATA[
:5  %net_outputs = fdiv double %tmp_23, %sum_0

]]></Node>
<StgValue><ssdm name="net_outputs"/></StgValue>
</operation>
</state>

<state id="53" st_id="53">

<operation id="169" st_id="53" stage="17" lat="31">
<core>DDiv</core>
<MemPortIdVec></MemPortIdVec>
<condition id="-1">
<or_exp><and_exp></and_exp></or_exp>
</condition>

<Node id="52" bw="64" op_0_bw="64" op_1_bw="64">
<![CDATA[
:5  %net_outputs = fdiv double %tmp_23, %sum_0

]]></Node>
<StgValue><ssdm name="net_outputs"/></StgValue>
</operation>
</state>

<state id="54" st_id="54">

<operation id="170" st_id="54" stage="16" lat="31">
<core>DDiv</core>
<MemPortIdVec></MemPortIdVec>
<condition id="-1">
<or_exp><and_exp></and_exp></or_exp>
</condition>

<Node id="52" bw="64" op_0_bw="64" op_1_bw="64">
<![CDATA[
:5  %net_outputs = fdiv double %tmp_23, %sum_0

]]></Node>
<StgValue><ssdm name="net_outputs"/></StgValue>
</operation>
</state>

<state id="55" st_id="55">

<operation id="171" st_id="55" stage="15" lat="31">
<core>DDiv</core>
<MemPortIdVec></MemPortIdVec>
<condition id="-1">
<or_exp><and_exp></and_exp></or_exp>
</condition>

<Node id="52" bw="64" op_0_bw="64" op_1_bw="64">
<![CDATA[
:5  %net_outputs = fdiv double %tmp_23, %sum_0

]]></Node>
<StgValue><ssdm name="net_outputs"/></StgValue>
</operation>
</state>

<state id="56" st_id="56">

<operation id="172" st_id="56" stage="14" lat="31">
<core>DDiv</core>
<MemPortIdVec></MemPortIdVec>
<condition id="-1">
<or_exp><and_exp></and_exp></or_exp>
</condition>

<Node id="52" bw="64" op_0_bw="64" op_1_bw="64">
<![CDATA[
:5  %net_outputs = fdiv double %tmp_23, %sum_0

]]></Node>
<StgValue><ssdm name="net_outputs"/></StgValue>
</operation>
</state>

<state id="57" st_id="57">

<operation id="173" st_id="57" stage="13" lat="31">
<core>DDiv</core>
<MemPortIdVec></MemPortIdVec>
<condition id="-1">
<or_exp><and_exp></and_exp></or_exp>
</condition>

<Node id="52" bw="64" op_0_bw="64" op_1_bw="64">
<![CDATA[
:5  %net_outputs = fdiv double %tmp_23, %sum_0

]]></Node>
<StgValue><ssdm name="net_outputs"/></StgValue>
</operation>
</state>

<state id="58" st_id="58">

<operation id="174" st_id="58" stage="12" lat="31">
<core>DDiv</core>
<MemPortIdVec></MemPortIdVec>
<condition id="-1">
<or_exp><and_exp></and_exp></or_exp>
</condition>

<Node id="52" bw="64" op_0_bw="64" op_1_bw="64">
<![CDATA[
:5  %net_outputs = fdiv double %tmp_23, %sum_0

]]></Node>
<StgValue><ssdm name="net_outputs"/></StgValue>
</operation>
</state>

<state id="59" st_id="59">

<operation id="175" st_id="59" stage="11" lat="31">
<core>DDiv</core>
<MemPortIdVec></MemPortIdVec>
<condition id="-1">
<or_exp><and_exp></and_exp></or_exp>
</condition>

<Node id="52" bw="64" op_0_bw="64" op_1_bw="64">
<![CDATA[
:5  %net_outputs = fdiv double %tmp_23, %sum_0

]]></Node>
<StgValue><ssdm name="net_outputs"/></StgValue>
</operation>
</state>

<state id="60" st_id="60">

<operation id="176" st_id="60" stage="10" lat="31">
<core>DDiv</core>
<MemPortIdVec></MemPortIdVec>
<condition id="-1">
<or_exp><and_exp></and_exp></or_exp>
</condition>

<Node id="52" bw="64" op_0_bw="64" op_1_bw="64">
<![CDATA[
:5  %net_outputs = fdiv double %tmp_23, %sum_0

]]></Node>
<StgValue><ssdm name="net_outputs"/></StgValue>
</operation>
</state>

<state id="61" st_id="61">

<operation id="177" st_id="61" stage="9" lat="31">
<core>DDiv</core>
<MemPortIdVec></MemPortIdVec>
<condition id="-1">
<or_exp><and_exp></and_exp></or_exp>
</condition>

<Node id="52" bw="64" op_0_bw="64" op_1_bw="64">
<![CDATA[
:5  %net_outputs = fdiv double %tmp_23, %sum_0

]]></Node>
<StgValue><ssdm name="net_outputs"/></StgValue>
</operation>
</state>

<state id="62" st_id="62">

<operation id="178" st_id="62" stage="8" lat="31">
<core>DDiv</core>
<MemPortIdVec></MemPortIdVec>
<condition id="-1">
<or_exp><and_exp></and_exp></or_exp>
</condition>

<Node id="52" bw="64" op_0_bw="64" op_1_bw="64">
<![CDATA[
:5  %net_outputs = fdiv double %tmp_23, %sum_0

]]></Node>
<StgValue><ssdm name="net_outputs"/></StgValue>
</operation>
</state>

<state id="63" st_id="63">

<operation id="179" st_id="63" stage="7" lat="31">
<core>DDiv</core>
<MemPortIdVec></MemPortIdVec>
<condition id="-1">
<or_exp><and_exp></and_exp></or_exp>
</condition>

<Node id="52" bw="64" op_0_bw="64" op_1_bw="64">
<![CDATA[
:5  %net_outputs = fdiv double %tmp_23, %sum_0

]]></Node>
<StgValue><ssdm name="net_outputs"/></StgValue>
</operation>
</state>

<state id="64" st_id="64">

<operation id="180" st_id="64" stage="6" lat="31">
<core>DDiv</core>
<MemPortIdVec></MemPortIdVec>
<condition id="-1">
<or_exp><and_exp></and_exp></or_exp>
</condition>

<Node id="52" bw="64" op_0_bw="64" op_1_bw="64">
<![CDATA[
:5  %net_outputs = fdiv double %tmp_23, %sum_0

]]></Node>
<StgValue><ssdm name="net_outputs"/></StgValue>
</operation>
</state>

<state id="65" st_id="65">

<operation id="181" st_id="65" stage="5" lat="31">
<core>DDiv</core>
<MemPortIdVec></MemPortIdVec>
<condition id="-1">
<or_exp><and_exp></and_exp></or_exp>
</condition>

<Node id="52" bw="64" op_0_bw="64" op_1_bw="64">
<![CDATA[
:5  %net_outputs = fdiv double %tmp_23, %sum_0

]]></Node>
<StgValue><ssdm name="net_outputs"/></StgValue>
</operation>
</state>

<state id="66" st_id="66">

<operation id="182" st_id="66" stage="4" lat="31">
<core>DDiv</core>
<MemPortIdVec></MemPortIdVec>
<condition id="-1">
<or_exp><and_exp></and_exp></or_exp>
</condition>

<Node id="52" bw="64" op_0_bw="64" op_1_bw="64">
<![CDATA[
:5  %net_outputs = fdiv double %tmp_23, %sum_0

]]></Node>
<StgValue><ssdm name="net_outputs"/></StgValue>
</operation>
</state>

<state id="67" st_id="67">

<operation id="183" st_id="67" stage="3" lat="31">
<core>DDiv</core>
<MemPortIdVec></MemPortIdVec>
<condition id="-1">
<or_exp><and_exp></and_exp></or_exp>
</condition>

<Node id="52" bw="64" op_0_bw="64" op_1_bw="64">
<![CDATA[
:5  %net_outputs = fdiv double %tmp_23, %sum_0

]]></Node>
<StgValue><ssdm name="net_outputs"/></StgValue>
</operation>
</state>

<state id="68" st_id="68">

<operation id="184" st_id="68" stage="2" lat="31">
<core>DDiv</core>
<MemPortIdVec></MemPortIdVec>
<condition id="-1">
<or_exp><and_exp></and_exp></or_exp>
</condition>

<Node id="52" bw="64" op_0_bw="64" op_1_bw="64">
<![CDATA[
:5  %net_outputs = fdiv double %tmp_23, %sum_0

]]></Node>
<StgValue><ssdm name="net_outputs"/></StgValue>
</operation>
</state>

<state id="69" st_id="69">

<operation id="185" st_id="69" stage="1" lat="31">
<core>DDiv</core>
<MemPortIdVec></MemPortIdVec>
<condition id="-1">
<or_exp><and_exp></and_exp></or_exp>
</condition>

<Node id="52" bw="64" op_0_bw="64" op_1_bw="64">
<![CDATA[
:5  %net_outputs = fdiv double %tmp_23, %sum_0

]]></Node>
<StgValue><ssdm name="net_outputs"/></StgValue>
</operation>

<operation id="186" st_id="69" stage="1" lat="1">
<core>NULL</core>
<MemPortIdVec></MemPortIdVec>
<condition id="-1">
<or_exp><and_exp></and_exp></or_exp>
</condition>

<Node id="53" bw="0" op_0_bw="2" op_1_bw="0" op_2_bw="2" op_3_bw="0" op_4_bw="2" op_5_bw="0">
<![CDATA[
:6  switch i2 %i_1, label %branch2 [
    i2 0, label %..preheader.backedge_crit_edge
    i2 1, label %branch1
  ]

]]></Node>
<StgValue><ssdm name="switch_ln12"/></StgValue>
</operation>

<operation id="187" st_id="69" stage="1" lat="1">
<core>NULL</core>
<MemPortIdVec></MemPortIdVec>
<condition id="-1">
<or_exp><and_exp><literal name="i_1" val="1"/>
</and_exp></or_exp>
</condition>

<Node id="55" bw="0" op_0_bw="1" op_1_bw="1" op_2_bw="0">
<![CDATA[
branch1:0  store i1 true, i1* %write_flag4_0

]]></Node>
<StgValue><ssdm name="store_ln12"/></StgValue>
</operation>

<operation id="188" st_id="69" stage="1" lat="1">
<core>NULL</core>
<MemPortIdVec></MemPortIdVec>
<condition id="-1">
<or_exp><and_exp><literal name="i_1" val="1"/>
</and_exp></or_exp>
</condition>

<Node id="56" bw="0" op_0_bw="64" op_1_bw="64">
<![CDATA[
branch1:1  store double %net_outputs, double* %net_outputs16_04

]]></Node>
<StgValue><ssdm name="store_ln12"/></StgValue>
</operation>

<operation id="189" st_id="69" stage="1" lat="1">
<core>NULL</core>
<MemPortIdVec></MemPortIdVec>
<condition id="-1">
<or_exp><and_exp><literal name="i_1" val="1"/>
</and_exp></or_exp>
</condition>

<Node id="57" bw="0" op_0_bw="0">
<![CDATA[
branch1:2  br label %.preheader.backedge

]]></Node>
<StgValue><ssdm name="br_ln12"/></StgValue>
</operation>

<operation id="190" st_id="69" stage="1" lat="1">
<core>NULL</core>
<MemPortIdVec></MemPortIdVec>
<condition id="-1">
<or_exp><and_exp><literal name="i_1" val="0"/>
</and_exp></or_exp>
</condition>

<Node id="59" bw="0" op_0_bw="64" op_1_bw="64">
<![CDATA[
..preheader.backedge_crit_edge:0  store double %net_outputs, double* %net_outputs_05

]]></Node>
<StgValue><ssdm name="store_ln12"/></StgValue>
</operation>

<operation id="191" st_id="69" stage="1" lat="1">
<core>NULL</core>
<MemPortIdVec></MemPortIdVec>
<condition id="-1">
<or_exp><and_exp><literal name="i_1" val="0"/>
</and_exp></or_exp>
</condition>

<Node id="60" bw="0" op_0_bw="1" op_1_bw="1" op_2_bw="0">
<![CDATA[
..preheader.backedge_crit_edge:1  store i1 true, i1* %write_flag_0

]]></Node>
<StgValue><ssdm name="store_ln12"/></StgValue>
</operation>

<operation id="192" st_id="69" stage="1" lat="1">
<core>NULL</core>
<MemPortIdVec></MemPortIdVec>
<condition id="-1">
<or_exp><and_exp><literal name="i_1" val="0"/>
</and_exp></or_exp>
</condition>

<Node id="61" bw="0" op_0_bw="0">
<![CDATA[
..preheader.backedge_crit_edge:2  br label %.preheader.backedge

]]></Node>
<StgValue><ssdm name="br_ln12"/></StgValue>
</operation>

<operation id="193" st_id="69" stage="1" lat="1">
<core>NULL</core>
<MemPortIdVec></MemPortIdVec>
<condition id="-1">
<or_exp><and_exp><literal name="i_1" val="!0"/>
<literal name="i_1" val="!1"/>
</and_exp></or_exp>
</condition>

<Node id="63" bw="0" op_0_bw="1" op_1_bw="1" op_2_bw="0">
<![CDATA[
branch2:0  store i1 true, i1* %write_flag8_0

]]></Node>
<StgValue><ssdm name="store_ln12"/></StgValue>
</operation>

<operation id="194" st_id="69" stage="1" lat="1">
<core>NULL</core>
<MemPortIdVec></MemPortIdVec>
<condition id="-1">
<or_exp><and_exp><literal name="i_1" val="!0"/>
<literal name="i_1" val="!1"/>
</and_exp></or_exp>
</condition>

<Node id="64" bw="0" op_0_bw="64" op_1_bw="64">
<![CDATA[
branch2:1  store double %net_outputs, double* %net_outputs2_03

]]></Node>
<StgValue><ssdm name="store_ln12"/></StgValue>
</operation>

<operation id="195" st_id="69" stage="1" lat="1">
<core>NULL</core>
<MemPortIdVec></MemPortIdVec>
<condition id="-1">
<or_exp><and_exp><literal name="i_1" val="!0"/>
<literal name="i_1" val="!1"/>
</and_exp></or_exp>
</condition>

<Node id="65" bw="0" op_0_bw="0">
<![CDATA[
branch2:2  br label %.preheader.backedge

]]></Node>
<StgValue><ssdm name="br_ln12"/></StgValue>
</operation>

<operation id="196" st_id="69" stage="1" lat="1">
<core>NULL</core>
<MemPortIdVec></MemPortIdVec>
<condition id="-1">
<or_exp><and_exp></and_exp></or_exp>
</condition>

<Node id="67" bw="0" op_0_bw="0">
<![CDATA[
.preheader.backedge:0  br label %.preheader

]]></Node>
<StgValue><ssdm name="br_ln0"/></StgValue>
</operation>
</state>
</state_list>


<ports>
</ports>


<dataflows>
</dataflows>


</stg>
