<profile>

<section name = "Vivado HLS Report for 'soft_max'" level="0">
<item name = "Date">Sat May 21 18:18:14 2022
</item>
<item name = "Version">2019.2 (Build 2704478 on Wed Nov 06 22:10:23 MST 2019)</item>
<item name = "Project">backprop_base</item>
<item name = "Solution">solution1</item>
<item name = "Product family">zynq</item>
<item name = "Target device">xc7z045-ffg900-2</item>
</section>

<section name = "Performance Estimates" level="0">
<item name = "Timing">
<section name = "" level="1">
<item name = "Summary"><table name="" hasTotal="0">
<keys size="4">Clock, Target, Estimated, Uncertainty</keys>
<column name="ap_clk">10.00 ns, 8.362 ns, 1.25 ns</column>
</table>
</item>
</section>
</item>
<item name = "Latency">
<section name = "" level="1">
<item name = "Summary"><table name="" hasTotal="0">
<keys size="8">, min, max, min, max, min, max, Type</keys>
<column name="">206, 206, 2.060 us, 2.060 us, 206, 206, none</column>
</table>
</item>
<item name = "Detail">
<section name = "" level="1">
<item name = "Instance"><table name="" hasTotal="0">
<keys size="9">Instance, Module, min, max, min, max, min, max, Type</keys>
</table>
</item>
<item name = "Loop"><table name="" hasTotal="0">
<keys size="8">Loop Name, min, max, Latency, achieved, target, Count, Pipelined</keys>
<column name="- Loop 1">63, 63, 21, -, -, 3, no</column>
<column name="- Loop 2">141, 141, 47, -, -, 3, no</column>
</table>
</item>
</section>
</item>
</section>
</item>
</section>

<section name = "Utilization Estimates" level="0">
<item name = "Summary"><table name="" hasTotal="1">
<keys size="6">Name, BRAM_18K, DSP48E, FF, LUT, URAM</keys>
<column name="DSP">-, -, -, -, -</column>
<column name="Expression">-, -, 0, 330, -</column>
<column name="FIFO">-, -, -, -, -</column>
<column name="Instance">-, 29, 4832, 7406, -</column>
<column name="Memory">-, -, -, -, -</column>
<column name="Multiplexer">-, -, -, 23, -</column>
<column name="Register">-, -, 528, -, -</column>
<specialColumn name="Available">1090, 900, 437200, 218600, 0</specialColumn>
<specialColumn name="Utilization (%)">0, 3, 1, 3, 0</specialColumn>
</table>
</item>
<item name = "Detail">
<section name = "" level="1">
<item name = "Instance"><table name="" hasTotal="1">
<keys size="7">Instance, Module, BRAM_18K, DSP48E, FF, LUT, URAM</keys>
<column name="backprop_dadd_64nbkb_U40">backprop_dadd_64nbkb, 0, 3, 445, 1149, 0</column>
<column name="backprop_ddiv_64nfYi_U41">backprop_ddiv_64nfYi, 0, 0, 3211, 3639, 0</column>
<column name="backprop_dexp_64ng8j_U42">backprop_dexp_64ng8j, 0, 26, 1176, 2592, 0</column>
<column name="backprop_mux_32_6dEe_U43">backprop_mux_32_6dEe, 0, 0, 0, 13, 0</column>
<column name="backprop_mux_32_6dEe_U44">backprop_mux_32_6dEe, 0, 0, 0, 13, 0</column>
</table>
</item>
<item name = "DSP48E"><table name="" hasTotal="0">
<keys size="3">Instance, Module, Expression</keys>
</table>
</item>
<item name = "Memory"><table name="" hasTotal="1">
<keys size="10">Memory, Module, BRAM_18K, FF, LUT, URAM, Words, Bits, Banks, W*Bits*Banks</keys>
</table>
</item>
<item name = "FIFO"><table name="" hasTotal="1">
<keys size="8">Name, BRAM_18K, FF, LUT, URAM, Depth, Bits, Size:D*B</keys>
</table>
</item>
<item name = "Expression"><table name="" hasTotal="1">
<keys size="7">Variable Name, Operation, DSP48E, FF, LUT, Bitwidth P0, Bitwidth P1</keys>
<column name="i_32_fu_212_p2">+, 0, 0, 3, 2, 1</column>
<column name="i_fu_162_p2">+, 0, 0, 3, 2, 1</column>
<column name="icmp_ln11_fu_206_p2">icmp, 0, 0, 1, 2, 2</column>
<column name="icmp_ln8_fu_156_p2">icmp, 0, 0, 1, 2, 2</column>
<column name="select_ln14_1_fu_252_p3">select, 0, 0, 64, 1, 64</column>
<column name="select_ln14_2_fu_259_p3">select, 0, 0, 64, 1, 64</column>
<column name="select_ln14_fu_245_p3">select, 0, 0, 64, 1, 64</column>
<column name="xor_ln12_fu_287_p2">xor, 0, 0, 65, 64, 65</column>
<column name="xor_ln9_fu_195_p2">xor, 0, 0, 65, 64, 65</column>
</table>
</item>
<item name = "Multiplexer"><table name="" hasTotal="1">
<keys size="5">Name, LUT, Input Size, Bits, Total Bits</keys>
<column name="ap_NS_fsm">11, 70, 1, 70</column>
<column name="grp_fu_145_p1">3, 3, 64, 192</column>
<column name="i_0_reg_100">3, 2, 2, 4</column>
<column name="i_1_reg_123">3, 2, 2, 4</column>
<column name="sum_0_reg_111">3, 2, 64, 128</column>
</table>
</item>
<item name = "Register"><table name="" hasTotal="1">
<keys size="5">Name, FF, LUT, Bits, Const Bits</keys>
<column name="ap_CS_fsm">69, 0, 69, 0</column>
<column name="i_0_reg_100">2, 0, 2, 0</column>
<column name="i_1_reg_123">2, 0, 2, 0</column>
<column name="i_32_reg_426">2, 0, 2, 0</column>
<column name="i_reg_364">2, 0, 2, 0</column>
<column name="net_outputs16_04_fu_52">64, 0, 64, 0</column>
<column name="net_outputs2_03_fu_40">64, 0, 64, 0</column>
<column name="net_outputs_05_fu_56">64, 0, 64, 0</column>
<column name="reg_150">64, 0, 64, 0</column>
<column name="sum_0_reg_111">64, 0, 64, 0</column>
<column name="tmp_24_reg_431">64, 0, 64, 0</column>
<column name="tmp_reg_369">64, 0, 64, 0</column>
<column name="write_flag4_0_fu_60">1, 0, 1, 0</column>
<column name="write_flag8_0_fu_48">1, 0, 1, 0</column>
<column name="write_flag_0_fu_44">1, 0, 1, 0</column>
</table>
</item>
</section>
</item>
</section>

<section name = "Interface" level="0">
<item name = "Summary"><table name="" hasTotal="0">
<keys size="6">RTL Ports, Dir, Bits, Protocol, Source Object, C Type</keys>
<column name="ap_clk">in, 1, ap_ctrl_hs, soft_max, return value</column>
<column name="ap_rst">in, 1, ap_ctrl_hs, soft_max, return value</column>
<column name="ap_start">in, 1, ap_ctrl_hs, soft_max, return value</column>
<column name="ap_done">out, 1, ap_ctrl_hs, soft_max, return value</column>
<column name="ap_idle">out, 1, ap_ctrl_hs, soft_max, return value</column>
<column name="ap_ready">out, 1, ap_ctrl_hs, soft_max, return value</column>
<column name="ap_return_0">out, 64, ap_ctrl_hs, soft_max, return value</column>
<column name="ap_return_1">out, 64, ap_ctrl_hs, soft_max, return value</column>
<column name="ap_return_2">out, 64, ap_ctrl_hs, soft_max, return value</column>
<column name="net_outputs_0_read">in, 64, ap_none, net_outputs_0_read, scalar</column>
<column name="net_outputs_1_read">in, 64, ap_none, net_outputs_1_read, scalar</column>
<column name="net_outputs_2_read">in, 64, ap_none, net_outputs_2_read, scalar</column>
<column name="activations_0_read">in, 64, ap_none, activations_0_read, scalar</column>
<column name="activations_1_read">in, 64, ap_none, activations_1_read, scalar</column>
<column name="activations_2_read">in, 64, ap_none, activations_2_read, scalar</column>
</table>
</item>
</section>
</profile>
