<profile>

<section name = "Vivado HLS Report for 'update_weights'" level="0">
<item name = "Date">Sat May 21 18:18:10 2022
</item>
<item name = "Version">2019.2 (Build 2704478 on Wed Nov 06 22:10:23 MST 2019)</item>
<item name = "Project">backprop_base</item>
<item name = "Solution">solution1</item>
<item name = "Product family">zynq</item>
<item name = "Target device">xc7z045-ffg900-2</item>
</section>

<section name = "Performance Estimates" level="0">
<item name = "Timing">
<section name = "" level="1">
<item name = "Summary"><table name="" hasTotal="0">
<keys size="4">Clock, Target, Estimated, Uncertainty</keys>
<column name="ap_clk">10.00 ns, 8.534 ns, 1.25 ns</column>
</table>
</item>
</section>
</item>
<item name = "Latency">
<section name = "" level="1">
<item name = "Summary"><table name="" hasTotal="0">
<keys size="8">, min, max, min, max, min, max, Type</keys>
<column name="">294710, 294710, 2.947 ms, 2.947 ms, 294710, 294710, none</column>
</table>
</item>
<item name = "Detail">
<section name = "" level="1">
<item name = "Instance"><table name="" hasTotal="0">
<keys size="9">Instance, Module, min, max, min, max, min, max, Type</keys>
</table>
</item>
<item name = "Loop"><table name="" hasTotal="0">
<keys size="8">Loop Name, min, max, Latency, achieved, target, Count, Pipelined</keys>
<column name="- Loop 1">18330, 18330, 1410, -, -, 13, no</column>
<column name=" + Loop 1.1">1408, 1408, 22, -, -, 64, no</column>
<column name="- Loop 2">1408, 1408, 22, -, -, 64, no</column>
<column name="- Loop 3">28314, 28314, 2178, -, -, 13, no</column>
<column name=" + Loop 3.1">2176, 2176, 34, -, -, 64, no</column>
<column name="- Loop 4">2176, 2176, 34, -, -, 64, no</column>
<column name="- Loop 5">90240, 90240, 1410, -, -, 64, no</column>
<column name=" + Loop 5.1">1408, 1408, 22, -, -, 64, no</column>
<column name="- Loop 6">1408, 1408, 22, -, -, 64, no</column>
<column name="- Loop 7">139392, 139392, 2178, -, -, 64, no</column>
<column name=" + Loop 7.1">2176, 2176, 34, -, -, 64, no</column>
<column name="- Loop 8">2176, 2176, 34, -, -, 64, no</column>
<column name="- Loop 9">4352, 4352, 68, -, -, 64, no</column>
<column name=" + Loop 9.1">66, 66, 22, -, -, 3, no</column>
<column name="- Loop 10">63, 63, 21, -, -, 3, no</column>
<column name="- Loop 11">6656, 6656, 104, -, -, 64, no</column>
<column name=" + Loop 11.1">102, 102, 34, -, -, 3, no</column>
<column name="- Loop 12">96, 96, 32, -, -, 3, no</column>
</table>
</item>
</section>
</item>
</section>
</item>
</section>
</profile>
