<profile>

<section name = "Vivado HLS Report for 'update_weights'" level="0">
<item name = "Date">Sat May 21 18:18:15 2022
</item>
<item name = "Version">2019.2 (Build 2704478 on Wed Nov 06 22:10:23 MST 2019)</item>
<item name = "Project">backprop_base</item>
<item name = "Solution">solution1</item>
<item name = "Product family">zynq</item>
<item name = "Target device">xc7z045-ffg900-2</item>
</section>

<section name = "Performance Estimates" level="0">
<item name = "Timing">
<section name = "" level="1">
<item name = "Summary"><table name="" hasTotal="0">
<keys size="4">Clock, Target, Estimated, Uncertainty</keys>
<column name="ap_clk">10.00 ns, 9.110 ns, 1.25 ns</column>
</table>
</item>
</section>
</item>
<item name = "Latency">
<section name = "" level="1">
<item name = "Summary"><table name="" hasTotal="0">
<keys size="8">, min, max, min, max, min, max, Type</keys>
<column name="">294710, 294710, 2.947 ms, 2.947 ms, 294710, 294710, none</column>
</table>
</item>
<item name = "Detail">
<section name = "" level="1">
<item name = "Instance"><table name="" hasTotal="0">
<keys size="9">Instance, Module, min, max, min, max, min, max, Type</keys>
</table>
</item>
<item name = "Loop"><table name="" hasTotal="0">
<keys size="8">Loop Name, min, max, Latency, achieved, target, Count, Pipelined</keys>
<column name="- Loop 1">18330, 18330, 1410, -, -, 13, no</column>
<column name=" + Loop 1.1">1408, 1408, 22, -, -, 64, no</column>
<column name="- Loop 2">1408, 1408, 22, -, -, 64, no</column>
<column name="- Loop 3">28314, 28314, 2178, -, -, 13, no</column>
<column name=" + Loop 3.1">2176, 2176, 34, -, -, 64, no</column>
<column name="- Loop 4">2176, 2176, 34, -, -, 64, no</column>
<column name="- Loop 5">90240, 90240, 1410, -, -, 64, no</column>
<column name=" + Loop 5.1">1408, 1408, 22, -, -, 64, no</column>
<column name="- Loop 6">1408, 1408, 22, -, -, 64, no</column>
<column name="- Loop 7">139392, 139392, 2178, -, -, 64, no</column>
<column name=" + Loop 7.1">2176, 2176, 34, -, -, 64, no</column>
<column name="- Loop 8">2176, 2176, 34, -, -, 64, no</column>
<column name="- Loop 9">4352, 4352, 68, -, -, 64, no</column>
<column name=" + Loop 9.1">66, 66, 22, -, -, 3, no</column>
<column name="- Loop 10">63, 63, 21, -, -, 3, no</column>
<column name="- Loop 11">6656, 6656, 104, -, -, 64, no</column>
<column name=" + Loop 11.1">102, 102, 34, -, -, 3, no</column>
<column name="- Loop 12">96, 96, 32, -, -, 3, no</column>
</table>
</item>
</section>
</item>
</section>
</item>
</section>

<section name = "Utilization Estimates" level="0">
<item name = "Summary"><table name="" hasTotal="1">
<keys size="6">Name, BRAM_18K, DSP48E, FF, LUT, URAM</keys>
<column name="DSP">-, -, -, -, -</column>
<column name="Expression">-, -, 0, 244, -</column>
<column name="FIFO">-, -, -, -, -</column>
<column name="Instance">-, 14, 7617, 9651, -</column>
<column name="Memory">-, -, -, -, -</column>
<column name="Multiplexer">-, -, -, 149, -</column>
<column name="Register">-, -, 2225, -, -</column>
<specialColumn name="Available">1090, 900, 437200, 218600, 0</specialColumn>
<specialColumn name="Utilization (%)">0, 1, 2, 4, 0</specialColumn>
</table>
</item>
<item name = "Detail">
<section name = "" level="1">
<item name = "Instance"><table name="" hasTotal="1">
<keys size="7">Instance, Module, BRAM_18K, DSP48E, FF, LUT, URAM</keys>
<column name="backprop_dadddsubeOg_U51">backprop_dadddsubeOg, 0, 3, 445, 1149, 0</column>
<column name="backprop_ddiv_64nfYi_U53">backprop_ddiv_64nfYi, 0, 0, 3211, 3639, 0</column>
<column name="backprop_dmul_64ncud_U52">backprop_dmul_64ncud, 0, 11, 299, 570, 0</column>
<column name="backprop_dsqrt_64hbi_U54">backprop_dsqrt_64hbi, 0, 0, 1831, 2140, 0</column>
<column name="backprop_dsqrt_64hbi_U55">backprop_dsqrt_64hbi, 0, 0, 1831, 2140, 0</column>
<column name="backprop_mux_32_6dEe_U56">backprop_mux_32_6dEe, 0, 0, 0, 13, 0</column>
</table>
</item>
<item name = "DSP48E"><table name="" hasTotal="0">
<keys size="3">Instance, Module, Expression</keys>
</table>
</item>
<item name = "Memory"><table name="" hasTotal="1">
<keys size="10">Memory, Module, BRAM_18K, FF, LUT, URAM, Words, Bits, Banks, W*Bits*Banks</keys>
</table>
</item>
<item name = "FIFO"><table name="" hasTotal="1">
<keys size="8">Name, BRAM_18K, FF, LUT, URAM, Depth, Bits, Size:D*B</keys>
</table>
</item>
<item name = "Expression"><table name="" hasTotal="1">
<keys size="7">Variable Name, Operation, DSP48E, FF, LUT, Bitwidth P0, Bitwidth P1</keys>
<column name="add_ln165_fu_711_p2">+, 0, 0, 10, 10, 10</column>
<column name="add_ln181_fu_781_p2">+, 0, 0, 10, 10, 10</column>
<column name="add_ln193_fu_853_p2">+, 0, 0, 12, 12, 12</column>
<column name="add_ln209_fu_927_p2">+, 0, 0, 12, 12, 12</column>
<column name="add_ln221_fu_1013_p2">+, 0, 0, 9, 9, 9</column>
<column name="add_ln237_fu_1113_p2">+, 0, 0, 9, 9, 9</column>
<column name="i_12_fu_681_p2">+, 0, 0, 6, 4, 1</column>
<column name="i_14_fu_751_p2">+, 0, 0, 6, 4, 1</column>
<column name="i_23_fu_797_p2">+, 0, 0, 7, 7, 1</column>
<column name="i_24_fu_819_p2">+, 0, 0, 7, 7, 1</column>
<column name="i_25_fu_875_p2">+, 0, 0, 7, 7, 1</column>
<column name="i_26_fu_893_p2">+, 0, 0, 7, 7, 1</column>
<column name="i_27_fu_943_p2">+, 0, 0, 7, 7, 1</column>
<column name="i_28_fu_969_p2">+, 0, 0, 7, 7, 1</column>
<column name="i_29_fu_1039_p2">+, 0, 0, 3, 2, 1</column>
<column name="i_30_fu_1069_p2">+, 0, 0, 7, 7, 1</column>
<column name="i_31_fu_1133_p2">+, 0, 0, 3, 2, 1</column>
<column name="i_fu_733_p2">+, 0, 0, 7, 7, 1</column>
<column name="j_10_fu_1107_p2">+, 0, 0, 3, 2, 1</column>
<column name="j_6_fu_775_p2">+, 0, 0, 7, 7, 1</column>
<column name="j_7_fu_847_p2">+, 0, 0, 7, 7, 1</column>
<column name="j_8_fu_921_p2">+, 0, 0, 7, 7, 1</column>
<column name="j_9_fu_1007_p2">+, 0, 0, 3, 2, 1</column>
<column name="j_fu_705_p2">+, 0, 0, 7, 7, 1</column>
<column name="sub_ln221_fu_991_p2">-, 0, 0, 9, 9, 9</column>
<column name="sub_ln237_fu_1091_p2">-, 0, 0, 9, 9, 9</column>
<column name="icmp_ln163_fu_675_p2">icmp, 0, 0, 2, 4, 3</column>
<column name="icmp_ln164_fu_699_p2">icmp, 0, 0, 4, 7, 8</column>
<column name="icmp_ln169_fu_727_p2">icmp, 0, 0, 4, 7, 8</column>
<column name="icmp_ln179_fu_745_p2">icmp, 0, 0, 2, 4, 3</column>
<column name="icmp_ln180_fu_769_p2">icmp, 0, 0, 4, 7, 8</column>
<column name="icmp_ln184_fu_791_p2">icmp, 0, 0, 4, 7, 8</column>
<column name="icmp_ln191_fu_813_p2">icmp, 0, 0, 4, 7, 8</column>
<column name="icmp_ln192_fu_841_p2">icmp, 0, 0, 4, 7, 8</column>
<column name="icmp_ln197_fu_869_p2">icmp, 0, 0, 4, 7, 8</column>
<column name="icmp_ln207_fu_887_p2">icmp, 0, 0, 4, 7, 8</column>
<column name="icmp_ln208_fu_915_p2">icmp, 0, 0, 4, 7, 8</column>
<column name="icmp_ln212_fu_937_p2">icmp, 0, 0, 4, 7, 8</column>
<column name="icmp_ln219_fu_963_p2">icmp, 0, 0, 4, 7, 8</column>
<column name="icmp_ln220_fu_1001_p2">icmp, 0, 0, 1, 2, 2</column>
<column name="icmp_ln225_fu_1033_p2">icmp, 0, 0, 1, 2, 2</column>
<column name="icmp_ln235_fu_1063_p2">icmp, 0, 0, 4, 7, 8</column>
<column name="icmp_ln236_fu_1101_p2">icmp, 0, 0, 1, 2, 2</column>
<column name="icmp_ln240_fu_1127_p2">icmp, 0, 0, 1, 2, 2</column>
</table>
</item>
<item name = "Multiplexer"><table name="" hasTotal="1">
<keys size="5">Name, LUT, Input Size, Bits, Total Bits</keys>
<column name="ap_NS_fsm">11, 428, 1, 428</column>
<column name="bias_norm_0_reg_325">3, 2, 64, 128</column>
<column name="bias_norm_1_reg_403">3, 2, 64, 128</column>
<column name="bias_norm_2_reg_482">3, 2, 64, 128</column>
<column name="biases1_address0">3, 4, 6, 24</column>
<column name="biases1_d0">3, 3, 64, 192</column>
<column name="biases2_address0">3, 4, 6, 24</column>
<column name="biases2_d0">3, 3, 64, 192</column>
<column name="biases3_address0">4, 5, 2, 10</column>
<column name="biases3_d0">3, 3, 64, 192</column>
<column name="grp_fu_527_opcode">3, 3, 2, 6</column>
<column name="grp_fu_527_p0">6, 13, 64, 832</column>
<column name="grp_fu_534_p0">4, 8, 64, 512</column>
<column name="grp_fu_534_p1">3, 3, 64, 192</column>
<column name="grp_fu_539_p0">4, 7, 64, 448</column>
<column name="grp_fu_539_p1">3, 3, 64, 192</column>
<column name="grp_fu_545_p1">3, 4, 64, 256</column>
<column name="grp_fu_550_p1">3, 4, 64, 256</column>
<column name="i_0_reg_292">3, 2, 4, 8</column>
<column name="i_10_reg_494">3, 2, 7, 14</column>
<column name="i_11_reg_516">3, 2, 2, 4</column>
<column name="i_1_reg_314">3, 2, 7, 14</column>
<column name="i_2_reg_337">3, 2, 4, 8</column>
<column name="i_3_reg_359">3, 2, 7, 14</column>
<column name="i_4_reg_370">3, 2, 7, 14</column>
<column name="i_5_reg_392">3, 2, 7, 14</column>
<column name="i_6_reg_415">3, 2, 7, 14</column>
<column name="i_7_reg_437">3, 2, 7, 14</column>
<column name="i_8_reg_448">3, 2, 7, 14</column>
<column name="i_9_reg_470">3, 2, 2, 4</column>
<column name="j_0_reg_303">3, 2, 7, 14</column>
<column name="j_1_reg_348">3, 2, 7, 14</column>
<column name="j_2_reg_381">3, 2, 7, 14</column>
<column name="j_3_reg_426">3, 2, 7, 14</column>
<column name="j_4_reg_459">3, 2, 2, 4</column>
<column name="j_5_reg_505">3, 2, 2, 4</column>
<column name="norm_1_fu_76">3, 2, 64, 128</column>
<column name="norm_2_fu_80">3, 2, 64, 128</column>
<column name="norm_4_fu_84">3, 2, 64, 128</column>
<column name="weights1_address0">3, 4, 10, 40</column>
<column name="weights1_d0">3, 3, 64, 192</column>
<column name="weights2_address0">3, 4, 12, 48</column>
<column name="weights2_d0">3, 3, 64, 192</column>
<column name="weights3_address0">3, 4, 8, 32</column>
<column name="weights3_d0">3, 3, 64, 192</column>
</table>
</item>
<item name = "Register"><table name="" hasTotal="1">
<keys size="5">Name, FF, LUT, Bits, Const Bits</keys>
<column name="ap_CS_fsm">427, 0, 427, 0</column>
<column name="bias_norm_0_reg_325">64, 0, 64, 0</column>
<column name="bias_norm_1_reg_403">64, 0, 64, 0</column>
<column name="bias_norm_2_reg_482">64, 0, 64, 0</column>
<column name="biases1_addr_1_reg_1259">6, 0, 6, 0</column>
<column name="biases1_addr_reg_1215">6, 0, 6, 0</column>
<column name="biases2_addr_1_reg_1364">6, 0, 6, 0</column>
<column name="biases2_addr_reg_1320">6, 0, 6, 0</column>
<column name="biases3_addr_1_reg_1464">2, 0, 2, 0</column>
<column name="biases3_addr_reg_1425">2, 0, 2, 0</column>
<column name="d_biases1_load_reg_1220">64, 0, 64, 0</column>
<column name="d_biases2_load_reg_1325">64, 0, 64, 0</column>
<column name="d_weights1_load_reg_1197">64, 0, 64, 0</column>
<column name="d_weights2_load_reg_1302">64, 0, 64, 0</column>
<column name="d_weights3_load_reg_1407">64, 0, 64, 0</column>
<column name="i_0_reg_292">4, 0, 4, 0</column>
<column name="i_10_reg_494">7, 0, 7, 0</column>
<column name="i_11_reg_516">2, 0, 2, 0</column>
<column name="i_12_reg_1169">4, 0, 4, 0</column>
<column name="i_14_reg_1228">4, 0, 4, 0</column>
<column name="i_1_reg_314">7, 0, 7, 0</column>
<column name="i_23_reg_1254">7, 0, 7, 0</column>
<column name="i_24_reg_1274">7, 0, 7, 0</column>
<column name="i_25_reg_1310">7, 0, 7, 0</column>
<column name="i_26_reg_1333">7, 0, 7, 0</column>
<column name="i_27_reg_1359">7, 0, 7, 0</column>
<column name="i_28_reg_1379">7, 0, 7, 0</column>
<column name="i_29_reg_1415">2, 0, 2, 0</column>
<column name="i_2_reg_337">4, 0, 4, 0</column>
<column name="i_30_reg_1433">7, 0, 7, 0</column>
<column name="i_31_reg_1459">2, 0, 2, 0</column>
<column name="i_3_reg_359">7, 0, 7, 0</column>
<column name="i_4_reg_370">7, 0, 7, 0</column>
<column name="i_5_reg_392">7, 0, 7, 0</column>
<column name="i_6_reg_415">7, 0, 7, 0</column>
<column name="i_7_reg_437">7, 0, 7, 0</column>
<column name="i_8_reg_448">7, 0, 7, 0</column>
<column name="i_9_reg_470">2, 0, 2, 0</column>
<column name="i_reg_1205">7, 0, 7, 0</column>
<column name="j_0_reg_303">7, 0, 7, 0</column>
<column name="j_10_reg_1446">2, 0, 2, 0</column>
<column name="j_1_reg_348">7, 0, 7, 0</column>
<column name="j_2_reg_381">7, 0, 7, 0</column>
<column name="j_3_reg_426">7, 0, 7, 0</column>
<column name="j_4_reg_459">2, 0, 2, 0</column>
<column name="j_5_reg_505">2, 0, 2, 0</column>
<column name="j_6_reg_1241">7, 0, 7, 0</column>
<column name="j_7_reg_1287">7, 0, 7, 0</column>
<column name="j_8_reg_1346">7, 0, 7, 0</column>
<column name="j_9_reg_1392">2, 0, 2, 0</column>
<column name="j_reg_1182">7, 0, 7, 0</column>
<column name="norm_1_fu_76">64, 0, 64, 0</column>
<column name="norm_2_fu_80">64, 0, 64, 0</column>
<column name="norm_4_fu_84">64, 0, 64, 0</column>
<column name="reg_573">64, 0, 64, 0</column>
<column name="reg_578">64, 0, 64, 0</column>
<column name="reg_584">64, 0, 64, 0</column>
<column name="reg_602">64, 0, 64, 0</column>
<column name="reg_615">64, 0, 64, 0</column>
<column name="reg_620">64, 0, 64, 0</column>
<column name="reg_625">64, 0, 64, 0</column>
<column name="reg_634">64, 0, 64, 0</column>
<column name="reg_646">64, 0, 64, 0</column>
<column name="reg_652">64, 0, 64, 0</column>
<column name="reg_664">64, 0, 64, 0</column>
<column name="shl_ln1_reg_1233">4, 0, 10, 6</column>
<column name="shl_ln2_reg_1279">6, 0, 12, 6</column>
<column name="shl_ln3_reg_1338">6, 0, 12, 6</column>
<column name="shl_ln_reg_1174">4, 0, 10, 6</column>
<column name="sub_ln221_reg_1384">9, 0, 9, 0</column>
<column name="sub_ln237_reg_1438">9, 0, 9, 0</column>
<column name="tmp_23_reg_1420">64, 0, 64, 0</column>
<column name="weights1_addr_1_reg_1246">10, 0, 10, 0</column>
<column name="weights1_addr_reg_1192">10, 0, 10, 0</column>
<column name="weights2_addr_1_reg_1351">12, 0, 12, 0</column>
<column name="weights2_addr_reg_1297">12, 0, 12, 0</column>
<column name="weights3_addr_1_reg_1451">8, 0, 8, 0</column>
<column name="weights3_addr_reg_1402">8, 0, 8, 0</column>
</table>
</item>
</section>
</item>
</section>

<section name = "Interface" level="0">
<item name = "Summary"><table name="" hasTotal="0">
<keys size="6">RTL Ports, Dir, Bits, Protocol, Source Object, C Type</keys>
<column name="ap_clk">in, 1, ap_ctrl_hs, update_weights, return value</column>
<column name="ap_rst">in, 1, ap_ctrl_hs, update_weights, return value</column>
<column name="ap_start">in, 1, ap_ctrl_hs, update_weights, return value</column>
<column name="ap_done">out, 1, ap_ctrl_hs, update_weights, return value</column>
<column name="ap_idle">out, 1, ap_ctrl_hs, update_weights, return value</column>
<column name="ap_ready">out, 1, ap_ctrl_hs, update_weights, return value</column>
<column name="weights1_address0">out, 10, ap_memory, weights1, array</column>
<column name="weights1_ce0">out, 1, ap_memory, weights1, array</column>
<column name="weights1_we0">out, 1, ap_memory, weights1, array</column>
<column name="weights1_d0">out, 64, ap_memory, weights1, array</column>
<column name="weights1_q0">in, 64, ap_memory, weights1, array</column>
<column name="weights2_address0">out, 12, ap_memory, weights2, array</column>
<column name="weights2_ce0">out, 1, ap_memory, weights2, array</column>
<column name="weights2_we0">out, 1, ap_memory, weights2, array</column>
<column name="weights2_d0">out, 64, ap_memory, weights2, array</column>
<column name="weights2_q0">in, 64, ap_memory, weights2, array</column>
<column name="weights3_address0">out, 8, ap_memory, weights3, array</column>
<column name="weights3_ce0">out, 1, ap_memory, weights3, array</column>
<column name="weights3_we0">out, 1, ap_memory, weights3, array</column>
<column name="weights3_d0">out, 64, ap_memory, weights3, array</column>
<column name="weights3_q0">in, 64, ap_memory, weights3, array</column>
<column name="d_weights1_address0">out, 10, ap_memory, d_weights1, array</column>
<column name="d_weights1_ce0">out, 1, ap_memory, d_weights1, array</column>
<column name="d_weights1_q0">in, 64, ap_memory, d_weights1, array</column>
<column name="d_weights2_address0">out, 12, ap_memory, d_weights2, array</column>
<column name="d_weights2_ce0">out, 1, ap_memory, d_weights2, array</column>
<column name="d_weights2_q0">in, 64, ap_memory, d_weights2, array</column>
<column name="d_weights3_address0">out, 8, ap_memory, d_weights3, array</column>
<column name="d_weights3_ce0">out, 1, ap_memory, d_weights3, array</column>
<column name="d_weights3_q0">in, 64, ap_memory, d_weights3, array</column>
<column name="biases1_address0">out, 6, ap_memory, biases1, array</column>
<column name="biases1_ce0">out, 1, ap_memory, biases1, array</column>
<column name="biases1_we0">out, 1, ap_memory, biases1, array</column>
<column name="biases1_d0">out, 64, ap_memory, biases1, array</column>
<column name="biases1_q0">in, 64, ap_memory, biases1, array</column>
<column name="biases2_address0">out, 6, ap_memory, biases2, array</column>
<column name="biases2_ce0">out, 1, ap_memory, biases2, array</column>
<column name="biases2_we0">out, 1, ap_memory, biases2, array</column>
<column name="biases2_d0">out, 64, ap_memory, biases2, array</column>
<column name="biases2_q0">in, 64, ap_memory, biases2, array</column>
<column name="biases3_address0">out, 2, ap_memory, biases3, array</column>
<column name="biases3_ce0">out, 1, ap_memory, biases3, array</column>
<column name="biases3_we0">out, 1, ap_memory, biases3, array</column>
<column name="biases3_d0">out, 64, ap_memory, biases3, array</column>
<column name="biases3_q0">in, 64, ap_memory, biases3, array</column>
<column name="d_biases1_address0">out, 6, ap_memory, d_biases1, array</column>
<column name="d_biases1_ce0">out, 1, ap_memory, d_biases1, array</column>
<column name="d_biases1_q0">in, 64, ap_memory, d_biases1, array</column>
<column name="d_biases2_address0">out, 6, ap_memory, d_biases2, array</column>
<column name="d_biases2_ce0">out, 1, ap_memory, d_biases2, array</column>
<column name="d_biases2_q0">in, 64, ap_memory, d_biases2, array</column>
<column name="d_biases3_0_read">in, 64, ap_none, d_biases3_0_read, scalar</column>
<column name="d_biases3_1_read">in, 64, ap_none, d_biases3_1_read, scalar</column>
<column name="d_biases3_2_read">in, 64, ap_none, d_biases3_2_read, scalar</column>
</table>
</item>
</section>
</profile>
