,array_weights1_backprop_dim1_type,array_weights1_backprop_dim1_factor,array_weights2_backprop_dim1_type,array_weights2_backprop_dim1_factor,array_weights3_backprop_dim1_type,array_weights3_backprop_dim1_factor,array_biases1_backprop_dim1_type,array_biases1_backprop_dim1_factor,array_biases2_backprop_dim1_type,array_biases2_backprop_dim1_factor,array_biases3_backprop_dim1_type,array_biases3_backprop_dim1_factor,array_training_data_backprop_dim1_type,array_training_data_backprop_dim1_factor,array_training_targets_backprop_dim1_type,array_training_targets_backprop_dim1_factor,array_activations1_backprop_dim1_type,array_activations1_backprop_dim1_factor,array_activations2_backprop_dim1_type,array_activations2_backprop_dim1_factor,array_activations3_backprop_dim1_type,array_activations3_backprop_dim1_factor,array_dactivations1_backprop_dim1_type,array_dactivations1_backprop_dim1_factor,array_dactivations2_backprop_dim1_type,array_dactivations2_backprop_dim1_factor,array_dactivations3_backprop_dim1_type,array_dactivations3_backprop_dim1_factor,array_net_outputs_backprop_dim1_type,array_net_outputs_backprop_dim1_factor,array_output_difference_backprop_dim1_type,array_output_difference_backprop_dim1_factor,array_delta_weights1_backprop_dim1_type,array_delta_weights1_backprop_dim1_factor,array_delta_weights2_backprop_dim1_type,array_delta_weights2_backprop_dim1_factor,array_delta_weights3_backprop_dim1_type,array_delta_weights3_backprop_dim1_factor,array_oracle_activations1_backprop_dim1_type,array_oracle_activations1_backprop_dim1_factor,array_oracle_activations2_backprop_dim1_type,array_oracle_activations2_backprop_dim1_factor,latency,dsp_perc,ff_perc,lut_perc,bram_perc,is_feasible,is_error
0,block,16,block,4,complete,0,block,64,cyclic,32,cyclic,3,none,0,none,0,block,64,block,2,complete,0,cyclic,8,none,0,none,0,block,3,complete,0,none,0,block,4096,cyclic,96,cyclic,4,block,32,inf,1,1,1,1,False,True
1,none,0,none,0,cyclic,16,complete,0,none,0,block,3,none,0,none,0,cyclic,64,block,64,block,3,none,0,complete,0,block,3,complete,0,block,3,block,104,block,4096,block,192,cyclic,64,none,0,inf,1,1,1,1,False,True
2,block,32,none,0,complete,0,block,2,cyclic,64,none,0,block,13,cyclic,3,complete,0,block,8,complete,0,block,16,none,0,block,3,none,0,none,0,none,0,block,8,complete,0,block,16,block,4,inf,1,1,1,1,False,True
3,none,0,none,0,complete,0,complete,0,cyclic,16,complete,0,cyclic,163,none,0,cyclic,2,block,32,none,0,complete,0,cyclic,16,complete,0,complete,0,none,0,block,64,none,0,complete,0,cyclic,2,cyclic,4,inf,1,1,1,1,False,True
4,none,0,block,256,block,96,cyclic,16,none,0,complete,0,cyclic,163,none,0,block,16,complete,0,none,0,complete,0,block,8,complete,0,cyclic,3,block,3,cyclic,52,none,0,block,96,cyclic,8,complete,0,inf,1,1,1,1,False,True
5,block,4,none,0,none,0,block,16,block,2,block,3,block,163,none,0,block,2,cyclic,64,cyclic,3,cyclic,32,complete,0,complete,0,complete,0,block,3,block,8,none,0,none,0,block,8,none,0,159000.0,0.5088888888888888,0.5238174748398902,2.9879048490393414,0.06422018348623854,False,False
6,block,13,cyclic,128,block,64,cyclic,64,none,0,cyclic,3,cyclic,13,cyclic,163,block,4,block,2,none,0,complete,0,none,0,complete,0,block,3,complete,0,block,32,cyclic,2,cyclic,8,none,0,cyclic,4,inf,1,1,1,1,False,True
7,cyclic,104,none,0,none,0,block,16,cyclic,32,complete,0,cyclic,13,cyclic,3,block,32,complete,0,complete,0,none,0,cyclic,32,cyclic,3,cyclic,3,cyclic,3,cyclic,26,block,64,complete,0,none,0,complete,0,inf,1,1,1,1,False,True
8,cyclic,13,block,1024,cyclic,16,block,64,block,4,cyclic,3,block,13,cyclic,163,cyclic,16,none,0,complete,0,none,0,complete,0,block,3,complete,0,complete,0,none,0,block,32,complete,0,cyclic,2,complete,0,inf,1,1,1,1,False,True
9,block,16,cyclic,4096,block,96,complete,0,none,0,none,0,cyclic,13,block,163,complete,0,cyclic,4,none,0,block,32,cyclic,64,none,0,none,0,none,0,none,0,none,0,complete,0,cyclic,64,block,8,inf,1,1,1,1,False,True
10,none,0,block,1024,block,24,block,8,block,32,cyclic,3,none,0,none,0,cyclic,32,block,4,block,3,block,2,none,0,complete,0,none,0,block,3,block,4,none,0,block,12,complete,0,none,0,inf,1,1,1,1,False,True
11,block,64,cyclic,128,cyclic,24,complete,0,complete,0,cyclic,3,none,0,block,163,block,8,complete,0,cyclic,3,none,0,none,0,block,3,complete,0,none,0,block,52,none,0,block,3,block,4,cyclic,8,inf,1,1,1,1,False,True
12,none,0,none,0,block,3,complete,0,none,0,block,3,none,0,none,0,complete,0,none,0,cyclic,3,cyclic,32,cyclic,64,complete,0,complete,0,cyclic,3,none,0,cyclic,4,cyclic,96,none,0,cyclic,64,86589.0,0.7255555555555555,0.7140507776761208,3.039181152790485,0.08623853211009175,False,False
13,block,26,cyclic,16,complete,0,complete,0,cyclic,64,complete,0,block,163,none,0,complete,0,block,4,none,0,block,32,cyclic,8,cyclic,3,complete,0,complete,0,block,4,cyclic,1024,cyclic,96,cyclic,16,block,2,inf,1,1,1,1,False,True
14,cyclic,26,block,1024,cyclic,96,complete,0,none,0,cyclic,3,cyclic,13,cyclic,163,complete,0,cyclic,64,block,3,block,32,complete,0,none,0,cyclic,3,block,3,cyclic,16,none,0,none,0,none,0,complete,0,inf,1,1,1,1,False,True
15,none,0,block,64,cyclic,12,complete,0,block,32,none,0,block,163,none,0,none,0,none,0,none,0,block,8,none,0,none,0,none,0,block,3,block,32,block,256,block,48,none,0,cyclic,4,inf,1,1,1,1,False,True
16,cyclic,4,cyclic,128,complete,0,block,64,complete,0,block,3,cyclic,163,cyclic,3,cyclic,16,complete,0,block,3,complete,0,block,16,none,0,cyclic,3,cyclic,3,none,0,none,0,cyclic,24,complete,0,complete,0,inf,1,1,1,1,False,True
17,cyclic,26,block,8,block,96,cyclic,2,cyclic,64,none,0,block,13,cyclic,163,none,0,none,0,complete,0,none,0,block,8,complete,0,cyclic,3,cyclic,3,block,4,block,1024,none,0,complete,0,complete,0,inf,1,1,1,1,False,True
18,none,0,none,0,complete,0,complete,0,block,32,complete,0,none,0,none,0,cyclic,4,none,0,none,0,complete,0,cyclic,32,block,3,complete,0,block,3,cyclic,2,block,1024,block,3,block,2,block,16,inf,1,1,1,1,False,True
19,cyclic,208,block,32,complete,0,none,0,complete,0,complete,0,none,0,none,0,block,2,complete,0,complete,0,complete,0,block,64,complete,0,none,0,block,3,cyclic,2,none,0,cyclic,64,complete,0,block,16,inf,1,1,1,1,False,True
20,block,104,cyclic,32,cyclic,16,none,0,block,64,block,3,block,13,block,163,block,8,block,32,complete,0,cyclic,8,none,0,complete,0,cyclic,3,cyclic,3,cyclic,4,none,0,complete,0,block,4,complete,0,inf,1,1,1,1,False,True
21,none,0,cyclic,256,none,0,cyclic,4,none,0,cyclic,3,block,163,none,0,cyclic,2,none,0,none,0,block,2,block,2,complete,0,cyclic,3,none,0,block,32,block,16,block,6,cyclic,16,complete,0,inf,1,1,1,1,False,True
22,block,52,none,0,block,6,block,32,block,4,cyclic,3,block,13,none,0,none,0,complete,0,complete,0,complete,0,none,0,cyclic,3,block,3,none,0,block,13,block,4096,block,4,complete,0,complete,0,inf,1,1,1,1,False,True
23,block,16,block,64,complete,0,cyclic,64,cyclic,8,none,0,cyclic,163,block,163,cyclic,8,complete,0,cyclic,3,block,32,block,2,complete,0,block,3,complete,0,cyclic,52,none,0,none,0,block,16,cyclic,32,inf,1,1,1,1,False,True
24,cyclic,2,none,0,complete,0,block,64,block,2,complete,0,none,0,cyclic,3,none,0,block,4,none,0,none,0,block,16,block,3,block,3,complete,0,cyclic,16,block,8,none,0,none,0,block,8,inf,1,1,1,1,False,True
25,block,64,none,0,cyclic,16,complete,0,complete,0,complete,0,cyclic,163,block,163,cyclic,16,complete,0,complete,0,cyclic,16,none,0,complete,0,none,0,block,3,cyclic,26,cyclic,16,cyclic,24,none,0,block,4,inf,1,1,1,1,False,True
26,none,0,block,8,complete,0,block,8,block,64,block,3,none,0,block,3,complete,0,none,0,cyclic,3,complete,0,cyclic,16,cyclic,3,cyclic,3,complete,0,block,13,cyclic,8,none,0,complete,0,cyclic,8,inf,1,1,1,1,False,True
27,block,32,none,0,cyclic,12,complete,0,none,0,complete,0,none,0,none,0,none,0,none,0,complete,0,none,0,none,0,complete,0,complete,0,none,0,block,13,block,2,cyclic,3,cyclic,4,complete,0,156000.0,0.7366666666666667,0.2943526989935956,0.6966697163769442,0.09724770642201835,True,False
28,none,0,none,0,none,0,none,0,cyclic,32,cyclic,3,cyclic,13,cyclic,3,block,8,none,0,none,0,none,0,cyclic,64,block,3,cyclic,3,complete,0,none,0,cyclic,2,cyclic,32,block,4,block,64,87541.0,0.5166666666666667,0.3074794144556267,0.6564226898444647,0.08256880733944955,True,False
29,none,0,none,0,none,0,block,2,none,0,none,0,none,0,none,0,block,32,complete,0,block,3,cyclic,8,block,4,none,0,complete,0,block,3,cyclic,104,block,256,none,0,complete,0,cyclic,2,inf,1,1,1,1,False,True
30,cyclic,64,cyclic,32,none,0,none,0,complete,0,complete,0,cyclic,13,cyclic,3,block,16,complete,0,none,0,block,4,cyclic,4,block,3,block,3,complete,0,cyclic,64,none,0,block,64,none,0,cyclic,4,inf,1,1,1,1,False,True
31,none,0,block,8,complete,0,cyclic,16,block,32,cyclic,3,block,163,cyclic,163,cyclic,32,complete,0,cyclic,3,complete,0,complete,0,complete,0,complete,0,complete,0,block,832,block,2,cyclic,8,cyclic,64,none,0,inf,1,1,1,1,False,True
32,none,0,none,0,block,96,complete,0,complete,0,cyclic,3,none,0,none,0,complete,0,none,0,cyclic,3,complete,0,none,0,cyclic,3,block,3,block,3,block,208,block,32,complete,0,block,8,complete,0,inf,1,1,1,1,False,True
33,block,104,none,0,none,0,block,2,complete,0,complete,0,cyclic,163,none,0,cyclic,32,cyclic,32,complete,0,cyclic,32,block,8,complete,0,block,3,cyclic,3,cyclic,32,block,4096,complete,0,complete,0,none,0,inf,1,1,1,1,False,True
34,none,0,none,0,cyclic,16,complete,0,none,0,cyclic,3,cyclic,13,block,3,complete,0,cyclic,2,block,3,none,0,cyclic,32,block,3,cyclic,3,complete,0,none,0,block,4096,complete,0,cyclic,2,none,0,inf,1,1,1,1,False,True
35,block,13,none,0,complete,0,none,0,block,16,none,0,block,13,cyclic,163,cyclic,4,none,0,cyclic,3,block,4,cyclic,16,cyclic,3,none,0,cyclic,3,cyclic,52,block,4096,none,0,none,0,block,2,inf,1,1,1,1,False,True
36,none,0,none,0,cyclic,16,none,0,none,0,cyclic,3,none,0,block,3,block,8,none,0,complete,0,complete,0,complete,0,none,0,complete,0,complete,0,none,0,cyclic,4,cyclic,48,cyclic,8,none,0,88282.0,0.69,0.5188357731015554,1.0449405306495883,0.11559633027522936,False,False
37,cyclic,32,cyclic,4,none,0,none,0,complete,0,complete,0,block,163,cyclic,163,cyclic,64,complete,0,block,3,block,4,block,8,complete,0,none,0,none,0,cyclic,8,none,0,none,0,none,0,none,0,144000.0,0.5622222222222222,0.6743138151875572,5.104958828911253,0.062385321100917435,False,False
38,cyclic,8,none,0,cyclic,6,complete,0,block,64,none,0,block,13,block,163,none,0,cyclic,4,block,3,cyclic,8,cyclic,16,cyclic,3,none,0,none,0,block,52,block,1024,cyclic,64,complete,0,complete,0,inf,1,1,1,1,False,True
39,cyclic,832,none,0,block,48,complete,0,cyclic,4,none,0,none,0,none,0,cyclic,2,block,2,complete,0,none,0,complete,0,block,3,block,3,complete,0,block,13,none,0,none,0,complete,0,complete,0,inf,1,1,1,1,False,True
40,none,0,none,0,none,0,none,0,cyclic,32,none,0,cyclic,13,cyclic,3,cyclic,8,block,2,none,0,cyclic,64,cyclic,64,block,3,cyclic,3,complete,0,none,0,cyclic,4096,block,32,block,4,block,64,inf,1,1,1,1,False,True
41,block,13,none,0,none,0,complete,0,block,8,none,0,cyclic,163,none,0,none,0,cyclic,64,cyclic,3,complete,0,none,0,none,0,cyclic,3,complete,0,none,0,block,1024,block,12,none,0,complete,0,inf,1,1,1,1,False,True
42,none,0,cyclic,1024,none,0,cyclic,16,block,4,complete,0,none,0,none,0,complete,0,complete,0,none,0,cyclic,32,cyclic,16,complete,0,block,3,none,0,block,208,none,0,complete,0,cyclic,4,block,8,inf,1,1,1,1,False,True
43,cyclic,64,none,0,complete,0,block,2,block,2,cyclic,3,none,0,block,163,complete,0,none,0,none,0,block,16,none,0,none,0,block,3,complete,0,block,4,none,0,complete,0,block,16,block,8,inf,1,1,1,1,False,True
44,block,8,none,0,none,0,none,0,complete,0,cyclic,3,cyclic,13,cyclic,3,block,8,none,0,none,0,none,0,cyclic,64,block,3,complete,0,complete,0,none,0,cyclic,2,complete,0,block,4,block,16,inf,1,1,1,1,False,True
45,none,0,none,0,complete,0,none,0,cyclic,32,cyclic,3,cyclic,13,cyclic,3,block,8,none,0,none,0,none,0,cyclic,64,block,3,cyclic,3,complete,0,none,0,cyclic,2,cyclic,32,block,4,block,64,86247.0,0.6988888888888889,0.4296935041171089,1.5848764867337604,0.06788990825688074,False,False
46,none,0,none,0,none,0,none,0,cyclic,32,cyclic,3,cyclic,13,cyclic,163,block,8,none,0,none,0,none,0,cyclic,64,block,3,cyclic,3,complete,0,none,0,cyclic,2,block,32,block,4,block,64,87630.0,0.6277777777777778,0.3246408966148216,0.6513403476669717,0.2,True,False
47,none,0,none,0,cyclic,16,none,0,cyclic,32,cyclic,3,cyclic,13,cyclic,3,block,8,none,0,none,0,none,0,cyclic,64,block,3,cyclic,3,complete,0,none,0,cyclic,2,block,32,block,4,block,64,87200.0,0.7944444444444444,0.3336184812442818,0.7269853613906679,0.1853211009174312,True,False
48,cyclic,26,block,1024,complete,0,complete,0,complete,0,cyclic,3,none,0,block,3,none,0,complete,0,complete,0,none,0,cyclic,32,block,3,none,0,block,3,none,0,none,0,none,0,none,0,cyclic,64,inf,1,1,1,1,False,True
49,none,0,none,0,cyclic,16,none,0,cyclic,32,cyclic,3,cyclic,13,cyclic,3,block,8,none,0,none,0,none,0,cyclic,64,block,3,cyclic,3,complete,0,none,0,cyclic,2,cyclic,32,block,4,block,64,87096.0,0.6833333333333333,0.3170013723696249,0.7317246111619397,0.06788990825688074,True,False
50,none,0,none,0,none,0,none,0,cyclic,32,cyclic,3,cyclic,13,cyclic,3,block,8,none,0,none,0,none,0,cyclic,64,block,3,cyclic,3,complete,0,none,0,block,2,cyclic,32,block,4,block,64,89549.0,0.5044444444444445,0.3141651418115279,0.666152790484904,0.08256880733944955,True,False
51,none,0,none,0,none,0,none,0,cyclic,32,cyclic,3,cyclic,13,cyclic,3,block,8,none,0,none,0,none,0,cyclic,64,block,3,cyclic,3,complete,0,none,0,block,2,cyclic,16,block,4,block,64,89549.0,0.5044444444444445,0.30945105215004576,0.664647758462946,0.08256880733944955,True,False
52,none,0,none,0,none,0,none,0,cyclic,32,cyclic,3,cyclic,13,cyclic,3,block,8,none,0,none,0,none,0,cyclic,64,block,3,cyclic,3,complete,0,none,0,cyclic,2,cyclic,16,block,4,block,64,87541.0,0.5166666666666667,0.30293687099725525,0.6549176578225069,0.08256880733944955,True,False
53,none,0,none,0,none,0,none,0,cyclic,32,cyclic,3,cyclic,13,cyclic,3,block,8,none,0,none,0,none,0,cyclic,64,block,3,cyclic,3,complete,0,none,0,cyclic,2,cyclic,64,block,4,block,64,87539.0,0.5166666666666667,0.5279231473010064,0.7401967063129002,0.08256880733944955,True,False
54,none,0,none,0,cyclic,192,none,0,cyclic,32,cyclic,3,cyclic,13,cyclic,3,block,8,none,0,none,0,none,0,cyclic,64,block,3,cyclic,3,complete,0,none,0,block,2,cyclic,16,block,4,block,64,89610.0,0.6866666666666666,0.4326715462031107,1.592657822506862,0.06788990825688074,False,False
55,none,0,none,0,none,0,none,0,cyclic,32,cyclic,3,cyclic,13,cyclic,3,block,8,none,0,none,0,none,0,cyclic,64,cyclic,3,cyclic,3,complete,0,none,0,cyclic,2,complete,0,block,4,block,64,87539.0,0.5166666666666667,0.40498170173833486,1.0145699908508692,0.08256880733944955,False,False
56,block,13,none,0,complete,0,none,0,cyclic,32,cyclic,3,cyclic,13,cyclic,3,block,8,none,0,none,0,none,0,cyclic,64,block,3,cyclic,3,complete,0,none,0,cyclic,2,complete,0,block,4,block,64,88988.0,0.6911111111111111,0.5639112534309241,1.9752973467520585,0.06788990825688074,False,False
57,none,0,none,0,none,0,none,0,cyclic,32,cyclic,3,cyclic,13,cyclic,3,cyclic,64,none,0,none,0,none,0,cyclic,64,block,3,cyclic,3,complete,0,block,13,cyclic,2,cyclic,16,block,4,block,64,88013.0,0.5288888888888889,0.4846843549862763,2.576523330283623,0.09724770642201835,False,False
58,none,0,none,0,none,0,cyclic,16,cyclic,32,cyclic,3,cyclic,13,cyclic,3,block,8,none,0,none,0,none,0,cyclic,64,block,3,cyclic,3,complete,0,none,0,cyclic,2,cyclic,32,block,4,block,64,87807.0,0.5166666666666667,0.3075503202195791,0.660512351326624,0.08256880733944955,True,False
59,none,0,none,0,none,0,none,0,cyclic,32,cyclic,3,cyclic,13,cyclic,3,block,8,none,0,none,0,none,0,cyclic,4,block,3,cyclic,3,complete,0,none,0,cyclic,2,cyclic,16,block,4,block,64,87647.0,0.5166666666666667,0.27413540713632206,0.6103705397987191,0.08256880733944955,True,False
60,none,0,none,0,none,0,complete,0,cyclic,32,cyclic,3,cyclic,13,cyclic,3,block,8,none,0,none,0,none,0,cyclic,4,block,3,cyclic,3,complete,0,none,0,cyclic,2,cyclic,16,block,4,block,64,87780.0,0.5166666666666667,0.3160155535224154,0.8059835315645014,0.08256880733944955,True,False
61,none,0,none,0,cyclic,12,none,0,cyclic,32,cyclic,3,cyclic,13,cyclic,3,block,8,none,0,none,0,none,0,cyclic,4,block,3,cyclic,3,complete,0,none,0,cyclic,2,cyclic,16,block,4,block,64,88155.0,0.8144444444444444,0.2845379688929552,0.6836642268984446,0.08256880733944955,True,False
62,none,0,none,0,complete,0,none,0,cyclic,32,cyclic,3,cyclic,13,cyclic,3,block,8,none,0,none,0,complete,0,cyclic,64,block,3,cyclic,3,complete,0,none,0,cyclic,2,cyclic,64,block,4,block,64,88531.0,0.6988888888888889,0.6777195791399817,1.686765782250686,0.06788990825688074,False,False
63,none,0,none,0,none,0,none,0,cyclic,32,cyclic,3,cyclic,13,cyclic,3,block,8,none,0,none,0,none,0,cyclic,64,block,3,complete,0,complete,0,none,0,cyclic,2,cyclic,16,block,4,block,64,87541.0,0.5166666666666667,0.30293687099725525,0.6549176578225069,0.08256880733944955,True,False
64,none,0,none,0,none,0,none,0,cyclic,32,cyclic,3,cyclic,13,cyclic,3,block,8,none,0,none,0,none,0,cyclic,64,block,3,cyclic,3,complete,0,none,0,cyclic,2,complete,0,block,4,block,64,87539.0,0.5166666666666667,0.40498170173833486,1.0145699908508692,0.08256880733944955,False,False
65,none,0,none,0,none,0,none,0,cyclic,32,cyclic,3,cyclic,13,cyclic,3,block,8,none,0,none,0,none,0,cyclic,64,block,3,complete,0,complete,0,none,0,cyclic,2,cyclic,64,block,4,block,64,87539.0,0.5166666666666667,0.5279231473010064,0.7401967063129002,0.08256880733944955,True,False
66,block,2,none,0,none,0,none,0,cyclic,32,none,0,cyclic,13,cyclic,3,block,8,none,0,none,0,none,0,cyclic,4,block,3,cyclic,3,complete,0,none,0,cyclic,2,cyclic,8,block,4,block,64,155000.0,0.5166666666666667,0.297852241537054,0.6590667886550777,0.11559633027522936,True,False
67,none,0,none,0,none,0,none,0,cyclic,32,cyclic,3,cyclic,13,cyclic,3,block,8,none,0,none,0,none,0,cyclic,4,block,3,cyclic,3,complete,0,none,0,cyclic,2,cyclic,16,block,4,block,64,87647.0,0.5166666666666667,0.27413540713632206,0.6103705397987191,0.08256880733944955,True,False
68,none,0,none,0,complete,0,none,0,cyclic,32,cyclic,3,cyclic,13,cyclic,3,block,8,none,0,none,0,none,0,cyclic,64,block,3,cyclic,3,complete,0,none,0,cyclic,2,cyclic,64,block,4,block,64,87577.0,0.6988888888888889,0.6498787740164684,1.6682936870997256,0.06788990825688074,False,False
69,none,0,none,0,complete,0,none,0,cyclic,32,cyclic,3,cyclic,13,cyclic,3,block,8,none,0,none,0,none,0,cyclic,64,block,3,cyclic,3,complete,0,none,0,cyclic,2,cyclic,16,block,4,block,64,86247.0,0.6988888888888889,0.42508234217749313,1.5833577310155535,0.06788990825688074,False,False
70,cyclic,208,none,0,cyclic,96,none,0,cyclic,32,cyclic,3,cyclic,13,cyclic,3,block,8,none,0,none,0,none,0,cyclic,4,block,3,cyclic,3,complete,0,none,0,cyclic,2,block,16,block,4,block,64,inf,1,1,1,1,False,True
71,none,0,none,0,none,0,none,0,cyclic,32,cyclic,3,cyclic,13,cyclic,3,block,8,none,0,none,0,none,0,cyclic,4,block,3,complete,0,complete,0,none,0,cyclic,2,cyclic,16,block,4,block,64,87647.0,0.5166666666666667,0.27413540713632206,0.6103705397987191,0.08256880733944955,True,False
72,none,0,cyclic,16,block,32,complete,0,cyclic,64,cyclic,3,none,0,block,163,none,0,block,16,block,3,none,0,none,0,block,3,complete,0,none,0,none,0,none,0,block,3,cyclic,2,block,16,inf,1,1,1,1,False,True
73,cyclic,8,none,0,none,0,none,0,cyclic,32,cyclic,3,cyclic,13,cyclic,3,block,8,none,0,none,0,none,0,cyclic,64,block,3,cyclic,3,complete,0,none,0,cyclic,2,cyclic,16,block,4,block,64,86938.0,0.5166666666666667,0.3637305580969808,0.788252516010979,0.08256880733944955,True,False
74,none,0,none,0,none,0,none,0,cyclic,32,complete,0,cyclic,13,cyclic,3,block,8,none,0,none,0,none,0,cyclic,4,block,3,complete,0,complete,0,none,0,cyclic,2,complete,0,block,4,block,64,87645.0,0.5166666666666667,0.3761802378774016,0.9700228728270814,0.08256880733944955,True,False
75,cyclic,4,block,2,none,0,none,0,none,0,block,3,block,13,block,3,cyclic,32,block,8,complete,0,complete,0,complete,0,cyclic,3,complete,0,cyclic,3,block,8,cyclic,256,none,0,none,0,block,8,130000.0,0.5888888888888889,0.48329826166514184,0.7172003659652333,0.5394495412844037,True,False
76,cyclic,208,none,0,block,12,complete,0,none,0,cyclic,3,block,13,block,163,cyclic,4,complete,0,complete,0,cyclic,2,cyclic,8,block,3,none,0,none,0,cyclic,52,none,0,block,12,none,0,complete,0,inf,1,1,1,1,False,True
77,cyclic,8,none,0,cyclic,96,none,0,cyclic,32,cyclic,3,cyclic,13,cyclic,3,block,8,none,0,none,0,none,0,cyclic,64,block,3,cyclic,3,complete,0,none,0,cyclic,2,cyclic,16,block,4,block,64,85790.0,0.8877777777777778,0.5663563586459286,1.0952790484903934,0.06788990825688074,False,False
78,none,0,none,0,complete,0,complete,0,block,64,block,3,cyclic,13,cyclic,3,block,4,complete,0,none,0,block,64,none,0,complete,0,complete,0,cyclic,3,none,0,block,4096,complete,0,none,0,cyclic,16,inf,1,1,1,1,False,True
79,block,4,none,0,block,4,block,4,none,0,block,3,cyclic,163,cyclic,163,complete,0,none,0,complete,0,none,0,block,8,cyclic,3,complete,0,none,0,none,0,cyclic,8,block,64,block,16,none,0,inf,1,1,1,1,False,True
80,cyclic,13,none,0,none,0,none,0,cyclic,32,cyclic,3,cyclic,13,cyclic,3,block,8,none,0,none,0,none,0,cyclic,64,block,3,cyclic,3,complete,0,none,0,cyclic,2,cyclic,48,block,4,block,64,148000.0,0.72,0.55798032936871,1.1745974382433668,0.12844036697247707,False,False
81,none,0,none,0,none,0,none,0,cyclic,32,cyclic,3,cyclic,13,cyclic,3,block,8,none,0,none,0,none,0,cyclic,4,block,3,complete,0,complete,0,none,0,cyclic,2,cyclic,3,block,4,block,64,87685.0,0.64,0.26766925892040255,0.6045379688929552,0.08807339449541285,True,False
82,none,0,none,0,complete,0,none,0,cyclic,32,cyclic,3,cyclic,13,cyclic,3,block,8,cyclic,64,none,0,none,0,cyclic,64,block,3,cyclic,3,complete,0,none,0,cyclic,2,cyclic,16,block,4,block,64,90714.0,0.7266666666666667,0.6341697163769442,4.059771271729185,0.06422018348623854,False,False
83,none,0,none,0,none,0,none,0,cyclic,32,cyclic,3,cyclic,13,cyclic,3,block,8,none,0,none,0,complete,0,cyclic,8,block,3,cyclic,3,complete,0,none,0,cyclic,2,cyclic,16,block,4,block,64,88600.0,0.5166666666666667,0.30386322049405307,0.6288060384263495,0.06788990825688074,True,False
84,cyclic,4,block,256,block,64,cyclic,8,cyclic,16,cyclic,3,none,0,cyclic,3,cyclic,64,complete,0,none,0,cyclic,4,block,16,complete,0,none,0,none,0,block,64,none,0,complete,0,none,0,block,8,inf,1,1,1,1,False,True
85,none,0,none,0,none,0,none,0,cyclic,32,cyclic,3,cyclic,13,cyclic,3,block,8,none,0,none,0,none,0,block,64,block,3,complete,0,complete,0,none,0,cyclic,2,cyclic,16,block,4,block,64,87541.0,0.5166666666666667,0.30293687099725525,0.6549176578225069,0.08256880733944955,True,False
86,cyclic,8,none,0,complete,0,none,0,cyclic,32,cyclic,3,cyclic,13,cyclic,3,block,8,none,0,none,0,none,0,cyclic,64,block,3,cyclic,3,complete,0,none,0,cyclic,2,block,16,block,4,block,8,86211.0,0.6433333333333333,0.44405992680695333,1.511248856358646,0.1706422018348624,False,False
87,none,0,none,0,cyclic,48,none,0,cyclic,32,none,0,cyclic,13,cyclic,3,block,8,none,0,none,0,none,0,cyclic,4,block,3,cyclic,3,complete,0,none,0,cyclic,2,cyclic,16,block,4,block,64,87592.0,0.8877777777777778,0.4286367795059469,0.92596065873742,0.08256880733944955,True,False
88,none,0,none,0,none,0,none,0,cyclic,32,cyclic,3,cyclic,13,cyclic,3,block,8,none,0,none,0,none,0,cyclic,64,block,3,cyclic,3,complete,0,none,0,cyclic,32,cyclic,16,block,4,block,64,88040.0,0.7966666666666666,0.3358417200365965,0.7556953339432754,0.12660550458715597,True,False
89,cyclic,13,none,0,none,0,none,0,cyclic,32,cyclic,3,cyclic,13,cyclic,3,block,8,none,0,none,0,none,0,cyclic,4,block,3,complete,0,none,0,none,0,cyclic,2,block,16,block,4,block,64,148000.0,0.6711111111111111,0.30996111619396155,0.6362717291857274,0.14311926605504588,True,False
90,none,0,none,0,none,0,none,0,cyclic,32,cyclic,3,cyclic,13,cyclic,3,block,8,none,0,none,0,complete,0,cyclic,4,block,3,cyclic,3,complete,0,none,0,cyclic,2,cyclic,16,block,4,block,64,88600.0,0.5166666666666667,0.30197621225983534,0.6288426349496797,0.08256880733944955,True,False
91,none,0,none,0,complete,0,none,0,cyclic,32,cyclic,3,cyclic,13,cyclic,3,block,8,none,0,none,0,none,0,cyclic,4,block,3,cyclic,3,complete,0,none,0,cyclic,2,none,0,block,4,block,64,86455.0,0.65,0.38522644098810616,1.53064043915828,0.08623853211009175,False,False
92,none,0,none,0,none,0,none,0,cyclic,32,cyclic,3,cyclic,13,cyclic,3,block,8,none,0,none,0,none,0,block,64,block,3,cyclic,3,complete,0,none,0,cyclic,2,cyclic,16,block,4,block,64,87541.0,0.5166666666666667,0.30293687099725525,0.6549176578225069,0.08256880733944955,True,False
93,none,0,none,0,none,0,none,0,cyclic,32,cyclic,3,cyclic,13,cyclic,3,block,8,none,0,none,0,none,0,block,64,block,3,cyclic,3,complete,0,none,0,cyclic,2,cyclic,32,block,4,block,64,87541.0,0.5166666666666667,0.3074794144556267,0.6564226898444647,0.08256880733944955,True,False
94,cyclic,104,block,8,block,192,complete,0,cyclic,4,complete,0,block,163,block,163,complete,0,none,0,cyclic,3,none,0,complete,0,block,3,cyclic,3,complete,0,none,0,block,128,complete,0,none,0,cyclic,4,inf,1,1,1,1,False,True
95,cyclic,8,none,0,none,0,none,0,cyclic,32,cyclic,3,cyclic,13,cyclic,3,block,8,none,0,none,0,none,0,cyclic,64,block,3,cyclic,3,complete,0,none,0,cyclic,2,cyclic,16,block,4,complete,0,86938.0,0.5166666666666667,0.3637305580969808,0.788252516010979,0.08256880733944955,True,False
96,none,0,none,0,none,0,none,0,cyclic,32,complete,0,cyclic,13,cyclic,3,block,8,none,0,none,0,none,0,cyclic,4,block,3,cyclic,3,complete,0,none,0,cyclic,2,cyclic,16,block,4,block,64,87647.0,0.5166666666666667,0.27413540713632206,0.6103705397987191,0.08256880733944955,True,False
97,none,0,none,0,none,0,none,0,cyclic,32,cyclic,3,cyclic,13,cyclic,3,block,8,none,0,none,0,none,0,cyclic,4,block,3,complete,0,complete,0,none,0,cyclic,2,cyclic,16,block,4,block,64,87647.0,0.5166666666666667,0.27413540713632206,0.6103705397987191,0.08256880733944955,True,False
98,none,0,none,0,none,0,none,0,cyclic,32,cyclic,3,cyclic,13,cyclic,3,block,8,none,0,none,0,none,0,cyclic,4,block,3,complete,0,none,0,none,0,cyclic,2,cyclic,6,block,4,block,64,87649.0,0.6766666666666666,0.2702355901189387,0.6127310155535224,0.09357798165137615,True,False
99,cyclic,2,none,0,none,0,none,0,cyclic,32,none,0,cyclic,13,cyclic,3,block,8,none,0,none,0,none,0,cyclic,64,block,3,cyclic,3,complete,0,none,0,cyclic,2,cyclic,16,block,4,block,64,87101.0,0.5166666666666667,0.30237877401646845,0.6519670631290028,0.08256880733944955,True,False
100,none,0,none,0,none,0,none,0,cyclic,32,cyclic,3,cyclic,13,cyclic,3,block,8,none,0,none,0,none,0,cyclic,4,block,3,none,0,complete,0,none,0,cyclic,2,complete,0,block,4,block,64,87645.0,0.5166666666666667,0.3761802378774016,0.9700228728270814,0.08256880733944955,True,False
101,cyclic,2,none,0,none,0,none,0,cyclic,32,cyclic,3,cyclic,13,cyclic,3,block,8,none,0,none,0,none,0,cyclic,64,block,3,cyclic,3,complete,0,none,0,cyclic,2,cyclic,16,block,4,complete,0,87197.0,0.5166666666666667,0.3037488563586459,0.6546889295516926,0.08256880733944955,True,False
102,none,0,none,0,complete,0,none,0,cyclic,32,cyclic,3,cyclic,13,cyclic,3,block,8,none,0,none,0,none,0,cyclic,4,complete,0,complete,0,complete,0,none,0,cyclic,2,cyclic,16,block,4,block,64,86351.0,0.6988888888888889,0.3956907593778591,1.5471271729185727,0.08256880733944955,False,False
103,cyclic,52,cyclic,4,complete,0,none,0,none,0,none,0,block,13,block,163,none,0,block,16,none,0,complete,0,none,0,complete,0,cyclic,3,complete,0,block,8,none,0,block,24,none,0,block,16,inf,1,1,1,1,False,True
104,none,0,none,0,none,0,none,0,cyclic,32,cyclic,3,cyclic,13,cyclic,3,block,8,complete,0,none,0,complete,0,cyclic,8,block,3,cyclic,3,none,0,none,0,cyclic,2,cyclic,24,block,32,block,64,inf,1,1,1,1,False,True
105,none,0,none,0,cyclic,3,none,0,cyclic,32,cyclic,3,cyclic,13,cyclic,3,block,8,none,0,none,0,complete,0,cyclic,8,block,3,cyclic,3,complete,0,none,0,cyclic,2,cyclic,16,block,4,block,64,91833.0,0.6855555555555556,0.29956770356816104,0.6328499542543459,0.06788990825688074,True,False
106,block,32,none,0,cyclic,2,cyclic,8,block,4,cyclic,3,none,0,none,0,block,4,complete,0,block,3,cyclic,8,complete,0,complete,0,block,3,complete,0,block,4,block,4096,block,6,none,0,complete,0,inf,1,1,1,1,False,True
107,cyclic,208,none,0,block,192,none,0,cyclic,32,none,0,cyclic,13,cyclic,3,block,8,complete,0,none,0,none,0,cyclic,2,block,3,cyclic,3,complete,0,none,0,cyclic,2,cyclic,16,block,4,block,64,inf,1,1,1,1,False,True
108,none,0,none,0,block,48,none,0,cyclic,32,complete,0,cyclic,13,cyclic,3,block,8,none,0,none,0,none,0,cyclic,4,block,3,cyclic,3,complete,0,none,0,cyclic,2,cyclic,16,block,4,block,64,inf,1,1,1,1,False,True
109,none,0,none,0,none,0,none,0,cyclic,32,complete,0,block,13,cyclic,3,block,8,cyclic,32,none,0,none,0,cyclic,4,block,3,cyclic,3,block,3,none,0,cyclic,2,block,16,block,4,block,64,87629.0,0.6311111111111111,0.39615736505032023,0.7229551692589204,0.13761467889908258,True,False
110,cyclic,8,cyclic,4096,complete,0,complete,0,complete,0,complete,0,cyclic,163,none,0,cyclic,32,none,0,cyclic,3,cyclic,8,complete,0,none,0,complete,0,none,0,block,208,block,16,block,2,block,8,complete,0,inf,1,1,1,1,False,True
111,block,2,none,0,cyclic,192,complete,0,block,32,block,3,block,13,none,0,block,64,none,0,cyclic,3,none,0,cyclic,4,none,0,none,0,none,0,none,0,cyclic,2,block,48,none,0,complete,0,inf,1,1,1,1,False,True
112,block,8,none,0,cyclic,6,none,0,cyclic,32,cyclic,3,cyclic,13,cyclic,3,block,8,none,0,none,0,none,0,cyclic,64,block,3,cyclic,3,complete,0,none,0,cyclic,2,cyclic,16,block,4,complete,0,151000.0,0.8,0.3379368709972553,0.7194922232387924,0.06788990825688074,True,False
113,cyclic,8,none,0,block,8,none,0,cyclic,32,cyclic,3,cyclic,13,cyclic,3,block,8,none,0,none,0,none,0,cyclic,64,block,3,cyclic,3,complete,0,none,0,cyclic,64,cyclic,16,block,4,complete,0,88997.0,0.9,0.4574428179322964,0.9552516010978958,0.1853211009174312,True,False
114,cyclic,208,none,0,complete,0,none,0,cyclic,32,none,0,cyclic,13,cyclic,3,block,8,none,0,none,0,none,0,cyclic,64,block,3,cyclic,3,complete,0,none,0,cyclic,2,cyclic,16,block,4,block,64,inf,1,1,1,1,False,True
115,cyclic,8,none,0,complete,0,none,0,cyclic,32,cyclic,3,cyclic,13,cyclic,3,block,8,none,0,none,0,none,0,cyclic,64,block,3,cyclic,3,complete,0,none,0,cyclic,2,cyclic,16,block,4,complete,0,85653.0,0.6988888888888889,0.4873833485818847,1.7167017383348582,0.06788990825688074,False,False
116,none,0,none,0,complete,0,none,0,cyclic,32,cyclic,3,block,13,cyclic,3,block,8,none,0,none,0,complete,0,cyclic,8,block,3,cyclic,3,complete,0,none,0,cyclic,2,cyclic,16,block,4,block,64,87291.0,0.6988888888888889,0.4233623055809698,1.5654300091491309,0.06788990825688074,False,False
117,cyclic,2,none,0,none,0,none,0,cyclic,32,cyclic,3,cyclic,13,cyclic,3,block,8,none,0,none,0,complete,0,cyclic,8,block,3,cyclic,3,complete,0,none,0,cyclic,2,cyclic,16,block,4,block,64,88256.0,0.5166666666666667,0.3046752058554437,0.6285773101555352,0.06788990825688074,True,False
118,cyclic,104,block,32,none,0,cyclic,64,cyclic,16,complete,0,none,0,none,0,block,32,cyclic,4,block,3,cyclic,8,none,0,block,3,none,0,cyclic,3,cyclic,4,none,0,none,0,block,64,block,2,inf,1,1,1,1,False,True
119,none,0,none,0,none,0,none,0,cyclic,32,none,0,cyclic,13,cyclic,3,block,8,none,0,none,0,none,0,cyclic,64,block,3,cyclic,3,complete,0,none,0,cyclic,2,cyclic,16,block,4,block,64,87445.0,0.5166666666666667,0.3014867337602928,0.652195791399817,0.08256880733944955,True,False
120,none,0,none,0,cyclic,192,none,0,cyclic,32,cyclic,3,cyclic,13,cyclic,3,block,8,none,0,none,0,none,0,block,64,block,3,cyclic,3,complete,0,none,0,cyclic,2,cyclic,32,block,4,block,64,86247.0,0.6988888888888889,0.4296935041171089,1.5848764867337604,0.06788990825688074,False,False
121,none,0,none,0,none,0,none,0,cyclic,32,cyclic,3,cyclic,13,cyclic,3,block,8,none,0,none,0,none,0,cyclic,4,block,3,none,0,complete,0,none,0,cyclic,2,cyclic,16,block,4,block,64,87647.0,0.5166666666666667,0.27413540713632206,0.6103705397987191,0.08256880733944955,True,False
122,none,0,none,0,complete,0,none,0,cyclic,32,cyclic,3,cyclic,13,cyclic,3,block,8,none,0,none,0,none,0,cyclic,64,block,3,cyclic,3,complete,0,none,0,cyclic,16,cyclic,16,block,4,block,64,88078.0,1.0877777777777777,0.464471637694419,1.7309194876486733,0.08256880733944955,False,False
123,block,8,block,64,block,48,none,0,complete,0,cyclic,3,block,13,cyclic,3,complete,0,block,2,cyclic,3,cyclic,2,block,64,complete,0,none,0,complete,0,cyclic,208,cyclic,64,complete,0,none,0,block,2,inf,1,1,1,1,False,True
124,cyclic,2,none,0,none,0,none,0,cyclic,32,cyclic,3,cyclic,13,cyclic,3,block,8,none,0,none,0,none,0,cyclic,64,block,3,cyclic,3,complete,0,none,0,cyclic,2,cyclic,16,block,4,block,64,87197.0,0.5166666666666667,0.3037488563586459,0.6546889295516926,0.08256880733944955,True,False
125,none,0,none,0,complete,0,none,0,cyclic,32,cyclic,3,cyclic,13,cyclic,3,block,8,none,0,none,0,none,0,cyclic,4,block,3,cyclic,3,complete,0,none,0,cyclic,2,cyclic,16,block,4,block,64,86351.0,0.6988888888888889,0.3956907593778591,1.5471271729185727,0.08256880733944955,False,False
126,none,0,none,0,none,0,none,0,cyclic,32,complete,0,cyclic,13,cyclic,3,block,8,none,0,none,0,none,0,cyclic,64,block,3,cyclic,3,complete,0,none,0,cyclic,2,cyclic,16,block,4,block,64,87541.0,0.5166666666666667,0.30293687099725525,0.6549176578225069,0.08256880733944955,True,False
127,none,0,none,0,none,0,none,0,cyclic,32,none,0,cyclic,13,cyclic,163,block,8,none,0,none,0,none,0,cyclic,64,block,3,cyclic,3,cyclic,3,none,0,cyclic,16,cyclic,16,block,4,block,64,85324.0,0.89,0.3395288197621226,0.7919899359560841,0.09724770642201835,True,False
128,block,4,none,0,none,0,none,0,cyclic,32,none,0,cyclic,13,cyclic,3,block,8,none,0,none,0,none,0,cyclic,64,block,3,cyclic,3,complete,0,none,0,cyclic,2,cyclic,16,block,4,block,64,152000.0,0.5611111111111111,0.3359835315645014,0.6916285452881976,0.08440366972477065,True,False
129,none,0,none,0,none,0,none,0,cyclic,32,cyclic,3,cyclic,13,cyclic,3,block,8,none,0,none,0,complete,0,cyclic,16,block,3,cyclic,3,complete,0,none,0,cyclic,2,none,0,block,4,block,64,88584.0,0.4677777777777778,0.3200388838060384,0.6489158279963404,0.08623853211009175,True,False
130,cyclic,2,none,0,none,0,none,0,cyclic,32,cyclic,3,cyclic,13,cyclic,3,block,8,none,0,none,0,none,0,cyclic,8,block,3,cyclic,3,complete,0,none,0,cyclic,2,cyclic,16,block,4,block,64,87303.0,0.5166666666666667,0.27683440073193044,0.6101052150045746,0.06788990825688074,True,False
131,none,0,none,0,none,0,none,0,cyclic,32,cyclic,3,cyclic,13,cyclic,3,block,8,none,0,none,0,none,0,cyclic,16,block,3,cyclic,3,complete,0,none,0,cyclic,2,cyclic,32,block,4,block,64,87541.0,0.5166666666666667,0.3064615736505032,0.6444784995425434,0.08256880733944955,True,False
132,none,0,none,0,none,0,none,0,cyclic,32,cyclic,3,cyclic,13,cyclic,3,block,8,none,0,none,0,none,0,cyclic,16,block,3,cyclic,3,complete,0,none,0,cyclic,2,none,0,block,4,block,64,87630.0,0.4677777777777778,0.2921980786825252,0.6304437328453797,0.08623853211009175,True,False
133,cyclic,8,none,0,none,0,none,0,cyclic,32,cyclic,3,cyclic,13,cyclic,3,block,8,none,0,none,0,none,0,cyclic,64,block,3,cyclic,3,complete,0,none,0,cyclic,2,cyclic,16,block,4,block,64,86938.0,0.5166666666666667,0.3637305580969808,0.788252516010979,0.08256880733944955,True,False
134,cyclic,2,none,0,none,0,none,0,cyclic,32,cyclic,3,cyclic,13,cyclic,3,block,8,none,0,none,0,none,0,cyclic,8,block,3,complete,0,complete,0,none,0,cyclic,2,cyclic,16,block,4,block,64,87303.0,0.5166666666666667,0.27683440073193044,0.6101052150045746,0.06788990825688074,True,False
135,block,2,none,0,none,0,none,0,cyclic,32,block,3,cyclic,13,cyclic,163,block,8,none,0,none,0,none,0,cyclic,64,block,3,cyclic,3,none,0,none,0,cyclic,32,cyclic,16,block,4,block,64,158000.0,0.7966666666666666,0.36734903934126256,0.80548032936871,0.13027522935779817,True,False
136,cyclic,2,none,0,none,0,none,0,cyclic,32,cyclic,3,cyclic,13,cyclic,3,block,8,none,0,none,0,none,0,cyclic,64,block,3,complete,0,complete,0,none,0,cyclic,2,cyclic,16,block,4,block,64,87197.0,0.5166666666666667,0.3037488563586459,0.6546889295516926,0.08256880733944955,True,False
137,cyclic,2,none,0,none,0,none,0,cyclic,32,cyclic,3,cyclic,13,cyclic,3,block,8,none,0,none,0,none,0,block,64,block,3,complete,0,complete,0,none,0,cyclic,2,cyclic,16,block,4,block,64,87197.0,0.5166666666666667,0.3037488563586459,0.6546889295516926,0.08256880733944955,True,False
138,cyclic,2,none,0,none,0,none,0,cyclic,32,none,0,cyclic,13,cyclic,3,block,8,none,0,none,0,none,0,cyclic,2,block,3,cyclic,3,complete,0,none,0,cyclic,2,cyclic,16,block,4,block,64,87202.0,0.5011111111111111,0.27144327538883806,0.5991491308325709,0.07522935779816514,True,False
139,cyclic,2,none,0,none,0,none,0,cyclic,32,none,0,cyclic,13,cyclic,3,block,8,none,0,none,0,none,0,cyclic,64,block,3,cyclic,3,complete,0,none,0,cyclic,2,cyclic,16,block,4,block,64,87101.0,0.5166666666666667,0.30237877401646845,0.6519670631290028,0.08256880733944955,True,False
140,none,0,none,0,none,0,none,0,cyclic,32,cyclic,3,cyclic,13,cyclic,3,block,8,none,0,none,0,none,0,cyclic,16,block,3,cyclic,3,complete,0,none,0,cyclic,2,none,0,block,4,block,64,87630.0,0.4677777777777778,0.2921980786825252,0.6304437328453797,0.08623853211009175,True,False
141,cyclic,2,none,0,none,0,none,0,cyclic,32,cyclic,3,cyclic,13,cyclic,3,block,8,none,0,none,0,none,0,cyclic,8,block,3,cyclic,3,complete,0,none,0,cyclic,2,none,0,block,4,block,64,87392.0,0.4677777777777778,0.26701052150045745,0.5975754803293687,0.07155963302752294,True,False
142,block,2,none,0,complete,0,none,0,cyclic,32,none,0,cyclic,13,cyclic,3,block,8,none,0,none,0,none,0,cyclic,2,block,3,cyclic,3,complete,0,none,0,cyclic,2,cyclic,64,block,4,block,64,155000.0,0.5722222222222222,0.6393504117108875,1.62967978042086,0.07889908256880734,False,False
143,cyclic,2,none,0,none,0,none,0,cyclic,32,none,0,cyclic,13,cyclic,3,block,8,none,0,none,0,none,0,block,64,block,3,complete,0,complete,0,none,0,cyclic,2,cyclic,16,block,4,block,64,87101.0,0.5166666666666667,0.30237877401646845,0.6519670631290028,0.08256880733944955,True,False
144,cyclic,8,none,0,none,0,none,0,cyclic,32,cyclic,3,cyclic,13,cyclic,3,block,8,none,0,none,0,none,0,cyclic,64,block,3,cyclic,3,cyclic,3,none,0,cyclic,2,cyclic,16,block,4,block,64,86938.0,0.5166666666666667,0.3637305580969808,0.788252516010979,0.08256880733944955,True,False
145,cyclic,8,none,0,none,0,none,0,cyclic,32,cyclic,3,cyclic,13,cyclic,3,none,0,none,0,none,0,none,0,cyclic,64,block,3,cyclic,3,complete,0,none,0,cyclic,2,block,16,block,4,block,64,87021.0,0.6088888888888889,0.36626486733760294,0.7694739249771272,0.11559633027522936,True,False
146,none,0,cyclic,32,none,0,cyclic,8,block,32,none,0,none,0,cyclic,3,none,0,none,0,block,3,cyclic,16,block,4,none,0,block,3,cyclic,3,cyclic,4,none,0,none,0,block,8,none,0,360000.0,0.4588888888888889,0.3811024702653248,0.5017657822506861,0.060550458715596334,True,False
147,cyclic,2,none,0,none,0,none,0,cyclic,32,cyclic,3,cyclic,13,cyclic,3,block,8,none,0,none,0,none,0,cyclic,8,block,3,cyclic,3,complete,0,none,0,cyclic,2,none,0,block,4,block,64,87392.0,0.4677777777777778,0.26701052150045745,0.5975754803293687,0.07155963302752294,True,False
148,cyclic,2,none,0,none,0,none,0,cyclic,32,cyclic,3,cyclic,13,cyclic,3,block,8,none,0,none,0,none,0,cyclic,4,block,3,complete,0,complete,0,none,0,cyclic,2,none,0,block,4,block,64,87392.0,0.4677777777777778,0.26512351326623973,0.597612076852699,0.08623853211009175,True,False
149,cyclic,64,none,0,cyclic,32,none,0,cyclic,32,complete,0,block,163,block,3,complete,0,cyclic,32,block,3,complete,0,cyclic,8,none,0,cyclic,3,cyclic,3,block,2,none,0,none,0,block,2,none,0,inf,1,1,1,1,False,True
150,cyclic,8,none,0,none,0,none,0,cyclic,32,none,0,cyclic,13,cyclic,3,block,8,none,0,none,0,none,0,cyclic,64,block,3,cyclic,3,complete,0,none,0,cyclic,2,cyclic,16,block,4,block,64,86842.0,0.5166666666666667,0.36230329368709974,0.7855306495882891,0.08256880733944955,True,False
151,none,0,none,0,none,0,none,0,cyclic,32,cyclic,3,cyclic,13,cyclic,3,block,8,none,0,none,0,none,0,cyclic,8,block,3,cyclic,3,complete,0,none,0,cyclic,2,none,0,block,4,block,64,87736.0,0.4677777777777778,0.26630146386093323,0.597804208600183,0.07155963302752294,True,False
152,cyclic,2,none,0,none,0,none,0,cyclic,32,cyclic,3,cyclic,13,cyclic,3,block,8,none,0,none,0,none,0,cyclic,8,block,3,complete,0,complete,0,none,0,cyclic,2,none,0,block,4,block,64,87392.0,0.4677777777777778,0.26701052150045745,0.5975754803293687,0.07155963302752294,True,False
153,block,4,cyclic,1024,none,0,block,8,cyclic,2,complete,0,none,0,none,0,block,8,cyclic,16,none,0,cyclic,4,complete,0,complete,0,cyclic,3,complete,0,cyclic,8,cyclic,1024,cyclic,8,cyclic,8,cyclic,2,inf,1,1,1,1,False,True
154,cyclic,832,none,0,block,48,block,32,cyclic,32,none,0,cyclic,13,cyclic,3,block,8,none,0,none,0,none,0,cyclic,64,block,3,none,0,complete,0,none,0,cyclic,2,none,0,block,4,block,64,inf,1,1,1,1,False,True
155,none,0,none,0,none,0,none,0,cyclic,32,cyclic,3,cyclic,13,cyclic,3,block,8,none,0,none,0,none,0,cyclic,4,block,3,none,0,complete,0,none,0,cyclic,2,none,0,block,4,block,64,87736.0,0.4677777777777778,0.26441445562671545,0.5978408051235132,0.08623853211009175,True,False
156,cyclic,832,none,0,cyclic,24,block,32,complete,0,cyclic,3,block,163,none,0,block,64,none,0,cyclic,3,cyclic,16,cyclic,2,cyclic,3,none,0,cyclic,3,none,0,none,0,block,6,block,4,cyclic,4,inf,1,1,1,1,False,True
157,cyclic,2,none,0,none,0,none,0,cyclic,32,cyclic,3,cyclic,13,cyclic,3,block,8,none,0,none,0,none,0,cyclic,8,block,3,cyclic,3,complete,0,none,0,cyclic,2,none,0,block,4,block,64,87392.0,0.4677777777777778,0.26701052150045745,0.5975754803293687,0.07155963302752294,True,False
158,none,0,cyclic,64,cyclic,192,none,0,cyclic,16,block,3,cyclic,13,cyclic,163,none,0,cyclic,8,none,0,cyclic,64,none,0,complete,0,complete,0,cyclic,3,block,26,none,0,complete,0,complete,0,none,0,inf,1,1,1,1,False,True
159,none,0,none,0,none,0,none,0,cyclic,32,none,0,cyclic,13,cyclic,3,block,8,none,0,none,0,none,0,cyclic,64,block,3,cyclic,3,cyclic,3,none,0,cyclic,2,cyclic,16,block,4,block,64,87445.0,0.5166666666666667,0.3014867337602928,0.652195791399817,0.08256880733944955,True,False
160,cyclic,4,block,2,complete,0,cyclic,4,block,8,block,3,none,0,cyclic,3,cyclic,32,block,4,complete,0,complete,0,none,0,cyclic,3,none,0,cyclic,3,cyclic,64,none,0,complete,0,none,0,none,0,135000.0,0.5755555555555556,0.6162122598353157,2.126235132662397,0.04220183486238532,False,False
161,none,0,none,0,none,0,none,0,cyclic,32,cyclic,3,cyclic,13,cyclic,3,block,8,none,0,none,0,none,0,cyclic,64,block,3,complete,0,complete,0,none,0,cyclic,8,cyclic,16,block,4,block,64,88464.0,0.6677777777777778,0.3172415370539799,0.7107548032936871,0.08256880733944955,True,False
162,none,0,none,0,none,0,none,0,cyclic,32,none,0,cyclic,13,cyclic,3,block,8,none,0,none,0,none,0,cyclic,64,block,3,cyclic,3,complete,0,none,0,cyclic,2,none,0,block,4,block,64,87534.0,0.4677777777777778,0.2917772186642269,0.6396660567246112,0.08623853211009175,True,False
163,cyclic,8,none,0,none,0,none,0,cyclic,32,none,0,cyclic,13,cyclic,3,block,8,none,0,none,0,none,0,cyclic,64,block,3,complete,0,complete,0,none,0,cyclic,4,cyclic,16,block,4,block,64,83854.0,0.5566666666666666,0.3662968892955169,0.7990622140896615,0.08990825688073395,True,False
164,cyclic,2,none,0,none,0,none,0,cyclic,32,cyclic,3,cyclic,13,cyclic,3,block,8,none,0,none,0,none,0,cyclic,2,block,3,cyclic,3,complete,0,none,0,cyclic,2,cyclic,16,block,4,block,64,87298.0,0.5011111111111111,0.27281335773101556,0.6018709972552607,0.07522935779816514,True,False
165,none,0,none,0,none,0,cyclic,8,cyclic,32,none,0,none,0,cyclic,3,block,8,none,0,none,0,cyclic,16,cyclic,16,block,3,block,3,complete,0,cyclic,4,cyclic,2,none,0,block,8,block,64,87387.0,0.5022222222222222,0.32231473010064043,0.6532113449222324,0.08256880733944955,True,False
166,block,13,none,0,block,32,none,0,cyclic,32,cyclic,3,cyclic,13,cyclic,3,block,8,none,0,none,0,none,0,cyclic,8,block,3,cyclic,3,complete,0,none,0,cyclic,2,complete,0,block,4,block,4,inf,1,1,1,1,False,True
167,block,32,cyclic,8,none,0,cyclic,2,block,32,none,0,none,0,cyclic,3,none,0,none,0,block,3,cyclic,16,block,4,none,0,block,3,cyclic,3,cyclic,4,none,0,none,0,block,8,none,0,157000.0,0.5066666666666667,0.425432296431839,0.6584400731930466,0.062385321100917435,True,False
168,cyclic,8,none,0,none,0,none,0,cyclic,32,none,0,cyclic,13,cyclic,3,block,8,none,0,none,0,none,0,cyclic,64,block,3,complete,0,complete,0,none,0,cyclic,2,cyclic,16,block,4,block,64,86842.0,0.5166666666666667,0.36230329368709974,0.7855306495882891,0.08256880733944955,True,False
169,cyclic,2,none,0,none,0,none,0,cyclic,32,none,0,cyclic,13,cyclic,3,block,8,complete,0,none,0,none,0,cyclic,2,block,3,cyclic,3,complete,0,none,0,cyclic,64,cyclic,16,block,4,block,64,93329.0,0.7433333333333333,0.4890850869167429,3.13615736505032,0.1743119266055046,False,False
170,cyclic,2,none,0,none,0,none,0,cyclic,32,none,0,cyclic,13,cyclic,3,block,8,none,0,none,0,none,0,cyclic,64,block,3,cyclic,3,complete,0,none,0,cyclic,2,none,0,block,4,block,64,87190.0,0.4677777777777778,0.29272644098810613,0.6394373284537969,0.08623853211009175,True,False
171,cyclic,8,none,0,none,0,none,0,cyclic,32,cyclic,3,cyclic,13,cyclic,3,block,8,none,0,none,0,none,0,cyclic,8,block,3,cyclic,3,complete,0,none,0,cyclic,2,none,0,block,4,block,64,87134.0,0.4677777777777778,0.3270722781335773,0.731139066788655,0.07155963302752294,True,False
172,cyclic,13,none,0,block,32,none,0,block,32,complete,0,none,0,block,3,block,32,block,2,none,0,complete,0,none,0,block,3,complete,0,cyclic,3,none,0,none,0,block,96,block,8,complete,0,inf,1,1,1,1,False,True
173,cyclic,8,none,0,none,0,none,0,cyclic,32,cyclic,3,cyclic,13,cyclic,3,block,8,none,0,none,0,none,0,cyclic,64,block,3,cyclic,3,complete,0,none,0,cyclic,2,none,0,block,4,block,64,87028.0,0.4677777777777778,0.35398673376029277,0.7757227813357731,0.08623853211009175,True,False
174,none,0,block,16,cyclic,192,cyclic,32,cyclic,32,none,0,none,0,block,163,none,0,complete,0,block,3,cyclic,4,complete,0,cyclic,3,none,0,block,3,cyclic,104,block,256,complete,0,none,0,cyclic,16,inf,1,1,1,1,False,True
175,cyclic,2,none,0,none,0,none,0,cyclic,32,none,0,cyclic,13,cyclic,3,block,8,none,0,none,0,none,0,cyclic,8,block,3,cyclic,3,complete,0,none,0,cyclic,2,none,0,block,4,block,64,87296.0,0.4677777777777778,0.26581198536139067,0.5948536139066789,0.07155963302752294,True,False
176,none,0,none,0,none,0,none,0,block,32,cyclic,3,none,0,cyclic,3,block,8,none,0,block,3,complete,0,cyclic,4,block,3,cyclic,3,cyclic,3,cyclic,4,cyclic,2,none,0,block,4,none,0,88335.0,0.4777777777777778,0.27630146386093324,0.40287282708142724,0.10091743119266056,True,False
177,none,0,none,0,none,0,none,0,cyclic,32,none,0,cyclic,13,cyclic,3,block,8,none,0,none,0,none,0,cyclic,8,block,3,cyclic,3,complete,0,none,0,cyclic,2,none,0,block,4,block,64,87640.0,0.4677777777777778,0.26486276303751144,0.5950823421774931,0.07155963302752294,True,False
178,cyclic,8,none,0,none,0,none,0,cyclic,32,none,0,cyclic,13,cyclic,3,block,8,none,0,none,0,none,0,cyclic,64,block,3,cyclic,3,complete,0,none,0,cyclic,2,none,0,block,4,block,64,86932.0,0.4677777777777778,0.35261665141811527,0.7730009149130832,0.08623853211009175,True,False
179,cyclic,16,none,0,block,2,complete,0,none,0,cyclic,3,none,0,none,0,complete,0,cyclic,64,none,0,complete,0,none,0,none,0,complete,0,cyclic,3,cyclic,13,none,0,none,0,block,8,cyclic,4,121000.0,0.5888888888888889,0.9882548032936871,5.595892040256175,0.062385321100917435,False,False
180,cyclic,8,none,0,none,0,none,0,cyclic,32,none,0,cyclic,13,cyclic,3,block,8,none,0,none,0,none,0,block,64,block,3,complete,0,complete,0,none,0,cyclic,2,none,0,block,4,block,64,86932.0,0.4677777777777778,0.35261665141811527,0.7730009149130832,0.08623853211009175,True,False
181,cyclic,2,none,0,none,0,none,0,cyclic,32,none,0,cyclic,13,cyclic,3,block,8,none,0,none,0,none,0,cyclic,64,block,3,complete,0,complete,0,none,0,cyclic,2,none,0,block,4,block,64,87190.0,0.4677777777777778,0.29272644098810613,0.6394373284537969,0.08623853211009175,True,False
182,cyclic,2,none,0,none,0,none,0,cyclic,32,complete,0,cyclic,13,cyclic,3,block,8,none,0,none,0,none,0,cyclic,8,block,3,cyclic,3,complete,0,none,0,cyclic,2,none,0,block,4,block,64,87392.0,0.4677777777777778,0.26701052150045745,0.5975754803293687,0.07155963302752294,True,False
183,none,0,none,0,none,0,none,0,cyclic,32,cyclic,3,none,0,cyclic,3,block,8,none,0,none,0,complete,0,cyclic,4,block,3,cyclic,3,complete,0,none,0,block,2,none,0,block,4,none,0,91086.0,0.4533333333333333,0.2606335773101555,0.5012991765782251,0.08990825688073395,True,False
184,none,0,block,8,cyclic,48,complete,0,complete,0,none,0,none,0,block,163,block,4,cyclic,2,complete,0,block,16,none,0,none,0,block,3,block,3,block,32,cyclic,32,cyclic,192,complete,0,complete,0,inf,1,1,1,1,False,True
185,cyclic,8,none,0,cyclic,8,none,0,cyclic,32,none,0,cyclic,13,cyclic,3,block,8,none,0,none,0,none,0,cyclic,64,block,3,complete,0,complete,0,none,0,cyclic,2,block,16,block,4,block,64,87887.0,0.7944444444444444,0.3721935041171089,0.845064043915828,0.12660550458715597,True,False
