<profile>

<section name = "Vivado HLS Report for 'kernel_correlation_sdse'" level="0">
<item name = "Date">Fri Jan 27 17:08:52 2023
</item>
<item name = "Version">2019.2 (Build 2704478 on Wed Nov 06 22:10:23 MST 2019)</item>
<item name = "Project">correlation_medium</item>
<item name = "Solution">scalehls_dse</item>
<item name = "Product family">zynq</item>
<item name = "Target device">xc7z045-ffg900-2</item>
</section>

<section name = "Performance Estimates" level="0">
<item name = "Timing">
<section name = "" level="1">
<item name = "Summary"><table name="" hasTotal="0">
<keys size="4">Clock, Target, Estimated, Uncertainty</keys>
<column name="ap_clk">10.00 ns, 15.784 ns, 1.25 ns</column>
</table>
</item>
</section>
</item>
<item name = "Latency">
<section name = "" level="1">
<item name = "Summary"><table name="" hasTotal="0">
<keys size="8">, min, max, min, max, min, max, Type</keys>
<column name="">56683636, 59666356, 0.895 sec, 0.942 sec, 56683636, 59666356, none</column>
</table>
</item>
<item name = "Detail">
<section name = "" level="1">
<item name = "Instance"><table name="" hasTotal="0">
<keys size="9">Instance, Module, min, max, min, max, min, max, Type</keys>
<column name="grp_aesl_mux_load_1040_1_fu_37566">aesl_mux_load_1040_1, 1, 1, 15.784 ns, 15.784 ns, 1, 1, function</column>
</table>
</item>
<item name = "Loop"><table name="" hasTotal="0">
<keys size="8">Loop Name, min, max, Latency, achieved, target, Count, Pipelined</keys>
<column name="- Loop 1">809, 809, 32, 2, 2, 390, yes</column>
<column name="- Loop 2">1221, 1221, 55, 3, 3, 390, yes</column>
<column name="- Loop 3">9610, 9610, 27, 16, 1, 600, yes</column>
<column name="- Loop 4">56671980, 59654700, 4722665 ~ 4971225, -, -, 12, no</column>
<column name=" + Loop 4.1">4722661, 4971221, 26, 4, 3, 1180660 ~ 1242800, yes</column>
</table>
</item>
</section>
</item>
</section>
</item>
</section>
</profile>
