<?xml version="1.0" encoding="UTF-8"?>
<vivadoHLSLog:LogRoot xmlns:vivadoHLSLog="www.xilinx.com/vivadoHLSLog">
  <errorLogs>
    <logs>
      <synLog/>
      <simLog/>
      <mgLog/>
      <packageLog/>
      <csimLog/>
    </logs>
  </errorLogs>
  <warningLogs>
    <logs>
      <synLog>
        <logs message="WARNING: [SYN 201-103] Legalizing function name 'matrix_vector_produc.1' to 'matrix_vector_produc_1'." projectName="backprop_base" solutionName="solution1" date="2022-05-21T18:18:09.023-0500" type="Warning"/>
        <logs message="WARNING: [SYN 201-103] Legalizing function name 'matrix_vector_produc.2' to 'matrix_vector_produc_2'." projectName="backprop_base" solutionName="solution1" date="2022-05-21T18:18:09.007-0500" type="Warning"/>
        <logs message="WARNING: [XFORM 203-631] Renaming function 'matrix_vector_product_with_bias_input_layer' to 'matrix_vector_produc.2' (backprop_base/basebase.c:28:29)" projectName="backprop_base" solutionName="solution1" date="2022-05-21T18:18:08.638-0500" type="Warning"/>
        <logs message="WARNING: [XFORM 203-631] Renaming function 'matrix_vector_product_with_bias_output_layer' to 'matrix_vector_produc.1' (backprop_base/basebase.c:28:29)" projectName="backprop_base" solutionName="solution1" date="2022-05-21T18:18:08.516-0500" type="Warning"/>
        <logs message="WARNING: [XFORM 203-631] Renaming function 'matrix_vector_product_with_bias_second_layer' to 'matrix_vector_produc' (backprop_base/basebase.c:28:28)" projectName="backprop_base" solutionName="solution1" date="2022-05-21T18:18:08.501-0500" type="Warning"/>
      </synLog>
      <simLog/>
      <mgLog/>
      <packageLog/>
      <csimLog/>
    </logs>
  </warningLogs>
</vivadoHLSLog:LogRoot>
