<?xml version="1.0" encoding="utf-8"?>
<Messages>
	<Message severity="INFO" prefix="[SCHED 204-61]" key="SCHED_PIPELINING_STATUS_631" tag="SCHEDULE" content="Option &apos;relax_ii_for_timing&apos; is enabled, will increase II to preserve clock frequency constraints."/>
	<Message severity="INFO" prefix="[HLS 200-10]" key="HLS_10_1312" tag="" content="Analyzing design file &apos;2.3mm_small/3mm_small_non-P_EA.cpp&apos; ..."/>
	<Message severity="INFO" prefix="[HLS 200-10]" key="HLS_10_1312" tag="" content="Analyzing design file &apos;2.3mm_small/3mm_small_non-P.cpp&apos; ..."/>
	<Message severity="INFO" prefix="[HLS 200-111]" key="HLS_111_965" tag="" content="Finished Linking Time (s): cpu = 00:00:02 ; elapsed = 00:00:10 . Memory (MB): peak = 185.945 ; gain = 93.672"/>
	<Message severity="INFO" prefix="[HLS 200-111]" key="HLS_111_965" tag="" content="Finished Checking Pragmas Time (s): cpu = 00:00:02 ; elapsed = 00:00:10 . Memory (MB): peak = 185.945 ; gain = 93.672"/>
	<Message severity="INFO" prefix="[HLS 200-10]" key="HLS_10_1467" tag="" content="Starting code transformations ..."/>
	<Message severity="INFO" prefix="[HLS 200-111]" key="HLS_111_965" tag="" content="Finished Standard Transforms Time (s): cpu = 00:00:02 ; elapsed = 00:00:11 . Memory (MB): peak = 185.945 ; gain = 93.672"/>
	<Message severity="INFO" prefix="[HLS 200-10]" key="HLS_10_1472" tag="" content="Checking synthesizability ..."/>
	<Message severity="INFO" prefix="[HLS 200-111]" key="HLS_111_965" tag="" content="Finished Checking Synthesizability Time (s): cpu = 00:00:02 ; elapsed = 00:00:11 . Memory (MB): peak = 185.945 ; gain = 93.672"/>
	<Message severity="INFO" prefix="[XFORM 203-101]" key="XFORM_PARTITION_STATUS_109" tag="" content="Partitioning array &apos;v0&apos; (2.3mm_small/3mm_small_non-P_EA.cpp:13) in dimension 1 with a cyclic factor 8."/>
	<Message severity="INFO" prefix="[XFORM 203-101]" key="XFORM_PARTITION_STATUS_109" tag="" content="Partitioning array &apos;v1&apos; (2.3mm_small/3mm_small_non-P_EA.cpp:14) in dimension 1 with a cyclic factor 3."/>
	<Message severity="INFO" prefix="[XFORM 203-101]" key="XFORM_PARTITION_STATUS_109" tag="" content="Partitioning array &apos;v2&apos; (2.3mm_small/3mm_small_non-P_EA.cpp:15) in dimension 1 with a cyclic factor 10."/>
	<Message severity="INFO" prefix="[XFORM 203-101]" key="XFORM_PARTITION_STATUS_109" tag="" content="Partitioning array &apos;v3&apos; (2.3mm_small/3mm_small_non-P_EA.cpp:16) in dimension 1 with a cyclic factor 2."/>
	<Message severity="INFO" prefix="[XFORM 203-101]" key="XFORM_PARTITION_STATUS_109" tag="" content="Partitioning array &apos;v4&apos; (2.3mm_small/3mm_small_non-P_EA.cpp:17) in dimension 1 with a cyclic factor 2."/>
	<Message severity="INFO" prefix="[XFORM 203-101]" key="XFORM_PARTITION_STATUS_109" tag="" content="Partitioning array &apos;v5&apos; (2.3mm_small/3mm_small_non-P_EA.cpp:18) in dimension 1 with a cyclic factor 10."/>
	<Message severity="INFO" prefix="[XFORM 203-101]" key="XFORM_PARTITION_STATUS_109" tag="" content="Partitioning array &apos;v6&apos; (2.3mm_small/3mm_small_non-P_EA.cpp:19) in dimension 1 with a cyclic factor 5."/>
	<Message severity="INFO" prefix="[XFORM 203-101]" key="XFORM_PARTITION_STATUS_109" tag="" content="Partitioning array &apos;v0&apos; (2.3mm_small/3mm_small_non-P_EA.cpp:13) in dimension 2 with a cyclic factor 3."/>
	<Message severity="INFO" prefix="[XFORM 203-101]" key="XFORM_PARTITION_STATUS_109" tag="" content="Partitioning array &apos;v1&apos; (2.3mm_small/3mm_small_non-P_EA.cpp:14) in dimension 2 with a cyclic factor 2."/>
	<Message severity="INFO" prefix="[XFORM 203-101]" key="XFORM_PARTITION_STATUS_109" tag="" content="Partitioning array &apos;v2&apos; (2.3mm_small/3mm_small_non-P_EA.cpp:15) in dimension 2 with a cyclic factor 2."/>
	<Message severity="INFO" prefix="[XFORM 203-101]" key="XFORM_PARTITION_STATUS_109" tag="" content="Partitioning array &apos;v3&apos; (2.3mm_small/3mm_small_non-P_EA.cpp:16) in dimension 2 with a cyclic factor 2."/>
	<Message severity="INFO" prefix="[XFORM 203-101]" key="XFORM_PARTITION_STATUS_109" tag="" content="Partitioning array &apos;v6&apos; (2.3mm_small/3mm_small_non-P_EA.cpp:19) in dimension 2 with a cyclic factor 5."/>
	<Message severity="INFO" prefix="[XFORM 203-401]" key="XFORM_IFCONV_STATUS_239" tag="" content="Performing if-conversion on hyperblock from (2.3mm_small/3mm_small_non-P_EA.cpp:593:49) to (2.3mm_small/3mm_small_non-P_EA.cpp:593:37) in function &apos;kernel_3mm_nonP_EA&apos;... converting 151 basic blocks."/>
	<Message severity="INFO" prefix="[HLS 200-111]" key="HLS_111_965" tag="" content="Finished Pre-synthesis Time (s): cpu = 00:00:03 ; elapsed = 00:00:12 . Memory (MB): peak = 185.945 ; gain = 93.672"/>
	<Message severity="INFO" prefix="[XFORM 203-541]" key="XFORM_LOOPFLAT_STATUS_218" tag="" content="Flattening a loop nest &apos;Loop-1.1&apos; (2.3mm_small/3mm_small_non-P_EA.cpp:60:20) in function &apos;kernel_3mm_nonP_EA&apos;."/>
	<Message severity="INFO" prefix="[XFORM 203-541]" key="XFORM_LOOPFLAT_STATUS_218" tag="" content="Flattening a loop nest &apos;Loop-1&apos; (2.3mm_small/3mm_small_non-P_EA.cpp:59:18) in function &apos;kernel_3mm_nonP_EA&apos;."/>
	<Message severity="INFO" prefix="[XFORM 203-541]" key="XFORM_LOOPFLAT_STATUS_218" tag="" content="Flattening a loop nest &apos;Loop-2.1&apos; (2.3mm_small/3mm_small_non-P_EA.cpp:321:22) in function &apos;kernel_3mm_nonP_EA&apos;."/>
	<Message severity="INFO" prefix="[XFORM 203-541]" key="XFORM_LOOPFLAT_STATUS_218" tag="" content="Flattening a loop nest &apos;Loop-2&apos; (2.3mm_small/3mm_small_non-P_EA.cpp:320:20) in function &apos;kernel_3mm_nonP_EA&apos;."/>
	<Message severity="INFO" prefix="[XFORM 203-541]" key="XFORM_LOOPFLAT_STATUS_218" tag="" content="Flattening a loop nest &apos;Loop-3.1&apos; (2.3mm_small/3mm_small_non-P_EA.cpp:592:22) in function &apos;kernel_3mm_nonP_EA&apos;."/>
	<Message severity="INFO" prefix="[XFORM 203-541]" key="XFORM_LOOPFLAT_STATUS_218" tag="" content="Flattening a loop nest &apos;Loop-3&apos; (2.3mm_small/3mm_small_non-P_EA.cpp:591:20) in function &apos;kernel_3mm_nonP_EA&apos;."/>
	<Message severity="INFO" prefix="[HLS 200-472]" key="HLS 200-472" tag="" content="Inferring partial write operation for &apos;v4[0]&apos; (2.3mm_small/3mm_small_non-P_EA.cpp:263:9)"/>
	<Message severity="INFO" prefix="[HLS 200-472]" key="HLS 200-472" tag="" content="Inferring partial write operation for &apos;v4[0]&apos; (2.3mm_small/3mm_small_non-P_EA.cpp:267:9)"/>
	<Message severity="INFO" prefix="[HLS 200-472]" key="HLS 200-472" tag="" content="Inferring partial write operation for &apos;v4[1]&apos; (2.3mm_small/3mm_small_non-P_EA.cpp:271:9)"/>
	<Message severity="INFO" prefix="[HLS 200-472]" key="HLS 200-472" tag="" content="Inferring partial write operation for &apos;v4[1]&apos; (2.3mm_small/3mm_small_non-P_EA.cpp:274:9)"/>
	<Message severity="INFO" prefix="[HLS 200-472]" key="HLS 200-472" tag="" content="Inferring partial write operation for &apos;v4[0]&apos; (2.3mm_small/3mm_small_non-P_EA.cpp:278:9)"/>
	<Message severity="INFO" prefix="[HLS 200-472]" key="HLS 200-472" tag="" content="Inferring partial write operation for &apos;v4[0]&apos; (2.3mm_small/3mm_small_non-P_EA.cpp:281:9)"/>
	<Message severity="INFO" prefix="[HLS 200-472]" key="HLS 200-472" tag="" content="Inferring partial write operation for &apos;v4[1]&apos; (2.3mm_small/3mm_small_non-P_EA.cpp:285:9)"/>
	<Message severity="INFO" prefix="[HLS 200-472]" key="HLS 200-472" tag="" content="Inferring partial write operation for &apos;v4[1]&apos; (2.3mm_small/3mm_small_non-P_EA.cpp:288:9)"/>
	<Message severity="INFO" prefix="[HLS 200-472]" key="HLS 200-472" tag="" content="Inferring partial write operation for &apos;v4[0]&apos; (2.3mm_small/3mm_small_non-P_EA.cpp:292:9)"/>
	<Message severity="INFO" prefix="[HLS 200-472]" key="HLS 200-472" tag="" content="Inferring partial write operation for &apos;v4[0]&apos; (2.3mm_small/3mm_small_non-P_EA.cpp:295:9)"/>
	<Message severity="INFO" prefix="[HLS 200-472]" key="HLS 200-472" tag="" content="Inferring partial write operation for &apos;v4[1]&apos; (2.3mm_small/3mm_small_non-P_EA.cpp:299:9)"/>
	<Message severity="INFO" prefix="[HLS 200-472]" key="HLS 200-472" tag="" content="Inferring partial write operation for &apos;v4[1]&apos; (2.3mm_small/3mm_small_non-P_EA.cpp:302:9)"/>
	<Message severity="INFO" prefix="[HLS 200-472]" key="HLS 200-472" tag="" content="Inferring partial write operation for &apos;v4[0]&apos; (2.3mm_small/3mm_small_non-P_EA.cpp:306:9)"/>
	<Message severity="INFO" prefix="[HLS 200-472]" key="HLS 200-472" tag="" content="Inferring partial write operation for &apos;v4[0]&apos; (2.3mm_small/3mm_small_non-P_EA.cpp:309:9)"/>
	<Message severity="INFO" prefix="[HLS 200-472]" key="HLS 200-472" tag="" content="Inferring partial write operation for &apos;v4[1]&apos; (2.3mm_small/3mm_small_non-P_EA.cpp:313:9)"/>
	<Message severity="INFO" prefix="[HLS 200-472]" key="HLS 200-472" tag="" content="Inferring partial write operation for &apos;v4[1]&apos; (2.3mm_small/3mm_small_non-P_EA.cpp:316:9)"/>
	<Message severity="INFO" prefix="[HLS 200-472]" key="HLS 200-472" tag="" content="Inferring partial write operation for &apos;v5[0]&apos; (2.3mm_small/3mm_small_non-P_EA.cpp:520:9)"/>
	<Message severity="INFO" prefix="[HLS 200-472]" key="HLS 200-472" tag="" content="Inferring partial write operation for &apos;v5[0]&apos; (2.3mm_small/3mm_small_non-P_EA.cpp:524:9)"/>
	<Message severity="INFO" prefix="[HLS 200-472]" key="HLS 200-472" tag="" content="Inferring partial write operation for &apos;v5[1]&apos; (2.3mm_small/3mm_small_non-P_EA.cpp:528:9)"/>
	<Message severity="INFO" prefix="[HLS 200-472]" key="HLS 200-472" tag="" content="Inferring partial write operation for &apos;v5[1]&apos; (2.3mm_small/3mm_small_non-P_EA.cpp:531:9)"/>
	<Message severity="INFO" prefix="[HLS 200-472]" key="HLS 200-472" tag="" content="Inferring partial write operation for &apos;v5[2]&apos; (2.3mm_small/3mm_small_non-P_EA.cpp:535:9)"/>
	<Message severity="INFO" prefix="[HLS 200-472]" key="HLS 200-472" tag="" content="Inferring partial write operation for &apos;v5[2]&apos; (2.3mm_small/3mm_small_non-P_EA.cpp:538:9)"/>
	<Message severity="INFO" prefix="[HLS 200-472]" key="HLS 200-472" tag="" content="Inferring partial write operation for &apos;v5[3]&apos; (2.3mm_small/3mm_small_non-P_EA.cpp:542:9)"/>
	<Message severity="INFO" prefix="[HLS 200-472]" key="HLS 200-472" tag="" content="Inferring partial write operation for &apos;v5[3]&apos; (2.3mm_small/3mm_small_non-P_EA.cpp:545:9)"/>
	<Message severity="INFO" prefix="[HLS 200-472]" key="HLS 200-472" tag="" content="Inferring partial write operation for &apos;v5[4]&apos; (2.3mm_small/3mm_small_non-P_EA.cpp:549:9)"/>
	<Message severity="INFO" prefix="[HLS 200-472]" key="HLS 200-472" tag="" content="Inferring partial write operation for &apos;v5[4]&apos; (2.3mm_small/3mm_small_non-P_EA.cpp:552:9)"/>
	<Message severity="INFO" prefix="[HLS 200-472]" key="HLS 200-472" tag="" content="Inferring partial write operation for &apos;v5[5]&apos; (2.3mm_small/3mm_small_non-P_EA.cpp:556:9)"/>
	<Message severity="INFO" prefix="[HLS 200-472]" key="HLS 200-472" tag="" content="Inferring partial write operation for &apos;v5[5]&apos; (2.3mm_small/3mm_small_non-P_EA.cpp:559:9)"/>
	<Message severity="INFO" prefix="[HLS 200-472]" key="HLS 200-472" tag="" content="Inferring partial write operation for &apos;v5[6]&apos; (2.3mm_small/3mm_small_non-P_EA.cpp:563:9)"/>
	<Message severity="INFO" prefix="[HLS 200-472]" key="HLS 200-472" tag="" content="Inferring partial write operation for &apos;v5[6]&apos; (2.3mm_small/3mm_small_non-P_EA.cpp:566:9)"/>
	<Message severity="INFO" prefix="[HLS 200-472]" key="HLS 200-472" tag="" content="Inferring partial write operation for &apos;v5[7]&apos; (2.3mm_small/3mm_small_non-P_EA.cpp:570:9)"/>
	<Message severity="INFO" prefix="[HLS 200-472]" key="HLS 200-472" tag="" content="Inferring partial write operation for &apos;v5[7]&apos; (2.3mm_small/3mm_small_non-P_EA.cpp:573:9)"/>
	<Message severity="INFO" prefix="[HLS 200-472]" key="HLS 200-472" tag="" content="Inferring partial write operation for &apos;v5[8]&apos; (2.3mm_small/3mm_small_non-P_EA.cpp:577:9)"/>
	<Message severity="INFO" prefix="[HLS 200-472]" key="HLS 200-472" tag="" content="Inferring partial write operation for &apos;v5[8]&apos; (2.3mm_small/3mm_small_non-P_EA.cpp:580:9)"/>
	<Message severity="INFO" prefix="[HLS 200-472]" key="HLS 200-472" tag="" content="Inferring partial write operation for &apos;v5[9]&apos; (2.3mm_small/3mm_small_non-P_EA.cpp:584:9)"/>
	<Message severity="INFO" prefix="[HLS 200-472]" key="HLS 200-472" tag="" content="Inferring partial write operation for &apos;v5[9]&apos; (2.3mm_small/3mm_small_non-P_EA.cpp:587:9)"/>
	<Message severity="INFO" prefix="[HLS 200-472]" key="HLS 200-472" tag="" content="Inferring partial write operation for &apos;v6[0][0]&apos; (2.3mm_small/3mm_small_non-P_EA.cpp:1014:9)"/>
	<Message severity="INFO" prefix="[HLS 200-472]" key="HLS 200-472" tag="" content="Inferring partial write operation for &apos;v6[0][1]&apos; (2.3mm_small/3mm_small_non-P_EA.cpp:1018:9)"/>
	<Message severity="INFO" prefix="[HLS 200-472]" key="HLS 200-472" tag="" content="Inferring partial write operation for &apos;v6[0][2]&apos; (2.3mm_small/3mm_small_non-P_EA.cpp:1022:9)"/>
	<Message severity="INFO" prefix="[HLS 200-472]" key="HLS 200-472" tag="" content="Inferring partial write operation for &apos;v6[0][3]&apos; (2.3mm_small/3mm_small_non-P_EA.cpp:1026:9)"/>
	<Message severity="INFO" prefix="[HLS 200-472]" key="HLS 200-472" tag="" content="Inferring partial write operation for &apos;v6[0][4]&apos; (2.3mm_small/3mm_small_non-P_EA.cpp:1030:9)"/>
	<Message severity="INFO" prefix="[HLS 200-472]" key="HLS 200-472" tag="" content="Inferring partial write operation for &apos;v6[1][0]&apos; (2.3mm_small/3mm_small_non-P_EA.cpp:1034:9)"/>
	<Message severity="INFO" prefix="[HLS 200-472]" key="HLS 200-472" tag="" content="Inferring partial write operation for &apos;v6[1][1]&apos; (2.3mm_small/3mm_small_non-P_EA.cpp:1037:9)"/>
	<Message severity="INFO" prefix="[HLS 200-472]" key="HLS 200-472" tag="" content="Inferring partial write operation for &apos;v6[1][2]&apos; (2.3mm_small/3mm_small_non-P_EA.cpp:1040:9)"/>
	<Message severity="INFO" prefix="[HLS 200-472]" key="HLS 200-472" tag="" content="Inferring partial write operation for &apos;v6[1][3]&apos; (2.3mm_small/3mm_small_non-P_EA.cpp:1043:9)"/>
	<Message severity="INFO" prefix="[HLS 200-472]" key="HLS 200-472" tag="" content="Inferring partial write operation for &apos;v6[1][4]&apos; (2.3mm_small/3mm_small_non-P_EA.cpp:1046:9)"/>
	<Message severity="INFO" prefix="[HLS 200-472]" key="HLS 200-472" tag="" content="Inferring partial write operation for &apos;v6[2][0]&apos; (2.3mm_small/3mm_small_non-P_EA.cpp:1050:9)"/>
	<Message severity="INFO" prefix="[HLS 200-472]" key="HLS 200-472" tag="" content="Inferring partial write operation for &apos;v6[2][1]&apos; (2.3mm_small/3mm_small_non-P_EA.cpp:1053:9)"/>
	<Message severity="INFO" prefix="[HLS 200-472]" key="HLS 200-472" tag="" content="Inferring partial write operation for &apos;v6[2][2]&apos; (2.3mm_small/3mm_small_non-P_EA.cpp:1056:9)"/>
	<Message severity="INFO" prefix="[HLS 200-472]" key="HLS 200-472" tag="" content="Inferring partial write operation for &apos;v6[2][3]&apos; (2.3mm_small/3mm_small_non-P_EA.cpp:1059:9)"/>
	<Message severity="INFO" prefix="[HLS 200-472]" key="HLS 200-472" tag="" content="Inferring partial write operation for &apos;v6[2][4]&apos; (2.3mm_small/3mm_small_non-P_EA.cpp:1062:9)"/>
	<Message severity="INFO" prefix="[HLS 200-472]" key="HLS 200-472" tag="" content="Inferring partial write operation for &apos;v6[3][0]&apos; (2.3mm_small/3mm_small_non-P_EA.cpp:1066:9)"/>
	<Message severity="INFO" prefix="[HLS 200-472]" key="HLS 200-472" tag="" content="Inferring partial write operation for &apos;v6[3][1]&apos; (2.3mm_small/3mm_small_non-P_EA.cpp:1069:9)"/>
	<Message severity="INFO" prefix="[HLS 200-472]" key="HLS 200-472" tag="" content="Inferring partial write operation for &apos;v6[3][2]&apos; (2.3mm_small/3mm_small_non-P_EA.cpp:1072:9)"/>
	<Message severity="INFO" prefix="[HLS 200-472]" key="HLS 200-472" tag="" content="Inferring partial write operation for &apos;v6[3][3]&apos; (2.3mm_small/3mm_small_non-P_EA.cpp:1075:9)"/>
	<Message severity="INFO" prefix="[HLS 200-472]" key="HLS 200-472" tag="" content="Inferring partial write operation for &apos;v6[3][4]&apos; (2.3mm_small/3mm_small_non-P_EA.cpp:1078:9)"/>
	<Message severity="INFO" prefix="[HLS 200-472]" key="HLS 200-472" tag="" content="Inferring partial write operation for &apos;v6[4][0]&apos; (2.3mm_small/3mm_small_non-P_EA.cpp:1082:9)"/>
	<Message severity="INFO" prefix="[HLS 200-472]" key="HLS 200-472" tag="" content="Inferring partial write operation for &apos;v6[4][1]&apos; (2.3mm_small/3mm_small_non-P_EA.cpp:1085:9)"/>
	<Message severity="INFO" prefix="[HLS 200-472]" key="HLS 200-472" tag="" content="Inferring partial write operation for &apos;v6[4][2]&apos; (2.3mm_small/3mm_small_non-P_EA.cpp:1088:9)"/>
	<Message severity="INFO" prefix="[HLS 200-472]" key="HLS 200-472" tag="" content="Inferring partial write operation for &apos;v6[4][3]&apos; (2.3mm_small/3mm_small_non-P_EA.cpp:1091:9)"/>
	<Message severity="INFO" prefix="[HLS 200-472]" key="HLS 200-472" tag="" content="Inferring partial write operation for &apos;v6[4][4]&apos; (2.3mm_small/3mm_small_non-P_EA.cpp:1094:9)"/>
	<Message severity="INFO" prefix="[HLS 200-111]" key="HLS_111_965" tag="" content="Finished Architecture Synthesis Time (s): cpu = 00:00:04 ; elapsed = 00:00:13 . Memory (MB): peak = 185.945 ; gain = 93.672"/>
	<Message severity="INFO" prefix="[HLS 200-10]" key="HLS_10_1317" tag="" content="Starting hardware synthesis ..."/>
	<Message severity="INFO" prefix="[HLS 200-10]" key="HLS_10_1385" tag="" content="Synthesizing &apos;kernel_3mm_nonP_EA&apos; ..."/>
	<Message severity="INFO" prefix="[HLS 200-10]" key="HLS_10_1477" tag="" content="----------------------------------------------------------------"/>
	<Message severity="INFO" prefix="[HLS 200-42]" key="HLS_42_1438" tag="" content="-- Implementing module &apos;kernel_3mm_nonP_EA&apos;"/>
	<Message severity="INFO" prefix="[HLS 200-10]" key="HLS_10_1478" tag="" content="----------------------------------------------------------------"/>
	<Message severity="INFO" prefix="[SCHED 204-11]" key="SCHED_SCHED_STATUS_597" tag="" content="Starting scheduling ..."/>
	<Message severity="INFO" prefix="[SCHED 204-61]" key="SCHED_PIPELINING_STATUS_41" tag="" content="Pipelining loop &apos;Loop 1&apos;."/>
	<Message severity="WARNING" prefix="[SCHED 204-69]" key="SCHED_RESOURCE_CONSTRAINT_NOT_MET_38" tag="SDX_KERNEL,SCHEDULE" content="Unable to schedule &apos;load&apos; operation (&apos;v19&apos;, 2.3mm_small/3mm_small_non-P_EA.cpp:76) on array &apos;v4_0&apos; due to limited memory ports. Please consider using a memory core with more ports or partitioning the array &apos;v4_0&apos;."/>
	<Message severity="INFO" prefix="[SCHED 204-61]" key="SCHED_PIPELINING_STATUS_44" tag="" content="Pipelining result : Target II = 1, Final II = 8, Depth = 28."/>
	<Message severity="INFO" prefix="[SCHED 204-61]" key="SCHED_PIPELINING_STATUS_41" tag="" content="Pipelining loop &apos;Loop 2&apos;."/>
	<Message severity="WARNING" prefix="[SCHED 204-69]" key="SCHED_RESOURCE_CONSTRAINT_NOT_MET_38" tag="SDX_KERNEL,SCHEDULE" content="Unable to schedule &apos;load&apos; operation (&apos;v180&apos;, 2.3mm_small/3mm_small_non-P_EA.cpp:337) on array &apos;v5_0&apos; due to limited memory ports. Please consider using a memory core with more ports or partitioning the array &apos;v5_0&apos;."/>
	<Message severity="INFO" prefix="[SCHED 204-61]" key="SCHED_PIPELINING_STATUS_44" tag="" content="Pipelining result : Target II = 1, Final II = 2, Depth = 17."/>
	<Message severity="INFO" prefix="[SCHED 204-61]" key="SCHED_PIPELINING_STATUS_41" tag="" content="Pipelining loop &apos;Loop 3&apos;."/>
	<Message severity="WARNING" prefix="[SCHED 204-69]" key="SCHED_RESOURCE_CONSTRAINT_NOT_MET_38" tag="SDX_KERNEL,SCHEDULE" content="Unable to schedule &apos;load&apos; operation (&apos;v5_0_load_3&apos;, 2.3mm_small/3mm_small_non-P_EA.cpp:626) on array &apos;v5_0&apos; due to limited memory ports. Please consider using a memory core with more ports or partitioning the array &apos;v5_0&apos;."/>
	<Message severity="WARNING" prefix="[SCHED 204-69]" key="SCHED_RESOURCE_CONSTRAINT_NOT_MET_38" tag="SDX_KERNEL,SCHEDULE" content="Unable to schedule &apos;load&apos; operation (&apos;v4_1_load_9&apos;, 2.3mm_small/3mm_small_non-P_EA.cpp:879) on array &apos;v4_1&apos; due to limited memory ports. Please consider using a memory core with more ports or partitioning the array &apos;v4_1&apos;."/>
	<Message severity="INFO" prefix="[SCHED 204-61]" key="SCHED_PIPELINING_STATUS_44" tag="" content="Pipelining result : Target II = 3, Final II = 15, Depth = 45."/>
	<Message severity="INFO" prefix="[SCHED 204-11]" key="SCHED_SCHED_STATUS_596" tag="" content="Finished scheduling."/>
	<Message severity="INFO" prefix="[HLS 200-111]" key="HLS_111_966" tag="" content=" Elapsed time: 17.277 seconds; current allocated memory: 122.414 MB."/>
	<Message severity="INFO" prefix="[BIND 205-100]" key="BIND_100_926" tag="" content="Starting micro-architecture generation ..."/>
	<Message severity="INFO" prefix="[BIND 205-101]" key="BIND_101_698" tag="" content="Performing variable lifetime analysis."/>
	<Message severity="INFO" prefix="[BIND 205-101]" key="BIND_101_697" tag="" content="Exploring resource sharing."/>
	<Message severity="INFO" prefix="[BIND 205-101]" key="BIND_101_693" tag="" content="Binding ..."/>
	<Message severity="INFO" prefix="[BIND 205-100]" key="BIND_100_925" tag="" content="Finished micro-architecture generation."/>
	<Message severity="INFO" prefix="[HLS 200-111]" key="HLS_111_966" tag="" content=" Elapsed time: 1.366 seconds; current allocated memory: 129.732 MB."/>
	<Message severity="INFO" prefix="[HLS 200-10]" key="HLS_10_1483" tag="" content="----------------------------------------------------------------"/>
	<Message severity="INFO" prefix="[HLS 200-10]" key="HLS_10_1484" tag="" content="-- Generating RTL for module &apos;kernel_3mm_nonP_EA&apos;"/>
	<Message severity="INFO" prefix="[HLS 200-10]" key="HLS_10_1485" tag="" content="----------------------------------------------------------------"/>
	<Message severity="INFO" prefix="[RTGEN 206-500]" key="PREPROC_IO_COMP_CONFLICT_1950" tag="" content="Setting interface mode on port &apos;kernel_3mm_nonP_EA/v0_0_0&apos; to &apos;bram&apos;."/>
	<Message severity="INFO" prefix="[RTGEN 206-500]" key="PREPROC_IO_COMP_CONFLICT_1950" tag="" content="Setting interface mode on port &apos;kernel_3mm_nonP_EA/v0_0_1&apos; to &apos;bram&apos;."/>
	<Message severity="INFO" prefix="[RTGEN 206-500]" key="PREPROC_IO_COMP_CONFLICT_1950" tag="" content="Setting interface mode on port &apos;kernel_3mm_nonP_EA/v0_0_2&apos; to &apos;bram&apos;."/>
	<Message severity="INFO" prefix="[RTGEN 206-500]" key="PREPROC_IO_COMP_CONFLICT_1950" tag="" content="Setting interface mode on port &apos;kernel_3mm_nonP_EA/v0_1_0&apos; to &apos;bram&apos;."/>
	<Message severity="INFO" prefix="[RTGEN 206-500]" key="PREPROC_IO_COMP_CONFLICT_1950" tag="" content="Setting interface mode on port &apos;kernel_3mm_nonP_EA/v0_1_1&apos; to &apos;bram&apos;."/>
	<Message severity="INFO" prefix="[RTGEN 206-500]" key="PREPROC_IO_COMP_CONFLICT_1950" tag="" content="Setting interface mode on port &apos;kernel_3mm_nonP_EA/v0_1_2&apos; to &apos;bram&apos;."/>
	<Message severity="INFO" prefix="[RTGEN 206-500]" key="PREPROC_IO_COMP_CONFLICT_1950" tag="" content="Setting interface mode on port &apos;kernel_3mm_nonP_EA/v0_2_0&apos; to &apos;bram&apos;."/>
	<Message severity="INFO" prefix="[RTGEN 206-500]" key="PREPROC_IO_COMP_CONFLICT_1950" tag="" content="Setting interface mode on port &apos;kernel_3mm_nonP_EA/v0_2_1&apos; to &apos;bram&apos;."/>
	<Message severity="INFO" prefix="[RTGEN 206-500]" key="PREPROC_IO_COMP_CONFLICT_1950" tag="" content="Setting interface mode on port &apos;kernel_3mm_nonP_EA/v0_2_2&apos; to &apos;bram&apos;."/>
	<Message severity="INFO" prefix="[RTGEN 206-500]" key="PREPROC_IO_COMP_CONFLICT_1950" tag="" content="Setting interface mode on port &apos;kernel_3mm_nonP_EA/v0_3_0&apos; to &apos;bram&apos;."/>
	<Message severity="INFO" prefix="[RTGEN 206-500]" key="PREPROC_IO_COMP_CONFLICT_1950" tag="" content="Setting interface mode on port &apos;kernel_3mm_nonP_EA/v0_3_1&apos; to &apos;bram&apos;."/>
	<Message severity="INFO" prefix="[RTGEN 206-500]" key="PREPROC_IO_COMP_CONFLICT_1950" tag="" content="Setting interface mode on port &apos;kernel_3mm_nonP_EA/v0_3_2&apos; to &apos;bram&apos;."/>
	<Message severity="INFO" prefix="[RTGEN 206-500]" key="PREPROC_IO_COMP_CONFLICT_1950" tag="" content="Setting interface mode on port &apos;kernel_3mm_nonP_EA/v0_4_0&apos; to &apos;bram&apos;."/>
	<Message severity="INFO" prefix="[RTGEN 206-500]" key="PREPROC_IO_COMP_CONFLICT_1950" tag="" content="Setting interface mode on port &apos;kernel_3mm_nonP_EA/v0_4_1&apos; to &apos;bram&apos;."/>
	<Message severity="INFO" prefix="[RTGEN 206-500]" key="PREPROC_IO_COMP_CONFLICT_1950" tag="" content="Setting interface mode on port &apos;kernel_3mm_nonP_EA/v0_4_2&apos; to &apos;bram&apos;."/>
	<Message severity="INFO" prefix="[RTGEN 206-500]" key="PREPROC_IO_COMP_CONFLICT_1950" tag="" content="Setting interface mode on port &apos;kernel_3mm_nonP_EA/v0_5_0&apos; to &apos;bram&apos;."/>
	<Message severity="INFO" prefix="[RTGEN 206-500]" key="PREPROC_IO_COMP_CONFLICT_1950" tag="" content="Setting interface mode on port &apos;kernel_3mm_nonP_EA/v0_5_1&apos; to &apos;bram&apos;."/>
	<Message severity="INFO" prefix="[RTGEN 206-500]" key="PREPROC_IO_COMP_CONFLICT_1950" tag="" content="Setting interface mode on port &apos;kernel_3mm_nonP_EA/v0_5_2&apos; to &apos;bram&apos;."/>
	<Message severity="INFO" prefix="[RTGEN 206-500]" key="PREPROC_IO_COMP_CONFLICT_1950" tag="" content="Setting interface mode on port &apos;kernel_3mm_nonP_EA/v0_6_0&apos; to &apos;bram&apos;."/>
	<Message severity="INFO" prefix="[RTGEN 206-500]" key="PREPROC_IO_COMP_CONFLICT_1950" tag="" content="Setting interface mode on port &apos;kernel_3mm_nonP_EA/v0_6_1&apos; to &apos;bram&apos;."/>
	<Message severity="INFO" prefix="[RTGEN 206-500]" key="PREPROC_IO_COMP_CONFLICT_1950" tag="" content="Setting interface mode on port &apos;kernel_3mm_nonP_EA/v0_6_2&apos; to &apos;bram&apos;."/>
	<Message severity="INFO" prefix="[RTGEN 206-500]" key="PREPROC_IO_COMP_CONFLICT_1950" tag="" content="Setting interface mode on port &apos;kernel_3mm_nonP_EA/v0_7_0&apos; to &apos;bram&apos;."/>
	<Message severity="INFO" prefix="[RTGEN 206-500]" key="PREPROC_IO_COMP_CONFLICT_1950" tag="" content="Setting interface mode on port &apos;kernel_3mm_nonP_EA/v0_7_1&apos; to &apos;bram&apos;."/>
	<Message severity="INFO" prefix="[RTGEN 206-500]" key="PREPROC_IO_COMP_CONFLICT_1950" tag="" content="Setting interface mode on port &apos;kernel_3mm_nonP_EA/v0_7_2&apos; to &apos;bram&apos;."/>
	<Message severity="INFO" prefix="[RTGEN 206-500]" key="PREPROC_IO_COMP_CONFLICT_1950" tag="" content="Setting interface mode on port &apos;kernel_3mm_nonP_EA/v1_0_0&apos; to &apos;bram&apos;."/>
	<Message severity="INFO" prefix="[RTGEN 206-500]" key="PREPROC_IO_COMP_CONFLICT_1950" tag="" content="Setting interface mode on port &apos;kernel_3mm_nonP_EA/v1_0_1&apos; to &apos;bram&apos;."/>
	<Message severity="INFO" prefix="[RTGEN 206-500]" key="PREPROC_IO_COMP_CONFLICT_1950" tag="" content="Setting interface mode on port &apos;kernel_3mm_nonP_EA/v1_1_0&apos; to &apos;bram&apos;."/>
	<Message severity="INFO" prefix="[RTGEN 206-500]" key="PREPROC_IO_COMP_CONFLICT_1950" tag="" content="Setting interface mode on port &apos;kernel_3mm_nonP_EA/v1_1_1&apos; to &apos;bram&apos;."/>
	<Message severity="INFO" prefix="[RTGEN 206-500]" key="PREPROC_IO_COMP_CONFLICT_1950" tag="" content="Setting interface mode on port &apos;kernel_3mm_nonP_EA/v1_2_0&apos; to &apos;bram&apos;."/>
	<Message severity="INFO" prefix="[RTGEN 206-500]" key="PREPROC_IO_COMP_CONFLICT_1950" tag="" content="Setting interface mode on port &apos;kernel_3mm_nonP_EA/v1_2_1&apos; to &apos;bram&apos;."/>
	<Message severity="INFO" prefix="[RTGEN 206-500]" key="PREPROC_IO_COMP_CONFLICT_1950" tag="" content="Setting interface mode on port &apos;kernel_3mm_nonP_EA/v2_0_0&apos; to &apos;bram&apos;."/>
	<Message severity="INFO" prefix="[RTGEN 206-500]" key="PREPROC_IO_COMP_CONFLICT_1950" tag="" content="Setting interface mode on port &apos;kernel_3mm_nonP_EA/v2_0_1&apos; to &apos;bram&apos;."/>
	<Message severity="INFO" prefix="[RTGEN 206-500]" key="PREPROC_IO_COMP_CONFLICT_1950" tag="" content="Setting interface mode on port &apos;kernel_3mm_nonP_EA/v2_1_0&apos; to &apos;bram&apos;."/>
	<Message severity="INFO" prefix="[RTGEN 206-500]" key="PREPROC_IO_COMP_CONFLICT_1950" tag="" content="Setting interface mode on port &apos;kernel_3mm_nonP_EA/v2_1_1&apos; to &apos;bram&apos;."/>
	<Message severity="INFO" prefix="[RTGEN 206-500]" key="PREPROC_IO_COMP_CONFLICT_1950" tag="" content="Setting interface mode on port &apos;kernel_3mm_nonP_EA/v2_2_0&apos; to &apos;bram&apos;."/>
	<Message severity="INFO" prefix="[RTGEN 206-500]" key="PREPROC_IO_COMP_CONFLICT_1950" tag="" content="Setting interface mode on port &apos;kernel_3mm_nonP_EA/v2_2_1&apos; to &apos;bram&apos;."/>
	<Message severity="INFO" prefix="[RTGEN 206-500]" key="PREPROC_IO_COMP_CONFLICT_1950" tag="" content="Setting interface mode on port &apos;kernel_3mm_nonP_EA/v2_3_0&apos; to &apos;bram&apos;."/>
	<Message severity="INFO" prefix="[RTGEN 206-500]" key="PREPROC_IO_COMP_CONFLICT_1950" tag="" content="Setting interface mode on port &apos;kernel_3mm_nonP_EA/v2_3_1&apos; to &apos;bram&apos;."/>
	<Message severity="INFO" prefix="[RTGEN 206-500]" key="PREPROC_IO_COMP_CONFLICT_1950" tag="" content="Setting interface mode on port &apos;kernel_3mm_nonP_EA/v2_4_0&apos; to &apos;bram&apos;."/>
	<Message severity="INFO" prefix="[RTGEN 206-500]" key="PREPROC_IO_COMP_CONFLICT_1950" tag="" content="Setting interface mode on port &apos;kernel_3mm_nonP_EA/v2_4_1&apos; to &apos;bram&apos;."/>
	<Message severity="INFO" prefix="[RTGEN 206-500]" key="PREPROC_IO_COMP_CONFLICT_1950" tag="" content="Setting interface mode on port &apos;kernel_3mm_nonP_EA/v2_5_0&apos; to &apos;bram&apos;."/>
	<Message severity="INFO" prefix="[RTGEN 206-500]" key="PREPROC_IO_COMP_CONFLICT_1950" tag="" content="Setting interface mode on port &apos;kernel_3mm_nonP_EA/v2_5_1&apos; to &apos;bram&apos;."/>
	<Message severity="INFO" prefix="[RTGEN 206-500]" key="PREPROC_IO_COMP_CONFLICT_1950" tag="" content="Setting interface mode on port &apos;kernel_3mm_nonP_EA/v2_6_0&apos; to &apos;bram&apos;."/>
	<Message severity="INFO" prefix="[RTGEN 206-500]" key="PREPROC_IO_COMP_CONFLICT_1950" tag="" content="Setting interface mode on port &apos;kernel_3mm_nonP_EA/v2_6_1&apos; to &apos;bram&apos;."/>
	<Message severity="INFO" prefix="[RTGEN 206-500]" key="PREPROC_IO_COMP_CONFLICT_1950" tag="" content="Setting interface mode on port &apos;kernel_3mm_nonP_EA/v2_7_0&apos; to &apos;bram&apos;."/>
	<Message severity="INFO" prefix="[RTGEN 206-500]" key="PREPROC_IO_COMP_CONFLICT_1950" tag="" content="Setting interface mode on port &apos;kernel_3mm_nonP_EA/v2_7_1&apos; to &apos;bram&apos;."/>
	<Message severity="INFO" prefix="[RTGEN 206-500]" key="PREPROC_IO_COMP_CONFLICT_1950" tag="" content="Setting interface mode on port &apos;kernel_3mm_nonP_EA/v2_8_0&apos; to &apos;bram&apos;."/>
	<Message severity="INFO" prefix="[RTGEN 206-500]" key="PREPROC_IO_COMP_CONFLICT_1950" tag="" content="Setting interface mode on port &apos;kernel_3mm_nonP_EA/v2_8_1&apos; to &apos;bram&apos;."/>
	<Message severity="INFO" prefix="[RTGEN 206-500]" key="PREPROC_IO_COMP_CONFLICT_1950" tag="" content="Setting interface mode on port &apos;kernel_3mm_nonP_EA/v2_9_0&apos; to &apos;bram&apos;."/>
	<Message severity="INFO" prefix="[RTGEN 206-500]" key="PREPROC_IO_COMP_CONFLICT_1950" tag="" content="Setting interface mode on port &apos;kernel_3mm_nonP_EA/v2_9_1&apos; to &apos;bram&apos;."/>
	<Message severity="INFO" prefix="[RTGEN 206-500]" key="PREPROC_IO_COMP_CONFLICT_1950" tag="" content="Setting interface mode on port &apos;kernel_3mm_nonP_EA/v3_0_0&apos; to &apos;bram&apos;."/>
	<Message severity="INFO" prefix="[RTGEN 206-500]" key="PREPROC_IO_COMP_CONFLICT_1950" tag="" content="Setting interface mode on port &apos;kernel_3mm_nonP_EA/v3_0_1&apos; to &apos;bram&apos;."/>
	<Message severity="INFO" prefix="[RTGEN 206-500]" key="PREPROC_IO_COMP_CONFLICT_1950" tag="" content="Setting interface mode on port &apos;kernel_3mm_nonP_EA/v3_1_0&apos; to &apos;bram&apos;."/>
	<Message severity="INFO" prefix="[RTGEN 206-500]" key="PREPROC_IO_COMP_CONFLICT_1950" tag="" content="Setting interface mode on port &apos;kernel_3mm_nonP_EA/v3_1_1&apos; to &apos;bram&apos;."/>
	<Message severity="INFO" prefix="[RTGEN 206-500]" key="PREPROC_IO_COMP_CONFLICT_1950" tag="" content="Setting interface mode on port &apos;kernel_3mm_nonP_EA/v4_0&apos; to &apos;bram&apos;."/>
	<Message severity="INFO" prefix="[RTGEN 206-500]" key="PREPROC_IO_COMP_CONFLICT_1950" tag="" content="Setting interface mode on port &apos;kernel_3mm_nonP_EA/v4_1&apos; to &apos;bram&apos;."/>
	<Message severity="INFO" prefix="[RTGEN 206-500]" key="PREPROC_IO_COMP_CONFLICT_1950" tag="" content="Setting interface mode on port &apos;kernel_3mm_nonP_EA/v5_0&apos; to &apos;bram&apos;."/>
	<Message severity="INFO" prefix="[RTGEN 206-500]" key="PREPROC_IO_COMP_CONFLICT_1950" tag="" content="Setting interface mode on port &apos;kernel_3mm_nonP_EA/v5_1&apos; to &apos;bram&apos;."/>
	<Message severity="INFO" prefix="[RTGEN 206-500]" key="PREPROC_IO_COMP_CONFLICT_1950" tag="" content="Setting interface mode on port &apos;kernel_3mm_nonP_EA/v5_2&apos; to &apos;bram&apos;."/>
	<Message severity="INFO" prefix="[RTGEN 206-500]" key="PREPROC_IO_COMP_CONFLICT_1950" tag="" content="Setting interface mode on port &apos;kernel_3mm_nonP_EA/v5_3&apos; to &apos;bram&apos;."/>
	<Message severity="INFO" prefix="[RTGEN 206-500]" key="PREPROC_IO_COMP_CONFLICT_1950" tag="" content="Setting interface mode on port &apos;kernel_3mm_nonP_EA/v5_4&apos; to &apos;bram&apos;."/>
	<Message severity="INFO" prefix="[RTGEN 206-500]" key="PREPROC_IO_COMP_CONFLICT_1950" tag="" content="Setting interface mode on port &apos;kernel_3mm_nonP_EA/v5_5&apos; to &apos;bram&apos;."/>
	<Message severity="INFO" prefix="[RTGEN 206-500]" key="PREPROC_IO_COMP_CONFLICT_1950" tag="" content="Setting interface mode on port &apos;kernel_3mm_nonP_EA/v5_6&apos; to &apos;bram&apos;."/>
	<Message severity="INFO" prefix="[RTGEN 206-500]" key="PREPROC_IO_COMP_CONFLICT_1950" tag="" content="Setting interface mode on port &apos;kernel_3mm_nonP_EA/v5_7&apos; to &apos;bram&apos;."/>
	<Message severity="INFO" prefix="[RTGEN 206-500]" key="PREPROC_IO_COMP_CONFLICT_1950" tag="" content="Setting interface mode on port &apos;kernel_3mm_nonP_EA/v5_8&apos; to &apos;bram&apos;."/>
	<Message severity="INFO" prefix="[RTGEN 206-500]" key="PREPROC_IO_COMP_CONFLICT_1950" tag="" content="Setting interface mode on port &apos;kernel_3mm_nonP_EA/v5_9&apos; to &apos;bram&apos;."/>
	<Message severity="INFO" prefix="[RTGEN 206-500]" key="PREPROC_IO_COMP_CONFLICT_1950" tag="" content="Setting interface mode on port &apos;kernel_3mm_nonP_EA/v6_0_0&apos; to &apos;bram&apos;."/>
	<Message severity="INFO" prefix="[RTGEN 206-500]" key="PREPROC_IO_COMP_CONFLICT_1950" tag="" content="Setting interface mode on port &apos;kernel_3mm_nonP_EA/v6_0_1&apos; to &apos;bram&apos;."/>
	<Message severity="INFO" prefix="[RTGEN 206-500]" key="PREPROC_IO_COMP_CONFLICT_1950" tag="" content="Setting interface mode on port &apos;kernel_3mm_nonP_EA/v6_0_2&apos; to &apos;bram&apos;."/>
	<Message severity="INFO" prefix="[RTGEN 206-500]" key="PREPROC_IO_COMP_CONFLICT_1950" tag="" content="Setting interface mode on port &apos;kernel_3mm_nonP_EA/v6_0_3&apos; to &apos;bram&apos;."/>
	<Message severity="INFO" prefix="[RTGEN 206-500]" key="PREPROC_IO_COMP_CONFLICT_1950" tag="" content="Setting interface mode on port &apos;kernel_3mm_nonP_EA/v6_0_4&apos; to &apos;bram&apos;."/>
	<Message severity="INFO" prefix="[RTGEN 206-500]" key="PREPROC_IO_COMP_CONFLICT_1950" tag="" content="Setting interface mode on port &apos;kernel_3mm_nonP_EA/v6_1_0&apos; to &apos;bram&apos;."/>
	<Message severity="INFO" prefix="[RTGEN 206-500]" key="PREPROC_IO_COMP_CONFLICT_1950" tag="" content="Setting interface mode on port &apos;kernel_3mm_nonP_EA/v6_1_1&apos; to &apos;bram&apos;."/>
	<Message severity="INFO" prefix="[RTGEN 206-500]" key="PREPROC_IO_COMP_CONFLICT_1950" tag="" content="Setting interface mode on port &apos;kernel_3mm_nonP_EA/v6_1_2&apos; to &apos;bram&apos;."/>
	<Message severity="INFO" prefix="[RTGEN 206-500]" key="PREPROC_IO_COMP_CONFLICT_1950" tag="" content="Setting interface mode on port &apos;kernel_3mm_nonP_EA/v6_1_3&apos; to &apos;bram&apos;."/>
	<Message severity="INFO" prefix="[RTGEN 206-500]" key="PREPROC_IO_COMP_CONFLICT_1950" tag="" content="Setting interface mode on port &apos;kernel_3mm_nonP_EA/v6_1_4&apos; to &apos;bram&apos;."/>
	<Message severity="INFO" prefix="[RTGEN 206-500]" key="PREPROC_IO_COMP_CONFLICT_1950" tag="" content="Setting interface mode on port &apos;kernel_3mm_nonP_EA/v6_2_0&apos; to &apos;bram&apos;."/>
	<Message severity="INFO" prefix="[RTGEN 206-500]" key="PREPROC_IO_COMP_CONFLICT_1950" tag="" content="Setting interface mode on port &apos;kernel_3mm_nonP_EA/v6_2_1&apos; to &apos;bram&apos;."/>
	<Message severity="INFO" prefix="[RTGEN 206-500]" key="PREPROC_IO_COMP_CONFLICT_1950" tag="" content="Setting interface mode on port &apos;kernel_3mm_nonP_EA/v6_2_2&apos; to &apos;bram&apos;."/>
	<Message severity="INFO" prefix="[RTGEN 206-500]" key="PREPROC_IO_COMP_CONFLICT_1950" tag="" content="Setting interface mode on port &apos;kernel_3mm_nonP_EA/v6_2_3&apos; to &apos;bram&apos;."/>
	<Message severity="INFO" prefix="[RTGEN 206-500]" key="PREPROC_IO_COMP_CONFLICT_1950" tag="" content="Setting interface mode on port &apos;kernel_3mm_nonP_EA/v6_2_4&apos; to &apos;bram&apos;."/>
	<Message severity="INFO" prefix="[RTGEN 206-500]" key="PREPROC_IO_COMP_CONFLICT_1950" tag="" content="Setting interface mode on port &apos;kernel_3mm_nonP_EA/v6_3_0&apos; to &apos;bram&apos;."/>
	<Message severity="INFO" prefix="[RTGEN 206-500]" key="PREPROC_IO_COMP_CONFLICT_1950" tag="" content="Setting interface mode on port &apos;kernel_3mm_nonP_EA/v6_3_1&apos; to &apos;bram&apos;."/>
	<Message severity="INFO" prefix="[RTGEN 206-500]" key="PREPROC_IO_COMP_CONFLICT_1950" tag="" content="Setting interface mode on port &apos;kernel_3mm_nonP_EA/v6_3_2&apos; to &apos;bram&apos;."/>
	<Message severity="INFO" prefix="[RTGEN 206-500]" key="PREPROC_IO_COMP_CONFLICT_1950" tag="" content="Setting interface mode on port &apos;kernel_3mm_nonP_EA/v6_3_3&apos; to &apos;bram&apos;."/>
	<Message severity="INFO" prefix="[RTGEN 206-500]" key="PREPROC_IO_COMP_CONFLICT_1950" tag="" content="Setting interface mode on port &apos;kernel_3mm_nonP_EA/v6_3_4&apos; to &apos;bram&apos;."/>
	<Message severity="INFO" prefix="[RTGEN 206-500]" key="PREPROC_IO_COMP_CONFLICT_1950" tag="" content="Setting interface mode on port &apos;kernel_3mm_nonP_EA/v6_4_0&apos; to &apos;bram&apos;."/>
	<Message severity="INFO" prefix="[RTGEN 206-500]" key="PREPROC_IO_COMP_CONFLICT_1950" tag="" content="Setting interface mode on port &apos;kernel_3mm_nonP_EA/v6_4_1&apos; to &apos;bram&apos;."/>
	<Message severity="INFO" prefix="[RTGEN 206-500]" key="PREPROC_IO_COMP_CONFLICT_1950" tag="" content="Setting interface mode on port &apos;kernel_3mm_nonP_EA/v6_4_2&apos; to &apos;bram&apos;."/>
	<Message severity="INFO" prefix="[RTGEN 206-500]" key="PREPROC_IO_COMP_CONFLICT_1950" tag="" content="Setting interface mode on port &apos;kernel_3mm_nonP_EA/v6_4_3&apos; to &apos;bram&apos;."/>
	<Message severity="INFO" prefix="[RTGEN 206-500]" key="PREPROC_IO_COMP_CONFLICT_1950" tag="" content="Setting interface mode on port &apos;kernel_3mm_nonP_EA/v6_4_4&apos; to &apos;bram&apos;."/>
	<Message severity="INFO" prefix="[RTGEN 206-500]" key="PREPROC_IO_COMP_CONFLICT_1950" tag="" content="Setting interface mode on function &apos;kernel_3mm_nonP_EA&apos; to &apos;s_axilite &amp; ap_ctrl_hs&apos;."/>
	<Message severity="INFO" prefix="[RTGEN 206-100]" key="RTGEN_100_851" tag="" content="Bundling port &apos;return&apos; to AXI-Lite port ctrl."/>
	<Message severity="INFO" prefix="[SYN 201-210]" key="SYN_210_889" tag="" content="Renamed object name &apos;kernel_3mm_nonP_EA_fadd_32ns_32ns_32_4_full_dsp_1&apos; to &apos;kernel_3mm_nonP_Ebkb&apos; due to the length limit 20"/>
	<Message severity="INFO" prefix="[SYN 201-210]" key="SYN_210_889" tag="" content="Renamed object name &apos;kernel_3mm_nonP_EA_fmul_32ns_32ns_32_3_max_dsp_1&apos; to &apos;kernel_3mm_nonP_Ecud&apos; due to the length limit 20"/>
	<Message severity="INFO" prefix="[SYN 201-210]" key="SYN_210_889" tag="" content="Renamed object name &apos;kernel_3mm_nonP_EA_urem_6ns_5ns_4_10_1&apos; to &apos;kernel_3mm_nonP_EdEe&apos; due to the length limit 20"/>
	<Message severity="INFO" prefix="[SYN 201-210]" key="SYN_210_889" tag="" content="Renamed object name &apos;kernel_3mm_nonP_EA_mac_muladd_5ns_6ns_5ns_10_1_1&apos; to &apos;kernel_3mm_nonP_EeOg&apos; due to the length limit 20"/>
	<Message severity="INFO" prefix="[SYN 201-210]" key="SYN_210_889" tag="" content="Renamed object name &apos;kernel_3mm_nonP_EA_mac_muladd_6ns_7ns_6ns_12_1_1&apos; to &apos;kernel_3mm_nonP_EfYi&apos; due to the length limit 20"/>
	<Message severity="WARNING" prefix="[RTGEN 206-101]" key="RTGEN_101_739" tag="" content="Setting dangling out port &apos;kernel_3mm_nonP_EA/v0_0_0_WEN_A&apos; to 0."/>
	<Message severity="WARNING" prefix="[RTGEN 206-101]" key="RTGEN_101_739" tag="" content="Setting dangling out port &apos;kernel_3mm_nonP_EA/v0_0_0_Din_A&apos; to 0."/>
	<Message severity="WARNING" prefix="[RTGEN 206-101]" key="RTGEN_101_739" tag="" content="Setting dangling out port &apos;kernel_3mm_nonP_EA/v0_0_1_WEN_A&apos; to 0."/>
	<Message severity="WARNING" prefix="[RTGEN 206-101]" key="RTGEN_101_739" tag="" content="Setting dangling out port &apos;kernel_3mm_nonP_EA/v0_0_1_Din_A&apos; to 0."/>
	<Message severity="WARNING" prefix="[RTGEN 206-101]" key="RTGEN_101_739" tag="" content="Setting dangling out port &apos;kernel_3mm_nonP_EA/v0_0_2_WEN_A&apos; to 0."/>
	<Message severity="WARNING" prefix="[RTGEN 206-101]" key="RTGEN_101_739" tag="" content="Setting dangling out port &apos;kernel_3mm_nonP_EA/v0_0_2_Din_A&apos; to 0."/>
	<Message severity="WARNING" prefix="[RTGEN 206-101]" key="RTGEN_101_739" tag="" content="Setting dangling out port &apos;kernel_3mm_nonP_EA/v0_1_0_WEN_A&apos; to 0."/>
	<Message severity="WARNING" prefix="[RTGEN 206-101]" key="RTGEN_101_739" tag="" content="Setting dangling out port &apos;kernel_3mm_nonP_EA/v0_1_0_Din_A&apos; to 0."/>
	<Message severity="WARNING" prefix="[RTGEN 206-101]" key="RTGEN_101_739" tag="" content="Setting dangling out port &apos;kernel_3mm_nonP_EA/v0_1_1_WEN_A&apos; to 0."/>
	<Message severity="WARNING" prefix="[RTGEN 206-101]" key="RTGEN_101_739" tag="" content="Setting dangling out port &apos;kernel_3mm_nonP_EA/v0_1_1_Din_A&apos; to 0."/>
	<Message severity="WARNING" prefix="[RTGEN 206-101]" key="RTGEN_101_739" tag="" content="Setting dangling out port &apos;kernel_3mm_nonP_EA/v0_1_2_WEN_A&apos; to 0."/>
	<Message severity="WARNING" prefix="[RTGEN 206-101]" key="RTGEN_101_739" tag="" content="Setting dangling out port &apos;kernel_3mm_nonP_EA/v0_1_2_Din_A&apos; to 0."/>
	<Message severity="WARNING" prefix="[RTGEN 206-101]" key="RTGEN_101_739" tag="" content="Setting dangling out port &apos;kernel_3mm_nonP_EA/v0_2_0_WEN_A&apos; to 0."/>
	<Message severity="WARNING" prefix="[RTGEN 206-101]" key="RTGEN_101_739" tag="" content="Setting dangling out port &apos;kernel_3mm_nonP_EA/v0_2_0_Din_A&apos; to 0."/>
	<Message severity="WARNING" prefix="[RTGEN 206-101]" key="RTGEN_101_739" tag="" content="Setting dangling out port &apos;kernel_3mm_nonP_EA/v0_2_1_WEN_A&apos; to 0."/>
	<Message severity="WARNING" prefix="[RTGEN 206-101]" key="RTGEN_101_739" tag="" content="Setting dangling out port &apos;kernel_3mm_nonP_EA/v0_2_1_Din_A&apos; to 0."/>
	<Message severity="WARNING" prefix="[RTGEN 206-101]" key="RTGEN_101_739" tag="" content="Setting dangling out port &apos;kernel_3mm_nonP_EA/v0_2_2_WEN_A&apos; to 0."/>
	<Message severity="WARNING" prefix="[RTGEN 206-101]" key="RTGEN_101_739" tag="" content="Setting dangling out port &apos;kernel_3mm_nonP_EA/v0_2_2_Din_A&apos; to 0."/>
	<Message severity="WARNING" prefix="[RTGEN 206-101]" key="RTGEN_101_739" tag="" content="Setting dangling out port &apos;kernel_3mm_nonP_EA/v0_3_0_WEN_A&apos; to 0."/>
	<Message severity="WARNING" prefix="[RTGEN 206-101]" key="RTGEN_101_739" tag="" content="Setting dangling out port &apos;kernel_3mm_nonP_EA/v0_3_0_Din_A&apos; to 0."/>
	<Message severity="WARNING" prefix="[RTGEN 206-101]" key="RTGEN_101_739" tag="" content="Setting dangling out port &apos;kernel_3mm_nonP_EA/v0_3_1_WEN_A&apos; to 0."/>
	<Message severity="WARNING" prefix="[RTGEN 206-101]" key="RTGEN_101_739" tag="" content="Setting dangling out port &apos;kernel_3mm_nonP_EA/v0_3_1_Din_A&apos; to 0."/>
	<Message severity="WARNING" prefix="[RTGEN 206-101]" key="RTGEN_101_739" tag="" content="Setting dangling out port &apos;kernel_3mm_nonP_EA/v0_3_2_WEN_A&apos; to 0."/>
	<Message severity="WARNING" prefix="[RTGEN 206-101]" key="RTGEN_101_739" tag="" content="Setting dangling out port &apos;kernel_3mm_nonP_EA/v0_3_2_Din_A&apos; to 0."/>
	<Message severity="WARNING" prefix="[RTGEN 206-101]" key="RTGEN_101_739" tag="" content="Setting dangling out port &apos;kernel_3mm_nonP_EA/v0_4_0_WEN_A&apos; to 0."/>
	<Message severity="WARNING" prefix="[RTGEN 206-101]" key="RTGEN_101_739" tag="" content="Setting dangling out port &apos;kernel_3mm_nonP_EA/v0_4_0_Din_A&apos; to 0."/>
	<Message severity="WARNING" prefix="[RTGEN 206-101]" key="RTGEN_101_739" tag="" content="Setting dangling out port &apos;kernel_3mm_nonP_EA/v0_4_1_WEN_A&apos; to 0."/>
	<Message severity="WARNING" prefix="[RTGEN 206-101]" key="RTGEN_101_739" tag="" content="Setting dangling out port &apos;kernel_3mm_nonP_EA/v0_4_1_Din_A&apos; to 0."/>
	<Message severity="WARNING" prefix="[RTGEN 206-101]" key="RTGEN_101_739" tag="" content="Setting dangling out port &apos;kernel_3mm_nonP_EA/v0_4_2_WEN_A&apos; to 0."/>
	<Message severity="WARNING" prefix="[RTGEN 206-101]" key="RTGEN_101_739" tag="" content="Setting dangling out port &apos;kernel_3mm_nonP_EA/v0_4_2_Din_A&apos; to 0."/>
	<Message severity="WARNING" prefix="[RTGEN 206-101]" key="RTGEN_101_739" tag="" content="Setting dangling out port &apos;kernel_3mm_nonP_EA/v0_5_0_WEN_A&apos; to 0."/>
	<Message severity="WARNING" prefix="[RTGEN 206-101]" key="RTGEN_101_739" tag="" content="Setting dangling out port &apos;kernel_3mm_nonP_EA/v0_5_0_Din_A&apos; to 0."/>
	<Message severity="WARNING" prefix="[RTGEN 206-101]" key="RTGEN_101_739" tag="" content="Setting dangling out port &apos;kernel_3mm_nonP_EA/v0_5_1_WEN_A&apos; to 0."/>
	<Message severity="WARNING" prefix="[RTGEN 206-101]" key="RTGEN_101_739" tag="" content="Setting dangling out port &apos;kernel_3mm_nonP_EA/v0_5_1_Din_A&apos; to 0."/>
	<Message severity="WARNING" prefix="[RTGEN 206-101]" key="RTGEN_101_739" tag="" content="Setting dangling out port &apos;kernel_3mm_nonP_EA/v0_5_2_WEN_A&apos; to 0."/>
	<Message severity="WARNING" prefix="[RTGEN 206-101]" key="RTGEN_101_739" tag="" content="Setting dangling out port &apos;kernel_3mm_nonP_EA/v0_5_2_Din_A&apos; to 0."/>
	<Message severity="WARNING" prefix="[RTGEN 206-101]" key="RTGEN_101_739" tag="" content="Setting dangling out port &apos;kernel_3mm_nonP_EA/v0_6_0_WEN_A&apos; to 0."/>
	<Message severity="WARNING" prefix="[RTGEN 206-101]" key="RTGEN_101_739" tag="" content="Setting dangling out port &apos;kernel_3mm_nonP_EA/v0_6_0_Din_A&apos; to 0."/>
	<Message severity="WARNING" prefix="[RTGEN 206-101]" key="RTGEN_101_739" tag="" content="Setting dangling out port &apos;kernel_3mm_nonP_EA/v0_6_1_WEN_A&apos; to 0."/>
	<Message severity="WARNING" prefix="[RTGEN 206-101]" key="RTGEN_101_739" tag="" content="Setting dangling out port &apos;kernel_3mm_nonP_EA/v0_6_1_Din_A&apos; to 0."/>
	<Message severity="WARNING" prefix="[RTGEN 206-101]" key="RTGEN_101_739" tag="" content="Setting dangling out port &apos;kernel_3mm_nonP_EA/v0_6_2_WEN_A&apos; to 0."/>
	<Message severity="WARNING" prefix="[RTGEN 206-101]" key="RTGEN_101_739" tag="" content="Setting dangling out port &apos;kernel_3mm_nonP_EA/v0_6_2_Din_A&apos; to 0."/>
	<Message severity="WARNING" prefix="[RTGEN 206-101]" key="RTGEN_101_739" tag="" content="Setting dangling out port &apos;kernel_3mm_nonP_EA/v0_7_0_WEN_A&apos; to 0."/>
	<Message severity="WARNING" prefix="[RTGEN 206-101]" key="RTGEN_101_739" tag="" content="Setting dangling out port &apos;kernel_3mm_nonP_EA/v0_7_0_Din_A&apos; to 0."/>
	<Message severity="WARNING" prefix="[RTGEN 206-101]" key="RTGEN_101_739" tag="" content="Setting dangling out port &apos;kernel_3mm_nonP_EA/v0_7_1_WEN_A&apos; to 0."/>
	<Message severity="WARNING" prefix="[RTGEN 206-101]" key="RTGEN_101_739" tag="" content="Setting dangling out port &apos;kernel_3mm_nonP_EA/v0_7_1_Din_A&apos; to 0."/>
	<Message severity="WARNING" prefix="[RTGEN 206-101]" key="RTGEN_101_739" tag="" content="Setting dangling out port &apos;kernel_3mm_nonP_EA/v0_7_2_WEN_A&apos; to 0."/>
	<Message severity="WARNING" prefix="[RTGEN 206-101]" key="RTGEN_101_739" tag="" content="Setting dangling out port &apos;kernel_3mm_nonP_EA/v0_7_2_Din_A&apos; to 0."/>
	<Message severity="WARNING" prefix="[RTGEN 206-101]" key="RTGEN_101_739" tag="" content="Setting dangling out port &apos;kernel_3mm_nonP_EA/v1_0_0_WEN_A&apos; to 0."/>
	<Message severity="WARNING" prefix="[RTGEN 206-101]" key="RTGEN_101_739" tag="" content="Setting dangling out port &apos;kernel_3mm_nonP_EA/v1_0_0_Din_A&apos; to 0."/>
	<Message severity="WARNING" prefix="[RTGEN 206-101]" key="RTGEN_101_739" tag="" content="Setting dangling out port &apos;kernel_3mm_nonP_EA/v1_0_1_WEN_A&apos; to 0."/>
	<Message severity="WARNING" prefix="[RTGEN 206-101]" key="RTGEN_101_739" tag="" content="Setting dangling out port &apos;kernel_3mm_nonP_EA/v1_0_1_Din_A&apos; to 0."/>
	<Message severity="WARNING" prefix="[RTGEN 206-101]" key="RTGEN_101_739" tag="" content="Setting dangling out port &apos;kernel_3mm_nonP_EA/v1_1_0_WEN_A&apos; to 0."/>
	<Message severity="WARNING" prefix="[RTGEN 206-101]" key="RTGEN_101_739" tag="" content="Setting dangling out port &apos;kernel_3mm_nonP_EA/v1_1_0_Din_A&apos; to 0."/>
	<Message severity="WARNING" prefix="[RTGEN 206-101]" key="RTGEN_101_739" tag="" content="Setting dangling out port &apos;kernel_3mm_nonP_EA/v1_1_1_WEN_A&apos; to 0."/>
	<Message severity="WARNING" prefix="[RTGEN 206-101]" key="RTGEN_101_739" tag="" content="Setting dangling out port &apos;kernel_3mm_nonP_EA/v1_1_1_Din_A&apos; to 0."/>
	<Message severity="WARNING" prefix="[RTGEN 206-101]" key="RTGEN_101_739" tag="" content="Setting dangling out port &apos;kernel_3mm_nonP_EA/v1_2_0_WEN_A&apos; to 0."/>
	<Message severity="WARNING" prefix="[RTGEN 206-101]" key="RTGEN_101_739" tag="" content="Setting dangling out port &apos;kernel_3mm_nonP_EA/v1_2_0_Din_A&apos; to 0."/>
	<Message severity="WARNING" prefix="[RTGEN 206-101]" key="RTGEN_101_739" tag="" content="Setting dangling out port &apos;kernel_3mm_nonP_EA/v1_2_1_WEN_A&apos; to 0."/>
	<Message severity="WARNING" prefix="[RTGEN 206-101]" key="RTGEN_101_739" tag="" content="Setting dangling out port &apos;kernel_3mm_nonP_EA/v1_2_1_Din_A&apos; to 0."/>
	<Message severity="WARNING" prefix="[RTGEN 206-101]" key="RTGEN_101_739" tag="" content="Setting dangling out port &apos;kernel_3mm_nonP_EA/v2_0_0_WEN_A&apos; to 0."/>
	<Message severity="WARNING" prefix="[RTGEN 206-101]" key="RTGEN_101_739" tag="" content="Setting dangling out port &apos;kernel_3mm_nonP_EA/v2_0_0_Din_A&apos; to 0."/>
	<Message severity="WARNING" prefix="[RTGEN 206-101]" key="RTGEN_101_739" tag="" content="Setting dangling out port &apos;kernel_3mm_nonP_EA/v2_0_1_WEN_A&apos; to 0."/>
	<Message severity="WARNING" prefix="[RTGEN 206-101]" key="RTGEN_101_739" tag="" content="Setting dangling out port &apos;kernel_3mm_nonP_EA/v2_0_1_Din_A&apos; to 0."/>
	<Message severity="WARNING" prefix="[RTGEN 206-101]" key="RTGEN_101_739" tag="" content="Setting dangling out port &apos;kernel_3mm_nonP_EA/v2_1_0_WEN_A&apos; to 0."/>
	<Message severity="WARNING" prefix="[RTGEN 206-101]" key="RTGEN_101_739" tag="" content="Setting dangling out port &apos;kernel_3mm_nonP_EA/v2_1_0_Din_A&apos; to 0."/>
	<Message severity="WARNING" prefix="[RTGEN 206-101]" key="RTGEN_101_739" tag="" content="Setting dangling out port &apos;kernel_3mm_nonP_EA/v2_1_1_WEN_A&apos; to 0."/>
	<Message severity="WARNING" prefix="[RTGEN 206-101]" key="RTGEN_101_739" tag="" content="Setting dangling out port &apos;kernel_3mm_nonP_EA/v2_1_1_Din_A&apos; to 0."/>
	<Message severity="WARNING" prefix="[RTGEN 206-101]" key="RTGEN_101_739" tag="" content="Setting dangling out port &apos;kernel_3mm_nonP_EA/v2_2_0_WEN_A&apos; to 0."/>
	<Message severity="WARNING" prefix="[RTGEN 206-101]" key="RTGEN_101_739" tag="" content="Setting dangling out port &apos;kernel_3mm_nonP_EA/v2_2_0_Din_A&apos; to 0."/>
	<Message severity="WARNING" prefix="[RTGEN 206-101]" key="RTGEN_101_739" tag="" content="Setting dangling out port &apos;kernel_3mm_nonP_EA/v2_2_1_WEN_A&apos; to 0."/>
	<Message severity="WARNING" prefix="[RTGEN 206-101]" key="RTGEN_101_739" tag="" content="Setting dangling out port &apos;kernel_3mm_nonP_EA/v2_2_1_Din_A&apos; to 0."/>
	<Message severity="WARNING" prefix="[RTGEN 206-101]" key="RTGEN_101_739" tag="" content="Setting dangling out port &apos;kernel_3mm_nonP_EA/v2_3_0_WEN_A&apos; to 0."/>
	<Message severity="WARNING" prefix="[RTGEN 206-101]" key="RTGEN_101_739" tag="" content="Setting dangling out port &apos;kernel_3mm_nonP_EA/v2_3_0_Din_A&apos; to 0."/>
	<Message severity="WARNING" prefix="[RTGEN 206-101]" key="RTGEN_101_739" tag="" content="Setting dangling out port &apos;kernel_3mm_nonP_EA/v2_3_1_WEN_A&apos; to 0."/>
	<Message severity="WARNING" prefix="[RTGEN 206-101]" key="RTGEN_101_739" tag="" content="Setting dangling out port &apos;kernel_3mm_nonP_EA/v2_3_1_Din_A&apos; to 0."/>
	<Message severity="WARNING" prefix="[RTGEN 206-101]" key="RTGEN_101_739" tag="" content="Setting dangling out port &apos;kernel_3mm_nonP_EA/v2_4_0_WEN_A&apos; to 0."/>
	<Message severity="WARNING" prefix="[RTGEN 206-101]" key="RTGEN_101_739" tag="" content="Setting dangling out port &apos;kernel_3mm_nonP_EA/v2_4_0_Din_A&apos; to 0."/>
	<Message severity="WARNING" prefix="[RTGEN 206-101]" key="RTGEN_101_739" tag="" content="Setting dangling out port &apos;kernel_3mm_nonP_EA/v2_4_1_WEN_A&apos; to 0."/>
	<Message severity="WARNING" prefix="[RTGEN 206-101]" key="RTGEN_101_739" tag="" content="Setting dangling out port &apos;kernel_3mm_nonP_EA/v2_4_1_Din_A&apos; to 0."/>
	<Message severity="WARNING" prefix="[RTGEN 206-101]" key="RTGEN_101_739" tag="" content="Setting dangling out port &apos;kernel_3mm_nonP_EA/v2_5_0_WEN_A&apos; to 0."/>
	<Message severity="WARNING" prefix="[RTGEN 206-101]" key="RTGEN_101_739" tag="" content="Setting dangling out port &apos;kernel_3mm_nonP_EA/v2_5_0_Din_A&apos; to 0."/>
	<Message severity="WARNING" prefix="[RTGEN 206-101]" key="RTGEN_101_739" tag="" content="Setting dangling out port &apos;kernel_3mm_nonP_EA/v2_5_1_WEN_A&apos; to 0."/>
	<Message severity="WARNING" prefix="[RTGEN 206-101]" key="RTGEN_101_739" tag="" content="Setting dangling out port &apos;kernel_3mm_nonP_EA/v2_5_1_Din_A&apos; to 0."/>
	<Message severity="WARNING" prefix="[RTGEN 206-101]" key="RTGEN_101_739" tag="" content="Setting dangling out port &apos;kernel_3mm_nonP_EA/v2_6_0_WEN_A&apos; to 0."/>
	<Message severity="WARNING" prefix="[RTGEN 206-101]" key="RTGEN_101_739" tag="" content="Setting dangling out port &apos;kernel_3mm_nonP_EA/v2_6_0_Din_A&apos; to 0."/>
	<Message severity="WARNING" prefix="[RTGEN 206-101]" key="RTGEN_101_739" tag="" content="Setting dangling out port &apos;kernel_3mm_nonP_EA/v2_6_1_WEN_A&apos; to 0."/>
	<Message severity="WARNING" prefix="[RTGEN 206-101]" key="RTGEN_101_739" tag="" content="Setting dangling out port &apos;kernel_3mm_nonP_EA/v2_6_1_Din_A&apos; to 0."/>
	<Message severity="WARNING" prefix="[RTGEN 206-101]" key="RTGEN_101_739" tag="" content="Setting dangling out port &apos;kernel_3mm_nonP_EA/v2_7_0_WEN_A&apos; to 0."/>
	<Message severity="WARNING" prefix="[RTGEN 206-101]" key="RTGEN_101_739" tag="" content="Setting dangling out port &apos;kernel_3mm_nonP_EA/v2_7_0_Din_A&apos; to 0."/>
	<Message severity="WARNING" prefix="[RTGEN 206-101]" key="RTGEN_101_739" tag="" content="Setting dangling out port &apos;kernel_3mm_nonP_EA/v2_7_1_WEN_A&apos; to 0."/>
	<Message severity="WARNING" prefix="[RTGEN 206-101]" key="RTGEN_101_739" tag="" content="Setting dangling out port &apos;kernel_3mm_nonP_EA/v2_7_1_Din_A&apos; to 0."/>
	<Message severity="WARNING" prefix="[RTGEN 206-101]" key="RTGEN_101_739" tag="" content="Setting dangling out port &apos;kernel_3mm_nonP_EA/v2_8_0_WEN_A&apos; to 0."/>
	<Message severity="WARNING" prefix="[RTGEN 206-101]" key="RTGEN_101_739" tag="" content="Setting dangling out port &apos;kernel_3mm_nonP_EA/v2_8_0_Din_A&apos; to 0."/>
	<Message severity="WARNING" prefix="[RTGEN 206-101]" key="RTGEN_101_739" tag="" content="Setting dangling out port &apos;kernel_3mm_nonP_EA/v2_8_1_WEN_A&apos; to 0."/>
	<Message severity="WARNING" prefix="[RTGEN 206-101]" key="RTGEN_101_739" tag="" content="Setting dangling out port &apos;kernel_3mm_nonP_EA/v2_8_1_Din_A&apos; to 0."/>
	<Message severity="WARNING" prefix="[RTGEN 206-101]" key="RTGEN_101_739" tag="" content="Setting dangling out port &apos;kernel_3mm_nonP_EA/v2_9_0_WEN_A&apos; to 0."/>
	<Message severity="WARNING" prefix="[RTGEN 206-101]" key="RTGEN_101_739" tag="" content="Setting dangling out port &apos;kernel_3mm_nonP_EA/v2_9_0_Din_A&apos; to 0."/>
	<Message severity="WARNING" prefix="[RTGEN 206-101]" key="RTGEN_101_739" tag="" content="Setting dangling out port &apos;kernel_3mm_nonP_EA/v2_9_1_WEN_A&apos; to 0."/>
	<Message severity="WARNING" prefix="[RTGEN 206-101]" key="RTGEN_101_739" tag="" content="Setting dangling out port &apos;kernel_3mm_nonP_EA/v2_9_1_Din_A&apos; to 0."/>
	<Message severity="WARNING" prefix="[RTGEN 206-101]" key="RTGEN_101_739" tag="" content="Setting dangling out port &apos;kernel_3mm_nonP_EA/v3_0_0_WEN_A&apos; to 0."/>
	<Message severity="WARNING" prefix="[RTGEN 206-101]" key="RTGEN_101_739" tag="" content="Setting dangling out port &apos;kernel_3mm_nonP_EA/v3_0_0_Din_A&apos; to 0."/>
	<Message severity="WARNING" prefix="[RTGEN 206-101]" key="RTGEN_101_739" tag="" content="Setting dangling out port &apos;kernel_3mm_nonP_EA/v3_0_1_WEN_A&apos; to 0."/>
	<Message severity="WARNING" prefix="[RTGEN 206-101]" key="RTGEN_101_739" tag="" content="Setting dangling out port &apos;kernel_3mm_nonP_EA/v3_0_1_Din_A&apos; to 0."/>
	<Message severity="WARNING" prefix="[RTGEN 206-101]" key="RTGEN_101_739" tag="" content="Setting dangling out port &apos;kernel_3mm_nonP_EA/v3_1_0_WEN_A&apos; to 0."/>
	<Message severity="WARNING" prefix="[RTGEN 206-101]" key="RTGEN_101_739" tag="" content="Setting dangling out port &apos;kernel_3mm_nonP_EA/v3_1_0_Din_A&apos; to 0."/>
	<Message severity="WARNING" prefix="[RTGEN 206-101]" key="RTGEN_101_739" tag="" content="Setting dangling out port &apos;kernel_3mm_nonP_EA/v3_1_1_WEN_A&apos; to 0."/>
	<Message severity="WARNING" prefix="[RTGEN 206-101]" key="RTGEN_101_739" tag="" content="Setting dangling out port &apos;kernel_3mm_nonP_EA/v3_1_1_Din_A&apos; to 0."/>
	<Message severity="WARNING" prefix="[RTGEN 206-101]" key="RTGEN_101_739" tag="" content="Setting dangling out port &apos;kernel_3mm_nonP_EA/v4_0_WEN_A&apos; to 0."/>
	<Message severity="WARNING" prefix="[RTGEN 206-101]" key="RTGEN_101_739" tag="" content="Setting dangling out port &apos;kernel_3mm_nonP_EA/v4_0_Din_A&apos; to 0."/>
	<Message severity="WARNING" prefix="[RTGEN 206-101]" key="RTGEN_101_739" tag="" content="Setting dangling out port &apos;kernel_3mm_nonP_EA/v4_1_WEN_A&apos; to 0."/>
	<Message severity="WARNING" prefix="[RTGEN 206-101]" key="RTGEN_101_739" tag="" content="Setting dangling out port &apos;kernel_3mm_nonP_EA/v4_1_Din_A&apos; to 0."/>
	<Message severity="WARNING" prefix="[RTGEN 206-101]" key="RTGEN_101_739" tag="" content="Setting dangling out port &apos;kernel_3mm_nonP_EA/v5_0_WEN_A&apos; to 0."/>
	<Message severity="WARNING" prefix="[RTGEN 206-101]" key="RTGEN_101_739" tag="" content="Setting dangling out port &apos;kernel_3mm_nonP_EA/v5_0_Din_A&apos; to 0."/>
	<Message severity="WARNING" prefix="[RTGEN 206-101]" key="RTGEN_101_739" tag="" content="Setting dangling out port &apos;kernel_3mm_nonP_EA/v5_1_WEN_A&apos; to 0."/>
	<Message severity="WARNING" prefix="[RTGEN 206-101]" key="RTGEN_101_739" tag="" content="Setting dangling out port &apos;kernel_3mm_nonP_EA/v5_1_Din_A&apos; to 0."/>
	<Message severity="WARNING" prefix="[RTGEN 206-101]" key="RTGEN_101_739" tag="" content="Setting dangling out port &apos;kernel_3mm_nonP_EA/v5_2_WEN_A&apos; to 0."/>
	<Message severity="WARNING" prefix="[RTGEN 206-101]" key="RTGEN_101_739" tag="" content="Setting dangling out port &apos;kernel_3mm_nonP_EA/v5_2_Din_A&apos; to 0."/>
	<Message severity="WARNING" prefix="[RTGEN 206-101]" key="RTGEN_101_739" tag="" content="Setting dangling out port &apos;kernel_3mm_nonP_EA/v5_3_WEN_A&apos; to 0."/>
	<Message severity="WARNING" prefix="[RTGEN 206-101]" key="RTGEN_101_739" tag="" content="Setting dangling out port &apos;kernel_3mm_nonP_EA/v5_3_Din_A&apos; to 0."/>
	<Message severity="WARNING" prefix="[RTGEN 206-101]" key="RTGEN_101_739" tag="" content="Setting dangling out port &apos;kernel_3mm_nonP_EA/v5_4_WEN_A&apos; to 0."/>
	<Message severity="WARNING" prefix="[RTGEN 206-101]" key="RTGEN_101_739" tag="" content="Setting dangling out port &apos;kernel_3mm_nonP_EA/v5_4_Din_A&apos; to 0."/>
	<Message severity="WARNING" prefix="[RTGEN 206-101]" key="RTGEN_101_739" tag="" content="Setting dangling out port &apos;kernel_3mm_nonP_EA/v5_5_WEN_A&apos; to 0."/>
	<Message severity="WARNING" prefix="[RTGEN 206-101]" key="RTGEN_101_739" tag="" content="Setting dangling out port &apos;kernel_3mm_nonP_EA/v5_5_Din_A&apos; to 0."/>
	<Message severity="WARNING" prefix="[RTGEN 206-101]" key="RTGEN_101_739" tag="" content="Setting dangling out port &apos;kernel_3mm_nonP_EA/v5_6_WEN_A&apos; to 0."/>
	<Message severity="WARNING" prefix="[RTGEN 206-101]" key="RTGEN_101_739" tag="" content="Setting dangling out port &apos;kernel_3mm_nonP_EA/v5_6_Din_A&apos; to 0."/>
	<Message severity="WARNING" prefix="[RTGEN 206-101]" key="RTGEN_101_739" tag="" content="Setting dangling out port &apos;kernel_3mm_nonP_EA/v5_7_WEN_A&apos; to 0."/>
	<Message severity="WARNING" prefix="[RTGEN 206-101]" key="RTGEN_101_739" tag="" content="Setting dangling out port &apos;kernel_3mm_nonP_EA/v5_7_Din_A&apos; to 0."/>
	<Message severity="WARNING" prefix="[RTGEN 206-101]" key="RTGEN_101_739" tag="" content="Setting dangling out port &apos;kernel_3mm_nonP_EA/v5_8_WEN_A&apos; to 0."/>
	<Message severity="WARNING" prefix="[RTGEN 206-101]" key="RTGEN_101_739" tag="" content="Setting dangling out port &apos;kernel_3mm_nonP_EA/v5_8_Din_A&apos; to 0."/>
	<Message severity="WARNING" prefix="[RTGEN 206-101]" key="RTGEN_101_739" tag="" content="Setting dangling out port &apos;kernel_3mm_nonP_EA/v5_9_WEN_A&apos; to 0."/>
	<Message severity="WARNING" prefix="[RTGEN 206-101]" key="RTGEN_101_739" tag="" content="Setting dangling out port &apos;kernel_3mm_nonP_EA/v5_9_Din_A&apos; to 0."/>
	<Message severity="WARNING" prefix="[RTGEN 206-101]" key="RTGEN_101_739" tag="" content="Setting dangling out port &apos;kernel_3mm_nonP_EA/v6_0_0_WEN_A&apos; to 0."/>
	<Message severity="WARNING" prefix="[RTGEN 206-101]" key="RTGEN_101_739" tag="" content="Setting dangling out port &apos;kernel_3mm_nonP_EA/v6_0_0_Din_A&apos; to 0."/>
	<Message severity="WARNING" prefix="[RTGEN 206-101]" key="RTGEN_101_739" tag="" content="Setting dangling out port &apos;kernel_3mm_nonP_EA/v6_0_1_WEN_A&apos; to 0."/>
	<Message severity="WARNING" prefix="[RTGEN 206-101]" key="RTGEN_101_739" tag="" content="Setting dangling out port &apos;kernel_3mm_nonP_EA/v6_0_1_Din_A&apos; to 0."/>
	<Message severity="WARNING" prefix="[RTGEN 206-101]" key="RTGEN_101_739" tag="" content="Setting dangling out port &apos;kernel_3mm_nonP_EA/v6_0_2_WEN_A&apos; to 0."/>
	<Message severity="WARNING" prefix="[RTGEN 206-101]" key="RTGEN_101_739" tag="" content="Setting dangling out port &apos;kernel_3mm_nonP_EA/v6_0_2_Din_A&apos; to 0."/>
	<Message severity="WARNING" prefix="[RTGEN 206-101]" key="RTGEN_101_739" tag="" content="Setting dangling out port &apos;kernel_3mm_nonP_EA/v6_0_3_WEN_A&apos; to 0."/>
	<Message severity="WARNING" prefix="[RTGEN 206-101]" key="RTGEN_101_739" tag="" content="Setting dangling out port &apos;kernel_3mm_nonP_EA/v6_0_3_Din_A&apos; to 0."/>
	<Message severity="WARNING" prefix="[RTGEN 206-101]" key="RTGEN_101_739" tag="" content="Setting dangling out port &apos;kernel_3mm_nonP_EA/v6_0_4_WEN_A&apos; to 0."/>
	<Message severity="WARNING" prefix="[RTGEN 206-101]" key="RTGEN_101_739" tag="" content="Setting dangling out port &apos;kernel_3mm_nonP_EA/v6_0_4_Din_A&apos; to 0."/>
	<Message severity="WARNING" prefix="[RTGEN 206-101]" key="RTGEN_101_739" tag="" content="Setting dangling out port &apos;kernel_3mm_nonP_EA/v6_1_0_WEN_A&apos; to 0."/>
	<Message severity="WARNING" prefix="[RTGEN 206-101]" key="RTGEN_101_739" tag="" content="Setting dangling out port &apos;kernel_3mm_nonP_EA/v6_1_0_Din_A&apos; to 0."/>
	<Message severity="WARNING" prefix="[RTGEN 206-101]" key="RTGEN_101_739" tag="" content="Setting dangling out port &apos;kernel_3mm_nonP_EA/v6_1_1_WEN_A&apos; to 0."/>
	<Message severity="WARNING" prefix="[RTGEN 206-101]" key="RTGEN_101_739" tag="" content="Setting dangling out port &apos;kernel_3mm_nonP_EA/v6_1_1_Din_A&apos; to 0."/>
	<Message severity="WARNING" prefix="[RTGEN 206-101]" key="RTGEN_101_739" tag="" content="Setting dangling out port &apos;kernel_3mm_nonP_EA/v6_1_2_WEN_A&apos; to 0."/>
	<Message severity="WARNING" prefix="[RTGEN 206-101]" key="RTGEN_101_739" tag="" content="Setting dangling out port &apos;kernel_3mm_nonP_EA/v6_1_2_Din_A&apos; to 0."/>
	<Message severity="WARNING" prefix="[RTGEN 206-101]" key="RTGEN_101_739" tag="" content="Setting dangling out port &apos;kernel_3mm_nonP_EA/v6_1_3_WEN_A&apos; to 0."/>
	<Message severity="WARNING" prefix="[RTGEN 206-101]" key="RTGEN_101_739" tag="" content="Setting dangling out port &apos;kernel_3mm_nonP_EA/v6_1_3_Din_A&apos; to 0."/>
	<Message severity="WARNING" prefix="[RTGEN 206-101]" key="RTGEN_101_739" tag="" content="Setting dangling out port &apos;kernel_3mm_nonP_EA/v6_1_4_WEN_A&apos; to 0."/>
	<Message severity="WARNING" prefix="[RTGEN 206-101]" key="RTGEN_101_739" tag="" content="Setting dangling out port &apos;kernel_3mm_nonP_EA/v6_1_4_Din_A&apos; to 0."/>
	<Message severity="WARNING" prefix="[RTGEN 206-101]" key="RTGEN_101_739" tag="" content="Setting dangling out port &apos;kernel_3mm_nonP_EA/v6_2_0_WEN_A&apos; to 0."/>
	<Message severity="WARNING" prefix="[RTGEN 206-101]" key="RTGEN_101_739" tag="" content="Setting dangling out port &apos;kernel_3mm_nonP_EA/v6_2_0_Din_A&apos; to 0."/>
	<Message severity="WARNING" prefix="[RTGEN 206-101]" key="RTGEN_101_739" tag="" content="Setting dangling out port &apos;kernel_3mm_nonP_EA/v6_2_1_WEN_A&apos; to 0."/>
	<Message severity="WARNING" prefix="[RTGEN 206-101]" key="RTGEN_101_739" tag="" content="Setting dangling out port &apos;kernel_3mm_nonP_EA/v6_2_1_Din_A&apos; to 0."/>
	<Message severity="WARNING" prefix="[RTGEN 206-101]" key="RTGEN_101_739" tag="" content="Setting dangling out port &apos;kernel_3mm_nonP_EA/v6_2_2_WEN_A&apos; to 0."/>
	<Message severity="WARNING" prefix="[RTGEN 206-101]" key="RTGEN_101_739" tag="" content="Setting dangling out port &apos;kernel_3mm_nonP_EA/v6_2_2_Din_A&apos; to 0."/>
	<Message severity="WARNING" prefix="[RTGEN 206-101]" key="RTGEN_101_739" tag="" content="Setting dangling out port &apos;kernel_3mm_nonP_EA/v6_2_3_WEN_A&apos; to 0."/>
	<Message severity="WARNING" prefix="[RTGEN 206-101]" key="RTGEN_101_739" tag="" content="Setting dangling out port &apos;kernel_3mm_nonP_EA/v6_2_3_Din_A&apos; to 0."/>
	<Message severity="WARNING" prefix="[RTGEN 206-101]" key="RTGEN_101_739" tag="" content="Setting dangling out port &apos;kernel_3mm_nonP_EA/v6_2_4_WEN_A&apos; to 0."/>
	<Message severity="WARNING" prefix="[RTGEN 206-101]" key="RTGEN_101_739" tag="" content="Setting dangling out port &apos;kernel_3mm_nonP_EA/v6_2_4_Din_A&apos; to 0."/>
	<Message severity="WARNING" prefix="[RTGEN 206-101]" key="RTGEN_101_739" tag="" content="Setting dangling out port &apos;kernel_3mm_nonP_EA/v6_3_0_WEN_A&apos; to 0."/>
	<Message severity="WARNING" prefix="[RTGEN 206-101]" key="RTGEN_101_739" tag="" content="Setting dangling out port &apos;kernel_3mm_nonP_EA/v6_3_0_Din_A&apos; to 0."/>
	<Message severity="WARNING" prefix="[RTGEN 206-101]" key="RTGEN_101_739" tag="" content="Setting dangling out port &apos;kernel_3mm_nonP_EA/v6_3_1_WEN_A&apos; to 0."/>
	<Message severity="WARNING" prefix="[RTGEN 206-101]" key="RTGEN_101_739" tag="" content="Setting dangling out port &apos;kernel_3mm_nonP_EA/v6_3_1_Din_A&apos; to 0."/>
	<Message severity="WARNING" prefix="[RTGEN 206-101]" key="RTGEN_101_739" tag="" content="Setting dangling out port &apos;kernel_3mm_nonP_EA/v6_3_2_WEN_A&apos; to 0."/>
	<Message severity="WARNING" prefix="[RTGEN 206-101]" key="RTGEN_101_739" tag="" content="Setting dangling out port &apos;kernel_3mm_nonP_EA/v6_3_2_Din_A&apos; to 0."/>
	<Message severity="WARNING" prefix="[RTGEN 206-101]" key="RTGEN_101_739" tag="" content="Setting dangling out port &apos;kernel_3mm_nonP_EA/v6_3_3_WEN_A&apos; to 0."/>
	<Message severity="WARNING" prefix="[RTGEN 206-101]" key="RTGEN_101_739" tag="" content="Setting dangling out port &apos;kernel_3mm_nonP_EA/v6_3_3_Din_A&apos; to 0."/>
	<Message severity="WARNING" prefix="[RTGEN 206-101]" key="RTGEN_101_739" tag="" content="Setting dangling out port &apos;kernel_3mm_nonP_EA/v6_3_4_WEN_A&apos; to 0."/>
	<Message severity="WARNING" prefix="[RTGEN 206-101]" key="RTGEN_101_739" tag="" content="Setting dangling out port &apos;kernel_3mm_nonP_EA/v6_3_4_Din_A&apos; to 0."/>
	<Message severity="WARNING" prefix="[RTGEN 206-101]" key="RTGEN_101_739" tag="" content="Setting dangling out port &apos;kernel_3mm_nonP_EA/v6_4_0_WEN_A&apos; to 0."/>
	<Message severity="WARNING" prefix="[RTGEN 206-101]" key="RTGEN_101_739" tag="" content="Setting dangling out port &apos;kernel_3mm_nonP_EA/v6_4_0_Din_A&apos; to 0."/>
	<Message severity="WARNING" prefix="[RTGEN 206-101]" key="RTGEN_101_739" tag="" content="Setting dangling out port &apos;kernel_3mm_nonP_EA/v6_4_1_WEN_A&apos; to 0."/>
	<Message severity="WARNING" prefix="[RTGEN 206-101]" key="RTGEN_101_739" tag="" content="Setting dangling out port &apos;kernel_3mm_nonP_EA/v6_4_1_Din_A&apos; to 0."/>
	<Message severity="WARNING" prefix="[RTGEN 206-101]" key="RTGEN_101_739" tag="" content="Setting dangling out port &apos;kernel_3mm_nonP_EA/v6_4_2_WEN_A&apos; to 0."/>
	<Message severity="WARNING" prefix="[RTGEN 206-101]" key="RTGEN_101_739" tag="" content="Setting dangling out port &apos;kernel_3mm_nonP_EA/v6_4_2_Din_A&apos; to 0."/>
	<Message severity="WARNING" prefix="[RTGEN 206-101]" key="RTGEN_101_739" tag="" content="Setting dangling out port &apos;kernel_3mm_nonP_EA/v6_4_3_WEN_A&apos; to 0."/>
	<Message severity="WARNING" prefix="[RTGEN 206-101]" key="RTGEN_101_739" tag="" content="Setting dangling out port &apos;kernel_3mm_nonP_EA/v6_4_3_Din_A&apos; to 0."/>
	<Message severity="WARNING" prefix="[RTGEN 206-101]" key="RTGEN_101_739" tag="" content="Setting dangling out port &apos;kernel_3mm_nonP_EA/v6_4_4_WEN_A&apos; to 0."/>
	<Message severity="WARNING" prefix="[RTGEN 206-101]" key="RTGEN_101_739" tag="" content="Setting dangling out port &apos;kernel_3mm_nonP_EA/v6_4_4_Din_A&apos; to 0."/>
	<Message severity="INFO" prefix="[RTGEN 206-100]" key="RTGEN_100_855" tag="" content="Generating core module &apos;kernel_3mm_nonP_Ebkb&apos;: 20 instance(s)."/>
	<Message severity="INFO" prefix="[RTGEN 206-100]" key="RTGEN_100_855" tag="" content="Generating core module &apos;kernel_3mm_nonP_Ecud&apos;: 20 instance(s)."/>
	<Message severity="INFO" prefix="[RTGEN 206-100]" key="RTGEN_100_855" tag="" content="Generating core module &apos;kernel_3mm_nonP_EdEe&apos;: 2 instance(s)."/>
	<Message severity="INFO" prefix="[RTGEN 206-100]" key="RTGEN_100_855" tag="" content="Generating core module &apos;kernel_3mm_nonP_EeOg&apos;: 1 instance(s)."/>
	<Message severity="INFO" prefix="[RTGEN 206-100]" key="RTGEN_100_855" tag="" content="Generating core module &apos;kernel_3mm_nonP_EfYi&apos;: 1 instance(s)."/>
	<Message severity="INFO" prefix="[RTGEN 206-100]" key="RTGEN_100_856" tag="" content="Finished creating RTL model for &apos;kernel_3mm_nonP_EA&apos;."/>
	<Message severity="INFO" prefix="[HLS 200-111]" key="HLS_111_966" tag="" content=" Elapsed time: 3.845 seconds; current allocated memory: 140.159 MB."/>
	<Message severity="INFO" prefix="[HLS 200-790]" key="HLS 200-790" tag="LOOP,SDX_LOOP" content="**** Loop Constraint Status: All loop constraints were NOT satisfied."/>
	<Message severity="INFO" prefix="[HLS 200-789]" key="HLS 200-789" tag="THROUGHPUT,SDX_KERNEL" content="**** Estimated Fmax: 109.27 MHz"/>
	<Message severity="INFO" prefix="[RTMG 210-282]" key="RTMG_282_1796" tag="" content="Generating pipelined core: &apos;kernel_3mm_nonP_EdEe_div&apos;"/>
	<Message severity="INFO" prefix="[HLS 200-111]" key="HLS_111_965" tag="" content="Finished generating all RTL models Time (s): cpu = 00:00:19 ; elapsed = 00:00:32 . Memory (MB): peak = 250.273 ; gain = 158.000"/>
	<Message severity="INFO" prefix="[VHDL 208-304]" key="VHDL_304_1066" tag="" content="Generating VHDL RTL for kernel_3mm_nonP_EA."/>
	<Message severity="INFO" prefix="[VLOG 209-307]" key="VLOG_307_1067" tag="" content="Generating Verilog RTL for kernel_3mm_nonP_EA."/>
</Messages>
