<profile>

<section name = "Vivado HLS Report for 'kernel_3mm_nonP_EA'" level="0">
<item name = "Date">Fri Jan 27 18:55:10 2023
</item>
<item name = "Version">2019.2 (Build 2704478 on Wed Nov 06 22:10:23 MST 2019)</item>
<item name = "Project">2.3mm_small</item>
<item name = "Solution">non-pareto_EA</item>
<item name = "Product family">zynq</item>
<item name = "Target device">xc7z045-ffg900-2</item>
</section>

<section name = "Performance Estimates" level="0">
<item name = "Timing">
<section name = "" level="1">
<item name = "Summary"><table name="" hasTotal="0">
<keys size="4">Clock, Target, Estimated, Uncertainty</keys>
<column name="ap_clk">10.00 ns, 9.151 ns, 1.25 ns</column>
</table>
</item>
</section>
</item>
<item name = "Latency">
<section name = "" level="1">
<item name = "Summary"><table name="" hasTotal="0">
<keys size="8">, min, max, min, max, min, max, Type</keys>
<column name="">50868, 50868, 0.509 ms, 0.509 ms, 50868, 50868, none</column>
</table>
</item>
<item name = "Detail">
<section name = "" level="1">
<item name = "Instance"><table name="" hasTotal="0">
<keys size="9">Instance, Module, min, max, min, max, min, max, Type</keys>
</table>
</item>
<item name = "Loop"><table name="" hasTotal="0">
<keys size="8">Loop Name, min, max, Latency, achieved, target, Count, Pipelined</keys>
<column name="- Loop 1">20019, 20019, 28, 8, 1, 2500, yes</column>
<column name="- Loop 2">14014, 14014, 17, 2, 1, 7000, yes</column>
<column name="- Loop 3">16829, 16829, 45, 15, 3, 1120, yes</column>
</table>
</item>
</section>
</item>
</section>
</item>
</section>
</profile>
