{
  "Top": "backprop",
  "RtlTop": "backprop",
  "RtlPrefix": "",
  "SourceLanguage": "c",
  "ResetStyle": "control",
  "GenerateBdFiles": "0",
  "HostMachineBits": "64",
  "Target": {
    "Family": "zynq",
    "Device": "xc7z045",
    "Package": "-ffg900",
    "Speed": "-2"
  },
  "HlsSolution": {
    
  },
  "Args": {
    "weights1": {
      "index": "0",
      "type": {
        "kinds": ["array"],
        "dataType": "double",
        "dataWidth": "64",
        "arraySizes": ["832"],
        "multiInterfaceRef": [
          "weights1_address0",
          "weights1_d0",
          "weights1_q0"
        ]
      }
    },
    "weights2": {
      "index": "1",
      "type": {
        "kinds": ["array"],
        "dataType": "double",
        "dataWidth": "64",
        "arraySizes": ["4096"],
        "multiInterfaceRef": [
          "weights2_address0",
          "weights2_d0",
          "weights2_q0"
        ]
      }
    },
    "weights3": {
      "index": "2",
      "type": {
        "kinds": ["array"],
        "dataType": "double",
        "dataWidth": "64",
        "arraySizes": ["192"],
        "multiInterfaceRef": [
          "weights3_address0",
          "weights3_d0",
          "weights3_q0"
        ]
      }
    },
    "biases1": {
      "index": "3",
      "type": {
        "kinds": ["array"],
        "dataType": "double",
        "dataWidth": "64",
        "arraySizes": ["64"],
        "multiInterfaceRef": [
          "biases1_address0",
          "biases1_d0",
          "biases1_q0"
        ]
      }
    },
    "biases2": {
      "index": "4",
      "type": {
        "kinds": ["array"],
        "dataType": "double",
        "dataWidth": "64",
        "arraySizes": ["64"],
        "multiInterfaceRef": [
          "biases2_address0",
          "biases2_d0",
          "biases2_q0"
        ]
      }
    },
    "biases3": {
      "index": "5",
      "type": {
        "kinds": ["array"],
        "dataType": "double",
        "dataWidth": "64",
        "arraySizes": ["3"],
        "multiInterfaceRef": [
          "biases3_address0",
          "biases3_d0",
          "biases3_q0"
        ]
      }
    },
    "training_data": {
      "index": "6",
      "type": {
        "kinds": ["array"],
        "dataType": "double",
        "dataWidth": "64",
        "arraySizes": ["2119"],
        "multiInterfaceRef": [
          "training_data_address0",
          "training_data_q0"
        ]
      }
    },
    "training_targets": {
      "index": "7",
      "type": {
        "kinds": ["array"],
        "dataType": "double",
        "dataWidth": "64",
        "arraySizes": ["489"],
        "multiInterfaceRef": [
          "training_targets_address0",
          "training_targets_q0"
        ]
      }
    }
  },
  "Return": {
    
  },
  "ClockInfo": {
    "ClockName": "ap_clk",
    "ClockPeriod": "10",
    "IsCombLogic": "0",
    "II": "x",
    "Latency": "75475195",
    "Uncertainty": "1.25"
  },
  "Xdc": {"OocClocks": ["create_clock -name ap_clk -period 10.000 [get_ports ap_clk]"]},
  "Ipx": {
    "Vendor": "xilinx.com",
    "Library": "hls",
    "Name": "backprop",
    "Version": "1.0",
    "DisplayName": "Backprop",
    "Revision": "",
    "Description": "An IP generated by Vivado HLS",
    "Taxonomy": "\/VIVADO_HLS_IP",
    "AutoFamilySupport": ""
  },
  "Files": {
    "CSource": ["..\/basebase.c"],
    "Vhdl": [
      "impl\/vhdl\/backprop_activatiibs.vhd",
      "impl\/vhdl\/backprop_dadd_64nbkb.vhd",
      "impl\/vhdl\/backprop_dadddsubeOg.vhd",
      "impl\/vhdl\/backprop_ddiv_64nfYi.vhd",
      "impl\/vhdl\/backprop_delta_wemb6.vhd",
      "impl\/vhdl\/backprop_delta_wencg.vhd",
      "impl\/vhdl\/backprop_delta_weocq.vhd",
      "impl\/vhdl\/backprop_dexp_64ng8j.vhd",
      "impl\/vhdl\/backprop_dmul_64ncud.vhd",
      "impl\/vhdl\/backprop_dsqrt_64hbi.vhd",
      "impl\/vhdl\/backprop_mux_32_6dEe.vhd",
      "impl\/vhdl\/matrix_vector_produc.vhd",
      "impl\/vhdl\/matrix_vector_produc_1.vhd",
      "impl\/vhdl\/matrix_vector_produc_2.vhd",
      "impl\/vhdl\/RELU.vhd",
      "impl\/vhdl\/soft_max.vhd",
      "impl\/vhdl\/update_weights.vhd",
      "impl\/vhdl\/backprop.vhd"
    ],
    "Verilog": [
      "impl\/verilog\/backprop_activatiibs.v",
      "impl\/verilog\/backprop_dadd_64nbkb.v",
      "impl\/verilog\/backprop_dadddsubeOg.v",
      "impl\/verilog\/backprop_ddiv_64nfYi.v",
      "impl\/verilog\/backprop_delta_wemb6.v",
      "impl\/verilog\/backprop_delta_wencg.v",
      "impl\/verilog\/backprop_delta_weocq.v",
      "impl\/verilog\/backprop_dexp_64ng8j.v",
      "impl\/verilog\/backprop_dmul_64ncud.v",
      "impl\/verilog\/backprop_dsqrt_64hbi.v",
      "impl\/verilog\/backprop_mux_32_6dEe.v",
      "impl\/verilog\/matrix_vector_produc.v",
      "impl\/verilog\/matrix_vector_produc_1.v",
      "impl\/verilog\/matrix_vector_produc_2.v",
      "impl\/verilog\/RELU.v",
      "impl\/verilog\/soft_max.v",
      "impl\/verilog\/update_weights.v",
      "impl\/verilog\/backprop.v"
    ],
    "Misc": ["impl\/misc\/logo.png"],
    "Subcore": [
      "impl\/misc\/backprop_ap_dadd_3_full_dsp_64_ip.tcl",
      "impl\/misc\/backprop_ap_dadddsub_3_full_dsp_64_ip.tcl",
      "impl\/misc\/backprop_ap_ddiv_29_no_dsp_64_ip.tcl",
      "impl\/misc\/backprop_ap_dexp_13_full_dsp_64_ip.tcl",
      "impl\/misc\/backprop_ap_dmul_3_max_dsp_64_ip.tcl",
      "impl\/misc\/backprop_ap_dsqrt_28_no_dsp_64_ip.tcl"
    ],
    "DesignXml": "C:\/Users\/Greg\/Desktop\/backprop_base\/solution1\/.autopilot\/db\/backprop.design.xml",
    "DebugDir": "C:\/Users\/Greg\/Desktop\/backprop_base\/solution1\/.debug",
    "ProtoInst": ["C:\/Users\/Greg\/Desktop\/backprop_base\/solution1\/.debug\/backprop.protoinst"]
  },
  "SubcoreInfo": {
    "HasXpmMemory": false,
    "HasClockedDsp": false,
    "IP": [
      {
        "name": "backprop_ap_dadd_3_full_dsp_64",
        "vlnv": "xilinx.com:ip:floating_point:7.1",
        "params": "CONFIG.a_precision_type Double CONFIG.a_tuser_width 1 CONFIG.add_sub_value Add CONFIG.b_tuser_width 1 CONFIG.c_a_exponent_width 11 CONFIG.c_a_fraction_width 53 CONFIG.c_compare_operation Programmable CONFIG.c_has_divide_by_zero false CONFIG.c_has_invalid_op false CONFIG.c_has_overflow false CONFIG.c_has_underflow false CONFIG.c_latency 3 CONFIG.c_mult_usage Full_Usage CONFIG.c_optimization Speed_Optimized CONFIG.c_rate 1 CONFIG.c_result_exponent_width 11 CONFIG.c_result_fraction_width 53 CONFIG.component_name backprop_ap_dadd_3_full_dsp_64 CONFIG.flow_control NonBlocking CONFIG.has_a_tlast false CONFIG.has_a_tuser false CONFIG.has_aclken true CONFIG.has_aresetn false CONFIG.has_b_tlast false CONFIG.has_b_tuser false CONFIG.has_operation_tlast false CONFIG.has_operation_tuser false CONFIG.has_result_tready false CONFIG.maximum_latency false CONFIG.operation_tuser_width 1 CONFIG.operation_type Add_Subtract CONFIG.result_precision_type Double CONFIG.result_tlast_behv Null"
      },
      {
        "name": "backprop_ap_dadddsub_3_full_dsp_64",
        "vlnv": "xilinx.com:ip:floating_point:7.1",
        "params": "CONFIG.a_precision_type Double CONFIG.a_tuser_width 1 CONFIG.add_sub_value Both CONFIG.b_tuser_width 1 CONFIG.c_a_exponent_width 11 CONFIG.c_a_fraction_width 53 CONFIG.c_compare_operation Programmable CONFIG.c_has_divide_by_zero false CONFIG.c_has_invalid_op false CONFIG.c_has_overflow false CONFIG.c_has_underflow false CONFIG.c_latency 3 CONFIG.c_mult_usage Full_Usage CONFIG.c_optimization Speed_Optimized CONFIG.c_rate 1 CONFIG.c_result_exponent_width 11 CONFIG.c_result_fraction_width 53 CONFIG.component_name backprop_ap_dadddsub_3_full_dsp_64 CONFIG.flow_control NonBlocking CONFIG.has_a_tlast false CONFIG.has_a_tuser false CONFIG.has_aclken true CONFIG.has_aresetn false CONFIG.has_b_tlast false CONFIG.has_b_tuser false CONFIG.has_operation_tlast false CONFIG.has_operation_tuser false CONFIG.has_result_tready false CONFIG.maximum_latency false CONFIG.operation_tuser_width 1 CONFIG.operation_type Add_Subtract CONFIG.result_precision_type Double CONFIG.result_tlast_behv Null"
      },
      {
        "name": "backprop_ap_ddiv_29_no_dsp_64",
        "vlnv": "xilinx.com:ip:floating_point:7.1",
        "params": "CONFIG.a_precision_type Double CONFIG.a_tuser_width 1 CONFIG.add_sub_value Both CONFIG.b_tuser_width 1 CONFIG.c_a_exponent_width 11 CONFIG.c_a_fraction_width 53 CONFIG.c_compare_operation Programmable CONFIG.c_has_divide_by_zero false CONFIG.c_has_invalid_op false CONFIG.c_has_overflow false CONFIG.c_has_underflow false CONFIG.c_latency 29 CONFIG.c_mult_usage No_Usage CONFIG.c_optimization Speed_Optimized CONFIG.c_rate 1 CONFIG.c_result_exponent_width 11 CONFIG.c_result_fraction_width 53 CONFIG.component_name backprop_ap_ddiv_29_no_dsp_64 CONFIG.flow_control NonBlocking CONFIG.has_a_tlast false CONFIG.has_a_tuser false CONFIG.has_aclken true CONFIG.has_aresetn false CONFIG.has_b_tlast false CONFIG.has_b_tuser false CONFIG.has_operation_tlast false CONFIG.has_operation_tuser false CONFIG.has_result_tready false CONFIG.maximum_latency false CONFIG.operation_tuser_width 1 CONFIG.operation_type Divide CONFIG.result_precision_type Double CONFIG.result_tlast_behv Null"
      },
      {
        "name": "backprop_ap_dexp_13_full_dsp_64",
        "vlnv": "xilinx.com:ip:floating_point:7.1",
        "params": "CONFIG.a_precision_type Double CONFIG.a_tuser_width 1 CONFIG.add_sub_value Both CONFIG.b_tuser_width 1 CONFIG.c_a_exponent_width 11 CONFIG.c_a_fraction_width 53 CONFIG.c_compare_operation Programmable CONFIG.c_has_divide_by_zero false CONFIG.c_has_invalid_op false CONFIG.c_has_overflow false CONFIG.c_has_underflow false CONFIG.c_latency 13 CONFIG.c_mult_usage Full_Usage CONFIG.c_optimization Speed_Optimized CONFIG.c_rate 1 CONFIG.c_result_exponent_width 11 CONFIG.c_result_fraction_width 53 CONFIG.component_name backprop_ap_dexp_13_full_dsp_64 CONFIG.flow_control NonBlocking CONFIG.has_a_tlast false CONFIG.has_a_tuser false CONFIG.has_aclken true CONFIG.has_aresetn false CONFIG.has_b_tlast false CONFIG.has_b_tuser false CONFIG.has_operation_tlast false CONFIG.has_operation_tuser false CONFIG.has_result_tready false CONFIG.maximum_latency false CONFIG.operation_tuser_width 1 CONFIG.operation_type Exponential CONFIG.result_precision_type Double CONFIG.result_tlast_behv Null"
      },
      {
        "name": "backprop_ap_dmul_3_max_dsp_64",
        "vlnv": "xilinx.com:ip:floating_point:7.1",
        "params": "CONFIG.a_precision_type Double CONFIG.a_tuser_width 1 CONFIG.add_sub_value Both CONFIG.b_tuser_width 1 CONFIG.c_a_exponent_width 11 CONFIG.c_a_fraction_width 53 CONFIG.c_compare_operation Programmable CONFIG.c_has_divide_by_zero false CONFIG.c_has_invalid_op false CONFIG.c_has_overflow false CONFIG.c_has_underflow false CONFIG.c_latency 3 CONFIG.c_mult_usage Max_Usage CONFIG.c_optimization Speed_Optimized CONFIG.c_rate 1 CONFIG.c_result_exponent_width 11 CONFIG.c_result_fraction_width 53 CONFIG.component_name backprop_ap_dmul_3_max_dsp_64 CONFIG.flow_control NonBlocking CONFIG.has_a_tlast false CONFIG.has_a_tuser false CONFIG.has_aclken true CONFIG.has_aresetn false CONFIG.has_b_tlast false CONFIG.has_b_tuser false CONFIG.has_operation_tlast false CONFIG.has_operation_tuser false CONFIG.has_result_tready false CONFIG.maximum_latency false CONFIG.operation_tuser_width 1 CONFIG.operation_type Multiply CONFIG.result_precision_type Double CONFIG.result_tlast_behv Null"
      },
      {
        "name": "backprop_ap_dsqrt_28_no_dsp_64",
        "vlnv": "xilinx.com:ip:floating_point:7.1",
        "params": "CONFIG.a_precision_type Double CONFIG.a_tuser_width 1 CONFIG.add_sub_value Both CONFIG.b_tuser_width 1 CONFIG.c_a_exponent_width 11 CONFIG.c_a_fraction_width 53 CONFIG.c_compare_operation Programmable CONFIG.c_has_divide_by_zero false CONFIG.c_has_invalid_op false CONFIG.c_has_overflow false CONFIG.c_has_underflow false CONFIG.c_latency 28 CONFIG.c_mult_usage No_Usage CONFIG.c_optimization Speed_Optimized CONFIG.c_rate 1 CONFIG.c_result_exponent_width 11 CONFIG.c_result_fraction_width 53 CONFIG.component_name backprop_ap_dsqrt_28_no_dsp_64 CONFIG.flow_control NonBlocking CONFIG.has_a_tlast false CONFIG.has_a_tuser false CONFIG.has_aclken true CONFIG.has_aresetn false CONFIG.has_b_tlast false CONFIG.has_b_tuser false CONFIG.has_operation_tlast false CONFIG.has_operation_tuser false CONFIG.has_result_tready false CONFIG.maximum_latency false CONFIG.operation_tuser_width 1 CONFIG.operation_type Square_Root CONFIG.result_precision_type Double CONFIG.result_tlast_behv Null"
      }
    ]
  },
  "Interfaces": {
    "ap_clk": {
      "type": "clock",
      "ctype": {"CLK": {"Type": "bool"}},
      "bundle_name": "ap_clk",
      "bundle_role": "default",
      "reset": "ap_rst"
    },
    "ap_ctrl": {
      "type": "ap_ctrl",
      "ctrl_ports": "ap_start ap_done ap_idle ap_ready",
      "ctype": {
        "start": {"Type": "bool"},
        "done": {"Type": "bool"},
        "idle": {"Type": "bool"},
        "ready": {"Type": "bool"}
      }
    },
    "ap_rst": {
      "type": "reset",
      "polarity": "ACTIVE_HIGH",
      "ctype": {"RST": {"Type": "bool"}},
      "bundle_name": "ap_rst",
      "bundle_role": "default"
    },
    "biases1_address0": {
      "type": "data",
      "dir": "out",
      "width": "6",
      "ctype": {"DATA": {
          "Type": "null",
          "Width": "6"
        }},
      "bundle_name": "biases1",
      "bundle_role": "address0"
    },
    "biases1_d0": {
      "type": "data",
      "dir": "out",
      "width": "64",
      "ctype": {"DATA": {
          "Type": "real float",
          "Width": "64"
        }},
      "bundle_name": "biases1",
      "bundle_role": "d0"
    },
    "biases1_q0": {
      "type": "data",
      "dir": "in",
      "width": "64",
      "ctype": {"DATA": {
          "Type": "real float",
          "Width": "64"
        }},
      "bundle_name": "biases1",
      "bundle_role": "q0"
    },
    "biases2_address0": {
      "type": "data",
      "dir": "out",
      "width": "6",
      "ctype": {"DATA": {
          "Type": "null",
          "Width": "6"
        }},
      "bundle_name": "biases2",
      "bundle_role": "address0"
    },
    "biases2_d0": {
      "type": "data",
      "dir": "out",
      "width": "64",
      "ctype": {"DATA": {
          "Type": "real float",
          "Width": "64"
        }},
      "bundle_name": "biases2",
      "bundle_role": "d0"
    },
    "biases2_q0": {
      "type": "data",
      "dir": "in",
      "width": "64",
      "ctype": {"DATA": {
          "Type": "real float",
          "Width": "64"
        }},
      "bundle_name": "biases2",
      "bundle_role": "q0"
    },
    "biases3_address0": {
      "type": "data",
      "dir": "out",
      "width": "2",
      "ctype": {"DATA": {
          "Type": "null",
          "Width": "2"
        }},
      "bundle_name": "biases3",
      "bundle_role": "address0"
    },
    "biases3_d0": {
      "type": "data",
      "dir": "out",
      "width": "64",
      "ctype": {"DATA": {
          "Type": "real float",
          "Width": "64"
        }},
      "bundle_name": "biases3",
      "bundle_role": "d0"
    },
    "biases3_q0": {
      "type": "data",
      "dir": "in",
      "width": "64",
      "ctype": {"DATA": {
          "Type": "real float",
          "Width": "64"
        }},
      "bundle_name": "biases3",
      "bundle_role": "q0"
    },
    "training_data_address0": {
      "type": "data",
      "dir": "out",
      "width": "12",
      "ctype": {"DATA": {
          "Type": "null",
          "Width": "12"
        }},
      "bundle_name": "training_data",
      "bundle_role": "address0"
    },
    "training_data_q0": {
      "type": "data",
      "dir": "in",
      "width": "64",
      "ctype": {"DATA": {
          "Type": "real float",
          "Width": "64"
        }},
      "bundle_name": "training_data",
      "bundle_role": "q0"
    },
    "training_targets_address0": {
      "type": "data",
      "dir": "out",
      "width": "9",
      "ctype": {"DATA": {
          "Type": "null",
          "Width": "9"
        }},
      "bundle_name": "training_targets",
      "bundle_role": "address0"
    },
    "training_targets_q0": {
      "type": "data",
      "dir": "in",
      "width": "64",
      "ctype": {"DATA": {
          "Type": "real float",
          "Width": "64"
        }},
      "bundle_name": "training_targets",
      "bundle_role": "q0"
    },
    "weights1_address0": {
      "type": "data",
      "dir": "out",
      "width": "10",
      "ctype": {"DATA": {
          "Type": "null",
          "Width": "10"
        }},
      "bundle_name": "weights1",
      "bundle_role": "address0"
    },
    "weights1_d0": {
      "type": "data",
      "dir": "out",
      "width": "64",
      "ctype": {"DATA": {
          "Type": "real float",
          "Width": "64"
        }},
      "bundle_name": "weights1",
      "bundle_role": "d0"
    },
    "weights1_q0": {
      "type": "data",
      "dir": "in",
      "width": "64",
      "ctype": {"DATA": {
          "Type": "real float",
          "Width": "64"
        }},
      "bundle_name": "weights1",
      "bundle_role": "q0"
    },
    "weights2_address0": {
      "type": "data",
      "dir": "out",
      "width": "12",
      "ctype": {"DATA": {
          "Type": "null",
          "Width": "12"
        }},
      "bundle_name": "weights2",
      "bundle_role": "address0"
    },
    "weights2_d0": {
      "type": "data",
      "dir": "out",
      "width": "64",
      "ctype": {"DATA": {
          "Type": "real float",
          "Width": "64"
        }},
      "bundle_name": "weights2",
      "bundle_role": "d0"
    },
    "weights2_q0": {
      "type": "data",
      "dir": "in",
      "width": "64",
      "ctype": {"DATA": {
          "Type": "real float",
          "Width": "64"
        }},
      "bundle_name": "weights2",
      "bundle_role": "q0"
    },
    "weights3_address0": {
      "type": "data",
      "dir": "out",
      "width": "8",
      "ctype": {"DATA": {
          "Type": "null",
          "Width": "8"
        }},
      "bundle_name": "weights3",
      "bundle_role": "address0"
    },
    "weights3_d0": {
      "type": "data",
      "dir": "out",
      "width": "64",
      "ctype": {"DATA": {
          "Type": "real float",
          "Width": "64"
        }},
      "bundle_name": "weights3",
      "bundle_role": "d0"
    },
    "weights3_q0": {
      "type": "data",
      "dir": "in",
      "width": "64",
      "ctype": {"DATA": {
          "Type": "real float",
          "Width": "64"
        }},
      "bundle_name": "weights3",
      "bundle_role": "q0"
    }
  },
  "RtlPorts": {
    "ap_clk": {
      "dir": "in",
      "width": "1"
    },
    "ap_rst": {
      "dir": "in",
      "width": "1"
    },
    "ap_start": {
      "dir": "in",
      "width": "1"
    },
    "ap_done": {
      "dir": "out",
      "width": "1"
    },
    "ap_idle": {
      "dir": "out",
      "width": "1"
    },
    "ap_ready": {
      "dir": "out",
      "width": "1"
    },
    "weights1_address0": {
      "dir": "out",
      "width": "10"
    },
    "weights1_ce0": {
      "dir": "out",
      "width": "1"
    },
    "weights1_we0": {
      "dir": "out",
      "width": "1"
    },
    "weights1_d0": {
      "dir": "out",
      "width": "64"
    },
    "weights1_q0": {
      "dir": "in",
      "width": "64"
    },
    "weights2_address0": {
      "dir": "out",
      "width": "12"
    },
    "weights2_ce0": {
      "dir": "out",
      "width": "1"
    },
    "weights2_we0": {
      "dir": "out",
      "width": "1"
    },
    "weights2_d0": {
      "dir": "out",
      "width": "64"
    },
    "weights2_q0": {
      "dir": "in",
      "width": "64"
    },
    "weights3_address0": {
      "dir": "out",
      "width": "8"
    },
    "weights3_ce0": {
      "dir": "out",
      "width": "1"
    },
    "weights3_we0": {
      "dir": "out",
      "width": "1"
    },
    "weights3_d0": {
      "dir": "out",
      "width": "64"
    },
    "weights3_q0": {
      "dir": "in",
      "width": "64"
    },
    "biases1_address0": {
      "dir": "out",
      "width": "6"
    },
    "biases1_ce0": {
      "dir": "out",
      "width": "1"
    },
    "biases1_we0": {
      "dir": "out",
      "width": "1"
    },
    "biases1_d0": {
      "dir": "out",
      "width": "64"
    },
    "biases1_q0": {
      "dir": "in",
      "width": "64"
    },
    "biases2_address0": {
      "dir": "out",
      "width": "6"
    },
    "biases2_ce0": {
      "dir": "out",
      "width": "1"
    },
    "biases2_we0": {
      "dir": "out",
      "width": "1"
    },
    "biases2_d0": {
      "dir": "out",
      "width": "64"
    },
    "biases2_q0": {
      "dir": "in",
      "width": "64"
    },
    "biases3_address0": {
      "dir": "out",
      "width": "2"
    },
    "biases3_ce0": {
      "dir": "out",
      "width": "1"
    },
    "biases3_we0": {
      "dir": "out",
      "width": "1"
    },
    "biases3_d0": {
      "dir": "out",
      "width": "64"
    },
    "biases3_q0": {
      "dir": "in",
      "width": "64"
    },
    "training_data_address0": {
      "dir": "out",
      "width": "12"
    },
    "training_data_ce0": {
      "dir": "out",
      "width": "1"
    },
    "training_data_q0": {
      "dir": "in",
      "width": "64"
    },
    "training_targets_address0": {
      "dir": "out",
      "width": "9"
    },
    "training_targets_ce0": {
      "dir": "out",
      "width": "1"
    },
    "training_targets_q0": {
      "dir": "in",
      "width": "64"
    }
  },
  "ModuleInfo": {
    "Hierarchy": {
      "ModuleName": "backprop",
      "Instances": [
        {
          "ModuleName": "update_weights",
          "InstanceName": "grp_update_weights_fu_879"
        },
        {
          "ModuleName": "RELU",
          "InstanceName": "grp_RELU_fu_903"
        },
        {
          "ModuleName": "soft_max",
          "InstanceName": "grp_soft_max_fu_913"
        },
        {
          "ModuleName": "matrix_vector_produc_1",
          "InstanceName": "grp_matrix_vector_produc_1_fu_923"
        },
        {
          "ModuleName": "matrix_vector_produc_2",
          "InstanceName": "grp_matrix_vector_produc_2_fu_938"
        },
        {
          "ModuleName": "matrix_vector_produc",
          "InstanceName": "grp_matrix_vector_produc_fu_951"
        }
      ]
    },
    "Info": {
      "matrix_vector_produc_2": {
        "FunctionProtocol": "ap_ctrl_hs",
        "isTaskLevelControl": "1",
        "isPipelined": "0",
        "isCombinational": "0",
        "isOneStateSeq": "0"
      },
      "matrix_vector_produc": {
        "FunctionProtocol": "ap_ctrl_hs",
        "isTaskLevelControl": "1",
        "isPipelined": "0",
        "isCombinational": "0",
        "isOneStateSeq": "0"
      },
      "matrix_vector_produc_1": {
        "FunctionProtocol": "ap_ctrl_hs",
        "isTaskLevelControl": "1",
        "isPipelined": "0",
        "isCombinational": "0",
        "isOneStateSeq": "0"
      },
      "RELU": {
        "FunctionProtocol": "ap_ctrl_hs",
        "isTaskLevelControl": "1",
        "isPipelined": "0",
        "isCombinational": "0",
        "isOneStateSeq": "0"
      },
      "soft_max": {
        "FunctionProtocol": "ap_ctrl_hs",
        "isTaskLevelControl": "1",
        "isPipelined": "0",
        "isCombinational": "0",
        "isOneStateSeq": "0"
      },
      "update_weights": {
        "FunctionProtocol": "ap_ctrl_hs",
        "isTaskLevelControl": "1",
        "isPipelined": "0",
        "isCombinational": "0",
        "isOneStateSeq": "0"
      },
      "backprop": {
        "FunctionProtocol": "ap_ctrl_hs",
        "isTaskLevelControl": "1",
        "isPipelined": "0",
        "isCombinational": "0",
        "isOneStateSeq": "0"
      }
    },
    "Metrics": {
      "matrix_vector_produc_2": {
        "Latency": {
          "LatencyBest": "10626",
          "LatencyAvg": "10626",
          "LatencyWorst": "10626",
          "PipelineII": "10626",
          "PipelineDepth": "",
          "PipelineType": "none"
        },
        "Timing": {
          "Target": "10.00",
          "Uncertainty": "1.25",
          "Estimate": "8.417"
        },
        "Loops": [
          {
            "Name": "Loop 1",
            "TripCount": "64",
            "Latency": "10112",
            "PipelineII": "",
            "PipelineDepth": "158",
            "Loops": [{
                "Name": "Loop 1.1",
                "TripCount": "13",
                "Latency": "156",
                "PipelineII": "",
                "PipelineDepth": "12"
              }]
          },
          {
            "Name": "Loop 2",
            "TripCount": "64",
            "Latency": "512",
            "PipelineII": "",
            "PipelineDepth": "8"
          }
        ],
        "Area": {
          "DSP48E": "14",
          "FF": "1282",
          "LUT": "1817",
          "BRAM_18K": "0",
          "URAM": "0"
        }
      },
      "matrix_vector_produc": {
        "Latency": {
          "LatencyBest": "53890",
          "LatencyAvg": "53890",
          "LatencyWorst": "53890",
          "PipelineII": "53890",
          "PipelineDepth": "",
          "PipelineType": "none"
        },
        "Timing": {
          "Target": "10.00",
          "Uncertainty": "1.25",
          "Estimate": "8.417"
        },
        "Loops": [
          {
            "Name": "Loop 1",
            "TripCount": "64",
            "Latency": "53376",
            "PipelineII": "",
            "PipelineDepth": "834",
            "Loops": [{
                "Name": "Loop 1.1",
                "TripCount": "64",
                "Latency": "832",
                "PipelineII": "",
                "PipelineDepth": "13"
              }]
          },
          {
            "Name": "Loop 2",
            "TripCount": "64",
            "Latency": "512",
            "PipelineII": "",
            "PipelineDepth": "8"
          }
        ],
        "Area": {
          "DSP48E": "14",
          "FF": "1275",
          "LUT": "1798",
          "BRAM_18K": "0",
          "URAM": "0"
        }
      },
      "matrix_vector_produc_1": {
        "Latency": {
          "LatencyBest": "2525",
          "LatencyAvg": "2525",
          "LatencyWorst": "2525",
          "PipelineII": "2525",
          "PipelineDepth": "",
          "PipelineType": "none"
        },
        "Timing": {
          "Target": "10.00",
          "Uncertainty": "1.25",
          "Estimate": "8.690"
        },
        "Loops": [
          {
            "Name": "Loop 1",
            "TripCount": "3",
            "Latency": "2502",
            "PipelineII": "",
            "PipelineDepth": "834",
            "Loops": [{
                "Name": "Loop 1.1",
                "TripCount": "64",
                "Latency": "832",
                "PipelineII": "",
                "PipelineDepth": "13"
              }]
          },
          {
            "Name": "Loop 2",
            "TripCount": "3",
            "Latency": "21",
            "PipelineII": "",
            "PipelineDepth": "7"
          }
        ],
        "Area": {
          "DSP48E": "14",
          "FF": "1816",
          "LUT": "2777",
          "BRAM_18K": "0",
          "URAM": "0"
        }
      },
      "RELU": {
        "Latency": {
          "LatencyBest": "184",
          "LatencyAvg": "184",
          "LatencyWorst": "184",
          "PipelineII": "184",
          "PipelineDepth": "",
          "PipelineType": "none"
        },
        "Timing": {
          "Target": "10.00",
          "Uncertainty": "1.25",
          "Estimate": "8.417"
        },
        "Loops": [{
            "Name": "Loop 1",
            "TripCount": "3",
            "Latency": "183",
            "PipelineII": "",
            "PipelineDepth": "61"
          }],
        "Area": {
          "DSP48E": "40",
          "FF": "6160",
          "LUT": "8596",
          "BRAM_18K": "0",
          "URAM": "0"
        }
      },
      "soft_max": {
        "Latency": {
          "LatencyBest": "206",
          "LatencyAvg": "206",
          "LatencyWorst": "206",
          "PipelineII": "206",
          "PipelineDepth": "",
          "PipelineType": "none"
        },
        "Timing": {
          "Target": "10.00",
          "Uncertainty": "1.25",
          "Estimate": "8.362"
        },
        "Loops": [
          {
            "Name": "Loop 1",
            "TripCount": "3",
            "Latency": "63",
            "PipelineII": "",
            "PipelineDepth": "21"
          },
          {
            "Name": "Loop 2",
            "TripCount": "3",
            "Latency": "141",
            "PipelineII": "",
            "PipelineDepth": "47"
          }
        ],
        "Area": {
          "DSP48E": "29",
          "FF": "5360",
          "LUT": "7759",
          "BRAM_18K": "0",
          "URAM": "0"
        }
      },
      "update_weights": {
        "Latency": {
          "LatencyBest": "294710",
          "LatencyAvg": "294710",
          "LatencyWorst": "294710",
          "PipelineII": "294710",
          "PipelineDepth": "",
          "PipelineType": "none"
        },
        "Timing": {
          "Target": "10.00",
          "Uncertainty": "1.25",
          "Estimate": "9.110"
        },
        "Loops": [
          {
            "Name": "Loop 1",
            "TripCount": "13",
            "Latency": "18330",
            "PipelineII": "",
            "PipelineDepth": "1410",
            "Loops": [{
                "Name": "Loop 1.1",
                "TripCount": "64",
                "Latency": "1408",
                "PipelineII": "",
                "PipelineDepth": "22"
              }]
          },
          {
            "Name": "Loop 2",
            "TripCount": "64",
            "Latency": "1408",
            "PipelineII": "",
            "PipelineDepth": "22"
          },
          {
            "Name": "Loop 3",
            "TripCount": "13",
            "Latency": "28314",
            "PipelineII": "",
            "PipelineDepth": "2178",
            "Loops": [{
                "Name": "Loop 3.1",
                "TripCount": "64",
                "Latency": "2176",
                "PipelineII": "",
                "PipelineDepth": "34"
              }]
          },
          {
            "Name": "Loop 4",
            "TripCount": "64",
            "Latency": "2176",
            "PipelineII": "",
            "PipelineDepth": "34"
          },
          {
            "Name": "Loop 5",
            "TripCount": "64",
            "Latency": "90240",
            "PipelineII": "",
            "PipelineDepth": "1410",
            "Loops": [{
                "Name": "Loop 5.1",
                "TripCount": "64",
                "Latency": "1408",
                "PipelineII": "",
                "PipelineDepth": "22"
              }]
          },
          {
            "Name": "Loop 6",
            "TripCount": "64",
            "Latency": "1408",
            "PipelineII": "",
            "PipelineDepth": "22"
          },
          {
            "Name": "Loop 7",
            "TripCount": "64",
            "Latency": "139392",
            "PipelineII": "",
            "PipelineDepth": "2178",
            "Loops": [{
                "Name": "Loop 7.1",
                "TripCount": "64",
                "Latency": "2176",
                "PipelineII": "",
                "PipelineDepth": "34"
              }]
          },
          {
            "Name": "Loop 8",
            "TripCount": "64",
            "Latency": "2176",
            "PipelineII": "",
            "PipelineDepth": "34"
          },
          {
            "Name": "Loop 9",
            "TripCount": "64",
            "Latency": "4352",
            "PipelineII": "",
            "PipelineDepth": "68",
            "Loops": [{
                "Name": "Loop 9.1",
                "TripCount": "3",
                "Latency": "66",
                "PipelineII": "",
                "PipelineDepth": "22"
              }]
          },
          {
            "Name": "Loop 10",
            "TripCount": "3",
            "Latency": "63",
            "PipelineII": "",
            "PipelineDepth": "21"
          },
          {
            "Name": "Loop 11",
            "TripCount": "64",
            "Latency": "6656",
            "PipelineII": "",
            "PipelineDepth": "104",
            "Loops": [{
                "Name": "Loop 11.1",
                "TripCount": "3",
                "Latency": "102",
                "PipelineII": "",
                "PipelineDepth": "34"
              }]
          },
          {
            "Name": "Loop 12",
            "TripCount": "3",
            "Latency": "96",
            "PipelineII": "",
            "PipelineDepth": "32"
          }
        ],
        "Area": {
          "DSP48E": "14",
          "FF": "9842",
          "LUT": "10044",
          "BRAM_18K": "0",
          "URAM": "0"
        }
      },
      "backprop": {
        "Latency": {
          "LatencyBest": "75475195",
          "LatencyAvg": "75475195",
          "LatencyWorst": "75475195",
          "PipelineII": "75475196",
          "PipelineDepth": "",
          "PipelineType": "none"
        },
        "Timing": {
          "Target": "10.00",
          "Uncertainty": "1.25",
          "Estimate": "9.110"
        },
        "Loops": [{
            "Name": "Loop 1",
            "TripCount": "163",
            "Latency": "75475194",
            "PipelineII": "",
            "PipelineDepth": "463038",
            "Loops": [
              {
                "Name": "Loop 1.1",
                "TripCount": "64",
                "Latency": "128",
                "PipelineII": "",
                "PipelineDepth": "2"
              },
              {
                "Name": "Loop 1.2",
                "TripCount": "64",
                "Latency": "3456",
                "PipelineII": "",
                "PipelineDepth": "54"
              },
              {
                "Name": "Loop 1.3",
                "TripCount": "64",
                "Latency": "3456",
                "PipelineII": "",
                "PipelineDepth": "54"
              },
              {
                "Name": "Loop 1.4",
                "TripCount": "3",
                "Latency": "42",
                "PipelineII": "",
                "PipelineDepth": "14"
              },
              {
                "Name": "Loop 1.5",
                "TripCount": "64",
                "Latency": "1536",
                "PipelineII": "",
                "PipelineDepth": "24",
                "Loops": [{
                    "Name": "Loop 1.5.1",
                    "TripCount": "3",
                    "Latency": "21",
                    "PipelineII": "",
                    "PipelineDepth": "7"
                  }]
              },
              {
                "Name": "Loop 1.6",
                "TripCount": "64",
                "Latency": "2880",
                "PipelineII": "",
                "PipelineDepth": "45",
                "Loops": [{
                    "Name": "Loop 1.6.1",
                    "TripCount": "3",
                    "Latency": "36",
                    "PipelineII": "",
                    "PipelineDepth": "12"
                  }]
              },
              {
                "Name": "Loop 1.7",
                "TripCount": "64",
                "Latency": "32960",
                "PipelineII": "",
                "PipelineDepth": "515",
                "Loops": [{
                    "Name": "Loop 1.7.1",
                    "TripCount": "64",
                    "Latency": "512",
                    "PipelineII": "",
                    "PipelineDepth": "8"
                  }]
              },
              {
                "Name": "Loop 1.8",
                "TripCount": "64",
                "Latency": "49728",
                "PipelineII": "",
                "PipelineDepth": "777",
                "Loops": [{
                    "Name": "Loop 1.8.1",
                    "TripCount": "64",
                    "Latency": "768",
                    "PipelineII": "",
                    "PipelineDepth": "12"
                  }]
              },
              {
                "Name": "Loop 1.9",
                "TripCount": "13",
                "Latency": "6695",
                "PipelineII": "",
                "PipelineDepth": "515",
                "Loops": [{
                    "Name": "Loop 1.9.1",
                    "TripCount": "64",
                    "Latency": "512",
                    "PipelineII": "",
                    "PipelineDepth": "8"
                  }]
              }
            ]
          }],
        "Area": {
          "BRAM_18K": "34",
          "DSP48E": "165",
          "FF": "35260",
          "LUT": "42018",
          "URAM": "0"
        }
      }
    }
  },
  "Sdx": {
    "Target": "none",
    "ProfileOption": "0",
    "ProfileType": "none",
    "XO": "",
    "KernelName": "backprop",
    "EnableXoSwEmu": "1"
  },
  "GenData": {
    "DataVersion": "0.2",
    "Time": "2022-05-21 18:18:20 -0500",
    "ToolName": "vivado_hls",
    "ToolVersion": "2019.2"
  }
}
