{
  "Top": "kernel_2mm_base",
  "RtlTop": "kernel_2mm_base",
  "RtlPrefix": "",
  "SourceLanguage": "cpp",
  "ResetStyle": "control",
  "GenerateBdFiles": "0",
  "HostMachineBits": "64",
  "Target": {
    "Family": "zynq",
    "Device": "xc7z045",
    "Package": "-ffg900",
    "Speed": "-2"
  },
  "HlsSolution": {
    
  },
  "Args": {
    "alpha": {
      "index": "0",
      "type": {
        "dataType": "float",
        "dataWidth": "32",
        "interfaceRef": "alpha"
      }
    },
    "beta": {
      "index": "1",
      "type": {
        "dataType": "float",
        "dataWidth": "32",
        "interfaceRef": "beta"
      }
    },
    "tmp": {
      "index": "2",
      "type": {
        "kinds": ["array"],
        "dataType": "float",
        "dataWidth": "32",
        "arraySizes": [
          "180",
          "190"
        ],
        "multiInterfaceRef": [
          "tmp_address0",
          "tmp_d0",
          "tmp_q0"
        ]
      }
    },
    "A": {
      "index": "3",
      "type": {
        "kinds": ["array"],
        "dataType": "float",
        "dataWidth": "32",
        "arraySizes": [
          "180",
          "210"
        ],
        "multiInterfaceRef": [
          "A_address0",
          "A_q0"
        ]
      }
    },
    "B": {
      "index": "4",
      "type": {
        "kinds": ["array"],
        "dataType": "float",
        "dataWidth": "32",
        "arraySizes": [
          "210",
          "190"
        ],
        "multiInterfaceRef": [
          "B_address0",
          "B_q0"
        ]
      }
    },
    "C": {
      "index": "5",
      "type": {
        "kinds": ["array"],
        "dataType": "float",
        "dataWidth": "32",
        "arraySizes": [
          "190",
          "220"
        ],
        "multiInterfaceRef": [
          "C_address0",
          "C_q0"
        ]
      }
    },
    "D": {
      "index": "6",
      "type": {
        "kinds": ["array"],
        "dataType": "float",
        "dataWidth": "32",
        "arraySizes": [
          "180",
          "220"
        ],
        "multiInterfaceRef": [
          "D_address0",
          "D_d0",
          "D_q0"
        ]
      }
    }
  },
  "Return": {
    
  },
  "ClockInfo": {
    "ClockName": "ap_clk",
    "ClockPeriod": "10",
    "IsCombLogic": "0",
    "II": "x",
    "Latency": "154246322",
    "Uncertainty": "1.25"
  },
  "Xdc": {"OocClocks": ["create_clock -name ap_clk -period 10.000 [get_ports ap_clk]"]},
  "Ipx": {
    "Vendor": "xilinx.com",
    "Library": "hls",
    "Name": "kernel_2mm_base",
    "Version": "1.0",
    "DisplayName": "Kernel_2mm_base",
    "Revision": "",
    "Description": "An IP generated by Vivado HLS",
    "Taxonomy": "\/VIVADO_HLS_IP",
    "AutoFamilySupport": ""
  },
  "Files": {
    "CSource": [
      "..\/base.cpp",
      "..\/Small_AScaleDSE_out.cpp",
      "..\/ScaleHLS_DSE_out.cpp"
    ],
    "Vhdl": [
      "impl\/vhdl\/kernel_2mm_base_fbkb.vhd",
      "impl\/vhdl\/kernel_2mm_base_fcud.vhd",
      "impl\/vhdl\/kernel_2mm_base.vhd"
    ],
    "Verilog": [
      "impl\/verilog\/kernel_2mm_base_fbkb.v",
      "impl\/verilog\/kernel_2mm_base_fcud.v",
      "impl\/verilog\/kernel_2mm_base.v"
    ],
    "Misc": ["impl\/misc\/logo.png"],
    "Subcore": [
      "impl\/misc\/kernel_2mm_base_ap_fadd_2_full_dsp_32_ip.tcl",
      "impl\/misc\/kernel_2mm_base_ap_fmul_1_max_dsp_32_ip.tcl"
    ],
    "DesignXml": "C:\/Users\/GregRoom\/AppData\/Roaming\/Xilinx\/Vivado\/2.2mm_medium\/base\/.autopilot\/db\/kernel_2mm_base.design.xml",
    "DebugDir": "C:\/Users\/GregRoom\/AppData\/Roaming\/Xilinx\/Vivado\/2.2mm_medium\/base\/.debug",
    "ProtoInst": ["C:\/Users\/GregRoom\/AppData\/Roaming\/Xilinx\/Vivado\/2.2mm_medium\/base\/.debug\/kernel_2mm_base.protoinst"]
  },
  "SubcoreInfo": {
    "HasXpmMemory": false,
    "HasClockedDsp": false,
    "IP": [
      {
        "name": "kernel_2mm_base_ap_fadd_2_full_dsp_32",
        "vlnv": "xilinx.com:ip:floating_point:7.1",
        "params": "CONFIG.a_precision_type Single CONFIG.a_tuser_width 1 CONFIG.add_sub_value Add CONFIG.b_tuser_width 1 CONFIG.c_a_exponent_width 8 CONFIG.c_a_fraction_width 24 CONFIG.c_compare_operation Programmable CONFIG.c_has_divide_by_zero false CONFIG.c_has_invalid_op false CONFIG.c_has_overflow false CONFIG.c_has_underflow false CONFIG.c_latency 2 CONFIG.c_mult_usage Full_Usage CONFIG.c_optimization Speed_Optimized CONFIG.c_rate 1 CONFIG.c_result_exponent_width 8 CONFIG.c_result_fraction_width 24 CONFIG.component_name kernel_2mm_base_ap_fadd_2_full_dsp_32 CONFIG.flow_control NonBlocking CONFIG.has_a_tlast false CONFIG.has_a_tuser false CONFIG.has_aclken true CONFIG.has_aresetn false CONFIG.has_b_tlast false CONFIG.has_b_tuser false CONFIG.has_operation_tlast false CONFIG.has_operation_tuser false CONFIG.has_result_tready false CONFIG.maximum_latency false CONFIG.operation_tuser_width 1 CONFIG.operation_type Add_Subtract CONFIG.result_precision_type Single CONFIG.result_tlast_behv Null"
      },
      {
        "name": "kernel_2mm_base_ap_fmul_1_max_dsp_32",
        "vlnv": "xilinx.com:ip:floating_point:7.1",
        "params": "CONFIG.a_precision_type Single CONFIG.a_tuser_width 1 CONFIG.add_sub_value Both CONFIG.b_tuser_width 1 CONFIG.c_a_exponent_width 8 CONFIG.c_a_fraction_width 24 CONFIG.c_compare_operation Programmable CONFIG.c_has_divide_by_zero false CONFIG.c_has_invalid_op false CONFIG.c_has_overflow false CONFIG.c_has_underflow false CONFIG.c_latency 1 CONFIG.c_mult_usage Max_Usage CONFIG.c_optimization Speed_Optimized CONFIG.c_rate 1 CONFIG.c_result_exponent_width 8 CONFIG.c_result_fraction_width 24 CONFIG.component_name kernel_2mm_base_ap_fmul_1_max_dsp_32 CONFIG.flow_control NonBlocking CONFIG.has_a_tlast false CONFIG.has_a_tuser false CONFIG.has_aclken true CONFIG.has_aresetn false CONFIG.has_b_tlast false CONFIG.has_b_tuser false CONFIG.has_operation_tlast false CONFIG.has_operation_tuser false CONFIG.has_result_tready false CONFIG.maximum_latency false CONFIG.operation_tuser_width 1 CONFIG.operation_type Multiply CONFIG.result_precision_type Single CONFIG.result_tlast_behv Null"
      }
    ]
  },
  "Interfaces": {
    "A_address0": {
      "type": "data",
      "dir": "out",
      "width": "16",
      "ctype": {"DATA": {
          "Type": "null",
          "Width": "16"
        }},
      "bundle_name": "A",
      "bundle_role": "address0"
    },
    "A_q0": {
      "type": "data",
      "dir": "in",
      "width": "32",
      "ctype": {"DATA": {
          "Type": "real float",
          "Width": "32"
        }},
      "bundle_name": "A",
      "bundle_role": "q0"
    },
    "alpha": {
      "type": "data",
      "dir": "in",
      "width": "32",
      "ctype": {"DATA": {
          "Type": "real float",
          "Width": "32"
        }},
      "bundle_name": "alpha",
      "bundle_role": "default"
    },
    "ap_clk": {
      "type": "clock",
      "ctype": {"CLK": {"Type": "bool"}},
      "bundle_name": "ap_clk",
      "bundle_role": "default",
      "reset": "ap_rst"
    },
    "ap_ctrl": {
      "type": "ap_ctrl",
      "ctrl_ports": "ap_start ap_done ap_idle ap_ready",
      "ctype": {
        "start": {"Type": "bool"},
        "done": {"Type": "bool"},
        "idle": {"Type": "bool"},
        "ready": {"Type": "bool"}
      }
    },
    "ap_rst": {
      "type": "reset",
      "polarity": "ACTIVE_HIGH",
      "ctype": {"RST": {"Type": "bool"}},
      "bundle_name": "ap_rst",
      "bundle_role": "default"
    },
    "B_address0": {
      "type": "data",
      "dir": "out",
      "width": "16",
      "ctype": {"DATA": {
          "Type": "null",
          "Width": "16"
        }},
      "bundle_name": "B",
      "bundle_role": "address0"
    },
    "B_q0": {
      "type": "data",
      "dir": "in",
      "width": "32",
      "ctype": {"DATA": {
          "Type": "real float",
          "Width": "32"
        }},
      "bundle_name": "B",
      "bundle_role": "q0"
    },
    "beta": {
      "type": "data",
      "dir": "in",
      "width": "32",
      "ctype": {"DATA": {
          "Type": "real float",
          "Width": "32"
        }},
      "bundle_name": "beta",
      "bundle_role": "default"
    },
    "C_address0": {
      "type": "data",
      "dir": "out",
      "width": "16",
      "ctype": {"DATA": {
          "Type": "null",
          "Width": "16"
        }},
      "bundle_name": "C",
      "bundle_role": "address0"
    },
    "C_q0": {
      "type": "data",
      "dir": "in",
      "width": "32",
      "ctype": {"DATA": {
          "Type": "real float",
          "Width": "32"
        }},
      "bundle_name": "C",
      "bundle_role": "q0"
    },
    "D_address0": {
      "type": "data",
      "dir": "out",
      "width": "16",
      "ctype": {"DATA": {
          "Type": "null",
          "Width": "16"
        }},
      "bundle_name": "D",
      "bundle_role": "address0"
    },
    "D_d0": {
      "type": "data",
      "dir": "out",
      "width": "32",
      "ctype": {"DATA": {
          "Type": "real float",
          "Width": "32"
        }},
      "bundle_name": "D",
      "bundle_role": "d0"
    },
    "D_q0": {
      "type": "data",
      "dir": "in",
      "width": "32",
      "ctype": {"DATA": {
          "Type": "real float",
          "Width": "32"
        }},
      "bundle_name": "D",
      "bundle_role": "q0"
    },
    "tmp_address0": {
      "type": "data",
      "dir": "out",
      "width": "16",
      "ctype": {"DATA": {
          "Type": "null",
          "Width": "16"
        }},
      "bundle_name": "tmp",
      "bundle_role": "address0"
    },
    "tmp_d0": {
      "type": "data",
      "dir": "out",
      "width": "32",
      "ctype": {"DATA": {
          "Type": "real float",
          "Width": "32"
        }},
      "bundle_name": "tmp",
      "bundle_role": "d0"
    },
    "tmp_q0": {
      "type": "data",
      "dir": "in",
      "width": "32",
      "ctype": {"DATA": {
          "Type": "real float",
          "Width": "32"
        }},
      "bundle_name": "tmp",
      "bundle_role": "q0"
    }
  },
  "RtlPorts": {
    "ap_clk": {
      "dir": "in",
      "width": "1"
    },
    "ap_rst": {
      "dir": "in",
      "width": "1"
    },
    "ap_start": {
      "dir": "in",
      "width": "1"
    },
    "ap_done": {
      "dir": "out",
      "width": "1"
    },
    "ap_idle": {
      "dir": "out",
      "width": "1"
    },
    "ap_ready": {
      "dir": "out",
      "width": "1"
    },
    "alpha": {
      "dir": "in",
      "width": "32"
    },
    "beta": {
      "dir": "in",
      "width": "32"
    },
    "tmp_address0": {
      "dir": "out",
      "width": "16"
    },
    "tmp_ce0": {
      "dir": "out",
      "width": "1"
    },
    "tmp_we0": {
      "dir": "out",
      "width": "1"
    },
    "tmp_d0": {
      "dir": "out",
      "width": "32"
    },
    "tmp_q0": {
      "dir": "in",
      "width": "32"
    },
    "A_address0": {
      "dir": "out",
      "width": "16"
    },
    "A_ce0": {
      "dir": "out",
      "width": "1"
    },
    "A_q0": {
      "dir": "in",
      "width": "32"
    },
    "B_address0": {
      "dir": "out",
      "width": "16"
    },
    "B_ce0": {
      "dir": "out",
      "width": "1"
    },
    "B_q0": {
      "dir": "in",
      "width": "32"
    },
    "C_address0": {
      "dir": "out",
      "width": "16"
    },
    "C_ce0": {
      "dir": "out",
      "width": "1"
    },
    "C_q0": {
      "dir": "in",
      "width": "32"
    },
    "D_address0": {
      "dir": "out",
      "width": "16"
    },
    "D_ce0": {
      "dir": "out",
      "width": "1"
    },
    "D_we0": {
      "dir": "out",
      "width": "1"
    },
    "D_d0": {
      "dir": "out",
      "width": "32"
    },
    "D_q0": {
      "dir": "in",
      "width": "32"
    }
  },
  "ModuleInfo": {
    "Hierarchy": {"ModuleName": "kernel_2mm_base"},
    "Info": {"kernel_2mm_base": {
        "FunctionProtocol": "ap_ctrl_hs",
        "isTaskLevelControl": "1",
        "isPipelined": "0",
        "isCombinational": "0",
        "isOneStateSeq": "0"
      }},
    "Metrics": {"kernel_2mm_base": {
        "Latency": {
          "LatencyBest": "154246322",
          "LatencyAvg": "154246322",
          "LatencyWorst": "154246322",
          "PipelineII": "154246323",
          "PipelineDepth": "",
          "PipelineType": "none"
        },
        "Timing": {
          "Target": "10.00",
          "Uncertainty": "1.25",
          "Estimate": "8.588"
        },
        "Loops": [
          {
            "Name": "Loop 1",
            "TripCount": "180",
            "Latency": "86252760",
            "PipelineII": "",
            "PipelineDepth": "479182",
            "Loops": [{
                "Name": "Loop 1.1",
                "TripCount": "190",
                "Latency": "479180",
                "PipelineII": "",
                "PipelineDepth": "2522",
                "Loops": [{
                    "Name": "Loop 1.1.1",
                    "TripCount": "210",
                    "Latency": "2520",
                    "PipelineII": "",
                    "PipelineDepth": "12"
                  }]
              }]
          },
          {
            "Name": "Loop 2",
            "TripCount": "180",
            "Latency": "67993560",
            "PipelineII": "",
            "PipelineDepth": "377742",
            "Loops": [{
                "Name": "Loop 2.1",
                "TripCount": "220",
                "Latency": "377740",
                "PipelineII": "",
                "PipelineDepth": "1717",
                "Loops": [{
                    "Name": "Loop 2.1.1",
                    "TripCount": "190",
                    "Latency": "1710",
                    "PipelineII": "",
                    "PipelineDepth": "9"
                  }]
              }]
          }
        ],
        "Area": {
          "DSP48E": "5",
          "FF": "1026",
          "LUT": "1061",
          "BRAM_18K": "0",
          "URAM": "0"
        }
      }}
  },
  "Sdx": {
    "Target": "none",
    "ProfileOption": "0",
    "ProfileType": "none",
    "XO": "",
    "KernelName": "kernel_2mm_base",
    "EnableXoSwEmu": "1"
  },
  "GenData": {
    "DataVersion": "0.2",
    "Time": "2023-01-27 17:08:50 -0600",
    "ToolName": "vivado_hls",
    "ToolVersion": "2019.2"
  }
}
