{
  "Top": "kernel_correlation_base",
  "RtlTop": "kernel_correlation_base",
  "RtlPrefix": "",
  "SourceLanguage": "cpp",
  "ResetStyle": "control",
  "GenerateBdFiles": "0",
  "HostMachineBits": "64",
  "Target": {
    "Family": "zynq",
    "Device": "xc7z045",
    "Package": "-ffg900",
    "Speed": "-2"
  },
  "HlsSolution": {
    
  },
  "Args": {
    "m": {
      "index": "0",
      "type": {
        "dataType": "int",
        "dataWidth": "32",
        "interfaceRef": "m"
      }
    },
    "n": {
      "index": "1",
      "type": {
        "dataType": "int",
        "dataWidth": "32",
        "interfaceRef": "n"
      }
    },
    "float_n": {
      "index": "2",
      "type": {
        "dataType": "float",
        "dataWidth": "32",
        "interfaceRef": "float_n"
      }
    },
    "data": {
      "index": "3",
      "type": {
        "kinds": ["array"],
        "dataType": "float",
        "dataWidth": "32",
        "arraySizes": [
          "260",
          "240"
        ],
        "multiInterfaceRef": [
          "data_address0",
          "data_address1",
          "data_d0",
          "data_q0",
          "data_q1"
        ]
      }
    },
    "corr": {
      "index": "4",
      "type": {
        "kinds": ["array"],
        "dataType": "float",
        "dataWidth": "32",
        "arraySizes": [
          "240",
          "240"
        ],
        "multiInterfaceRef": [
          "corr_address0",
          "corr_d0"
        ]
      }
    },
    "mean": {
      "index": "5",
      "type": {
        "kinds": ["array"],
        "dataType": "float",
        "dataWidth": "32",
        "arraySizes": ["240"],
        "multiInterfaceRef": [
          "mean_address0",
          "mean_d0",
          "mean_q0"
        ]
      }
    },
    "stddev": {
      "index": "6",
      "type": {
        "kinds": ["array"],
        "dataType": "float",
        "dataWidth": "32",
        "arraySizes": ["240"],
        "multiInterfaceRef": [
          "stddev_address0",
          "stddev_d0",
          "stddev_q0"
        ]
      }
    }
  },
  "Return": {
    
  },
  "ClockInfo": {
    "ClockName": "ap_clk",
    "ClockPeriod": "10",
    "IsCombLogic": "0",
    "II": "x",
    "Latency": "3378579",
    "Uncertainty": "1.25"
  },
  "Xdc": {"OocClocks": ["create_clock -name ap_clk -period 10.000 [get_ports ap_clk]"]},
  "Ipx": {
    "Vendor": "xilinx.com",
    "Library": "hls",
    "Name": "kernel_correlation_base",
    "Version": "1.0",
    "DisplayName": "Kernel_correlation_base",
    "Revision": "",
    "Description": "An IP generated by Vivado HLS",
    "Taxonomy": "\/VIVADO_HLS_IP",
    "AutoFamilySupport": ""
  },
  "Files": {
    "CSource": [
      "..\/..\/AutoScaleDSE_Artifact\/0.GA_Exp_Table_6\/2.3mm_small\/base.cpp",
      "..\/Small_AScaleDSE_out.cpp",
      "..\/ScaleHLS_DSE_out.cpp"
    ],
    "Vhdl": [
      "impl\/vhdl\/kernel_correlatiobkb.vhd",
      "impl\/vhdl\/kernel_correlatiocud.vhd",
      "impl\/vhdl\/kernel_correlatiodEe.vhd",
      "impl\/vhdl\/kernel_correlatioeOg.vhd",
      "impl\/vhdl\/kernel_correlatiofYi.vhd",
      "impl\/vhdl\/kernel_correlation_base.vhd"
    ],
    "Verilog": [
      "impl\/verilog\/kernel_correlatiobkb.v",
      "impl\/verilog\/kernel_correlatiocud.v",
      "impl\/verilog\/kernel_correlatiodEe.v",
      "impl\/verilog\/kernel_correlatioeOg.v",
      "impl\/verilog\/kernel_correlatiofYi.v",
      "impl\/verilog\/kernel_correlation_base.v"
    ],
    "Misc": ["impl\/misc\/logo.png"],
    "Subcore": [
      "impl\/misc\/kernel_correlation_base_ap_faddfsub_2_full_dsp_32_ip.tcl",
      "impl\/misc\/kernel_correlation_base_ap_fcmp_0_no_dsp_32_ip.tcl",
      "impl\/misc\/kernel_correlation_base_ap_fdiv_10_no_dsp_32_ip.tcl",
      "impl\/misc\/kernel_correlation_base_ap_fmul_1_max_dsp_32_ip.tcl",
      "impl\/misc\/kernel_correlation_base_ap_fsqrt_8_no_dsp_32_ip.tcl"
    ],
    "DesignXml": "C:\/Users\/GregRoom\/Desktop\/correlation_medium\/base\/.autopilot\/db\/kernel_correlation_base.design.xml",
    "DebugDir": "C:\/Users\/GregRoom\/Desktop\/correlation_medium\/base\/.debug",
    "ProtoInst": ["C:\/Users\/GregRoom\/Desktop\/correlation_medium\/base\/.debug\/kernel_correlation_base.protoinst"]
  },
  "SubcoreInfo": {
    "HasXpmMemory": false,
    "HasClockedDsp": false,
    "IP": [
      {
        "name": "kernel_correlation_base_ap_faddfsub_2_full_dsp_32",
        "vlnv": "xilinx.com:ip:floating_point:7.1",
        "params": "CONFIG.a_precision_type Single CONFIG.a_tuser_width 1 CONFIG.add_sub_value Both CONFIG.b_tuser_width 1 CONFIG.c_a_exponent_width 8 CONFIG.c_a_fraction_width 24 CONFIG.c_compare_operation Programmable CONFIG.c_has_divide_by_zero false CONFIG.c_has_invalid_op false CONFIG.c_has_overflow false CONFIG.c_has_underflow false CONFIG.c_latency 2 CONFIG.c_mult_usage Full_Usage CONFIG.c_optimization Speed_Optimized CONFIG.c_rate 1 CONFIG.c_result_exponent_width 8 CONFIG.c_result_fraction_width 24 CONFIG.component_name kernel_correlation_base_ap_faddfsub_2_full_dsp_32 CONFIG.flow_control NonBlocking CONFIG.has_a_tlast false CONFIG.has_a_tuser false CONFIG.has_aclken true CONFIG.has_aresetn false CONFIG.has_b_tlast false CONFIG.has_b_tuser false CONFIG.has_operation_tlast false CONFIG.has_operation_tuser false CONFIG.has_result_tready false CONFIG.maximum_latency false CONFIG.operation_tuser_width 1 CONFIG.operation_type Add_Subtract CONFIG.result_precision_type Single CONFIG.result_tlast_behv Null"
      },
      {
        "name": "kernel_correlation_base_ap_fcmp_0_no_dsp_32",
        "vlnv": "xilinx.com:ip:floating_point:7.1",
        "params": "CONFIG.a_precision_type Single CONFIG.a_tuser_width 1 CONFIG.add_sub_value Both CONFIG.b_tuser_width 1 CONFIG.c_a_exponent_width 8 CONFIG.c_a_fraction_width 24 CONFIG.c_compare_operation Programmable CONFIG.c_has_divide_by_zero false CONFIG.c_has_invalid_op false CONFIG.c_has_overflow false CONFIG.c_has_underflow false CONFIG.c_latency 0 CONFIG.c_mult_usage No_Usage CONFIG.c_optimization Speed_Optimized CONFIG.c_rate 1 CONFIG.c_result_exponent_width 1 CONFIG.c_result_fraction_width 0 CONFIG.component_name kernel_correlation_base_ap_fcmp_0_no_dsp_32 CONFIG.flow_control NonBlocking CONFIG.has_a_tlast false CONFIG.has_a_tuser false CONFIG.has_aclken false CONFIG.has_aresetn false CONFIG.has_b_tlast false CONFIG.has_b_tuser false CONFIG.has_operation_tlast false CONFIG.has_operation_tuser false CONFIG.has_result_tready false CONFIG.maximum_latency false CONFIG.operation_tuser_width 1 CONFIG.operation_type Compare CONFIG.result_precision_type Custom CONFIG.result_tlast_behv Null"
      },
      {
        "name": "kernel_correlation_base_ap_fdiv_10_no_dsp_32",
        "vlnv": "xilinx.com:ip:floating_point:7.1",
        "params": "CONFIG.a_precision_type Single CONFIG.a_tuser_width 1 CONFIG.add_sub_value Both CONFIG.b_tuser_width 1 CONFIG.c_a_exponent_width 8 CONFIG.c_a_fraction_width 24 CONFIG.c_compare_operation Programmable CONFIG.c_has_divide_by_zero false CONFIG.c_has_invalid_op false CONFIG.c_has_overflow false CONFIG.c_has_underflow false CONFIG.c_latency 10 CONFIG.c_mult_usage No_Usage CONFIG.c_optimization Speed_Optimized CONFIG.c_rate 1 CONFIG.c_result_exponent_width 8 CONFIG.c_result_fraction_width 24 CONFIG.component_name kernel_correlation_base_ap_fdiv_10_no_dsp_32 CONFIG.flow_control NonBlocking CONFIG.has_a_tlast false CONFIG.has_a_tuser false CONFIG.has_aclken true CONFIG.has_aresetn false CONFIG.has_b_tlast false CONFIG.has_b_tuser false CONFIG.has_operation_tlast false CONFIG.has_operation_tuser false CONFIG.has_result_tready false CONFIG.maximum_latency false CONFIG.operation_tuser_width 1 CONFIG.operation_type Divide CONFIG.result_precision_type Single CONFIG.result_tlast_behv Null"
      },
      {
        "name": "kernel_correlation_base_ap_fmul_1_max_dsp_32",
        "vlnv": "xilinx.com:ip:floating_point:7.1",
        "params": "CONFIG.a_precision_type Single CONFIG.a_tuser_width 1 CONFIG.add_sub_value Both CONFIG.b_tuser_width 1 CONFIG.c_a_exponent_width 8 CONFIG.c_a_fraction_width 24 CONFIG.c_compare_operation Programmable CONFIG.c_has_divide_by_zero false CONFIG.c_has_invalid_op false CONFIG.c_has_overflow false CONFIG.c_has_underflow false CONFIG.c_latency 1 CONFIG.c_mult_usage Max_Usage CONFIG.c_optimization Speed_Optimized CONFIG.c_rate 1 CONFIG.c_result_exponent_width 8 CONFIG.c_result_fraction_width 24 CONFIG.component_name kernel_correlation_base_ap_fmul_1_max_dsp_32 CONFIG.flow_control NonBlocking CONFIG.has_a_tlast false CONFIG.has_a_tuser false CONFIG.has_aclken true CONFIG.has_aresetn false CONFIG.has_b_tlast false CONFIG.has_b_tuser false CONFIG.has_operation_tlast false CONFIG.has_operation_tuser false CONFIG.has_result_tready false CONFIG.maximum_latency false CONFIG.operation_tuser_width 1 CONFIG.operation_type Multiply CONFIG.result_precision_type Single CONFIG.result_tlast_behv Null"
      },
      {
        "name": "kernel_correlation_base_ap_fsqrt_8_no_dsp_32",
        "vlnv": "xilinx.com:ip:floating_point:7.1",
        "params": "CONFIG.a_precision_type Single CONFIG.a_tuser_width 1 CONFIG.add_sub_value Both CONFIG.b_tuser_width 1 CONFIG.c_a_exponent_width 8 CONFIG.c_a_fraction_width 24 CONFIG.c_compare_operation Programmable CONFIG.c_has_divide_by_zero false CONFIG.c_has_invalid_op false CONFIG.c_has_overflow false CONFIG.c_has_underflow false CONFIG.c_latency 8 CONFIG.c_mult_usage No_Usage CONFIG.c_optimization Speed_Optimized CONFIG.c_rate 1 CONFIG.c_result_exponent_width 8 CONFIG.c_result_fraction_width 24 CONFIG.component_name kernel_correlation_base_ap_fsqrt_8_no_dsp_32 CONFIG.flow_control NonBlocking CONFIG.has_a_tlast false CONFIG.has_a_tuser false CONFIG.has_aclken true CONFIG.has_aresetn false CONFIG.has_b_tlast false CONFIG.has_b_tuser false CONFIG.has_operation_tlast false CONFIG.has_operation_tuser false CONFIG.has_result_tready false CONFIG.maximum_latency false CONFIG.operation_tuser_width 1 CONFIG.operation_type Square_Root CONFIG.result_precision_type Single CONFIG.result_tlast_behv Null"
      }
    ]
  },
  "Interfaces": {
    "ap_clk": {
      "type": "clock",
      "ctype": {"CLK": {"Type": "bool"}},
      "bundle_name": "ap_clk",
      "bundle_role": "default",
      "reset": "ap_rst"
    },
    "ap_ctrl": {
      "type": "ap_ctrl",
      "ctrl_ports": "ap_start ap_done ap_idle ap_ready",
      "ctype": {
        "start": {"Type": "bool"},
        "done": {"Type": "bool"},
        "idle": {"Type": "bool"},
        "ready": {"Type": "bool"}
      }
    },
    "ap_rst": {
      "type": "reset",
      "polarity": "ACTIVE_HIGH",
      "ctype": {"RST": {"Type": "bool"}},
      "bundle_name": "ap_rst",
      "bundle_role": "default"
    },
    "corr_address0": {
      "type": "data",
      "dir": "out",
      "width": "16",
      "ctype": {"DATA": {
          "Type": "null",
          "Width": "16"
        }},
      "bundle_name": "corr",
      "bundle_role": "address0"
    },
    "corr_d0": {
      "type": "data",
      "dir": "out",
      "width": "32",
      "ctype": {"DATA": {
          "Type": "real float",
          "Width": "32"
        }},
      "bundle_name": "corr",
      "bundle_role": "d0"
    },
    "data_address0": {
      "type": "data",
      "dir": "out",
      "width": "16",
      "ctype": {"DATA": {
          "Type": "null",
          "Width": "16"
        }},
      "bundle_name": "data",
      "bundle_role": "address0"
    },
    "data_address1": {
      "type": "data",
      "dir": "out",
      "width": "16",
      "ctype": {"DATA": {
          "Type": "null",
          "Width": "16"
        }},
      "bundle_name": "data",
      "bundle_role": "address1"
    },
    "data_d0": {
      "type": "data",
      "dir": "out",
      "width": "32",
      "ctype": {"DATA": {
          "Type": "real float",
          "Width": "32"
        }},
      "bundle_name": "data",
      "bundle_role": "d0"
    },
    "data_q0": {
      "type": "data",
      "dir": "in",
      "width": "32",
      "ctype": {"DATA": {
          "Type": "real float",
          "Width": "32"
        }},
      "bundle_name": "data",
      "bundle_role": "q0"
    },
    "data_q1": {
      "type": "data",
      "dir": "in",
      "width": "32",
      "ctype": {"DATA": {
          "Type": "real float",
          "Width": "32"
        }},
      "bundle_name": "data",
      "bundle_role": "q1"
    },
    "float_n": {
      "type": "data",
      "dir": "in",
      "width": "32",
      "ctype": {"DATA": {
          "Type": "real float",
          "Width": "32"
        }},
      "bundle_name": "float_n",
      "bundle_role": "default"
    },
    "m": {
      "type": "data",
      "dir": "in",
      "width": "32",
      "ctype": {"DATA": {
          "Type": "integer signed",
          "Width": "32"
        }},
      "bundle_name": "m",
      "bundle_role": "default"
    },
    "mean_address0": {
      "type": "data",
      "dir": "out",
      "width": "8",
      "ctype": {"DATA": {
          "Type": "null",
          "Width": "8"
        }},
      "bundle_name": "mean",
      "bundle_role": "address0"
    },
    "mean_d0": {
      "type": "data",
      "dir": "out",
      "width": "32",
      "ctype": {"DATA": {
          "Type": "real float",
          "Width": "32"
        }},
      "bundle_name": "mean",
      "bundle_role": "d0"
    },
    "mean_q0": {
      "type": "data",
      "dir": "in",
      "width": "32",
      "ctype": {"DATA": {
          "Type": "real float",
          "Width": "32"
        }},
      "bundle_name": "mean",
      "bundle_role": "q0"
    },
    "n": {
      "type": "data",
      "dir": "in",
      "width": "32",
      "ctype": {"DATA": {
          "Type": "integer signed",
          "Width": "32"
        }},
      "bundle_name": "n",
      "bundle_role": "default"
    },
    "stddev_address0": {
      "type": "data",
      "dir": "out",
      "width": "8",
      "ctype": {"DATA": {
          "Type": "null",
          "Width": "8"
        }},
      "bundle_name": "stddev",
      "bundle_role": "address0"
    },
    "stddev_d0": {
      "type": "data",
      "dir": "out",
      "width": "32",
      "ctype": {"DATA": {
          "Type": "real float",
          "Width": "32"
        }},
      "bundle_name": "stddev",
      "bundle_role": "d0"
    },
    "stddev_q0": {
      "type": "data",
      "dir": "in",
      "width": "32",
      "ctype": {"DATA": {
          "Type": "real float",
          "Width": "32"
        }},
      "bundle_name": "stddev",
      "bundle_role": "q0"
    }
  },
  "RtlPorts": {
    "ap_clk": {
      "dir": "in",
      "width": "1"
    },
    "ap_rst": {
      "dir": "in",
      "width": "1"
    },
    "ap_start": {
      "dir": "in",
      "width": "1"
    },
    "ap_done": {
      "dir": "out",
      "width": "1"
    },
    "ap_idle": {
      "dir": "out",
      "width": "1"
    },
    "ap_ready": {
      "dir": "out",
      "width": "1"
    },
    "m": {
      "dir": "in",
      "width": "32"
    },
    "n": {
      "dir": "in",
      "width": "32"
    },
    "float_n": {
      "dir": "in",
      "width": "32"
    },
    "data_address0": {
      "dir": "out",
      "width": "16"
    },
    "data_ce0": {
      "dir": "out",
      "width": "1"
    },
    "data_we0": {
      "dir": "out",
      "width": "1"
    },
    "data_d0": {
      "dir": "out",
      "width": "32"
    },
    "data_q0": {
      "dir": "in",
      "width": "32"
    },
    "data_address1": {
      "dir": "out",
      "width": "16"
    },
    "data_ce1": {
      "dir": "out",
      "width": "1"
    },
    "data_q1": {
      "dir": "in",
      "width": "32"
    },
    "corr_address0": {
      "dir": "out",
      "width": "16"
    },
    "corr_ce0": {
      "dir": "out",
      "width": "1"
    },
    "corr_we0": {
      "dir": "out",
      "width": "1"
    },
    "corr_d0": {
      "dir": "out",
      "width": "32"
    },
    "mean_address0": {
      "dir": "out",
      "width": "8"
    },
    "mean_ce0": {
      "dir": "out",
      "width": "1"
    },
    "mean_we0": {
      "dir": "out",
      "width": "1"
    },
    "mean_d0": {
      "dir": "out",
      "width": "32"
    },
    "mean_q0": {
      "dir": "in",
      "width": "32"
    },
    "stddev_address0": {
      "dir": "out",
      "width": "8"
    },
    "stddev_ce0": {
      "dir": "out",
      "width": "1"
    },
    "stddev_we0": {
      "dir": "out",
      "width": "1"
    },
    "stddev_d0": {
      "dir": "out",
      "width": "32"
    },
    "stddev_q0": {
      "dir": "in",
      "width": "32"
    }
  },
  "ModuleInfo": {
    "Hierarchy": {"ModuleName": "kernel_correlation_base"},
    "Info": {"kernel_correlation_base": {
        "FunctionProtocol": "ap_ctrl_hs",
        "isTaskLevelControl": "1",
        "isPipelined": "0",
        "isCombinational": "0",
        "isOneStateSeq": "0"
      }},
    "Metrics": {"kernel_correlation_base": {
        "Latency": {
          "LatencyBest": "3378579",
          "LatencyAvg": "",
          "LatencyWorst": "136653105",
          "PipelineIIMin": "3378580",
          "PipelineIIMax": "136653106",
          "PipelineII": "3378580 ~ 136653106",
          "PipelineDepth": "",
          "PipelineType": "none"
        },
        "Timing": {
          "Target": "10.00",
          "Uncertainty": "1.25",
          "Estimate": "9.478"
        },
        "Loops": [
          {
            "Name": "Loop 1",
            "TripCount": "240",
            "Latency": "377760",
            "PipelineII": "",
            "PipelineDepth": "1574",
            "Loops": [{
                "Name": "Loop 1.1",
                "TripCount": "260",
                "Latency": "1560",
                "PipelineII": "",
                "PipelineDepth": "6"
              }]
          },
          {
            "Name": "Loop 2",
            "TripCount": "240",
            "Latency": "817440",
            "PipelineII": "",
            "PipelineDepth": "3406",
            "Loops": [{
                "Name": "Loop 2.1",
                "TripCount": "260",
                "Latency": "3380",
                "PipelineII": "",
                "PipelineDepth": "13"
              }]
          },
          {
            "Name": "Loop 3",
            "TripCount": "260",
            "Latency": "1622920",
            "PipelineII": "",
            "PipelineDepth": "6242",
            "Loops": [{
                "Name": "Loop 3.1",
                "TripCount": "240",
                "Latency": "6240",
                "PipelineII": "",
                "PipelineDepth": "26"
              }]
          },
          {
            "Name": "Loop 4",
            "TripCount": "239",
            "LatencyMin": "560455",
            "LatencyMax": "133834981",
            "Latency": "560455 ~ 133834981",
            "PipelineII": "",
            "PipelineDepthMin": "2345",
            "PipelineDepthMax": "559979",
            "PipelineDepth": "2345 ~ 559979",
            "Loops": [{
                "Name": "Loop 4.1",
                "TripCount": "",
                "LatencyMin": "2343",
                "LatencyMax": "559977",
                "Latency": "2343 ~ 559977",
                "PipelineII": "",
                "PipelineDepth": "2343",
                "Loops": [{
                    "Name": "Loop 4.1.1",
                    "TripCount": "260",
                    "Latency": "2340",
                    "PipelineII": "",
                    "PipelineDepth": "9"
                  }]
              }]
          }
        ],
        "Area": {
          "DSP48E": "5",
          "FF": "2111",
          "LUT": "3083",
          "BRAM_18K": "0",
          "URAM": "0"
        }
      }}
  },
  "Sdx": {
    "Target": "none",
    "ProfileOption": "0",
    "ProfileType": "none",
    "XO": "",
    "KernelName": "kernel_correlation_base",
    "EnableXoSwEmu": "1"
  },
  "GenData": {
    "DataVersion": "0.2",
    "Time": "2023-01-27 18:27:54 -0600",
    "ToolName": "vivado_hls",
    "ToolVersion": "2019.2"
  }
}
