<stg><name>aesl_mux_load_5_8_x_s</name>


<trans_list>

<trans id="48" from="1" to="2">
<condition id="-1">
<or_exp><and_exp></and_exp></or_exp>
</condition>
</trans>
</trans_list>



<state_list>

<state id="1" st_id="1">

<operation id="3" st_id="1" stage="1" lat="1">
<core>NULL</core>
<MemPortIdVec></MemPortIdVec>
<condition id="-1">
<or_exp><and_exp></and_exp></or_exp>
</condition>

<Node id="9" bw="3" op_0_bw="3" op_1_bw="3">
<![CDATA[
entry_ifconv:0  %tmp_15 = call i3 @_ssdm_op_Read.ap_auto.i3(i3 %empty)

]]></Node>
<StgValue><ssdm name="tmp_15"/></StgValue>
</operation>

<operation id="4" st_id="1" stage="1" lat="1">
<core>NULL</core>
<MemPortIdVec></MemPortIdVec>
<condition id="-1">
<or_exp><and_exp></and_exp></or_exp>
</condition>

<Node id="10" bw="3" op_0_bw="3" op_1_bw="3">
<![CDATA[
entry_ifconv:1  %tmp_16 = call i3 @_ssdm_op_Read.ap_auto.i3(i3 %empty_10)

]]></Node>
<StgValue><ssdm name="tmp_16"/></StgValue>
</operation>

<operation id="5" st_id="1" stage="1" lat="1">
<core>NULL</core>
<MemPortIdVec></MemPortIdVec>
<condition id="-1">
<or_exp><and_exp></and_exp></or_exp>
</condition>

<Node id="11" bw="3" op_0_bw="3" op_1_bw="3">
<![CDATA[
entry_ifconv:2  %tmp_17 = call i3 @_ssdm_op_Read.ap_auto.i3(i3 %empty_9)

]]></Node>
<StgValue><ssdm name="tmp_17"/></StgValue>
</operation>

<operation id="6" st_id="1" stage="1" lat="1">
<core>NULL</core>
<MemPortIdVec></MemPortIdVec>
<condition id="-1">
<or_exp><and_exp></and_exp></or_exp>
</condition>

<Node id="12" bw="64" op_0_bw="3">
<![CDATA[
entry_ifconv:3  %p_cast2 = zext i3 %tmp_15 to i64

]]></Node>
<StgValue><ssdm name="p_cast2"/></StgValue>
</operation>

<operation id="7" st_id="1" stage="1" lat="1">
<core>NULL</core>
<MemPortIdVec></MemPortIdVec>
<condition id="-1">
<or_exp><and_exp></and_exp></or_exp>
</condition>

<Node id="13" bw="64" op_0_bw="3">
<![CDATA[
entry_ifconv:4  %p_cast1 = zext i3 %tmp_16 to i64

]]></Node>
<StgValue><ssdm name="p_cast1"/></StgValue>
</operation>

<operation id="8" st_id="1" stage="1" lat="1">
<core>NULL</core>
<MemPortIdVec></MemPortIdVec>
<condition id="-1">
<or_exp><and_exp></and_exp></or_exp>
</condition>

<Node id="14" bw="5" op_0_bw="5" op_1_bw="3" op_2_bw="2">
<![CDATA[
entry_ifconv:5  %tmp = call i5 @_ssdm_op_BitConcatenate.i5.i3.i2(i3 %tmp_16, i2 0)

]]></Node>
<StgValue><ssdm name="tmp"/></StgValue>
</operation>

<operation id="9" st_id="1" stage="1" lat="1">
<core>NULL</core>
<MemPortIdVec></MemPortIdVec>
<condition id="-1">
<or_exp><and_exp></and_exp></or_exp>
</condition>

<Node id="15" bw="64" op_0_bw="5">
<![CDATA[
entry_ifconv:6  %zext_ln1 = zext i5 %tmp to i64

]]></Node>
<StgValue><ssdm name="zext_ln1"/></StgValue>
</operation>

<operation id="10" st_id="1" stage="1" lat="1">
<core>TAddSub</core>
<MemPortIdVec></MemPortIdVec>
<condition id="-1">
<or_exp><and_exp></and_exp></or_exp>
</condition>

<Node id="16" bw="64" op_0_bw="64" op_1_bw="64">
<![CDATA[
entry_ifconv:7  %add_ln1 = add i64 %zext_ln1, %p_cast1

]]></Node>
<StgValue><ssdm name="add_ln1"/></StgValue>
</operation>

<operation id="11" st_id="1" stage="1" lat="1">
<core>TAddSub</core>
<MemPortIdVec></MemPortIdVec>
<condition id="-1">
<or_exp><and_exp></and_exp></or_exp>
</condition>

<Node id="17" bw="64" op_0_bw="64" op_1_bw="64">
<![CDATA[
entry_ifconv:8  %add_ln1_1 = add i64 %p_cast2, %add_ln1

]]></Node>
<StgValue><ssdm name="add_ln1_1"/></StgValue>
</operation>

<operation id="12" st_id="1" stage="1" lat="1">
<core>NULL</core>
<MemPortIdVec></MemPortIdVec>
<condition id="-1">
<or_exp><and_exp></and_exp></or_exp>
</condition>

<Node id="18" bw="6" op_0_bw="32" op_1_bw="64" op_2_bw="64">
<![CDATA[
entry_ifconv:9  %p_addr_1 = getelementptr [40 x float]* %empty_4, i64 0, i64 %add_ln1_1

]]></Node>
<StgValue><ssdm name="p_addr_1"/></StgValue>
</operation>

<operation id="13" st_id="1" stage="1" lat="1">
<core>NULL</core>
<MemPortIdVec></MemPortIdVec>
<condition id="-1">
<or_exp><and_exp></and_exp></or_exp>
</condition>

<Node id="19" bw="6" op_0_bw="32" op_1_bw="64" op_2_bw="64">
<![CDATA[
entry_ifconv:10  %p_addr_2 = getelementptr [40 x float]* %empty_5, i64 0, i64 %add_ln1_1

]]></Node>
<StgValue><ssdm name="p_addr_2"/></StgValue>
</operation>

<operation id="14" st_id="1" stage="1" lat="1">
<core>NULL</core>
<MemPortIdVec></MemPortIdVec>
<condition id="-1">
<or_exp><and_exp></and_exp></or_exp>
</condition>

<Node id="20" bw="6" op_0_bw="32" op_1_bw="64" op_2_bw="64">
<![CDATA[
entry_ifconv:11  %p_addr_3 = getelementptr [40 x float]* %empty_6, i64 0, i64 %add_ln1_1

]]></Node>
<StgValue><ssdm name="p_addr_3"/></StgValue>
</operation>

<operation id="15" st_id="1" stage="1" lat="1">
<core>NULL</core>
<MemPortIdVec></MemPortIdVec>
<condition id="-1">
<or_exp><and_exp></and_exp></or_exp>
</condition>

<Node id="21" bw="6" op_0_bw="32" op_1_bw="64" op_2_bw="64">
<![CDATA[
entry_ifconv:12  %p_addr_4 = getelementptr [40 x float]* %empty_7, i64 0, i64 %add_ln1_1

]]></Node>
<StgValue><ssdm name="p_addr_4"/></StgValue>
</operation>

<operation id="16" st_id="1" stage="1" lat="1">
<core>NULL</core>
<MemPortIdVec></MemPortIdVec>
<condition id="-1">
<or_exp><and_exp></and_exp></or_exp>
</condition>

<Node id="22" bw="6" op_0_bw="32" op_1_bw="64" op_2_bw="64">
<![CDATA[
entry_ifconv:13  %p_addr = getelementptr [40 x float]* %empty_8, i64 0, i64 %add_ln1_1

]]></Node>
<StgValue><ssdm name="p_addr"/></StgValue>
</operation>

<operation id="17" st_id="1" stage="2" lat="2">
<core>RAM_S2P_BRAM</core>
<MemPortIdVec></MemPortIdVec>
<condition id="-1">
<or_exp><and_exp></and_exp></or_exp>
</condition>

<Node id="33" bw="32" op_0_bw="6">
<![CDATA[
entry_ifconv:24  %empty_14 = load float* %p_addr, align 4

]]></Node>
<StgValue><ssdm name="empty_14"/></StgValue>
</operation>

<operation id="18" st_id="1" stage="2" lat="2">
<core>RAM_S2P_BRAM</core>
<MemPortIdVec></MemPortIdVec>
<condition id="-1">
<or_exp><and_exp></and_exp></or_exp>
</condition>

<Node id="34" bw="32" op_0_bw="6">
<![CDATA[
entry_ifconv:25  %empty_15 = load float* %p_addr_1, align 4

]]></Node>
<StgValue><ssdm name="empty_15"/></StgValue>
</operation>

<operation id="19" st_id="1" stage="2" lat="2">
<core>RAM_S2P_BRAM</core>
<MemPortIdVec></MemPortIdVec>
<condition id="-1">
<or_exp><and_exp></and_exp></or_exp>
</condition>

<Node id="35" bw="32" op_0_bw="6">
<![CDATA[
entry_ifconv:26  %empty_16 = load float* %p_addr_2, align 4

]]></Node>
<StgValue><ssdm name="empty_16"/></StgValue>
</operation>

<operation id="20" st_id="1" stage="2" lat="2">
<core>RAM_S2P_BRAM</core>
<MemPortIdVec></MemPortIdVec>
<condition id="-1">
<or_exp><and_exp></and_exp></or_exp>
</condition>

<Node id="36" bw="32" op_0_bw="6">
<![CDATA[
entry_ifconv:27  %empty_17 = load float* %p_addr_3, align 4

]]></Node>
<StgValue><ssdm name="empty_17"/></StgValue>
</operation>

<operation id="21" st_id="1" stage="2" lat="2">
<core>RAM_S2P_BRAM</core>
<MemPortIdVec></MemPortIdVec>
<condition id="-1">
<or_exp><and_exp></and_exp></or_exp>
</condition>

<Node id="37" bw="32" op_0_bw="6">
<![CDATA[
entry_ifconv:28  %empty_18 = load float* %p_addr_4, align 4

]]></Node>
<StgValue><ssdm name="empty_18"/></StgValue>
</operation>
</state>

<state id="2" st_id="2">

<operation id="22" st_id="2" stage="1" lat="1">
<core>NULL</core>
<MemPortIdVec></MemPortIdVec>
<condition id="-1">
<or_exp><and_exp></and_exp></or_exp>
</condition>

<Node id="23" bw="0" op_0_bw="0" op_1_bw="32" op_2_bw="0" op_3_bw="0" op_4_bw="0" op_5_bw="32" op_6_bw="0" op_7_bw="0" op_8_bw="0" op_9_bw="0" op_10_bw="0">
<![CDATA[
entry_ifconv:14  call void (...)* @_ssdm_op_SpecMemCore([40 x float]* %empty_8, [1 x i8]* @p_str1, [13 x i8]* @p_str5, [1 x i8]* @p_str1, i32 -1, [1 x i8]* @p_str1, [1 x i8]* @p_str1, [1 x i8]* @p_str1, [1 x i8]* @p_str1, [1 x i8]* @p_str1)

]]></Node>
<StgValue><ssdm name="specmemcore_ln0"/></StgValue>
</operation>

<operation id="23" st_id="2" stage="1" lat="1">
<core>NULL</core>
<MemPortIdVec></MemPortIdVec>
<condition id="-1">
<or_exp><and_exp></and_exp></or_exp>
</condition>

<Node id="24" bw="0" op_0_bw="0" op_1_bw="32" op_2_bw="0" op_3_bw="0" op_4_bw="0" op_5_bw="32" op_6_bw="0" op_7_bw="0" op_8_bw="0" op_9_bw="0" op_10_bw="0">
<![CDATA[
entry_ifconv:15  call void (...)* @_ssdm_op_SpecMemCore([40 x float]* %empty_7, [1 x i8]* @p_str1, [13 x i8]* @p_str5, [1 x i8]* @p_str1, i32 -1, [1 x i8]* @p_str1, [1 x i8]* @p_str1, [1 x i8]* @p_str1, [1 x i8]* @p_str1, [1 x i8]* @p_str1)

]]></Node>
<StgValue><ssdm name="specmemcore_ln0"/></StgValue>
</operation>

<operation id="24" st_id="2" stage="1" lat="1">
<core>NULL</core>
<MemPortIdVec></MemPortIdVec>
<condition id="-1">
<or_exp><and_exp></and_exp></or_exp>
</condition>

<Node id="25" bw="0" op_0_bw="0" op_1_bw="32" op_2_bw="0" op_3_bw="0" op_4_bw="0" op_5_bw="32" op_6_bw="0" op_7_bw="0" op_8_bw="0" op_9_bw="0" op_10_bw="0">
<![CDATA[
entry_ifconv:16  call void (...)* @_ssdm_op_SpecMemCore([40 x float]* %empty_6, [1 x i8]* @p_str1, [13 x i8]* @p_str5, [1 x i8]* @p_str1, i32 -1, [1 x i8]* @p_str1, [1 x i8]* @p_str1, [1 x i8]* @p_str1, [1 x i8]* @p_str1, [1 x i8]* @p_str1)

]]></Node>
<StgValue><ssdm name="specmemcore_ln0"/></StgValue>
</operation>

<operation id="25" st_id="2" stage="1" lat="1">
<core>NULL</core>
<MemPortIdVec></MemPortIdVec>
<condition id="-1">
<or_exp><and_exp></and_exp></or_exp>
</condition>

<Node id="26" bw="0" op_0_bw="0" op_1_bw="32" op_2_bw="0" op_3_bw="0" op_4_bw="0" op_5_bw="32" op_6_bw="0" op_7_bw="0" op_8_bw="0" op_9_bw="0" op_10_bw="0">
<![CDATA[
entry_ifconv:17  call void (...)* @_ssdm_op_SpecMemCore([40 x float]* %empty_5, [1 x i8]* @p_str1, [13 x i8]* @p_str5, [1 x i8]* @p_str1, i32 -1, [1 x i8]* @p_str1, [1 x i8]* @p_str1, [1 x i8]* @p_str1, [1 x i8]* @p_str1, [1 x i8]* @p_str1)

]]></Node>
<StgValue><ssdm name="specmemcore_ln0"/></StgValue>
</operation>

<operation id="26" st_id="2" stage="1" lat="1">
<core>NULL</core>
<MemPortIdVec></MemPortIdVec>
<condition id="-1">
<or_exp><and_exp></and_exp></or_exp>
</condition>

<Node id="27" bw="0" op_0_bw="0" op_1_bw="32" op_2_bw="0" op_3_bw="0" op_4_bw="0" op_5_bw="32" op_6_bw="0" op_7_bw="0" op_8_bw="0" op_9_bw="0" op_10_bw="0">
<![CDATA[
entry_ifconv:18  call void (...)* @_ssdm_op_SpecMemCore([40 x float]* %empty_4, [1 x i8]* @p_str1, [13 x i8]* @p_str5, [1 x i8]* @p_str1, i32 -1, [1 x i8]* @p_str1, [1 x i8]* @p_str1, [1 x i8]* @p_str1, [1 x i8]* @p_str1, [1 x i8]* @p_str1)

]]></Node>
<StgValue><ssdm name="specmemcore_ln0"/></StgValue>
</operation>

<operation id="27" st_id="2" stage="1" lat="1">
<core>NULL</core>
<MemPortIdVec></MemPortIdVec>
<condition id="-1">
<or_exp><and_exp></and_exp></or_exp>
</condition>

<Node id="28" bw="0" op_0_bw="0" op_1_bw="32" op_2_bw="0" op_3_bw="32" op_4_bw="32" op_5_bw="0" op_6_bw="32" op_7_bw="32" op_8_bw="0" op_9_bw="0" op_10_bw="0" op_11_bw="32" op_12_bw="32" op_13_bw="32" op_14_bw="32" op_15_bw="0" op_16_bw="0">
<![CDATA[
entry_ifconv:19  call void (...)* @_ssdm_op_SpecInterface([40 x float]* %empty_8, [5 x i8]* @p_str3, i32 0, i32 0, [1 x i8]* @p_str1, i32 0, i32 0, [1 x i8]* @p_str1, [1 x i8]* @p_str1, [1 x i8]* @p_str1, i32 0, i32 0, i32 0, i32 0, [1 x i8]* @p_str1, [1 x i8]* @p_str1)

]]></Node>
<StgValue><ssdm name="specinterface_ln0"/></StgValue>
</operation>

<operation id="28" st_id="2" stage="1" lat="1">
<core>NULL</core>
<MemPortIdVec></MemPortIdVec>
<condition id="-1">
<or_exp><and_exp></and_exp></or_exp>
</condition>

<Node id="29" bw="0" op_0_bw="0" op_1_bw="32" op_2_bw="0" op_3_bw="32" op_4_bw="32" op_5_bw="0" op_6_bw="32" op_7_bw="32" op_8_bw="0" op_9_bw="0" op_10_bw="0" op_11_bw="32" op_12_bw="32" op_13_bw="32" op_14_bw="32" op_15_bw="0" op_16_bw="0">
<![CDATA[
entry_ifconv:20  call void (...)* @_ssdm_op_SpecInterface([40 x float]* %empty_7, [5 x i8]* @p_str3, i32 0, i32 0, [1 x i8]* @p_str1, i32 0, i32 0, [1 x i8]* @p_str1, [1 x i8]* @p_str1, [1 x i8]* @p_str1, i32 0, i32 0, i32 0, i32 0, [1 x i8]* @p_str1, [1 x i8]* @p_str1)

]]></Node>
<StgValue><ssdm name="specinterface_ln0"/></StgValue>
</operation>

<operation id="29" st_id="2" stage="1" lat="1">
<core>NULL</core>
<MemPortIdVec></MemPortIdVec>
<condition id="-1">
<or_exp><and_exp></and_exp></or_exp>
</condition>

<Node id="30" bw="0" op_0_bw="0" op_1_bw="32" op_2_bw="0" op_3_bw="32" op_4_bw="32" op_5_bw="0" op_6_bw="32" op_7_bw="32" op_8_bw="0" op_9_bw="0" op_10_bw="0" op_11_bw="32" op_12_bw="32" op_13_bw="32" op_14_bw="32" op_15_bw="0" op_16_bw="0">
<![CDATA[
entry_ifconv:21  call void (...)* @_ssdm_op_SpecInterface([40 x float]* %empty_6, [5 x i8]* @p_str3, i32 0, i32 0, [1 x i8]* @p_str1, i32 0, i32 0, [1 x i8]* @p_str1, [1 x i8]* @p_str1, [1 x i8]* @p_str1, i32 0, i32 0, i32 0, i32 0, [1 x i8]* @p_str1, [1 x i8]* @p_str1)

]]></Node>
<StgValue><ssdm name="specinterface_ln0"/></StgValue>
</operation>

<operation id="30" st_id="2" stage="1" lat="1">
<core>NULL</core>
<MemPortIdVec></MemPortIdVec>
<condition id="-1">
<or_exp><and_exp></and_exp></or_exp>
</condition>

<Node id="31" bw="0" op_0_bw="0" op_1_bw="32" op_2_bw="0" op_3_bw="32" op_4_bw="32" op_5_bw="0" op_6_bw="32" op_7_bw="32" op_8_bw="0" op_9_bw="0" op_10_bw="0" op_11_bw="32" op_12_bw="32" op_13_bw="32" op_14_bw="32" op_15_bw="0" op_16_bw="0">
<![CDATA[
entry_ifconv:22  call void (...)* @_ssdm_op_SpecInterface([40 x float]* %empty_5, [5 x i8]* @p_str3, i32 0, i32 0, [1 x i8]* @p_str1, i32 0, i32 0, [1 x i8]* @p_str1, [1 x i8]* @p_str1, [1 x i8]* @p_str1, i32 0, i32 0, i32 0, i32 0, [1 x i8]* @p_str1, [1 x i8]* @p_str1)

]]></Node>
<StgValue><ssdm name="specinterface_ln0"/></StgValue>
</operation>

<operation id="31" st_id="2" stage="1" lat="1">
<core>NULL</core>
<MemPortIdVec></MemPortIdVec>
<condition id="-1">
<or_exp><and_exp></and_exp></or_exp>
</condition>

<Node id="32" bw="0" op_0_bw="0" op_1_bw="32" op_2_bw="0" op_3_bw="32" op_4_bw="32" op_5_bw="0" op_6_bw="32" op_7_bw="32" op_8_bw="0" op_9_bw="0" op_10_bw="0" op_11_bw="32" op_12_bw="32" op_13_bw="32" op_14_bw="32" op_15_bw="0" op_16_bw="0">
<![CDATA[
entry_ifconv:23  call void (...)* @_ssdm_op_SpecInterface([40 x float]* %empty_4, [5 x i8]* @p_str3, i32 0, i32 0, [1 x i8]* @p_str1, i32 0, i32 0, [1 x i8]* @p_str1, [1 x i8]* @p_str1, [1 x i8]* @p_str1, i32 0, i32 0, i32 0, i32 0, [1 x i8]* @p_str1, [1 x i8]* @p_str1)

]]></Node>
<StgValue><ssdm name="specinterface_ln0"/></StgValue>
</operation>

<operation id="32" st_id="2" stage="1" lat="2">
<core>RAM_S2P_BRAM</core>
<MemPortIdVec></MemPortIdVec>
<condition id="-1">
<or_exp><and_exp></and_exp></or_exp>
</condition>

<Node id="33" bw="32" op_0_bw="6">
<![CDATA[
entry_ifconv:24  %empty_14 = load float* %p_addr, align 4

]]></Node>
<StgValue><ssdm name="empty_14"/></StgValue>
</operation>

<operation id="33" st_id="2" stage="1" lat="2">
<core>RAM_S2P_BRAM</core>
<MemPortIdVec></MemPortIdVec>
<condition id="-1">
<or_exp><and_exp></and_exp></or_exp>
</condition>

<Node id="34" bw="32" op_0_bw="6">
<![CDATA[
entry_ifconv:25  %empty_15 = load float* %p_addr_1, align 4

]]></Node>
<StgValue><ssdm name="empty_15"/></StgValue>
</operation>

<operation id="34" st_id="2" stage="1" lat="2">
<core>RAM_S2P_BRAM</core>
<MemPortIdVec></MemPortIdVec>
<condition id="-1">
<or_exp><and_exp></and_exp></or_exp>
</condition>

<Node id="35" bw="32" op_0_bw="6">
<![CDATA[
entry_ifconv:26  %empty_16 = load float* %p_addr_2, align 4

]]></Node>
<StgValue><ssdm name="empty_16"/></StgValue>
</operation>

<operation id="35" st_id="2" stage="1" lat="2">
<core>RAM_S2P_BRAM</core>
<MemPortIdVec></MemPortIdVec>
<condition id="-1">
<or_exp><and_exp></and_exp></or_exp>
</condition>

<Node id="36" bw="32" op_0_bw="6">
<![CDATA[
entry_ifconv:27  %empty_17 = load float* %p_addr_3, align 4

]]></Node>
<StgValue><ssdm name="empty_17"/></StgValue>
</operation>

<operation id="36" st_id="2" stage="1" lat="2">
<core>RAM_S2P_BRAM</core>
<MemPortIdVec></MemPortIdVec>
<condition id="-1">
<or_exp><and_exp></and_exp></or_exp>
</condition>

<Node id="37" bw="32" op_0_bw="6">
<![CDATA[
entry_ifconv:28  %empty_18 = load float* %p_addr_4, align 4

]]></Node>
<StgValue><ssdm name="empty_18"/></StgValue>
</operation>

<operation id="37" st_id="2" stage="1" lat="1">
<core>Cmp</core>
<MemPortIdVec></MemPortIdVec>
<condition id="-1">
<or_exp><and_exp></and_exp></or_exp>
</condition>

<Node id="38" bw="1" op_0_bw="3" op_1_bw="3">
<![CDATA[
entry_ifconv:29  %icmp_ln16 = icmp eq i3 %tmp_17, 0

]]></Node>
<StgValue><ssdm name="icmp_ln16"/></StgValue>
</operation>

<operation id="38" st_id="2" stage="1" lat="1">
<core>Sel</core>
<MemPortIdVec></MemPortIdVec>
<condition id="-1">
<or_exp><and_exp></and_exp></or_exp>
</condition>

<Node id="39" bw="32" op_0_bw="1" op_1_bw="32" op_2_bw="32">
<![CDATA[
entry_ifconv:30  %select_ln16 = select i1 %icmp_ln16, float %empty_15, float %empty_14

]]></Node>
<StgValue><ssdm name="select_ln16"/></StgValue>
</operation>

<operation id="39" st_id="2" stage="1" lat="1">
<core>Cmp</core>
<MemPortIdVec></MemPortIdVec>
<condition id="-1">
<or_exp><and_exp></and_exp></or_exp>
</condition>

<Node id="40" bw="1" op_0_bw="3" op_1_bw="3">
<![CDATA[
entry_ifconv:31  %icmp_ln16_1 = icmp eq i3 %tmp_17, 1

]]></Node>
<StgValue><ssdm name="icmp_ln16_1"/></StgValue>
</operation>

<operation id="40" st_id="2" stage="1" lat="1">
<core>Sel</core>
<MemPortIdVec></MemPortIdVec>
<condition id="-1">
<or_exp><and_exp></and_exp></or_exp>
</condition>

<Node id="41" bw="32" op_0_bw="1" op_1_bw="32" op_2_bw="32">
<![CDATA[
entry_ifconv:32  %select_ln16_1 = select i1 %icmp_ln16_1, float %empty_16, float %select_ln16

]]></Node>
<StgValue><ssdm name="select_ln16_1"/></StgValue>
</operation>

<operation id="41" st_id="2" stage="1" lat="1">
<core>Cmp</core>
<MemPortIdVec></MemPortIdVec>
<condition id="-1">
<or_exp><and_exp></and_exp></or_exp>
</condition>

<Node id="42" bw="1" op_0_bw="3" op_1_bw="3">
<![CDATA[
entry_ifconv:33  %icmp_ln16_2 = icmp eq i3 %tmp_17, 2

]]></Node>
<StgValue><ssdm name="icmp_ln16_2"/></StgValue>
</operation>

<operation id="42" st_id="2" stage="1" lat="1">
<core>Sel</core>
<MemPortIdVec></MemPortIdVec>
<condition id="-1">
<or_exp><and_exp></and_exp></or_exp>
</condition>

<Node id="43" bw="32" op_0_bw="1" op_1_bw="32" op_2_bw="32">
<![CDATA[
entry_ifconv:34  %select_ln16_2 = select i1 %icmp_ln16_2, float %empty_17, float %select_ln16_1

]]></Node>
<StgValue><ssdm name="select_ln16_2"/></StgValue>
</operation>

<operation id="43" st_id="2" stage="1" lat="1">
<core>Cmp</core>
<MemPortIdVec></MemPortIdVec>
<condition id="-1">
<or_exp><and_exp></and_exp></or_exp>
</condition>

<Node id="44" bw="1" op_0_bw="3" op_1_bw="3">
<![CDATA[
entry_ifconv:35  %icmp_ln16_3 = icmp eq i3 %tmp_17, 3

]]></Node>
<StgValue><ssdm name="icmp_ln16_3"/></StgValue>
</operation>

<operation id="44" st_id="2" stage="1" lat="1">
<core>Sel</core>
<MemPortIdVec></MemPortIdVec>
<condition id="-1">
<or_exp><and_exp></and_exp></or_exp>
</condition>

<Node id="45" bw="32" op_0_bw="1" op_1_bw="32" op_2_bw="32">
<![CDATA[
entry_ifconv:36  %select_ln16_3 = select i1 %icmp_ln16_3, float %empty_18, float %select_ln16_2

]]></Node>
<StgValue><ssdm name="select_ln16_3"/></StgValue>
</operation>

<operation id="45" st_id="2" stage="1" lat="1">
<core>NULL</core>
<MemPortIdVec></MemPortIdVec>
<condition id="-1">
<or_exp><and_exp></and_exp></or_exp>
</condition>

<Node id="46" bw="0" op_0_bw="32">
<![CDATA[
entry_ifconv:37  ret float %select_ln16_3

]]></Node>
<StgValue><ssdm name="ret_ln15"/></StgValue>
</operation>
</state>
</state_list>


<ports>
</ports>


<dataflows>
</dataflows>


</stg>
