<stg><name>aesl_mux_load_5_8_x_s</name>


<trans_list>

<trans id="48" from="1" to="2">
<condition id="-1">
<or_exp><and_exp></and_exp></or_exp>
</condition>
</trans>
</trans_list>



<state_list>

<state id="1" st_id="1">

<operation id="3" st_id="1" stage="1" lat="1">
<core>NULL</core>
<MemPortIdVec></MemPortIdVec>
<condition id="-1">
<or_exp><and_exp></and_exp></or_exp>
</condition>

<Node id="9" bw="3" op_0_bw="3" op_1_bw="3">
<![CDATA[
entry_ifconv:0  %tmp_15 = call i3 @_ssdm_op_Read.ap_auto.i3(i3 %empty)

]]></Node>
<StgValue><ssdm name="tmp_15"/></StgValue>
</operation>

<operation id="4" st_id="1" stage="1" lat="1">
<core>NULL</core>
<MemPortIdVec></MemPortIdVec>
<condition id="-1">
<or_exp><and_exp></and_exp></or_exp>
</condition>

<Node id="10" bw="3" op_0_bw="3" op_1_bw="3">
<![CDATA[
entry_ifconv:1  %tmp_16 = call i3 @_ssdm_op_Read.ap_auto.i3(i3 %empty_10)

]]></Node>
<StgValue><ssdm name="tmp_16"/></StgValue>
</operation>

<operation id="5" st_id="1" stage="1" lat="1">
<core>NULL</core>
<MemPortIdVec></MemPortIdVec>
<condition id="-1">
<or_exp><and_exp></and_exp></or_exp>
</condition>

<Node id="11" bw="3" op_0_bw="3" op_1_bw="3">
<![CDATA[
entry_ifconv:2  %tmp_17 = call i3 @_ssdm_op_Read.ap_auto.i3(i3 %empty_9)

]]></Node>
<StgValue><ssdm name="tmp_17"/></StgValue>
</operation>

<operation id="6" st_id="1" stage="1" lat="1">
<core>NULL</core>
<MemPortIdVec></MemPortIdVec>
<condition id="-1">
<or_exp><and_exp></and_exp></or_exp>
</condition>

<Node id="12" bw="64" op_0_bw="3">
<![CDATA[
entry_ifconv:3  %p_cast2 = zext i3 %tmp_15 to i64

]]></Node>
<StgValue><ssdm name="p_cast2"/></StgValue>
</operation>

<operation id="7" st_id="1" stage="1" lat="1">
<core>NULL</core>
<MemPortIdVec></MemPortIdVec>
<condition id="-1">
<or_exp><and_exp></and_exp></or_exp>
</condition>

<Node id="13" bw="64" op_0_bw="3">
<![CDATA[
entry_ifconv:4  %p_cast1 = zext i3 %tmp_16 to i64

]]></Node>
<StgValue><ssdm name="p_cast1"/></StgValue>
</operation>

<operation id="8" st_id="1" stage="1" lat="1">
<core>NULL</core>
<MemPortIdVec></MemPortIdVec>
<condition id="-1">
<or_exp><and_exp></and_exp></or_exp>
</condition>

<Node id="14" bw="5" op_0_bw="5" op_1_bw="3" op_2_bw="2">
<![CDATA[
entry_ifconv:5  %tmp = call i5 @_ssdm_op_BitConcatenate.i5.i3.i2(i3 %tmp_16, i2 0)

]]></Node>
<StgValue><ssdm name="tmp"/></StgValue>
</operation>

<operation id="9" st_id="1" stage="1" lat="1">
<core>NULL</core>
<MemPortIdVec></MemPortIdVec>
<condition id="-1">
<or_exp><and_exp></and_exp></or_exp>
</condition>

<Node id="15" bw="64" op_0_bw="5">
<![CDATA[
entry_ifconv:6  %zext_ln1 = zext i5 %tmp to i64

]]></Node>
<StgValue><ssdm name="zext_ln1"/></StgValue>
</operation>

<operation id="10" st_id="1" stage="1" lat="1">
<core>TAddSub</core>
<MemPortIdVec></MemPortIdVec>
<condition id="-1">
<or_exp><and_exp></and_exp></or_exp>
</condition>

<Node id="16" bw="64" op_0_bw="64" op_1_bw="64">
<![CDATA[
entry_ifconv:7  %add_ln1 = add i64 %zext_ln1, %p_cast1

]]></Node>
<StgValue><ssdm name="add_ln1"/></StgValue>
</operation>

<operation id="11" st_id="1" stage="1" lat="1">
<core>TAddSub</core>
<MemPortIdVec></MemPortIdVec>
<condition id="-1">
<or_exp><and_exp></and_exp></or_exp>
</condition>

<Node id="17" bw="64" op_0_bw="64" op_1_bw="64">
<![CDATA[
entry_ifconv:8  %add_ln1_1 = add i64 %p_cast2, %add_ln1

]]></Node>
<StgValue><ssdm name="add_ln1_1"/></StgValue>
</operation>

<operation id="12" st_id="1" stage="1" lat="1">
<core>NULL</core>
<MemPortIdVec></MemPortIdVec>
<condition id="-1">
<or_exp><and_exp></and_exp></or_exp>
</condition>

<Node id="18" bw="6" op_0_bw="32" op_1_bw="64" op_2_bw="64">
<![CDATA[
entry_ifconv:9  %p_addr_1 = getelementptr [40 x float]* %empty_4, i64 0, i64 %add_ln1_1

]]></Node>
<StgValue><ssdm name="p_addr_1"/></StgValue>
</operation>

<operation id="13" st_id="1" stage="1" lat="1">
<core>NULL</core>
<MemPortIdVec></MemPortIdVec>
<condition id="-1">
<or_exp><and_exp></and_exp></or_exp>
</condition>

<Node id="19" bw="6" op_0_bw="32" op_1_bw="64" op_2_bw="64">
<![CDATA[
entry_ifconv:10  %p_addr_2 = getelementptr [40 x float]* %empty_5, i64 0, i64 %add_ln1_1

]]></Node>
<StgValue><ssdm name="p_addr_2"/></StgValue>
</operation>

<operation id="14" st_id="1" stage="1" lat="1">
<core>NULL</core>
<MemPortIdVec></MemPortIdVec>
<condition id="-1">
<or_exp><and_exp></and_exp></or_exp>
</condition>

<Node id="20" bw="6" op_0_bw="32" op_1_bw="64" op_2_bw="64">
<![CDATA[
entry_ifconv:11  %p_addr_3 = getelementptr [40 x float]* %empty_6, i64 0, i64 %add_ln1_1

]]></Node>
<StgValue><ssdm name="p_addr_3"/></StgValue>
</operation>

<operation id="15" st_id="1" stage="1" lat="1">
<core>NULL</core>
<MemPortIdVec></MemPortIdVec>
<condition id="-1">
<or_exp><and_exp></and_exp></or_exp>
</condition>

<Node id="21" bw="6" op_0_bw="32" op_1_bw="64" op_2_bw="64">
<![CDATA[
entry_ifconv:12  %p_addr_4 = getelementptr [40 x float]* %empty_7, i64 0, i64 %add_ln1_1

]]></Node>
<StgValue><ssdm name="p_addr_4"/></StgValue>
</operation>

<operation id="16" st_id="1" stage="1" lat="1">
<core>NULL</core>
<MemPortIdVec></MemPortIdVec>
<condition id="-1">
<or_exp><and_exp></and_exp></or_exp>
</condition>

<Node id="22" bw="6" op_0_bw="32" op_1_bw="64" op_2_bw="64">
<![CDATA[
entry_ifconv:13  %p_addr = getelementptr [40 x float]* %empty_8, i64 0, i64 %add_ln1_1

]]></Node>
<StgValue><ssdm name="p_addr"/></StgValue>
</operation>

<operation id="17" st_id="1" stage="2" lat="2">
<core>RAM_S2P_BRAM</core>
<MemPortIdVec>0 </MemPortIdVec>
<condition id="-1">
<or_exp><and_exp></and_exp></or_exp>
</condition>

<Node id="33" bw="32" op_0_bw="6">
<![CDATA[
entry_ifconv:24  %empty_14 = load float* %p_addr, align 4

]]></Node>
<StgValue><ssdm name="empty_14"/></StgValue>
</operation>

<operation id="18" st_id="1" stage="2" lat="2">
<core>RAM_S2P_BRAM</core>
<MemPortIdVec>0 </MemPortIdVec>
<condition id="-1">
<or_exp><and_exp></and_exp></or_exp>
</condition>

<Node id="34" bw="32" op_0_bw="6">
<![CDATA[
entry_ifconv:25  %empty_15 = load float* %p_addr_1, align 4

]]></Node>
<StgValue><ssdm name="empty_15"/></StgValue>
</operation>

<operation id="19" st_id="1" stage="2" lat="2">
<core>RAM_S2P_BRAM</core>
<MemPortIdVec>0 </MemPortIdVec>
<condition id="-1">
<or_exp><and_exp></and_exp></or_exp>
</condition>

<Node id="35" bw="32" op_0_bw="6">
<![CDATA[
entry_ifconv:26  %empty_16 = load float* %p_addr_2, align 4

]]></Node>
<StgValue><ssdm name="empty_16"/></StgValue>
</operation>

<operation id="20" st_id="1" stage="2" lat="2">
<core>RAM_S2P_BRAM</core>
<MemPortIdVec>0 </MemPortIdVec>
<condition id="-1">
<or_exp><and_exp></and_exp></or_exp>
</condition>

<Node id="36" bw="32" op_0_bw="6">
<![CDATA[
entry_ifconv:27  %empty_17 = load float* %p_addr_3, align 4

]]></Node>
<StgValue><ssdm name="empty_17"/></StgValue>
</operation>

<operation id="21" st_id="1" stage="2" lat="2">
<core>RAM_S2P_BRAM</core>
<MemPortIdVec>0 </MemPortIdVec>
<condition id="-1">
<or_exp><and_exp></and_exp></or_exp>
</condition>

<Node id="37" bw="32" op_0_bw="6">
<![CDATA[
entry_ifconv:28  %empty_18 = load float* %p_addr_4, align 4

]]></Node>
<StgValue><ssdm name="empty_18"/></StgValue>
</operation>
</state>

<state id="2" st_id="2">

<operation id="22" st_id="2" stage="1" lat="1">
<core>NULL</core>
<MemPortIdVec></MemPortIdVec>
<condition id="-1">
<or_exp><and_exp></and_exp></or_exp>
</condition>

<Node id="23" bw="0" op_0_bw="0" op_1_bw="32" op_2_bw="0" op_3_bw="0" op_4_bw="0" op_5_bw="32" op_6_bw="0" op_7_bw="0" op_8_bw="0" op_9_bw="0" op_10_bw="0">
<![CDATA[
entry_ifconv:14  call void (...)* @_ssdm_op_SpecMemCore([40 x float]* %empty_8, [1 x i8]* @p_str1, [13 x i8]* @p_str5, [1 x i8]* @p_str1, i32 -1, [1 x i8]* @p_str1, [1 x i8]* @p_str1, [1 x i8]* @p_str1, [1 x i8]* @p_str1, [1 x i8]* @p_str1)

]]></Node>
<StgValue><ssdm name="specmemcore_ln0"/></StgValue>
</operation>

<operation id="23" st_id="2" stage="1" lat="1">
<core>NULL</core>
<MemPortIdVec></MemPortIdVec>
<condition id="-1">
<or_exp><and_exp></and_exp></or_exp>
</condition>

<Node id="24" bw="0" op_0_bw="0" op_1_bw="32" op_2_bw="0" op_3_bw="0" op_4_bw="0" op_5_bw="32" op_6_bw="0" op_7_bw="0" op_8_bw="0" op_9_bw="0" op_10_bw="0">
<![CDATA[
entry_ifconv:15  call void (...)* @_ssdm_op_SpecMemCore([40 x float]* %empty_7, [1 x i8]* @p_str1, [13 x i8]* @p_str5, [1 x i8]* @p_str1, i32 -1, [1 x i8]* @p_str1, [1 x i8]* @p_str1, [1 x i8]* @p_str1, [1 x i8]* @p_str1, [1 x i8]* @p_str1)

]]></Node>
<StgValue><ssdm name="specmemcore_ln0"/></StgValue>
</operation>

<operation id="24" st_id="2" stage="1" lat="1">
<core>NULL</core>
<MemPortIdVec></MemPortIdVec>
<condition id="-1">
<or_exp><and_exp></and_exp></or_exp>
</condition>

<Node id="25" bw="0" op_0_bw="0" op_1_bw="32" op_2_bw="0" op_3_bw="0" op_4_bw="0" op_5_bw="32" op_6_bw="0" op_7_bw="0" op_8_bw="0" op_9_bw="0" op_10_bw="0">
<![CDATA[
entry_ifconv:16  call void (...)* @_ssdm_op_SpecMemCore([40 x float]* %empty_6, [1 x i8]* @p_str1, [13 x i8]* @p_str5, [1 x i8]* @p_str1, i32 -1, [1 x i8]* @p_str1, [1 x i8]* @p_str1, [1 x i8]* @p_str1, [1 x i8]* @p_str1, [1 x i8]* @p_str1)

]]></Node>
<StgValue><ssdm name="specmemcore_ln0"/></StgValue>
</operation>

<operation id="25" st_id="2" stage="1" lat="1">
<core>NULL</core>
<MemPortIdVec></MemPortIdVec>
<condition id="-1">
<or_exp><and_exp></and_exp></or_exp>
</condition>

<Node id="26" bw="0" op_0_bw="0" op_1_bw="32" op_2_bw="0" op_3_bw="0" op_4_bw="0" op_5_bw="32" op_6_bw="0" op_7_bw="0" op_8_bw="0" op_9_bw="0" op_10_bw="0">
<![CDATA[
entry_ifconv:17  call void (...)* @_ssdm_op_SpecMemCore([40 x float]* %empty_5, [1 x i8]* @p_str1, [13 x i8]* @p_str5, [1 x i8]* @p_str1, i32 -1, [1 x i8]* @p_str1, [1 x i8]* @p_str1, [1 x i8]* @p_str1, [1 x i8]* @p_str1, [1 x i8]* @p_str1)

]]></Node>
<StgValue><ssdm name="specmemcore_ln0"/></StgValue>
</operation>

<operation id="26" st_id="2" stage="1" lat="1">
<core>NULL</core>
<MemPortIdVec></MemPortIdVec>
<condition id="-1">
<or_exp><and_exp></and_exp></or_exp>
</condition>

<Node id="27" bw="0" op_0_bw="0" op_1_bw="32" op_2_bw="0" op_3_bw="0" op_4_bw="0" op_5_bw="32" op_6_bw="0" op_7_bw="0" op_8_bw="0" op_9_bw="0" op_10_bw="0">
<![CDATA[
entry_ifconv:18  call void (...)* @_ssdm_op_SpecMemCore([40 x float]* %empty_4, [1 x i8]* @p_str1, [13 x i8]* @p_str5, [1 x i8]* @p_str1, i32 -1, [1 x i8]* @p_str1, [1 x i8]* @p_str1, [1 x i8]* @p_str1, [1 x i8]* @p_str1, [1 x i8]* @p_str1)

]]></Node>
<StgValue><ssdm name="specmemcore_ln0"/></StgValue>
</operation>

<operation id="27" st_id="2" stage="1" lat="1">
<core>NULL</core>
<MemPortIdVec></MemPortIdVec>
<condition id="-1">
<or_exp><and_exp></and_exp></or_exp>
</condition>

<Node id="28" bw="0" op_0_bw="0" op_1_bw="32" op_2_bw="0" op_3_bw="32" op_4_bw="32" op_5_bw="0" op_6_bw="32" op_7_bw="32" op_8_bw="0" op_9_bw="0" op_10_bw="0" op_11_bw="32" op_12_bw="32" op_13_bw="32" op_14_bw="32" op_15_bw="0" op_16_bw="0">
<![CDATA[
entry_ifconv:19  call void (...)* @_ssdm_op_SpecInterface([40 x float]* %empty_8, [5 x i8]* @p_str3, i32 0, i32 0, [1 x i8]* @p_str1, i32 0, i32 0, [1 x i8]* @p_str1, [1 x i8]* @p_str1, [1 x i8]* @p_str1, i32 0, i32 0, i32 0, i32 0, [1 x i8]* @p_str1, [1 x i8]* @p_str1)

]]></Node>
<StgValue><ssdm name="specinterface_ln0"/></StgValue>
</operation>

<operation id="28" st_id="2" stage="1" lat="1">
<core>NULL</core>
<MemPortIdVec></MemPortIdVec>
<condition id="-1">
<or_exp><and_exp></and_exp></or_exp>
</condition>

<Node id="29" bw="0" op_0_bw="0" op_1_bw="32" op_2_bw="0" op_3_bw="32" op_4_bw="32" op_5_bw="0" op_6_bw="32" op_7_bw="32" op_8_bw="0" op_9_bw="0" op_10_bw="0" op_11_bw="32" op_12_bw="32" op_13_bw="32" op_14_bw="32" op_15_bw="0" op_16_bw="0">
<![CDATA[
entry_ifconv:20  call void (...)* @_ssdm_op_SpecInterface([40 x float]* %empty_7, [5 x i8]* @p_str3, i32 0, i32 0, [1 x i8]* @p_str1, i32 0, i32 0, [1 x i8]* @p_str1, [1 x i8]* @p_str1, [1 x i8]* @p_str1, i32 0, i32 0, i32 0, i32 0, [1 x i8]* @p_str1, [1 x i8]* @p_str1)

]]></Node>
<StgValue><ssdm name="specinterface_ln0"/></StgValue>
</operation>

<operation id="29" st_id="2" stage="1" lat="1">
<core>NULL</core>
<MemPortIdVec></MemPortIdVec>
<condition id="-1">
<or_exp><and_exp></and_exp></or_exp>
</condition>

<Node id="30" bw="0" op_0_bw="0" op_1_bw="32" op_2_bw="0" op_3_bw="32" op_4_bw="32" op_5_bw="0" op_6_bw="32" op_7_bw="32" op_8_bw="0" op_9_bw="0" op_10_bw="0" op_11_bw="32" op_12_bw="32" op_13_bw="32" op_14_bw="32" op_15_bw="0" op_16_bw="0">
<![CDATA[
entry_ifconv:21  call void (...)* @_ssdm_op_SpecInterface([40 x float]* %empty_6, [5 x i8]* @p_str3, i32 0, i32 0, [1 x i8]* @p_str1, i32 0, i32 0, [1 x i8]* @p_str1, [1 x i8]* @p_str1, [1 x i8]* @p_str1, i32 0, i32 0, i32 0, i32 0, [1 x i8]* @p_str1, [1 x i8]* @p_str1)

]]></Node>
<StgValue><ssdm name="specinterface_ln0"/></StgValue>
</operation>

<operation id="30" st_id="2" stage="1" lat="1">
<core>NULL</core>
<MemPortIdVec></MemPortIdVec>
<condition id="-1">
<or_exp><and_exp></and_exp></or_exp>
</condition>

<Node id="31" bw="0" op_0_bw="0" op_1_bw="32" op_2_bw="0" op_3_bw="32" op_4_bw="32" op_5_bw="0" op_6_bw="32" op_7_bw="32" op_8_bw="0" op_9_bw="0" op_10_bw="0" op_11_bw="32" op_12_bw="32" op_13_bw="32" op_14_bw="32" op_15_bw="0" op_16_bw="0">
<![CDATA[
entry_ifconv:22  call void (...)* @_ssdm_op_SpecInterface([40 x float]* %empty_5, [5 x i8]* @p_str3, i32 0, i32 0, [1 x i8]* @p_str1, i32 0, i32 0, [1 x i8]* @p_str1, [1 x i8]* @p_str1, [1 x i8]* @p_str1, i32 0, i32 0, i32 0, i32 0, [1 x i8]* @p_str1, [1 x i8]* @p_str1)

]]></Node>
<StgValue><ssdm name="specinterface_ln0"/></StgValue>
</operation>

<operation id="31" st_id="2" stage="1" lat="1">
<core>NULL</core>
<MemPortIdVec></MemPortIdVec>
<condition id="-1">
<or_exp><and_exp></and_exp></or_exp>
</condition>

<Node id="32" bw="0" op_0_bw="0" op_1_bw="32" op_2_bw="0" op_3_bw="32" op_4_bw="32" op_5_bw="0" op_6_bw="32" op_7_bw="32" op_8_bw="0" op_9_bw="0" op_10_bw="0" op_11_bw="32" op_12_bw="32" op_13_bw="32" op_14_bw="32" op_15_bw="0" op_16_bw="0">
<![CDATA[
entry_ifconv:23  call void (...)* @_ssdm_op_SpecInterface([40 x float]* %empty_4, [5 x i8]* @p_str3, i32 0, i32 0, [1 x i8]* @p_str1, i32 0, i32 0, [1 x i8]* @p_str1, [1 x i8]* @p_str1, [1 x i8]* @p_str1, i32 0, i32 0, i32 0, i32 0, [1 x i8]* @p_str1, [1 x i8]* @p_str1)

]]></Node>
<StgValue><ssdm name="specinterface_ln0"/></StgValue>
</operation>

<operation id="32" st_id="2" stage="1" lat="2">
<core>RAM_S2P_BRAM</core>
<MemPortIdVec>0 </MemPortIdVec>
<condition id="-1">
<or_exp><and_exp></and_exp></or_exp>
</condition>

<Node id="33" bw="32" op_0_bw="6">
<![CDATA[
entry_ifconv:24  %empty_14 = load float* %p_addr, align 4

]]></Node>
<StgValue><ssdm name="empty_14"/></StgValue>
</operation>

<operation id="33" st_id="2" stage="1" lat="2">
<core>RAM_S2P_BRAM</core>
<MemPortIdVec>0 </MemPortIdVec>
<condition id="-1">
<or_exp><and_exp></and_exp></or_exp>
</condition>

<Node id="34" bw="32" op_0_bw="6">
<![CDATA[
entry_ifconv:25  %empty_15 = load float* %p_addr_1, align 4

]]></Node>
<StgValue><ssdm name="empty_15"/></StgValue>
</operation>

<operation id="34" st_id="2" stage="1" lat="2">
<core>RAM_S2P_BRAM</core>
<MemPortIdVec>0 </MemPortIdVec>
<condition id="-1">
<or_exp><and_exp></and_exp></or_exp>
</condition>

<Node id="35" bw="32" op_0_bw="6">
<![CDATA[
entry_ifconv:26  %empty_16 = load float* %p_addr_2, align 4

]]></Node>
<StgValue><ssdm name="empty_16"/></StgValue>
</operation>

<operation id="35" st_id="2" stage="1" lat="2">
<core>RAM_S2P_BRAM</core>
<MemPortIdVec>0 </MemPortIdVec>
<condition id="-1">
<or_exp><and_exp></and_exp></or_exp>
</condition>

<Node id="36" bw="32" op_0_bw="6">
<![CDATA[
entry_ifconv:27  %empty_17 = load float* %p_addr_3, align 4

]]></Node>
<StgValue><ssdm name="empty_17"/></StgValue>
</operation>

<operation id="36" st_id="2" stage="1" lat="2">
<core>RAM_S2P_BRAM</core>
<MemPortIdVec>0 </MemPortIdVec>
<condition id="-1">
<or_exp><and_exp></and_exp></or_exp>
</condition>

<Node id="37" bw="32" op_0_bw="6">
<![CDATA[
entry_ifconv:28  %empty_18 = load float* %p_addr_4, align 4

]]></Node>
<StgValue><ssdm name="empty_18"/></StgValue>
</operation>

<operation id="37" st_id="2" stage="1" lat="1">
<core>Cmp</core>
<MemPortIdVec></MemPortIdVec>
<condition id="-1">
<or_exp><and_exp></and_exp></or_exp>
</condition>

<Node id="38" bw="1" op_0_bw="3" op_1_bw="3">
<![CDATA[
entry_ifconv:29  %icmp_ln16 = icmp eq i3 %tmp_17, 0

]]></Node>
<StgValue><ssdm name="icmp_ln16"/></StgValue>
</operation>

<operation id="38" st_id="2" stage="1" lat="1">
<core>Sel</core>
<MemPortIdVec></MemPortIdVec>
<condition id="-1">
<or_exp><and_exp></and_exp></or_exp>
</condition>

<Node id="39" bw="32" op_0_bw="1" op_1_bw="32" op_2_bw="32">
<![CDATA[
entry_ifconv:30  %select_ln16 = select i1 %icmp_ln16, float %empty_15, float %empty_14

]]></Node>
<StgValue><ssdm name="select_ln16"/></StgValue>
</operation>

<operation id="39" st_id="2" stage="1" lat="1">
<core>Cmp</core>
<MemPortIdVec></MemPortIdVec>
<condition id="-1">
<or_exp><and_exp></and_exp></or_exp>
</condition>

<Node id="40" bw="1" op_0_bw="3" op_1_bw="3">
<![CDATA[
entry_ifconv:31  %icmp_ln16_1 = icmp eq i3 %tmp_17, 1

]]></Node>
<StgValue><ssdm name="icmp_ln16_1"/></StgValue>
</operation>

<operation id="40" st_id="2" stage="1" lat="1">
<core>Sel</core>
<MemPortIdVec></MemPortIdVec>
<condition id="-1">
<or_exp><and_exp></and_exp></or_exp>
</condition>

<Node id="41" bw="32" op_0_bw="1" op_1_bw="32" op_2_bw="32">
<![CDATA[
entry_ifconv:32  %select_ln16_1 = select i1 %icmp_ln16_1, float %empty_16, float %select_ln16

]]></Node>
<StgValue><ssdm name="select_ln16_1"/></StgValue>
</operation>

<operation id="41" st_id="2" stage="1" lat="1">
<core>Cmp</core>
<MemPortIdVec></MemPortIdVec>
<condition id="-1">
<or_exp><and_exp></and_exp></or_exp>
</condition>

<Node id="42" bw="1" op_0_bw="3" op_1_bw="3">
<![CDATA[
entry_ifconv:33  %icmp_ln16_2 = icmp eq i3 %tmp_17, 2

]]></Node>
<StgValue><ssdm name="icmp_ln16_2"/></StgValue>
</operation>

<operation id="42" st_id="2" stage="1" lat="1">
<core>Sel</core>
<MemPortIdVec></MemPortIdVec>
<condition id="-1">
<or_exp><and_exp></and_exp></or_exp>
</condition>

<Node id="43" bw="32" op_0_bw="1" op_1_bw="32" op_2_bw="32">
<![CDATA[
entry_ifconv:34  %select_ln16_2 = select i1 %icmp_ln16_2, float %empty_17, float %select_ln16_1

]]></Node>
<StgValue><ssdm name="select_ln16_2"/></StgValue>
</operation>

<operation id="43" st_id="2" stage="1" lat="1">
<core>Cmp</core>
<MemPortIdVec></MemPortIdVec>
<condition id="-1">
<or_exp><and_exp></and_exp></or_exp>
</condition>

<Node id="44" bw="1" op_0_bw="3" op_1_bw="3">
<![CDATA[
entry_ifconv:35  %icmp_ln16_3 = icmp eq i3 %tmp_17, 3

]]></Node>
<StgValue><ssdm name="icmp_ln16_3"/></StgValue>
</operation>

<operation id="44" st_id="2" stage="1" lat="1">
<core>Sel</core>
<MemPortIdVec></MemPortIdVec>
<condition id="-1">
<or_exp><and_exp></and_exp></or_exp>
</condition>

<Node id="45" bw="32" op_0_bw="1" op_1_bw="32" op_2_bw="32">
<![CDATA[
entry_ifconv:36  %select_ln16_3 = select i1 %icmp_ln16_3, float %empty_18, float %select_ln16_2

]]></Node>
<StgValue><ssdm name="select_ln16_3"/></StgValue>
</operation>

<operation id="45" st_id="2" stage="1" lat="1">
<core>NULL</core>
<MemPortIdVec></MemPortIdVec>
<condition id="-1">
<or_exp><and_exp></and_exp></or_exp>
</condition>

<Node id="46" bw="0" op_0_bw="32">
<![CDATA[
entry_ifconv:37  ret float %select_ln16_3

]]></Node>
<StgValue><ssdm name="ret_ln15"/></StgValue>
</operation>
</state>
</state_list>


<ports>
<port id="49" name="empty_4" dir="0" iftype="1">
<core>RAM_S2P_BRAM</core><StgValue><ssdm name="empty_4"/><MemPortTyVec>1 3 </MemPortTyVec>
</StgValue>
</port>
<port id="50" name="empty_5" dir="0" iftype="1">
<core>RAM_S2P_BRAM</core><StgValue><ssdm name="empty_5"/><MemPortTyVec>1 3 </MemPortTyVec>
</StgValue>
</port>
<port id="51" name="empty_6" dir="0" iftype="1">
<core>RAM_S2P_BRAM</core><StgValue><ssdm name="empty_6"/><MemPortTyVec>1 3 </MemPortTyVec>
</StgValue>
</port>
<port id="52" name="empty_7" dir="0" iftype="1">
<core>RAM_S2P_BRAM</core><StgValue><ssdm name="empty_7"/><MemPortTyVec>1 3 </MemPortTyVec>
</StgValue>
</port>
<port id="53" name="empty_8" dir="0" iftype="1">
<core>RAM_S2P_BRAM</core><StgValue><ssdm name="empty_8"/><MemPortTyVec>1 3 </MemPortTyVec>
</StgValue>
</port>
<port id="54" name="empty_9" dir="0" iftype="0">
<core>NULL</core><StgValue><ssdm name="empty_9"/></StgValue>
</port>
<port id="55" name="empty_10" dir="0" iftype="0">
<core>NULL</core><StgValue><ssdm name="empty_10"/></StgValue>
</port>
<port id="56" name="empty" dir="0" iftype="0">
<core>NULL</core><StgValue><ssdm name="empty"/></StgValue>
</port>
</ports>


<dataflows>
<dataflow id="58" from="_ssdm_op_Read.ap_auto.i3" to="tmp_15" fromId="57" toId="3">
</dataflow>
<dataflow id="59" from="empty" to="tmp_15" fromId="56" toId="3">
</dataflow>
<dataflow id="60" from="_ssdm_op_Read.ap_auto.i3" to="tmp_16" fromId="57" toId="4">
</dataflow>
<dataflow id="61" from="empty_10" to="tmp_16" fromId="55" toId="4">
</dataflow>
<dataflow id="62" from="_ssdm_op_Read.ap_auto.i3" to="tmp_17" fromId="57" toId="5">
</dataflow>
<dataflow id="63" from="empty_9" to="tmp_17" fromId="54" toId="5">
</dataflow>
<dataflow id="64" from="tmp_15" to="p_cast2" fromId="3" toId="6">
</dataflow>
<dataflow id="65" from="tmp_16" to="p_cast1" fromId="4" toId="7">
</dataflow>
<dataflow id="67" from="_ssdm_op_BitConcatenate.i5.i3.i2" to="tmp" fromId="66" toId="8">
</dataflow>
<dataflow id="68" from="tmp_16" to="tmp" fromId="4" toId="8">
</dataflow>
<dataflow id="70" from="StgValue_69" to="tmp" fromId="69" toId="8">
</dataflow>
<dataflow id="71" from="tmp" to="zext_ln1" fromId="8" toId="9">
</dataflow>
<dataflow id="72" from="zext_ln1" to="add_ln1" fromId="9" toId="10">
</dataflow>
<dataflow id="73" from="p_cast1" to="add_ln1" fromId="7" toId="10">
</dataflow>
<dataflow id="74" from="p_cast2" to="add_ln1_1" fromId="6" toId="11">
</dataflow>
<dataflow id="75" from="add_ln1" to="add_ln1_1" fromId="10" toId="11">
</dataflow>
<dataflow id="76" from="empty_4" to="p_addr_1" fromId="49" toId="12">
</dataflow>
<dataflow id="78" from="StgValue_77" to="p_addr_1" fromId="77" toId="12">
</dataflow>
<dataflow id="79" from="add_ln1_1" to="p_addr_1" fromId="11" toId="12">
</dataflow>
<dataflow id="80" from="empty_5" to="p_addr_2" fromId="50" toId="13">
</dataflow>
<dataflow id="81" from="StgValue_77" to="p_addr_2" fromId="77" toId="13">
</dataflow>
<dataflow id="82" from="add_ln1_1" to="p_addr_2" fromId="11" toId="13">
</dataflow>
<dataflow id="83" from="empty_6" to="p_addr_3" fromId="51" toId="14">
</dataflow>
<dataflow id="84" from="StgValue_77" to="p_addr_3" fromId="77" toId="14">
</dataflow>
<dataflow id="85" from="add_ln1_1" to="p_addr_3" fromId="11" toId="14">
</dataflow>
<dataflow id="86" from="empty_7" to="p_addr_4" fromId="52" toId="15">
</dataflow>
<dataflow id="87" from="StgValue_77" to="p_addr_4" fromId="77" toId="15">
</dataflow>
<dataflow id="88" from="add_ln1_1" to="p_addr_4" fromId="11" toId="15">
</dataflow>
<dataflow id="89" from="empty_8" to="p_addr" fromId="53" toId="16">
</dataflow>
<dataflow id="90" from="StgValue_77" to="p_addr" fromId="77" toId="16">
</dataflow>
<dataflow id="91" from="add_ln1_1" to="p_addr" fromId="11" toId="16">
</dataflow>
<dataflow id="92" from="p_addr" to="empty_14" fromId="16" toId="17">
</dataflow>
<dataflow id="93" from="p_addr_1" to="empty_15" fromId="12" toId="18">
</dataflow>
<dataflow id="94" from="p_addr_2" to="empty_16" fromId="13" toId="19">
</dataflow>
<dataflow id="95" from="p_addr_3" to="empty_17" fromId="14" toId="20">
</dataflow>
<dataflow id="96" from="p_addr_4" to="empty_18" fromId="15" toId="21">
</dataflow>
<dataflow id="98" from="_ssdm_op_SpecMemCore" to="specmemcore_ln0" fromId="97" toId="22">
</dataflow>
<dataflow id="99" from="empty_8" to="specmemcore_ln0" fromId="53" toId="22">
</dataflow>
<dataflow id="101" from="p_str1" to="specmemcore_ln0" fromId="100" toId="22">
</dataflow>
<dataflow id="103" from="p_str5" to="specmemcore_ln0" fromId="102" toId="22">
</dataflow>
<dataflow id="104" from="p_str1" to="specmemcore_ln0" fromId="100" toId="22">
</dataflow>
<dataflow id="106" from="StgValue_105" to="specmemcore_ln0" fromId="105" toId="22">
</dataflow>
<dataflow id="107" from="p_str1" to="specmemcore_ln0" fromId="100" toId="22">
</dataflow>
<dataflow id="108" from="p_str1" to="specmemcore_ln0" fromId="100" toId="22">
</dataflow>
<dataflow id="109" from="p_str1" to="specmemcore_ln0" fromId="100" toId="22">
</dataflow>
<dataflow id="110" from="p_str1" to="specmemcore_ln0" fromId="100" toId="22">
</dataflow>
<dataflow id="111" from="p_str1" to="specmemcore_ln0" fromId="100" toId="22">
</dataflow>
<dataflow id="112" from="_ssdm_op_SpecMemCore" to="specmemcore_ln0" fromId="97" toId="23">
</dataflow>
<dataflow id="113" from="empty_7" to="specmemcore_ln0" fromId="52" toId="23">
</dataflow>
<dataflow id="114" from="p_str1" to="specmemcore_ln0" fromId="100" toId="23">
</dataflow>
<dataflow id="115" from="p_str5" to="specmemcore_ln0" fromId="102" toId="23">
</dataflow>
<dataflow id="116" from="p_str1" to="specmemcore_ln0" fromId="100" toId="23">
</dataflow>
<dataflow id="117" from="StgValue_105" to="specmemcore_ln0" fromId="105" toId="23">
</dataflow>
<dataflow id="118" from="p_str1" to="specmemcore_ln0" fromId="100" toId="23">
</dataflow>
<dataflow id="119" from="p_str1" to="specmemcore_ln0" fromId="100" toId="23">
</dataflow>
<dataflow id="120" from="p_str1" to="specmemcore_ln0" fromId="100" toId="23">
</dataflow>
<dataflow id="121" from="p_str1" to="specmemcore_ln0" fromId="100" toId="23">
</dataflow>
<dataflow id="122" from="p_str1" to="specmemcore_ln0" fromId="100" toId="23">
</dataflow>
<dataflow id="123" from="_ssdm_op_SpecMemCore" to="specmemcore_ln0" fromId="97" toId="24">
</dataflow>
<dataflow id="124" from="empty_6" to="specmemcore_ln0" fromId="51" toId="24">
</dataflow>
<dataflow id="125" from="p_str1" to="specmemcore_ln0" fromId="100" toId="24">
</dataflow>
<dataflow id="126" from="p_str5" to="specmemcore_ln0" fromId="102" toId="24">
</dataflow>
<dataflow id="127" from="p_str1" to="specmemcore_ln0" fromId="100" toId="24">
</dataflow>
<dataflow id="128" from="StgValue_105" to="specmemcore_ln0" fromId="105" toId="24">
</dataflow>
<dataflow id="129" from="p_str1" to="specmemcore_ln0" fromId="100" toId="24">
</dataflow>
<dataflow id="130" from="p_str1" to="specmemcore_ln0" fromId="100" toId="24">
</dataflow>
<dataflow id="131" from="p_str1" to="specmemcore_ln0" fromId="100" toId="24">
</dataflow>
<dataflow id="132" from="p_str1" to="specmemcore_ln0" fromId="100" toId="24">
</dataflow>
<dataflow id="133" from="p_str1" to="specmemcore_ln0" fromId="100" toId="24">
</dataflow>
<dataflow id="134" from="_ssdm_op_SpecMemCore" to="specmemcore_ln0" fromId="97" toId="25">
</dataflow>
<dataflow id="135" from="empty_5" to="specmemcore_ln0" fromId="50" toId="25">
</dataflow>
<dataflow id="136" from="p_str1" to="specmemcore_ln0" fromId="100" toId="25">
</dataflow>
<dataflow id="137" from="p_str5" to="specmemcore_ln0" fromId="102" toId="25">
</dataflow>
<dataflow id="138" from="p_str1" to="specmemcore_ln0" fromId="100" toId="25">
</dataflow>
<dataflow id="139" from="StgValue_105" to="specmemcore_ln0" fromId="105" toId="25">
</dataflow>
<dataflow id="140" from="p_str1" to="specmemcore_ln0" fromId="100" toId="25">
</dataflow>
<dataflow id="141" from="p_str1" to="specmemcore_ln0" fromId="100" toId="25">
</dataflow>
<dataflow id="142" from="p_str1" to="specmemcore_ln0" fromId="100" toId="25">
</dataflow>
<dataflow id="143" from="p_str1" to="specmemcore_ln0" fromId="100" toId="25">
</dataflow>
<dataflow id="144" from="p_str1" to="specmemcore_ln0" fromId="100" toId="25">
</dataflow>
<dataflow id="145" from="_ssdm_op_SpecMemCore" to="specmemcore_ln0" fromId="97" toId="26">
</dataflow>
<dataflow id="146" from="empty_4" to="specmemcore_ln0" fromId="49" toId="26">
</dataflow>
<dataflow id="147" from="p_str1" to="specmemcore_ln0" fromId="100" toId="26">
</dataflow>
<dataflow id="148" from="p_str5" to="specmemcore_ln0" fromId="102" toId="26">
</dataflow>
<dataflow id="149" from="p_str1" to="specmemcore_ln0" fromId="100" toId="26">
</dataflow>
<dataflow id="150" from="StgValue_105" to="specmemcore_ln0" fromId="105" toId="26">
</dataflow>
<dataflow id="151" from="p_str1" to="specmemcore_ln0" fromId="100" toId="26">
</dataflow>
<dataflow id="152" from="p_str1" to="specmemcore_ln0" fromId="100" toId="26">
</dataflow>
<dataflow id="153" from="p_str1" to="specmemcore_ln0" fromId="100" toId="26">
</dataflow>
<dataflow id="154" from="p_str1" to="specmemcore_ln0" fromId="100" toId="26">
</dataflow>
<dataflow id="155" from="p_str1" to="specmemcore_ln0" fromId="100" toId="26">
</dataflow>
<dataflow id="157" from="_ssdm_op_SpecInterface" to="specinterface_ln0" fromId="156" toId="27">
</dataflow>
<dataflow id="158" from="empty_8" to="specinterface_ln0" fromId="53" toId="27">
</dataflow>
<dataflow id="160" from="p_str3" to="specinterface_ln0" fromId="159" toId="27">
</dataflow>
<dataflow id="162" from="StgValue_161" to="specinterface_ln0" fromId="161" toId="27">
</dataflow>
<dataflow id="163" from="StgValue_161" to="specinterface_ln0" fromId="161" toId="27">
</dataflow>
<dataflow id="164" from="p_str1" to="specinterface_ln0" fromId="100" toId="27">
</dataflow>
<dataflow id="165" from="StgValue_161" to="specinterface_ln0" fromId="161" toId="27">
</dataflow>
<dataflow id="166" from="StgValue_161" to="specinterface_ln0" fromId="161" toId="27">
</dataflow>
<dataflow id="167" from="p_str1" to="specinterface_ln0" fromId="100" toId="27">
</dataflow>
<dataflow id="168" from="p_str1" to="specinterface_ln0" fromId="100" toId="27">
</dataflow>
<dataflow id="169" from="p_str1" to="specinterface_ln0" fromId="100" toId="27">
</dataflow>
<dataflow id="170" from="StgValue_161" to="specinterface_ln0" fromId="161" toId="27">
</dataflow>
<dataflow id="171" from="StgValue_161" to="specinterface_ln0" fromId="161" toId="27">
</dataflow>
<dataflow id="172" from="StgValue_161" to="specinterface_ln0" fromId="161" toId="27">
</dataflow>
<dataflow id="173" from="StgValue_161" to="specinterface_ln0" fromId="161" toId="27">
</dataflow>
<dataflow id="174" from="p_str1" to="specinterface_ln0" fromId="100" toId="27">
</dataflow>
<dataflow id="175" from="p_str1" to="specinterface_ln0" fromId="100" toId="27">
</dataflow>
<dataflow id="176" from="_ssdm_op_SpecInterface" to="specinterface_ln0" fromId="156" toId="28">
</dataflow>
<dataflow id="177" from="empty_7" to="specinterface_ln0" fromId="52" toId="28">
</dataflow>
<dataflow id="178" from="p_str3" to="specinterface_ln0" fromId="159" toId="28">
</dataflow>
<dataflow id="179" from="StgValue_161" to="specinterface_ln0" fromId="161" toId="28">
</dataflow>
<dataflow id="180" from="StgValue_161" to="specinterface_ln0" fromId="161" toId="28">
</dataflow>
<dataflow id="181" from="p_str1" to="specinterface_ln0" fromId="100" toId="28">
</dataflow>
<dataflow id="182" from="StgValue_161" to="specinterface_ln0" fromId="161" toId="28">
</dataflow>
<dataflow id="183" from="StgValue_161" to="specinterface_ln0" fromId="161" toId="28">
</dataflow>
<dataflow id="184" from="p_str1" to="specinterface_ln0" fromId="100" toId="28">
</dataflow>
<dataflow id="185" from="p_str1" to="specinterface_ln0" fromId="100" toId="28">
</dataflow>
<dataflow id="186" from="p_str1" to="specinterface_ln0" fromId="100" toId="28">
</dataflow>
<dataflow id="187" from="StgValue_161" to="specinterface_ln0" fromId="161" toId="28">
</dataflow>
<dataflow id="188" from="StgValue_161" to="specinterface_ln0" fromId="161" toId="28">
</dataflow>
<dataflow id="189" from="StgValue_161" to="specinterface_ln0" fromId="161" toId="28">
</dataflow>
<dataflow id="190" from="StgValue_161" to="specinterface_ln0" fromId="161" toId="28">
</dataflow>
<dataflow id="191" from="p_str1" to="specinterface_ln0" fromId="100" toId="28">
</dataflow>
<dataflow id="192" from="p_str1" to="specinterface_ln0" fromId="100" toId="28">
</dataflow>
<dataflow id="193" from="_ssdm_op_SpecInterface" to="specinterface_ln0" fromId="156" toId="29">
</dataflow>
<dataflow id="194" from="empty_6" to="specinterface_ln0" fromId="51" toId="29">
</dataflow>
<dataflow id="195" from="p_str3" to="specinterface_ln0" fromId="159" toId="29">
</dataflow>
<dataflow id="196" from="StgValue_161" to="specinterface_ln0" fromId="161" toId="29">
</dataflow>
<dataflow id="197" from="StgValue_161" to="specinterface_ln0" fromId="161" toId="29">
</dataflow>
<dataflow id="198" from="p_str1" to="specinterface_ln0" fromId="100" toId="29">
</dataflow>
<dataflow id="199" from="StgValue_161" to="specinterface_ln0" fromId="161" toId="29">
</dataflow>
<dataflow id="200" from="StgValue_161" to="specinterface_ln0" fromId="161" toId="29">
</dataflow>
<dataflow id="201" from="p_str1" to="specinterface_ln0" fromId="100" toId="29">
</dataflow>
<dataflow id="202" from="p_str1" to="specinterface_ln0" fromId="100" toId="29">
</dataflow>
<dataflow id="203" from="p_str1" to="specinterface_ln0" fromId="100" toId="29">
</dataflow>
<dataflow id="204" from="StgValue_161" to="specinterface_ln0" fromId="161" toId="29">
</dataflow>
<dataflow id="205" from="StgValue_161" to="specinterface_ln0" fromId="161" toId="29">
</dataflow>
<dataflow id="206" from="StgValue_161" to="specinterface_ln0" fromId="161" toId="29">
</dataflow>
<dataflow id="207" from="StgValue_161" to="specinterface_ln0" fromId="161" toId="29">
</dataflow>
<dataflow id="208" from="p_str1" to="specinterface_ln0" fromId="100" toId="29">
</dataflow>
<dataflow id="209" from="p_str1" to="specinterface_ln0" fromId="100" toId="29">
</dataflow>
<dataflow id="210" from="_ssdm_op_SpecInterface" to="specinterface_ln0" fromId="156" toId="30">
</dataflow>
<dataflow id="211" from="empty_5" to="specinterface_ln0" fromId="50" toId="30">
</dataflow>
<dataflow id="212" from="p_str3" to="specinterface_ln0" fromId="159" toId="30">
</dataflow>
<dataflow id="213" from="StgValue_161" to="specinterface_ln0" fromId="161" toId="30">
</dataflow>
<dataflow id="214" from="StgValue_161" to="specinterface_ln0" fromId="161" toId="30">
</dataflow>
<dataflow id="215" from="p_str1" to="specinterface_ln0" fromId="100" toId="30">
</dataflow>
<dataflow id="216" from="StgValue_161" to="specinterface_ln0" fromId="161" toId="30">
</dataflow>
<dataflow id="217" from="StgValue_161" to="specinterface_ln0" fromId="161" toId="30">
</dataflow>
<dataflow id="218" from="p_str1" to="specinterface_ln0" fromId="100" toId="30">
</dataflow>
<dataflow id="219" from="p_str1" to="specinterface_ln0" fromId="100" toId="30">
</dataflow>
<dataflow id="220" from="p_str1" to="specinterface_ln0" fromId="100" toId="30">
</dataflow>
<dataflow id="221" from="StgValue_161" to="specinterface_ln0" fromId="161" toId="30">
</dataflow>
<dataflow id="222" from="StgValue_161" to="specinterface_ln0" fromId="161" toId="30">
</dataflow>
<dataflow id="223" from="StgValue_161" to="specinterface_ln0" fromId="161" toId="30">
</dataflow>
<dataflow id="224" from="StgValue_161" to="specinterface_ln0" fromId="161" toId="30">
</dataflow>
<dataflow id="225" from="p_str1" to="specinterface_ln0" fromId="100" toId="30">
</dataflow>
<dataflow id="226" from="p_str1" to="specinterface_ln0" fromId="100" toId="30">
</dataflow>
<dataflow id="227" from="_ssdm_op_SpecInterface" to="specinterface_ln0" fromId="156" toId="31">
</dataflow>
<dataflow id="228" from="empty_4" to="specinterface_ln0" fromId="49" toId="31">
</dataflow>
<dataflow id="229" from="p_str3" to="specinterface_ln0" fromId="159" toId="31">
</dataflow>
<dataflow id="230" from="StgValue_161" to="specinterface_ln0" fromId="161" toId="31">
</dataflow>
<dataflow id="231" from="StgValue_161" to="specinterface_ln0" fromId="161" toId="31">
</dataflow>
<dataflow id="232" from="p_str1" to="specinterface_ln0" fromId="100" toId="31">
</dataflow>
<dataflow id="233" from="StgValue_161" to="specinterface_ln0" fromId="161" toId="31">
</dataflow>
<dataflow id="234" from="StgValue_161" to="specinterface_ln0" fromId="161" toId="31">
</dataflow>
<dataflow id="235" from="p_str1" to="specinterface_ln0" fromId="100" toId="31">
</dataflow>
<dataflow id="236" from="p_str1" to="specinterface_ln0" fromId="100" toId="31">
</dataflow>
<dataflow id="237" from="p_str1" to="specinterface_ln0" fromId="100" toId="31">
</dataflow>
<dataflow id="238" from="StgValue_161" to="specinterface_ln0" fromId="161" toId="31">
</dataflow>
<dataflow id="239" from="StgValue_161" to="specinterface_ln0" fromId="161" toId="31">
</dataflow>
<dataflow id="240" from="StgValue_161" to="specinterface_ln0" fromId="161" toId="31">
</dataflow>
<dataflow id="241" from="StgValue_161" to="specinterface_ln0" fromId="161" toId="31">
</dataflow>
<dataflow id="242" from="p_str1" to="specinterface_ln0" fromId="100" toId="31">
</dataflow>
<dataflow id="243" from="p_str1" to="specinterface_ln0" fromId="100" toId="31">
</dataflow>
<dataflow id="244" from="p_addr" to="empty_14" fromId="16" toId="32">
</dataflow>
<dataflow id="245" from="p_addr_1" to="empty_15" fromId="12" toId="33">
</dataflow>
<dataflow id="246" from="p_addr_2" to="empty_16" fromId="13" toId="34">
</dataflow>
<dataflow id="247" from="p_addr_3" to="empty_17" fromId="14" toId="35">
</dataflow>
<dataflow id="248" from="p_addr_4" to="empty_18" fromId="15" toId="36">
</dataflow>
<dataflow id="249" from="tmp_17" to="icmp_ln16" fromId="5" toId="37">
</dataflow>
<dataflow id="251" from="StgValue_250" to="icmp_ln16" fromId="250" toId="37">
</dataflow>
<dataflow id="252" from="icmp_ln16" to="select_ln16" fromId="37" toId="38">
</dataflow>
<dataflow id="253" from="empty_15" to="select_ln16" fromId="33" toId="38">
</dataflow>
<dataflow id="254" from="empty_14" to="select_ln16" fromId="32" toId="38">
</dataflow>
<dataflow id="255" from="tmp_17" to="icmp_ln16_1" fromId="5" toId="39">
</dataflow>
<dataflow id="257" from="StgValue_256" to="icmp_ln16_1" fromId="256" toId="39">
</dataflow>
<dataflow id="258" from="icmp_ln16_1" to="select_ln16_1" fromId="39" toId="40">
</dataflow>
<dataflow id="259" from="empty_16" to="select_ln16_1" fromId="34" toId="40">
</dataflow>
<dataflow id="260" from="select_ln16" to="select_ln16_1" fromId="38" toId="40">
</dataflow>
<dataflow id="261" from="tmp_17" to="icmp_ln16_2" fromId="5" toId="41">
</dataflow>
<dataflow id="263" from="StgValue_262" to="icmp_ln16_2" fromId="262" toId="41">
</dataflow>
<dataflow id="264" from="icmp_ln16_2" to="select_ln16_2" fromId="41" toId="42">
</dataflow>
<dataflow id="265" from="empty_17" to="select_ln16_2" fromId="35" toId="42">
</dataflow>
<dataflow id="266" from="select_ln16_1" to="select_ln16_2" fromId="40" toId="42">
</dataflow>
<dataflow id="267" from="tmp_17" to="icmp_ln16_3" fromId="5" toId="43">
</dataflow>
<dataflow id="269" from="StgValue_268" to="icmp_ln16_3" fromId="268" toId="43">
</dataflow>
<dataflow id="270" from="icmp_ln16_3" to="select_ln16_3" fromId="43" toId="44">
</dataflow>
<dataflow id="271" from="empty_18" to="select_ln16_3" fromId="36" toId="44">
</dataflow>
<dataflow id="272" from="select_ln16_2" to="select_ln16_3" fromId="42" toId="44">
</dataflow>
<dataflow id="273" from="select_ln16_3" to="ret_ln15" fromId="44" toId="45">
</dataflow>
</dataflows>


</stg>
