<profile>

<section name = "Vivado HLS Report for 'kernel_2mm_nonP'" level="0">
<item name = "Date">Fri Jan 27 19:43:11 2023
</item>
<item name = "Version">2019.2 (Build 2704478 on Wed Nov 06 22:10:23 MST 2019)</item>
<item name = "Project">1.2mm_small</item>
<item name = "Solution">non-pareto</item>
<item name = "Product family">zynq</item>
<item name = "Target device">xc7z045-ffg900-2</item>
</section>

<section name = "Performance Estimates" level="0">
<item name = "Timing">
<section name = "" level="1">
<item name = "Summary"><table name="" hasTotal="0">
<keys size="4">Clock, Target, Estimated, Uncertainty</keys>
<column name="ap_clk">10.00 ns, 17.176 ns, 1.25 ns</column>
</table>
</item>
</section>
</item>
<item name = "Latency">
<section name = "" level="1">
<item name = "Summary"><table name="" hasTotal="0">
<keys size="8">, min, max, min, max, min, max, Type</keys>
<column name="">50854, 50854, 0.873 ms, 0.873 ms, 50854, 50854, none</column>
</table>
</item>
<item name = "Detail">
<section name = "" level="1">
<item name = "Instance"><table name="" hasTotal="0">
<keys size="9">Instance, Module, min, max, min, max, min, max, Type</keys>
<column name="grp_aesl_mux_load_5_8_x_s_fu_3445">aesl_mux_load_5_8_x_s, 1, 1, 17.176 ns, 17.176 ns, 1, 1, function</column>
</table>
</item>
<item name = "Loop"><table name="" hasTotal="0">
<keys size="8">Loop Name, min, max, Latency, achieved, target, Count, Pipelined</keys>
<column name="- Loop 1">46018, 46018, 42, 23, 2, 2000, yes</column>
<column name="- Loop 2">4832, 4832, 36, 3, 3, 1600, yes</column>
</table>
</item>
</section>
</item>
</section>
</item>
</section>
</profile>
