{
  "Top": "kernel_bicg_base",
  "RtlTop": "kernel_bicg_base",
  "RtlPrefix": "",
  "SourceLanguage": "c",
  "ResetStyle": "control",
  "GenerateBdFiles": "0",
  "HostMachineBits": "64",
  "Target": {
    "Family": "zynq",
    "Device": "xc7z045",
    "Package": "-ffg900",
    "Speed": "-2"
  },
  "HlsSolution": {
    
  },
  "Args": {
    "m": {
      "index": "0",
      "type": {
        "dataType": "int",
        "dataWidth": "32",
        "interfaceRef": "m"
      }
    },
    "n": {
      "index": "1",
      "type": {
        "dataType": "int",
        "dataWidth": "32",
        "interfaceRef": "n"
      }
    },
    "A": {
      "index": "2",
      "type": {
        "kinds": ["array"],
        "dataType": "float",
        "dataWidth": "32",
        "arraySizes": [
          "410",
          "390"
        ],
        "multiInterfaceRef": [
          "A_address0",
          "A_q0"
        ]
      }
    },
    "s": {
      "index": "3",
      "type": {
        "kinds": ["array"],
        "dataType": "float",
        "dataWidth": "32",
        "arraySizes": ["390"],
        "multiInterfaceRef": [
          "s_address0",
          "s_d0",
          "s_q0"
        ]
      }
    },
    "q": {
      "index": "4",
      "type": {
        "kinds": ["array"],
        "dataType": "float",
        "dataWidth": "32",
        "arraySizes": ["410"],
        "multiInterfaceRef": [
          "q_address0",
          "q_d0"
        ]
      }
    },
    "p": {
      "index": "5",
      "type": {
        "kinds": ["array"],
        "dataType": "float",
        "dataWidth": "32",
        "arraySizes": ["390"],
        "multiInterfaceRef": [
          "p_address0",
          "p_q0"
        ]
      }
    },
    "r": {
      "index": "6",
      "type": {
        "kinds": ["array"],
        "dataType": "float",
        "dataWidth": "32",
        "arraySizes": ["410"],
        "multiInterfaceRef": [
          "r_address0",
          "r_q0"
        ]
      }
    }
  },
  "Return": {
    
  },
  "ClockInfo": {
    "ClockName": "ap_clk",
    "ClockPeriod": "10",
    "IsCombLogic": "0",
    "II": "x",
    "Latency": "1600212",
    "Uncertainty": "1.25"
  },
  "Xdc": {"OocClocks": ["create_clock -name ap_clk -period 10.000 [get_ports ap_clk]"]},
  "Ipx": {
    "Vendor": "xilinx.com",
    "Library": "hls",
    "Name": "kernel_bicg_base",
    "Version": "1.0",
    "DisplayName": "Kernel_bicg_base",
    "Revision": "",
    "Description": "An IP generated by Vivado HLS",
    "Taxonomy": "\/VIVADO_HLS_IP",
    "AutoFamilySupport": ""
  },
  "Files": {
    "CSource": ["..\/base.c"],
    "Vhdl": [
      "impl\/vhdl\/kernel_bicg_base_bkb.vhd",
      "impl\/vhdl\/kernel_bicg_base_cud.vhd",
      "impl\/vhdl\/kernel_bicg_base.vhd"
    ],
    "Verilog": [
      "impl\/verilog\/kernel_bicg_base_bkb.v",
      "impl\/verilog\/kernel_bicg_base_cud.v",
      "impl\/verilog\/kernel_bicg_base.v"
    ],
    "Misc": ["impl\/misc\/logo.png"],
    "Subcore": [
      "impl\/misc\/kernel_bicg_base_ap_fadd_2_full_dsp_32_ip.tcl",
      "impl\/misc\/kernel_bicg_base_ap_fmul_1_max_dsp_32_ip.tcl"
    ],
    "DesignXml": "C:\/Users\/GregRoom\/Desktop\/AutoScaleDSE_Artifact\/bicg\/base\/.autopilot\/db\/kernel_bicg_base.design.xml",
    "DebugDir": "C:\/Users\/GregRoom\/Desktop\/AutoScaleDSE_Artifact\/bicg\/base\/.debug",
    "ProtoInst": ["C:\/Users\/GregRoom\/Desktop\/AutoScaleDSE_Artifact\/bicg\/base\/.debug\/kernel_bicg_base.protoinst"]
  },
  "SubcoreInfo": {
    "HasXpmMemory": false,
    "HasClockedDsp": false,
    "IP": [
      {
        "name": "kernel_bicg_base_ap_fadd_2_full_dsp_32",
        "vlnv": "xilinx.com:ip:floating_point:7.1",
        "params": "CONFIG.a_precision_type Single CONFIG.a_tuser_width 1 CONFIG.add_sub_value Add CONFIG.b_tuser_width 1 CONFIG.c_a_exponent_width 8 CONFIG.c_a_fraction_width 24 CONFIG.c_compare_operation Programmable CONFIG.c_has_divide_by_zero false CONFIG.c_has_invalid_op false CONFIG.c_has_overflow false CONFIG.c_has_underflow false CONFIG.c_latency 2 CONFIG.c_mult_usage Full_Usage CONFIG.c_optimization Speed_Optimized CONFIG.c_rate 1 CONFIG.c_result_exponent_width 8 CONFIG.c_result_fraction_width 24 CONFIG.component_name kernel_bicg_base_ap_fadd_2_full_dsp_32 CONFIG.flow_control NonBlocking CONFIG.has_a_tlast false CONFIG.has_a_tuser false CONFIG.has_aclken true CONFIG.has_aresetn false CONFIG.has_b_tlast false CONFIG.has_b_tuser false CONFIG.has_operation_tlast false CONFIG.has_operation_tuser false CONFIG.has_result_tready false CONFIG.maximum_latency false CONFIG.operation_tuser_width 1 CONFIG.operation_type Add_Subtract CONFIG.result_precision_type Single CONFIG.result_tlast_behv Null"
      },
      {
        "name": "kernel_bicg_base_ap_fmul_1_max_dsp_32",
        "vlnv": "xilinx.com:ip:floating_point:7.1",
        "params": "CONFIG.a_precision_type Single CONFIG.a_tuser_width 1 CONFIG.add_sub_value Both CONFIG.b_tuser_width 1 CONFIG.c_a_exponent_width 8 CONFIG.c_a_fraction_width 24 CONFIG.c_compare_operation Programmable CONFIG.c_has_divide_by_zero false CONFIG.c_has_invalid_op false CONFIG.c_has_overflow false CONFIG.c_has_underflow false CONFIG.c_latency 1 CONFIG.c_mult_usage Max_Usage CONFIG.c_optimization Speed_Optimized CONFIG.c_rate 1 CONFIG.c_result_exponent_width 8 CONFIG.c_result_fraction_width 24 CONFIG.component_name kernel_bicg_base_ap_fmul_1_max_dsp_32 CONFIG.flow_control NonBlocking CONFIG.has_a_tlast false CONFIG.has_a_tuser false CONFIG.has_aclken true CONFIG.has_aresetn false CONFIG.has_b_tlast false CONFIG.has_b_tuser false CONFIG.has_operation_tlast false CONFIG.has_operation_tuser false CONFIG.has_result_tready false CONFIG.maximum_latency false CONFIG.operation_tuser_width 1 CONFIG.operation_type Multiply CONFIG.result_precision_type Single CONFIG.result_tlast_behv Null"
      }
    ]
  },
  "Interfaces": {
    "A_address0": {
      "type": "data",
      "dir": "out",
      "width": "18",
      "ctype": {"DATA": {
          "Type": "null",
          "Width": "18"
        }},
      "bundle_name": "A",
      "bundle_role": "address0"
    },
    "A_q0": {
      "type": "data",
      "dir": "in",
      "width": "32",
      "ctype": {"DATA": {
          "Type": "real float",
          "Width": "32"
        }},
      "bundle_name": "A",
      "bundle_role": "q0"
    },
    "ap_clk": {
      "type": "clock",
      "ctype": {"CLK": {"Type": "bool"}},
      "bundle_name": "ap_clk",
      "bundle_role": "default",
      "reset": "ap_rst"
    },
    "ap_ctrl": {
      "type": "ap_ctrl",
      "ctrl_ports": "ap_start ap_done ap_idle ap_ready",
      "ctype": {
        "start": {"Type": "bool"},
        "done": {"Type": "bool"},
        "idle": {"Type": "bool"},
        "ready": {"Type": "bool"}
      }
    },
    "ap_rst": {
      "type": "reset",
      "polarity": "ACTIVE_HIGH",
      "ctype": {"RST": {"Type": "bool"}},
      "bundle_name": "ap_rst",
      "bundle_role": "default"
    },
    "m": {
      "type": "data",
      "dir": "in",
      "width": "32",
      "ctype": {"DATA": {
          "Type": "integer signed",
          "Width": "32"
        }},
      "bundle_name": "m",
      "bundle_role": "default"
    },
    "n": {
      "type": "data",
      "dir": "in",
      "width": "32",
      "ctype": {"DATA": {
          "Type": "integer signed",
          "Width": "32"
        }},
      "bundle_name": "n",
      "bundle_role": "default"
    },
    "p_address0": {
      "type": "data",
      "dir": "out",
      "width": "9",
      "ctype": {"DATA": {
          "Type": "null",
          "Width": "9"
        }},
      "bundle_name": "p",
      "bundle_role": "address0"
    },
    "p_q0": {
      "type": "data",
      "dir": "in",
      "width": "32",
      "ctype": {"DATA": {
          "Type": "real float",
          "Width": "32"
        }},
      "bundle_name": "p",
      "bundle_role": "q0"
    },
    "q_address0": {
      "type": "data",
      "dir": "out",
      "width": "9",
      "ctype": {"DATA": {
          "Type": "null",
          "Width": "9"
        }},
      "bundle_name": "q",
      "bundle_role": "address0"
    },
    "q_d0": {
      "type": "data",
      "dir": "out",
      "width": "32",
      "ctype": {"DATA": {
          "Type": "real float",
          "Width": "32"
        }},
      "bundle_name": "q",
      "bundle_role": "d0"
    },
    "r_address0": {
      "type": "data",
      "dir": "out",
      "width": "9",
      "ctype": {"DATA": {
          "Type": "null",
          "Width": "9"
        }},
      "bundle_name": "r",
      "bundle_role": "address0"
    },
    "r_q0": {
      "type": "data",
      "dir": "in",
      "width": "32",
      "ctype": {"DATA": {
          "Type": "real float",
          "Width": "32"
        }},
      "bundle_name": "r",
      "bundle_role": "q0"
    },
    "s_address0": {
      "type": "data",
      "dir": "out",
      "width": "9",
      "ctype": {"DATA": {
          "Type": "null",
          "Width": "9"
        }},
      "bundle_name": "s",
      "bundle_role": "address0"
    },
    "s_d0": {
      "type": "data",
      "dir": "out",
      "width": "32",
      "ctype": {"DATA": {
          "Type": "real float",
          "Width": "32"
        }},
      "bundle_name": "s",
      "bundle_role": "d0"
    },
    "s_q0": {
      "type": "data",
      "dir": "in",
      "width": "32",
      "ctype": {"DATA": {
          "Type": "real float",
          "Width": "32"
        }},
      "bundle_name": "s",
      "bundle_role": "q0"
    }
  },
  "RtlPorts": {
    "ap_clk": {
      "dir": "in",
      "width": "1"
    },
    "ap_rst": {
      "dir": "in",
      "width": "1"
    },
    "ap_start": {
      "dir": "in",
      "width": "1"
    },
    "ap_done": {
      "dir": "out",
      "width": "1"
    },
    "ap_idle": {
      "dir": "out",
      "width": "1"
    },
    "ap_ready": {
      "dir": "out",
      "width": "1"
    },
    "m": {
      "dir": "in",
      "width": "32"
    },
    "n": {
      "dir": "in",
      "width": "32"
    },
    "A_address0": {
      "dir": "out",
      "width": "18"
    },
    "A_ce0": {
      "dir": "out",
      "width": "1"
    },
    "A_q0": {
      "dir": "in",
      "width": "32"
    },
    "s_address0": {
      "dir": "out",
      "width": "9"
    },
    "s_ce0": {
      "dir": "out",
      "width": "1"
    },
    "s_we0": {
      "dir": "out",
      "width": "1"
    },
    "s_d0": {
      "dir": "out",
      "width": "32"
    },
    "s_q0": {
      "dir": "in",
      "width": "32"
    },
    "q_address0": {
      "dir": "out",
      "width": "9"
    },
    "q_ce0": {
      "dir": "out",
      "width": "1"
    },
    "q_we0": {
      "dir": "out",
      "width": "1"
    },
    "q_d0": {
      "dir": "out",
      "width": "32"
    },
    "p_address0": {
      "dir": "out",
      "width": "9"
    },
    "p_ce0": {
      "dir": "out",
      "width": "1"
    },
    "p_q0": {
      "dir": "in",
      "width": "32"
    },
    "r_address0": {
      "dir": "out",
      "width": "9"
    },
    "r_ce0": {
      "dir": "out",
      "width": "1"
    },
    "r_q0": {
      "dir": "in",
      "width": "32"
    }
  },
  "ModuleInfo": {
    "Hierarchy": {"ModuleName": "kernel_bicg_base"},
    "Info": {"kernel_bicg_base": {
        "FunctionProtocol": "ap_ctrl_hs",
        "isTaskLevelControl": "1",
        "isPipelined": "0",
        "isCombinational": "0",
        "isOneStateSeq": "0"
      }},
    "Metrics": {"kernel_bicg_base": {
        "Latency": {
          "LatencyBest": "1600212",
          "LatencyAvg": "1600212",
          "LatencyWorst": "1600212",
          "PipelineII": "1600213",
          "PipelineDepth": "",
          "PipelineType": "none"
        },
        "Timing": {
          "Target": "10.00",
          "Uncertainty": "1.25",
          "Estimate": "8.588"
        },
        "Loops": [
          {
            "Name": "Loop 1",
            "TripCount": "390",
            "Latency": "390",
            "PipelineII": "",
            "PipelineDepth": "1"
          },
          {
            "Name": "Loop 2",
            "TripCount": "410",
            "Latency": "1599820",
            "PipelineII": "",
            "PipelineDepth": "3902",
            "Loops": [{
                "Name": "Loop 2.1",
                "TripCount": "390",
                "Latency": "3900",
                "PipelineII": "",
                "PipelineDepth": "10"
              }]
          }
        ],
        "Area": {
          "DSP48E": "10",
          "FF": "1119",
          "LUT": "1559",
          "BRAM_18K": "0",
          "URAM": "0"
        }
      }}
  },
  "Sdx": {
    "Target": "none",
    "ProfileOption": "0",
    "ProfileType": "none",
    "XO": "",
    "KernelName": "kernel_bicg_base",
    "EnableXoSwEmu": "1"
  },
  "GenData": {
    "DataVersion": "0.2",
    "Time": "2023-01-17 18:09:48 -0600",
    "ToolName": "vivado_hls",
    "ToolVersion": "2019.2"
  }
}
